AlleleID,CloneID,SNP,SnpPosition,scaffold,scaffold_pos,refseq_majority,chrom_label,class,RepAvg,AlnCnt,AlnEvalue,CallRate_report,CallRate_222,pass_rep,pass_aln,pass_blast,pass_autosome,pass_callrate,pass_hwe,pass_secondary,retained,retained_by_old_cloneid_rule,p_joint,maf_joint,p_KI,p_mainland,poly_KI,poly_mainland,sexlinked_data_driven_flag
64981710|F|0-20:C>T-20:C>T,64981710,20:C>T,20,PTTO01004519.1_Contig1477,962422,NC_041735.1,8,autosome,1.0,1,1.7299999999999999e-28,1.0,1.0,1,1,1,1,1,1,1,1,0,0.0,0.0,0.0,0.0,0,0,0
45053639|F|0-47:C>T-47:C>T,45053639,47:C>T,47,PTTO01003889.1_Contig165,10802851,NC_041729.1,2,autosome,1.0,1,1.7299999999999999e-28,0.99734,1.0,1,1,1,1,1,1,1,1,1,0.0337837837837837,0.0337837837837837,0.0,0.0350467289719626,0,1,0
45053641|F|0-16:C>T-16:C>T,45053641,16:C>T,16,PTTO01001611.1_Contig3553,404823,NC_041739.1,12,autosome,1.0,1,3.94e-24,0.99734,1.0,1,1,1,1,1,1,1,1,1,0.1306306306306306,0.1306306306306306,0.1875,0.1285046728971962,1,1,0
64985391|F|0-52:G>A-52:G>A,64985391,52:G>A,52,PTTO01002187.1_Contig64,5468616,NC_041747.1,20,autosome,1.0,1,1.7299999999999999e-28,1.0,1.0,1,1,1,1,1,1,1,1,0,0.0022522522522522,0.0022522522522522,0.0,0.0023364485981308,0,1,0
45053646|F|0-31:C>T-31:C>T,45053646,31:C>T,31,PTTO01000765.1_Contig334,7059131,NC_041729.1,2,autosome,1.0,1,1.7299999999999999e-28,0.994681,1.0,1,1,1,1,1,1,1,1,1,0.0022522522522522,0.0022522522522522,0.0,0.0023364485981308,0,1,0
100004281|F|0-26:G>A-26:G>A,100004281,26:G>A,26,PTTO01004262.1_Contig52,35974437,NC_041731.1,4,autosome,1.0,18,1.7299999999999999e-28,0.984043,1.0,1,1,1,1,1,1,1,1,0,0.0,0.0,0.0,0.0,0,0,0
64972741|F|0-10:G>T-10:G>T,64972741,10:G>T,10,PTTO01003256.1_Contig153,1812299,NC_041746.1,19,autosome,1.0,1,1.7299999999999999e-28,0.99734,1.0,1,1,1,1,1,1,1,1,0,0.0,0.0,0.0,0.0,0,0,0
45053658|F|0-47:T>G-47:T>G,45053658,47:T>G,47,PTTO01001241.1_Contig276,13013844,NC_041740.1,13,autosome,1.0,1,1.7299999999999999e-28,0.957447,1.0,1,1,1,1,1,1,1,1,1,0.0022522522522522,0.0022522522522522,0.0,0.0023364485981308,0,1,0
64972890|F|0-17:A>C-17:A>C,64972890,17:A>C,17,PTTO01002104.1_Contig16,30019909,NC_041732.1,5,autosome,1.0,1,1.7299999999999999e-28,0.99734,1.0,1,1,1,1,1,1,1,1,0,0.0022522522522522,0.0022522522522522,0.0,0.0023364485981308,0,1,0
45053669|F|0-53:A>T-53:A>T,45053669,53:A>T,53,PTTO01002476.1_Contig0,76427263,NC_041728.1,1,autosome,1.0,2,1.7299999999999999e-28,1.0,1.0,1,1,1,1,1,1,1,1,1,0.0067567567567567,0.0067567567567567,0.0,0.0070093457943925,0,1,0
45053670|F|0-45:T>C-45:T>C,45053670,45:T>C,45,PTTO01004189.1_Contig18,18208051,NC_041729.1,2,autosome,1.0,1,1.7299999999999999e-28,0.99734,1.0,1,1,1,1,1,1,1,1,1,0.036036036036036,0.036036036036036,0.0,0.0373831775700934,0,1,0
45053673|F|0-5:A>T-5:A>T,45053673,5:A>T,5,PTTO01002104.1_Contig16,53497578,NC_041732.1,5,autosome,1.0,1,1.7299999999999999e-28,0.994681,1.0,1,1,1,1,1,1,1,1,1,0.1418918918918918,0.1418918918918918,0.3125,0.1355140186915887,1,1,0
64972909|F|0-28:G>T-28:G>T,64972909,28:G>T,28,PTTO01001839.1_Contig208,12159150,NC_041741.1,14,autosome,1.0,1,1.7299999999999999e-28,0.99734,1.0,1,1,1,1,1,1,1,1,0,0.0,0.0,0.0,0.0,0,0,0
45053680|F|0-47:T>A-47:T>A,45053680,47:T>A,47,PTTO01002793.1_Contig38,3173050,NC_041745.1,18,autosome,1.0,1,8.05e-27,0.99734,1.0,1,1,1,1,1,1,1,1,1,0.0315315315315315,0.0315315315315315,0.0,0.0327102803738317,0,1,0
64985399|F|0-35:G>T-35:G>T,64985399,35:G>T,35,PTTO01000166.1_Contig207,7081042,NC_041747.1,20,autosome,1.0,1,1.7299999999999999e-28,0.99734,1.0,1,1,1,1,1,1,1,1,0,0.0,0.0,0.0,0.0,0,0,0
64972932|F|0-48:C>A-48:C>A,64972932,48:C>A,48,PTTO01004519.1_Contig1477,7838312,NC_041735.1,8,autosome,1.0,1,1.7299999999999999e-28,0.99734,1.0,1,1,1,1,1,1,1,1,0,0.0,0.0,0.0,0.0,0,0,0
45053696|F|0-22:G>A-22:G>A,45053696,22:G>A,22,PTTO01004519.1_Contig1477,5015277,NC_041735.1,8,autosome,1.0,1,1.7299999999999999e-28,0.99734,1.0,1,1,1,1,1,1,1,1,1,0.0067567567567567,0.0067567567567567,0.0,0.0070093457943925,0,1,0
45053698|F|0-7:A>C-7:A>C,45053698,7:A>C,7,PTTO01000765.1_Contig334,26628264,NC_041729.1,2,autosome,1.0,1,8.05e-27,1.0,1.0,1,1,1,1,1,1,1,1,1,0.018018018018018,0.018018018018018,0.0,0.0186915887850467,0,1,0
45053702|F|0-57:A>C-57:A>C,45053702,57:A>C,57,PTTO01002476.1_Contig0,49720908,NC_041728.1,1,autosome,1.0,1052,1.7299999999999999e-28,0.978723,1.0,1,1,1,1,1,1,1,1,1,0.0022522522522522,0.0022522522522522,0.0,0.0023364485981308,0,1,0
64972951|F|0-43:C>A-43:C>A,64972951,43:C>A,43,PTTO01003005.1_Contig4265,292416,NC_041740.1,13,autosome,1.0,1,1.7299999999999999e-28,0.986702,1.0,1,1,1,1,1,1,1,1,0,0.0,0.0,0.0,0.0,0,0,0
45053711|F|0-19:G>A-19:G>A,45053711,19:G>A,19,PTTO01002104.1_Contig16,67251305,NC_041732.1,5,autosome,1.0,1,1.7299999999999999e-28,0.99734,1.0,1,1,1,1,1,1,1,1,1,0.1013513513513513,0.1013513513513513,0.0,0.1051401869158878,0,1,0
64972959|F|0-20:G>C-20:G>C,64972959,20:G>C,20,PTTO01000006.1_Contig148,6633672,NC_041734.1,7,autosome,1.0,1,1.7299999999999999e-28,1.0,1.0,1,1,1,1,1,1,1,1,0,0.0,0.0,0.0,0.0,0,0,0
45053735|F|0-10:C>T-10:C>T,45053735,10:C>T,10,PTTO01001633.1_Contig312,13448084,NC_041739.1,12,autosome,1.0,7,1.7299999999999999e-28,0.992021,1.0,1,1,1,1,1,1,1,1,1,0.0067567567567567,0.0067567567567567,0.0,0.0070093457943925,0,1,0
64981752|F|0-17:C>G-17:C>G,64981752,17:C>G,17,PTTO01002624.1_Contig32,28065304,NC_041728.1,1,autosome,1.0,1,1.7299999999999999e-28,1.0,1.0,1,1,1,1,1,1,1,1,0,0.0,0.0,0.0,0.0,0,0,0
45053744|F|0-30:A>T-30:A>T,45053744,30:A>T,30,PTTO01000959.1_Contig66,4152100,NC_041748.1,21,autosome,1.0,1,1.7299999999999999e-28,1.0,1.0,1,1,1,1,1,1,1,1,1,0.0022522522522522,0.0022522522522522,0.0,0.0023364485981308,0,1,0
45053754|F|0-68:T>G-68:T>G,45053754,68:T>G,68,PTTO01002624.1_Contig32,35918769,NC_041728.1,1,autosome,1.0,1,1.7299999999999999e-28,0.994681,1.0,1,1,1,1,1,1,1,1,1,0.0247747747747747,0.0247747747747747,0.0,0.0257009345794392,0,1,0
45053755|F|0-60:A>G-60:A>G,45053755,60:A>G,60,PTTO01001320.1_Contig70,3274703,NC_041731.1,4,autosome,1.0,1,1.7299999999999999e-28,0.99734,1.0,1,1,1,1,1,1,1,1,1,0.0157657657657657,0.0157657657657657,0.0,0.0163551401869158,0,1,0
45053763|F|0-62:G>A-62:G>A,45053763,62:G>A,62,PTTO01004194.1_Contig13,11155759,NC_041743.1,16,autosome,1.0,1,1.7299999999999999e-28,0.981383,1.0,1,1,1,1,1,1,1,1,1,0.0292792792792792,0.0292792792792792,0.3125,0.0186915887850467,1,1,0
45053771|F|0-51:G>C-51:G>C,45053771,51:G>C,51,PTTO01000006.1_Contig148,5932998,NC_041734.1,7,autosome,1.0,1,1.7299999999999999e-28,0.99734,1.0,1,1,1,1,1,1,1,1,1,0.0112612612612612,0.0112612612612612,0.0,0.0116822429906542,0,1,0
45053790|F|0-7:A>C-7:A>C,45053790,7:A>C,7,PTTO01001940.1_Contig353,13062272,NC_041731.1,4,autosome,1.0,1,1.7299999999999999e-28,0.99734,1.0,1,1,1,1,1,1,1,1,1,0.072072072072072,0.072072072072072,0.125,0.0700934579439252,1,1,0
45053791|F|0-51:G>A-51:G>A,45053791,51:G>A,51,PTTO01002104.1_Contig16,22631762,NC_041732.1,5,autosome,1.0,1,1.7299999999999999e-28,0.99734,1.0,1,1,1,1,1,1,1,1,1,0.3918918918918919,0.3918918918918919,0.625,0.3831775700934579,1,1,0
45067721|F|0-28:G>A-28:G>A,45067721,28:G>A,28,PTTO01003571.1_Contig67,8532565,NC_041736.1,9,autosome,1.0,1,7.080000000000001e-21,1.0,1.0,1,1,1,1,1,1,1,1,1,0.0045045045045045,0.0045045045045045,0.0,0.0046728971962616,0,1,0
45053794|F|0-35:A>G-35:A>G,45053794,35:A>G,35,PTTO01002624.1_Contig32,22338462,NC_041728.1,1,autosome,1.0,1,1.7299999999999999e-28,1.0,1.0,1,1,1,1,1,1,1,1,1,0.1216216216216216,0.1216216216216216,0.0,0.1261682242990654,0,1,0
45053817|F|0-38:C>G-38:C>G,45053817,38:C>G,38,PTTO01002545.1_Contig22,14599321,NC_041728.1,1,autosome,1.0,1,1.7299999999999999e-28,0.99734,1.0,1,1,1,1,1,1,1,1,1,0.0337837837837837,0.0337837837837837,0.0,0.0350467289719626,0,1,0
45053820|F|0-26:G>A-26:G>A,45053820,26:G>A,26,PTTO01001940.1_Contig353,628381,NC_041731.1,4,autosome,1.0,1,1.7299999999999999e-28,0.99734,1.0,1,1,1,1,1,1,1,1,1,0.009009009009009,0.009009009009009,0.0,0.0093457943925233,0,1,0
45053821|F|0-54:C>T-54:C>T,45053821,54:C>T,54,PTTO01002634.1_Contig60,18066468,NC_041732.1,5,autosome,1.0,1,1.7299999999999999e-28,1.0,1.0,1,1,1,1,1,1,1,1,1,0.0135135135135135,0.0135135135135135,0.0,0.014018691588785,0,1,0
45053825|F|0-63:G>A-63:G>A,45053825,63:G>A,63,PTTO01002057.1_Contig2,5089383,NC_041730.1,3,autosome,1.0,1,1.7299999999999999e-28,1.0,1.0,1,1,1,1,1,1,1,1,1,0.036036036036036,0.036036036036036,0.0,0.0373831775700934,0,1,0
45053826|F|0-38:G>A-38:G>A,45053826,38:G>A,38,PTTO01001940.1_Contig353,19501080,NC_041731.1,4,autosome,1.0,1,1.7299999999999999e-28,0.994681,1.0,1,1,1,1,1,1,1,1,1,0.0675675675675675,0.0675675675675675,0.0,0.0700934579439252,0,1,0
100004479|F|0-58:G>A-58:G>A,100004479,58:G>A,58,PTTO01001320.1_Contig70,9142260,NC_041731.1,4,autosome,1.0,1,1.7299999999999999e-28,0.952128,1.0,1,1,1,1,1,1,1,1,0,0.0045045045045045,0.0045045045045045,0.125,0.0,1,0,0
45053830|F|0-47:C>T-47:C>T,45053830,47:C>T,47,PTTO01000705.1_Contig20,864011,NC_041743.1,16,autosome,1.0,1,1.7299999999999999e-28,1.0,1.0,1,1,1,1,1,1,1,1,1,0.0112612612612612,0.0112612612612612,0.0,0.0116822429906542,0,1,0
45053832|F|0-39:G>A-39:G>A,45053832,39:G>A,39,PTTO01002624.1_Contig32,23842196,NC_041728.1,1,autosome,1.0,1,1.7299999999999999e-28,0.99734,1.0,1,1,1,1,1,1,1,1,1,0.1351351351351351,0.1351351351351351,0.0,0.1401869158878504,0,1,0
45053843|F|0-19:G>A-19:G>A,45053843,19:G>A,19,PTTO01002315.1_Contig12,22741115,NC_041729.1,2,autosome,1.0,2,1.7299999999999999e-28,0.986702,1.0,1,1,1,1,1,1,1,1,1,0.0585585585585585,0.0585585585585585,0.0,0.0607476635514018,0,1,0
45053851|F|0-51:G>A-51:G>A,45053851,51:G>A,51,PTTO01003275.1_Contig387,230870,NC_041741.1,14,autosome,1.0,1,1.7299999999999999e-28,0.99734,1.0,1,1,1,1,1,1,1,1,1,0.0135135135135135,0.0135135135135135,0.0,0.014018691588785,0,1,0
45053857|F|0-13:C>T-13:C>T,45053857,13:C>T,13,PTTO01001696.1_Contig254,6064750,NC_041747.1,20,autosome,1.0,1,1.7299999999999999e-28,0.994681,1.0,1,1,1,1,1,1,1,1,1,0.1441441441441441,0.1441441441441441,0.3125,0.1378504672897196,1,1,0
45053864|F|0-43:G>A-43:G>A,45053864,43:G>A,43,PTTO01001678.1_Contig35,14408736,NC_041737.1,10,autosome,1.0,1,1.7299999999999999e-28,1.0,1.0,1,1,1,1,1,1,1,1,1,0.0157657657657657,0.0157657657657657,0.0,0.0163551401869158,0,1,0
45053884|F|0-27:G>T-27:G>T,45053884,27:G>T,27,PTTO01004262.1_Contig52,22007375,NC_041731.1,4,autosome,1.0,1,2.9000000000000004e-26,0.994681,1.0,1,1,1,1,1,1,1,1,1,0.3873873873873873,0.3873873873873873,0.0,0.4018691588785046,0,1,0
45053888|F|0-22:C>T-22:C>T,45053888,22:C>T,22,PTTO01004519.1_Contig1477,8428813,NC_041735.1,8,autosome,1.0,78,1.7299999999999999e-28,0.99734,1.0,1,1,1,1,1,1,1,1,1,0.036036036036036,0.036036036036036,0.1875,0.0303738317757009,1,1,0
64988119|F|0-60:C>A-60:C>A,64988119,60:C>A,60,PTTO01000098.1_Contig21,3117940,NC_041729.1,2,autosome,1.0,9,1.7299999999999999e-28,0.994681,1.0,1,1,1,1,1,1,1,1,0,0.0,0.0,0.0,0.0,0,0,0
45053896|F|0-9:C>T-9:C>T,45053896,9:C>T,9,PTTO01002476.1_Contig0,40039115,NC_041728.1,1,autosome,1.0,1,1.7299999999999999e-28,0.994681,1.0,1,1,1,1,1,1,1,1,1,0.1193693693693693,0.1193693693693693,0.0,0.1238317757009345,0,1,0
100004553|F|0-27:C>A-27:C>A,100004553,27:C>A,27,PTTO01001051.1_Contig4,554061,NC_041737.1,10,autosome,1.0,1,1.7299999999999999e-28,0.989362,1.0,1,1,1,1,1,1,1,1,0,0.0,0.0,0.0,0.0,0,0,0
45053904|F|0-45:G>A-45:G>A,45053904,45:G>A,45,PTTO01003671.1_Contig19,349448,NC_041735.1,8,autosome,1.0,11,3.22e-25,1.0,1.0,1,1,1,1,1,1,1,1,1,0.0563063063063063,0.0563063063063063,0.1875,0.0514018691588785,1,1,0
45053905|F|0-10:T>C-10:T>C,45053905,10:T>C,10,PTTO01002545.1_Contig22,2110174,NC_041728.1,1,autosome,1.0,1,1.7299999999999999e-28,1.0,1.0,1,1,1,1,1,1,1,1,1,0.054054054054054,0.054054054054054,0.0,0.0560747663551401,0,1,0
45053906|F|0-62:G>T-62:G>T,45053906,62:G>T,62,PTTO01003571.1_Contig67,19542435,NC_041736.1,9,autosome,1.0,1,8.05e-27,0.99734,1.0,1,1,1,1,1,1,1,1,1,0.1509009009009009,0.1509009009009009,0.0,0.1565420560747663,0,1,0
45053911|F|0-21:G>A-21:G>A,45053911,21:G>A,21,PTTO01002476.1_Contig0,69759873,NC_041728.1,1,autosome,1.0,1,1.7299999999999999e-28,0.99734,1.0,1,1,1,1,1,1,1,1,1,0.0112612612612612,0.0112612612612612,0.0,0.0116822429906542,0,1,0
45053919|F|0-56:C>T-56:C>T,45053919,56:C>T,56,PTTO01002476.1_Contig0,50813186,NC_041728.1,1,autosome,1.0,3172,1.7299999999999999e-28,0.99734,1.0,1,1,1,1,1,1,1,1,1,0.0675675675675675,0.0675675675675675,0.0,0.0700934579439252,0,1,0
45062280|F|0-17:T>C-17:T>C,45062280,17:T>C,17,PTTO01001051.1_Contig4,25092657,NC_041737.1,10,autosome,1.0,1,3.75e-25,1.0,1.0,1,1,1,1,1,1,1,1,1,0.1396396396396396,0.1396396396396396,0.1875,0.1378504672897196,1,1,0
45053935|F|0-57:G>A-57:G>A,45053935,57:G>A,57,PTTO01002104.1_Contig16,62046772,NC_041732.1,5,autosome,1.0,1,1.7299999999999999e-28,0.99734,1.0,1,1,1,1,1,1,1,1,1,0.2454954954954954,0.2454954954954954,0.375,0.2406542056074766,1,1,0
45053979|F|0-8:C>T-8:C>T,45053979,8:C>T,8,PTTO01002476.1_Contig0,34439589,NC_041728.1,1,autosome,1.0,1,8.05e-27,0.99734,1.0,1,1,1,1,1,1,1,1,1,0.1936936936936936,0.1936936936936936,0.0,0.2009345794392523,0,1,0
45053942|F|0-24:G>T-24:G>T,45053942,24:G>T,24,PTTO01004194.1_Contig13,4232209,NC_041743.1,16,autosome,1.0,1,1.7299999999999999e-28,1.0,1.0,1,1,1,1,1,1,1,1,1,0.0743243243243243,0.0743243243243243,0.75,0.0490654205607476,1,1,0
45053949|F|0-49:A>G-49:A>G,45053949,49:A>G,49,PTTO01002501.1_Contig138,1934617,NC_041744.1,17,autosome,1.0,1,1.7299999999999999e-28,1.0,1.0,1,1,1,1,1,1,1,1,1,0.0472972972972973,0.0472972972972973,0.0,0.0490654205607476,0,1,0
45053951|F|0-36:G>A-36:G>A,45053951,36:G>A,36,PTTO01001349.1_Contig23,22088344,NC_041736.1,9,autosome,1.0,1,1.7299999999999999e-28,1.0,1.0,1,1,1,1,1,1,1,1,1,0.0157657657657657,0.0157657657657657,0.0,0.0163551401869158,0,1,0
100004621|F|0-40:C>T-40:C>T,100004621,40:C>T,40,PTTO01000974.1_Contig37,22243578,NC_041741.1,14,autosome,1.0,34,1.7299999999999999e-28,0.99734,1.0,1,1,1,1,1,1,1,1,0,0.0022522522522522,0.0022522522522522,0.0,0.0023364485981308,0,1,0
45053956|F|0-58:G>A-58:G>A,45053956,58:G>A,58,PTTO01001940.1_Contig353,15989906,NC_041731.1,4,autosome,1.0,1,1.7299999999999999e-28,1.0,1.0,1,1,1,1,1,1,1,1,1,0.1463963963963964,0.1463963963963964,0.25,0.1425233644859813,1,1,0
64981818|F|0-30:T>C-30:T>C,64981818,30:T>C,30,PTTO01004189.1_Contig18,18644037,NC_041729.1,2,autosome,1.0,1,1.7299999999999999e-28,0.994681,1.0,1,1,1,1,1,1,1,1,0,0.009009009009009,0.009009009009009,0.0,0.0093457943925233,0,1,0
45053960|F|0-28:G>A-28:G>A,45053960,28:G>A,28,PTTO01003889.1_Contig165,11403022,NC_041729.1,2,autosome,1.0,1,1.7299999999999999e-28,0.99734,1.0,1,1,1,1,1,1,1,1,1,0.1576576576576576,0.1576576576576576,0.4375,0.1471962616822429,1,1,0
64973188|F|0-47:G>T-47:G>T,64973188,47:G>T,47,PTTO01001244.1_Contig55,5583207,NC_041738.1,11,autosome,1.0,1,1.7299999999999999e-28,1.0,1.0,1,1,1,1,1,1,1,1,0,0.0,0.0,0.0,0.0,0,0,0
45053975|F|0-33:G>A-33:G>A,45053975,33:G>A,33,PTTO01000166.1_Contig207,5382561,NC_041747.1,20,autosome,1.0,1,8.05e-27,1.0,1.0,1,1,1,1,1,1,1,1,1,0.0585585585585585,0.0585585585585585,0.0,0.0607476635514018,0,1,0
45053988|F|0-52:G>T-52:G>T,45053988,52:G>T,52,PTTO01000230.1_Contig34,3877881,NC_041734.1,7,autosome,1.0,1,1.7299999999999999e-28,0.994681,1.0,1,1,1,1,1,1,1,1,1,0.0292792792792792,0.0292792792792792,0.0,0.0303738317757009,0,1,0
45053989|F|0-39:G>A-39:G>A,45053989,39:G>A,39,PTTO01001839.1_Contig208,2883006,NC_041741.1,14,autosome,1.0,1,1.7299999999999999e-28,0.99734,1.0,1,1,1,1,1,1,1,1,1,0.0292792792792792,0.0292792792792792,0.0,0.0303738317757009,0,1,0
45053991|F|0-8:T>G-8:T>G,45053991,8:T>G,8,PTTO01002104.1_Contig16,32221748,NC_041732.1,5,autosome,1.0,1,1.7299999999999999e-28,0.99734,1.0,1,1,1,1,1,1,1,1,1,0.0247747747747747,0.0247747747747747,0.0,0.0257009345794392,0,1,0
45054000|F|0-27:G>T-27:G>T,45054000,27:G>T,27,PTTO01000700.1_Contig3723,659807,NC_041730.1,3,autosome,1.0,1,1.7299999999999999e-28,0.99734,1.0,1,1,1,1,1,1,1,1,1,0.054054054054054,0.054054054054054,0.0,0.0560747663551401,0,1,0
45054017|F|0-6:A>T-6:A>T,45054017,6:A>T,6,PTTO01003671.1_Contig19,3237878,NC_041735.1,8,autosome,1.0,1,1.7299999999999999e-28,1.0,1.0,1,1,1,1,1,1,1,1,1,0.0292792792792792,0.0292792792792792,0.0,0.0303738317757009,0,1,0
45054021|F|0-23:T>A-23:T>A,45054021,23:T>A,23,PTTO01000765.1_Contig334,16150097,NC_041729.1,2,autosome,1.0,1,1.7299999999999999e-28,0.99734,1.0,1,1,1,1,1,1,1,1,1,0.0247747747747747,0.0247747747747747,0.0,0.0257009345794392,0,1,0
45054023|F|0-9:C>T-9:C>T,45054023,9:C>T,9,PTTO01003671.1_Contig19,14738695,NC_041735.1,8,autosome,1.0,1,1.7299999999999999e-28,0.994681,1.0,1,1,1,1,1,1,1,1,0,0.0045045045045045,0.0045045045045045,0.0,0.0046728971962616,0,1,0
45054024|F|0-14:C>T-14:C>T,45054024,14:C>T,14,PTTO01004492.1_Contig25,2997379,NC_041732.1,5,autosome,1.0,1,1.7299999999999999e-28,0.994681,1.0,1,1,1,1,1,1,1,1,1,0.0247747747747747,0.0247747747747747,0.125,0.0210280373831775,1,1,0
45054030|F|0-28:G>C-28:G>C,45054030,28:G>C,28,PTTO01001236.1_Contig336,10466923,NC_041746.1,19,autosome,1.0,1,1.7299999999999999e-28,1.0,1.0,1,1,1,1,1,1,1,1,1,0.0067567567567567,0.0067567567567567,0.0,0.0070093457943925,0,1,0
45062323|F|0-35:C>T-35:C>T,45062323,35:C>T,35,PTTO01000006.1_Contig148,16939885,NC_041734.1,7,autosome,1.0,1,1.7299999999999999e-28,0.99734,1.0,1,1,1,1,1,1,1,1,1,0.0112612612612612,0.0112612612612612,0.0625,0.0093457943925233,1,1,0
45054051|F|0-32:C>T-32:C>T,45054051,32:C>T,32,PTTO01001241.1_Contig276,11191091,NC_041740.1,13,autosome,1.0,1,1.7299999999999999e-28,0.981383,1.0,1,1,1,1,1,1,1,1,1,0.0045045045045045,0.0045045045045045,0.0,0.0046728971962616,0,1,0
64973270|F|0-41:C>T-41:C>T,64973270,41:C>T,41,PTTO01001349.1_Contig23,28455568,NC_041736.1,9,autosome,1.0,1,1.7299999999999999e-28,1.0,1.0,1,1,1,1,1,1,1,1,0,0.0022522522522522,0.0022522522522522,0.0,0.0023364485981308,0,1,0
45054059|F|0-48:G>C-48:G>C,45054059,48:G>C,48,PTTO01002476.1_Contig0,74675151,NC_041728.1,1,autosome,1.0,1,1.7299999999999999e-28,0.99734,1.0,1,1,1,1,1,1,1,1,1,0.0675675675675675,0.0675675675675675,0.4375,0.0537383177570093,1,1,0
45054084|F|0-67:C>G-67:C>G,45054084,67:C>G,67,PTTO01002476.1_Contig0,65255693,NC_041728.1,1,autosome,1.0,1,1.7299999999999999e-28,0.994681,1.0,1,1,1,1,1,1,1,1,1,0.0202702702702702,0.0202702702702702,0.0,0.0210280373831775,0,1,0
45054091|F|0-26:G>A-26:G>A,45054091,26:G>A,26,PTTO01002104.1_Contig16,59191864,NC_041732.1,5,autosome,1.0,1,1.7299999999999999e-28,0.994681,1.0,1,1,1,1,1,1,1,1,1,0.0067567567567567,0.0067567567567567,0.0,0.0070093457943925,0,1,0
45054097|F|0-20:C>G-20:C>G,45054097,20:C>G,20,PTTO01002187.1_Contig64,2842118,NC_041747.1,20,autosome,1.0,1,1.7299999999999999e-28,0.99734,1.0,1,1,1,1,1,1,1,1,1,0.045045045045045,0.045045045045045,0.0,0.0467289719626168,0,1,0
45062345|F|0-20:C>T-20:C>T,45062345,20:C>T,20,PTTO01000765.1_Contig334,11890088,NC_041729.1,2,autosome,1.0,1,4.8100000000000006e-23,0.994681,1.0,1,1,1,1,1,1,1,1,1,0.0202702702702702,0.0202702702702702,0.0625,0.0186915887850467,1,1,0
45054105|F|0-65:T>A-65:T>A,45054105,65:T>A,65,PTTO01000765.1_Contig334,24008621,NC_041729.1,2,autosome,1.0,1,1.7299999999999999e-28,0.99734,1.0,1,1,1,1,1,1,1,1,1,0.1396396396396396,0.1396396396396396,0.125,0.1401869158878504,1,1,0
45054110|F|0-14:T>A-14:T>A,45054110,14:T>A,14,PTTO01004194.1_Contig13,4289828,NC_041743.1,16,autosome,1.0,1,1.7299999999999999e-28,1.0,1.0,1,1,1,1,1,1,1,1,1,0.0405405405405405,0.0405405405405405,0.0,0.0420560747663551,0,1,0
45054113|F|0-17:G>T-17:G>T,45054113,17:G>T,17,PTTO01001349.1_Contig23,25910654,NC_041736.1,9,autosome,1.0,1,8.05e-27,0.994681,1.0,1,1,1,1,1,1,1,1,1,0.0157657657657657,0.0157657657657657,0.0,0.0163551401869158,0,1,0
45053569|F|0-26:G>A-26:G>A,45053569,26:G>A,26,PTTO01002793.1_Contig38,5930987,NC_041745.1,18,autosome,1.0,1,1.3799999999999998e-23,1.0,1.0,1,1,1,1,1,1,1,1,1,0.0202702702702702,0.0202702702702702,0.0,0.0210280373831775,0,1,0
95138586|F|0-8:G>A-8:G>A,95138586,8:G>A,8,PTTO01001370.1_Contig26,1612156,NC_041734.1,7,autosome,1.0,1,1.7299999999999999e-28,1.0,1.0,1,1,1,1,1,1,1,1,0,0.0022522522522522,0.0022522522522522,0.0,0.0023364485981308,0,1,0
45054136|F|0-56:T>A-56:T>A,45054136,56:T>A,56,PTTO01000659.1_Contig3311,18958850,NC_041731.1,4,autosome,1.0,1,1.7299999999999999e-28,0.99734,1.0,1,1,1,1,1,1,1,1,1,0.3986486486486486,0.3986486486486486,0.4375,0.397196261682243,1,1,0
45054143|F|0-57:C>A-57:C>A,45054143,57:C>A,57,PTTO01000974.1_Contig37,23059428,NC_041741.1,14,autosome,1.0,1,1.7299999999999999e-28,0.994681,1.0,1,1,1,1,1,1,1,1,1,0.0022522522522522,0.0022522522522522,0.0,0.0023364485981308,0,1,0
45054155|F|0-43:T>G-43:T>G,45054155,43:T>G,43,PTTO01000765.1_Contig334,19648483,NC_041729.1,2,autosome,1.0,1,1.7299999999999999e-28,0.99734,1.0,1,1,1,1,1,1,1,1,1,0.018018018018018,0.018018018018018,0.0,0.0186915887850467,0,1,0
45054156|F|0-39:C>A-39:C>A,45054156,39:C>A,39,PTTO01001296.1_Contig62,214521,NC_041746.1,19,autosome,1.0,1,1.7299999999999999e-28,0.99734,1.0,1,1,1,1,1,1,1,1,1,0.0067567567567567,0.0067567567567567,0.0,0.0070093457943925,0,1,0
64973348|F|0-41:A>C-41:A>C,64973348,41:A>C,41,PTTO01002634.1_Contig60,13951565,NC_041732.1,5,autosome,1.0,1,1.7299999999999999e-28,1.0,1.0,1,1,1,1,1,1,1,1,0,0.0,0.0,0.0,0.0,0,0,0
64981887|F|0-55:G>A-55:G>A,64981887,55:G>A,55,PTTO01001633.1_Contig312,6528965,NC_041739.1,12,autosome,1.0,11,1.7299999999999999e-28,0.994681,1.0,1,1,1,1,1,1,1,1,0,0.0022522522522522,0.0022522522522522,0.0,0.0023364485981308,0,1,0
45054168|F|0-7:G>C-7:G>C,45054168,7:G>C,7,PTTO01004499.1_Contig142,986423,NC_041744.1,17,autosome,1.0,1,1.3799999999999998e-23,0.99734,1.0,1,1,1,1,1,1,1,1,1,0.0112612612612612,0.0112612612612612,0.0,0.0116822429906542,0,1,0
45054179|F|0-50:G>A-50:G>A,45054179,50:G>A,50,PTTO01003571.1_Contig67,10145515,NC_041736.1,9,autosome,1.0,1,1.7299999999999999e-28,0.99734,1.0,1,1,1,1,1,1,1,1,1,0.0292792792792792,0.0292792792792792,0.0,0.0303738317757009,0,1,0
64973364|F|0-16:C>T-16:C>T,64973364,16:C>T,16,PTTO01002104.1_Contig16,5302653,NC_041732.1,5,autosome,1.0,1,1.7299999999999999e-28,0.99734,1.0,1,1,1,1,1,1,1,1,0,0.0,0.0,0.0,0.0,0,0,0
64973365|F|0-56:T>A-56:T>A,64973365,56:T>A,56,PTTO01000376.1_Contig11,7256256,NC_041745.1,18,autosome,1.0,1,1.7299999999999999e-28,1.0,1.0,1,1,1,1,1,1,1,1,0,0.0067567567567567,0.0067567567567567,0.0,0.0070093457943925,0,1,0
45054206|F|0-10:A>G-10:A>G,45054206,10:A>G,10,PTTO01002545.1_Contig22,983605,NC_041728.1,1,autosome,1.0,1,1.7299999999999999e-28,0.994681,1.0,1,1,1,1,1,1,1,1,1,0.009009009009009,0.009009009009009,0.0,0.0093457943925233,0,1,0
64988672|F|0-35:G>A-35:G>A,64988672,35:G>A,35,PTTO01001940.1_Contig353,1025107,NC_041731.1,4,autosome,1.0,1,1.7299999999999999e-28,0.99734,1.0,1,1,1,1,1,1,1,1,0,0.0045045045045045,0.0045045045045045,0.0,0.0046728971962616,0,1,0
45054215|F|0-35:G>A-35:G>A,45054215,35:G>A,35,PTTO01003710.1_Contig217,1285116,NC_041733.1,6,autosome,1.0,1,1.7299999999999999e-28,1.0,1.0,1,1,1,1,1,1,1,1,1,0.072072072072072,0.072072072072072,0.3125,0.0630841121495327,1,1,0
45054224|F|0-14:A>T-14:A>T,45054224,14:A>T,14,PTTO01000700.1_Contig3723,2065005,NC_041730.1,3,autosome,1.0,1,1.7299999999999999e-28,0.99734,1.0,1,1,1,1,1,1,1,1,1,0.0022522522522522,0.0022522522522522,0.0,0.0023364485981308,0,1,0
45054226|F|0-18:G>A-18:G>A,45054226,18:G>A,18,PTTO01000318.1_Contig139,18391383,NC_041730.1,3,autosome,1.0,1,1.7299999999999999e-28,1.0,1.0,1,1,1,1,1,1,1,1,1,0.0135135135135135,0.0135135135135135,0.0,0.014018691588785,0,1,0
45054244|F|0-60:G>A-60:G>A,45054244,60:G>A,60,PTTO01001839.1_Contig208,17704756,NC_041741.1,14,autosome,1.0,1,1.7299999999999999e-28,1.0,1.0,1,1,1,1,1,1,1,1,1,0.3108108108108108,0.3108108108108108,0.0625,0.3200934579439252,1,1,0
45054250|F|0-31:C>A-31:C>A,45054250,31:C>A,31,PTTO01004446.1_Contig146,840003,NC_041742.1,15,autosome,1.0,1,1.7299999999999999e-28,1.0,1.0,1,1,1,1,1,1,1,1,1,0.0292792792792792,0.0292792792792792,0.0,0.0303738317757009,0,1,0
45054257|F|0-45:T>A-45:T>A,45054257,45:T>A,45,PTTO01003695.1_Contig4240,2937908,NC_041733.1,6,autosome,1.0,1,1.7299999999999999e-28,0.994681,1.0,1,1,1,1,1,1,1,1,1,0.0855855855855855,0.0855855855855855,0.0,0.0887850467289719,0,1,0
45054258|F|0-62:C>A-62:C>A,45054258,62:C>A,62,PTTO01002551.1_Contig1866,1060654,NC_041729.1,2,autosome,1.0,1,1.7299999999999999e-28,0.984043,1.0,1,1,1,1,1,1,1,1,1,0.1463963963963964,0.1463963963963964,0.0625,0.1495327102803738,1,1,0
64981923|F|0-24:C>G-24:C>G,64981923,24:C>G,24,PTTO01001349.1_Contig23,14537848,NC_041736.1,9,autosome,1.0,1,1.7299999999999999e-28,1.0,1.0,1,1,1,1,1,1,1,1,0,0.0,0.0,0.0,0.0,0,0,0
64973450|F|0-18:C>G-18:C>G,64973450,18:C>G,18,PTTO01001633.1_Contig312,2544299,NC_041739.1,12,autosome,1.0,1,1.7299999999999999e-28,0.99734,1.0,1,1,1,1,1,1,1,1,0,0.0,0.0,0.0,0.0,0,0,0
45054273|F|0-8:G>A-8:G>A,45054273,8:G>A,8,PTTO01000332.1_Contig333,7579190,NC_041729.1,2,autosome,1.0,1,1.7299999999999999e-28,0.994681,1.0,1,1,1,1,1,1,1,1,1,0.0292792792792792,0.0292792792792792,0.0,0.0303738317757009,0,1,0
64973465|F|0-7:T>C-7:T>C,64973465,7:T>C,7,PTTO01000875.1_Contig31,15342792,NC_041730.1,3,autosome,1.0,1,1.7299999999999999e-28,0.986702,1.0,1,1,1,1,1,1,1,1,0,0.0,0.0,0.0,0.0,0,0,0
45054280|F|0-51:A>G-51:A>G,45054280,51:A>G,51,PTTO01002476.1_Contig0,76626022,NC_041728.1,1,autosome,1.0,1,8.05e-27,0.994681,1.0,1,1,1,1,1,1,1,1,1,0.1599099099099099,0.1599099099099099,0.0625,0.1635514018691588,1,1,0
45054282|F|0-63:G>A-63:G>A,45054282,63:G>A,63,PTTO01002624.1_Contig32,28829056,NC_041728.1,1,autosome,1.0,1,1.7299999999999999e-28,0.994681,1.0,1,1,1,1,1,1,1,1,1,0.1351351351351351,0.1351351351351351,0.0,0.1401869158878504,0,1,0
45054285|F|0-15:G>A-15:G>A,45054285,15:G>A,15,PTTO01000765.1_Contig334,29151791,NC_041729.1,2,autosome,1.0,8,1.7299999999999999e-28,1.0,1.0,1,1,1,1,1,1,1,1,1,0.0563063063063063,0.0563063063063063,0.0,0.058411214953271,0,1,0
45054286|F|0-53:A>G-53:A>G,45054286,53:A>G,53,PTTO01004446.1_Contig146,3209417,NC_041742.1,15,autosome,1.0,1,1.7299999999999999e-28,1.0,1.0,1,1,1,1,1,1,1,1,1,0.0202702702702702,0.0202702702702702,0.0,0.0210280373831775,0,1,0
45054289|F|0-54:G>A-54:G>A,45054289,54:G>A,54,PTTO01003425.1_Contig303,11061549,NC_041743.1,16,autosome,1.0,23,1.7299999999999999e-28,0.99734,1.0,1,1,1,1,1,1,1,1,1,0.1734234234234234,0.1734234234234234,0.3125,0.1682242990654205,1,1,0
45054304|F|0-54:G>T-54:G>T,45054304,54:G>T,54,PTTO01003276.1_Contig54,6353422,NC_041738.1,11,autosome,1.0,5,1.7299999999999999e-28,1.0,1.0,1,1,1,1,1,1,1,1,1,0.027027027027027,0.027027027027027,0.0,0.02803738317757,0,1,0
64973492|F|0-35:G>A-35:G>A,64973492,35:G>A,35,PTTO01000376.1_Contig11,23479344,NC_041745.1,18,autosome,1.0,1,1.7299999999999999e-28,0.994681,1.0,1,1,1,1,1,1,1,1,0,0.0,0.0,0.0,0.0,0,0,0
45054313|F|0-36:G>T-36:G>T,45054313,36:G>T,36,PTTO01003671.1_Contig19,6861259,NC_041735.1,8,autosome,1.0,1,1.7299999999999999e-28,0.994681,1.0,1,1,1,1,1,1,1,1,1,0.0045045045045045,0.0045045045045045,0.0,0.0046728971962616,0,1,0
45054316|F|0-44:C>T-44:C>T,45054316,44:C>T,44,PTTO01002104.1_Contig16,23203839,NC_041732.1,5,autosome,1.0,1,1.7299999999999999e-28,0.99734,1.0,1,1,1,1,1,1,1,1,1,0.0022522522522522,0.0022522522522522,0.0,0.0023364485981308,0,1,0
45054317|F|0-36:T>C-36:T>C,45054317,36:T>C,36,PTTO01003571.1_Contig67,12720095,NC_041736.1,9,autosome,1.0,1,1.7299999999999999e-28,0.994681,1.0,1,1,1,1,1,1,1,1,1,0.018018018018018,0.018018018018018,0.0,0.0186915887850467,0,1,0
45054319|F|0-49:G>T-49:G>T,45054319,49:G>T,49,PTTO01000376.1_Contig11,2310459,NC_041745.1,18,autosome,1.0,1,8.05e-27,0.99734,1.0,1,1,1,1,1,1,1,1,1,0.4684684684684684,0.4684684684684684,0.75,0.4579439252336448,1,1,0
45054322|F|0-46:G>T-46:G>T,45054322,46:G>T,46,PTTO01001678.1_Contig35,14384740,NC_041737.1,10,autosome,1.0,1,1.7299999999999999e-28,0.99734,1.0,1,1,1,1,1,1,1,1,1,0.1666666666666666,0.1666666666666666,0.0625,0.1705607476635514,1,1,0
64973513|F|0-5:A>G-5:A>G,64973513,5:A>G,5,PTTO01001051.1_Contig4,11284199,NC_041737.1,10,autosome,1.0,1,1.7299999999999999e-28,0.994681,1.0,1,1,1,1,1,1,1,1,0,0.0,0.0,0.0,0.0,0,0,0
45054338|F|0-25:C>A-25:C>A,45054338,25:C>A,25,PTTO01002476.1_Contig0,59589628,NC_041728.1,1,autosome,1.0,1,1.7299999999999999e-28,0.99734,1.0,1,1,1,1,1,1,1,1,1,0.0225225225225225,0.0225225225225225,0.0,0.0233644859813084,0,1,0
45054344|F|0-36:A>T-36:A>T,45054344,36:A>T,36,PTTO01003256.1_Contig153,7341240,NC_041746.1,19,autosome,1.0,1,1.7299999999999999e-28,1.0,1.0,1,1,1,1,1,1,1,1,1,0.0022522522522522,0.0022522522522522,0.0,0.0023364485981308,0,1,0
45054348|F|0-66:A>C-66:A>C,45054348,66:A>C,66,PTTO01000705.1_Contig20,5674738,NC_041743.1,16,autosome,1.0,1,1.7299999999999999e-28,0.994681,1.0,1,1,1,1,1,1,1,1,1,0.1734234234234234,0.1734234234234234,0.0,0.1799065420560747,0,1,0
45054370|F|0-53:C>T-53:C>T,45054370,53:C>T,53,PTTO01003276.1_Contig54,7052230,NC_041738.1,11,autosome,1.0,44,1.7299999999999999e-28,0.994681,1.0,1,1,1,1,1,1,1,1,1,0.0112612612612612,0.0112612612612612,0.0,0.0116822429906542,0,1,0
45062475|F|0-23:T>A-23:T>A,45062475,23:T>A,23,PTTO01004194.1_Contig13,4299902,NC_041743.1,16,autosome,1.0,3,4.8100000000000006e-23,0.99734,1.0,1,1,1,1,1,1,1,1,1,0.4932432432432432,0.4932432432432432,0.8125,0.4813084112149532,1,1,0
45054393|F|0-28:G>A-28:G>A,45054393,28:G>A,28,PTTO01001370.1_Contig26,1584935,NC_041734.1,7,autosome,1.0,1,1.7299999999999999e-28,0.99734,1.0,1,1,1,1,1,1,1,1,1,0.1126126126126126,0.1126126126126126,0.0,0.116822429906542,0,1,0
45054406|F|0-40:G>T-40:G>T,45054406,40:G>T,40,PTTO01002187.1_Contig64,893141,NC_041747.1,20,autosome,1.0,1,1.7299999999999999e-28,0.994681,1.0,1,1,1,1,1,1,1,1,1,0.0157657657657657,0.0157657657657657,0.0,0.0163551401869158,0,1,0
64981968|F|0-5:A>T-5:A>T,64981968,5:A>T,5,PTTO01002476.1_Contig0,31707334,NC_041728.1,1,autosome,1.0,1,1.7299999999999999e-28,0.99734,1.0,1,1,1,1,1,1,1,1,0,0.0,0.0,0.0,0.0,0,0,0
45054411|F|0-48:G>C-48:G>C,45054411,48:G>C,48,PTTO01001370.1_Contig26,6143024,NC_041734.1,7,autosome,1.0,1,1.7299999999999999e-28,0.984043,1.0,1,1,1,1,1,1,1,1,1,0.0878378378378378,0.0878378378378378,0.0,0.0911214953271028,0,1,0
45054423|F|0-55:C>T-55:C>T,45054423,55:C>T,55,PTTO01003256.1_Contig153,11886782,NC_041746.1,19,autosome,1.0,1,1.7299999999999999e-28,0.994681,1.0,1,1,1,1,1,1,1,1,1,0.018018018018018,0.018018018018018,0.0,0.0186915887850467,0,1,0
45062499|F|0-42:C>G-42:C>G,45062499,42:C>G,42,PTTO01001320.1_Contig70,6621981,NC_041731.1,4,autosome,1.0,1,1.7299999999999999e-28,0.99734,1.0,1,1,1,1,1,1,1,1,1,0.045045045045045,0.045045045045045,0.0,0.0467289719626168,0,1,0
45054442|F|0-23:C>T-23:C>T,45054442,23:C>T,23,PTTO01002624.1_Contig32,25320764,NC_041728.1,1,autosome,1.0,1,1.68e-22,0.99734,1.0,1,1,1,1,1,1,1,1,1,0.1441441441441441,0.1441441441441441,0.0625,0.1471962616822429,1,1,0
45054453|F|0-18:C>T-18:C>T,45054453,18:C>T,18,PTTO01004492.1_Contig25,5765435,NC_041732.1,5,autosome,1.0,149,1.7299999999999999e-28,0.994681,1.0,1,1,1,1,1,1,1,1,1,0.036036036036036,0.036036036036036,0.0,0.0373831775700934,0,1,0
64973668|F|0-6:C>T-6:C>T,64973668,6:C>T,6,PTTO01003276.1_Contig54,8875966,NC_041738.1,11,autosome,1.0,4,1.7299999999999999e-28,0.99734,1.0,1,1,1,1,1,1,1,1,0,0.0022522522522522,0.0022522522522522,0.0,0.0023364485981308,0,1,0
45054462|F|0-47:A>C-47:A>C,45054462,47:A>C,47,PTTO01000875.1_Contig31,3046608,NC_041730.1,3,autosome,1.0,1,8.05e-27,0.994681,1.0,1,1,1,1,1,1,1,1,1,0.0337837837837837,0.0337837837837837,0.0,0.0350467289719626,0,1,0
45054475|F|0-68:C>G-68:C>G,45054475,68:C>G,68,PTTO01001370.1_Contig26,25947666,NC_041734.1,7,autosome,1.0,1,1.7299999999999999e-28,1.0,1.0,1,1,1,1,1,1,1,1,1,0.0112612612612612,0.0112612612612612,0.0,0.0116822429906542,0,1,0
45054477|F|0-23:G>T-23:G>T,45054477,23:G>T,23,PTTO01000376.1_Contig11,6858275,NC_041745.1,18,autosome,1.0,1,1.7299999999999999e-28,0.994681,1.0,1,1,1,1,1,1,1,1,1,0.0788288288288288,0.0788288288288288,0.0,0.0817757009345794,0,1,0
45054499|F|0-26:T>A-26:T>A,45054499,26:T>A,26,PTTO01003425.1_Contig303,6414402,NC_041743.1,16,autosome,1.0,1,1.7299999999999999e-28,0.994681,1.0,1,1,1,1,1,1,1,1,1,0.0563063063063063,0.0563063063063063,0.0,0.058411214953271,0,1,0
45054503|F|0-30:C>T-30:C>T,45054503,30:C>T,30,PTTO01002476.1_Contig0,25224771,NC_041728.1,1,autosome,1.0,1,8.05e-27,1.0,1.0,1,1,1,1,1,1,1,1,1,0.1599099099099099,0.1599099099099099,0.0625,0.1635514018691588,1,1,0
45054505|F|0-57:G>C-57:G>C,45054505,57:G>C,57,PTTO01001678.1_Contig35,12861422,NC_041737.1,10,autosome,1.0,1,1.7299999999999999e-28,0.99734,1.0,1,1,1,1,1,1,1,1,1,0.054054054054054,0.054054054054054,0.0,0.0560747663551401,0,1,0
45054514|F|0-50:C>T-50:C>T,45054514,50:C>T,50,PTTO01002104.1_Contig16,8294656,NC_041732.1,5,autosome,1.0,1,1.7299999999999999e-28,0.994681,1.0,1,1,1,1,1,1,1,1,1,0.027027027027027,0.027027027027027,0.0,0.02803738317757,0,1,0
64987138|F|0-55:G>A-55:G>A,64987138,55:G>A,55,PTTO01002476.1_Contig0,54467586,NC_041728.1,1,autosome,1.0,1,1.7299999999999999e-28,1.0,1.0,1,1,1,1,1,1,1,1,0,0.0022522522522522,0.0022522522522522,0.0,0.0023364485981308,0,1,0
45054521|F|0-22:C>T-22:C>T,45054521,22:C>T,22,PTTO01004262.1_Contig52,6423439,NC_041731.1,4,autosome,1.0,1,8.05e-27,0.994681,1.0,1,1,1,1,1,1,1,1,1,0.0495495495495495,0.0495495495495495,0.0,0.0514018691588785,0,1,0
45054528|F|0-28:C>T-28:C>T,45054528,28:C>T,28,PTTO01002261.1_Contig251,10448709,NC_041743.1,16,autosome,1.0,1,1.7299999999999999e-28,0.99734,1.0,1,1,1,1,1,1,1,1,1,0.1306306306306306,0.1306306306306306,0.0,0.1355140186915887,0,1,0
45054537|F|0-13:A>G-13:A>G,45054537,13:A>G,13,PTTO01001051.1_Contig4,8235975,NC_041737.1,10,autosome,1.0,1,1.7299999999999999e-28,0.994681,1.0,1,1,1,1,1,1,1,1,1,0.027027027027027,0.027027027027027,0.0,0.02803738317757,0,1,0
95138073|F|0-44:T>C-44:T>C,95138073,44:T>C,44,PTTO01003889.1_Contig165,19329107,NC_041729.1,2,autosome,1.0,1,1.7299999999999999e-28,0.984043,1.0,1,1,1,1,1,1,1,1,0,0.0,0.0,0.0,0.0,0,0,0
45054538|F|0-43:T>G-43:T>G,45054538,43:T>G,43,PTTO01003276.1_Contig54,4613685,NC_041738.1,11,autosome,1.0,1,1.7299999999999999e-28,0.99734,1.0,1,1,1,1,1,1,1,1,1,0.009009009009009,0.009009009009009,0.0,0.0093457943925233,0,1,0
95138074|F|0-6:C>T-6:C>T,95138074,6:C>T,6,PTTO01002815.1_Contig4081,3640376,NC_041744.1,17,autosome,1.0,1,1.7299999999999999e-28,0.994681,1.0,1,1,1,1,1,1,1,1,0,0.0,0.0,0.0,0.0,0,0,0
45062142|F|0-6:C>G-6:C>G,45062142,6:C>G,6,PTTO01000006.1_Contig148,3643550,NC_041734.1,7,autosome,1.0,1,1.7299999999999999e-28,0.99734,1.0,1,1,1,1,1,1,1,1,1,0.0022522522522522,0.0022522522522522,0.0,0.0023364485981308,0,1,0
45054553|F|0-39:C>A-39:C>A,45054553,39:C>A,39,PTTO01001633.1_Contig312,20106652,NC_041739.1,12,autosome,1.0,1,1.7299999999999999e-28,0.994681,1.0,1,1,1,1,1,1,1,1,1,0.027027027027027,0.027027027027027,0.0,0.02803738317757,0,1,0
64982026|F|0-64:C>T-64:C>T,64982026,64:C>T,64,PTTO01003406.1_Contig1355,1359615,NC_041744.1,17,autosome,1.0,1,1.7299999999999999e-28,1.0,1.0,1,1,1,1,1,1,1,1,0,0.0,0.0,0.0,0.0,0,0,0
100005264|F|0-50:T>C-50:T>C,100005264,50:T>C,50,PTTO01002793.1_Contig38,1687271,NC_041745.1,18,autosome,1.0,1,1.7299999999999999e-28,0.981383,1.0,1,1,1,1,1,1,1,1,0,0.0022522522522522,0.0022522522522522,0.0,0.0023364485981308,0,1,0
45054575|F|0-16:T>G-16:T>G,45054575,16:T>G,16,PTTO01003889.1_Contig165,7870645,NC_041729.1,2,autosome,1.0,1,2.9000000000000004e-26,1.0,1.0,1,1,1,1,1,1,1,1,1,0.1351351351351351,0.1351351351351351,0.25,0.1308411214953271,1,1,0
45054577|F|0-49:G>A-49:G>A,45054577,49:G>A,49,PTTO01001370.1_Contig26,3448670,NC_041734.1,7,autosome,1.0,1,1.7299999999999999e-28,0.989362,1.0,1,1,1,1,1,1,1,1,1,0.0112612612612612,0.0112612612612612,0.0625,0.0093457943925233,1,1,0
45054581|F|0-66:G>T-66:G>T,45054581,66:G>T,66,PTTO01001370.1_Contig26,25775081,NC_041734.1,7,autosome,1.0,1,1.7299999999999999e-28,0.989362,1.0,1,1,1,1,1,1,1,1,1,0.045045045045045,0.045045045045045,0.0,0.0467289719626168,0,1,0
45054588|F|0-53:A>C-53:A>C,45054588,53:A>C,53,PTTO01002057.1_Contig2,18129876,NC_041730.1,3,autosome,1.0,1,1.7299999999999999e-28,0.99734,1.0,1,1,1,1,1,1,1,1,1,0.0743243243243243,0.0743243243243243,0.5,0.058411214953271,1,1,0
45054590|F|0-26:G>T-26:G>T,45054590,26:G>T,26,PTTO01001940.1_Contig353,14893487,NC_041731.1,4,autosome,1.0,1,1.7299999999999999e-28,0.99734,1.0,1,1,1,1,1,1,1,1,1,0.0112612612612612,0.0112612612612612,0.0,0.0116822429906542,0,1,0
45054591|F|0-61:G>A-61:G>A,45054591,61:G>A,61,PTTO01004446.1_Contig146,5674893,NC_041742.1,15,autosome,1.0,1,1.7299999999999999e-28,0.99734,1.0,1,1,1,1,1,1,1,1,1,0.063063063063063,0.063063063063063,0.0,0.0654205607476635,0,1,0
45054608|F|0-38:C>G-38:C>G,45054608,38:C>G,38,PTTO01001236.1_Contig336,1360002,NC_041746.1,19,autosome,1.0,1,1.7299999999999999e-28,0.99734,1.0,1,1,1,1,1,1,1,1,1,0.0067567567567567,0.0067567567567567,0.0,0.0070093457943925,0,1,0
100005327|F|0-9:G>A-9:G>A,100005327,9:G>A,9,PTTO01001073.1_Contig8,1749940,NC_041748.1,21,autosome,1.0,1,1.7299999999999999e-28,0.981383,1.0,1,1,1,1,1,1,1,1,0,0.0,0.0,0.0,0.0,0,0,0
45062595|F|0-50:G>T-50:G>T,45062595,50:G>T,50,PTTO01000276.1_Contig319,953643,NC_041737.1,10,autosome,1.0,1,1.7299999999999999e-28,1.0,1.0,1,1,1,1,1,1,1,1,1,0.027027027027027,0.027027027027027,0.125,0.0233644859813084,1,1,0
95135869|F|0-63:A>G-63:A>G,95135869,63:A>G,63,PTTO01001051.1_Contig4,8201134,NC_041737.1,10,autosome,1.0,1,1.7299999999999999e-28,0.99734,1.0,1,1,1,1,1,1,1,1,0,0.0,0.0,0.0,0.0,0,0,0
45054621|F|0-36:A>G-36:A>G,45054621,36:A>G,36,PTTO01001370.1_Contig26,14520246,NC_041734.1,7,autosome,1.0,1,1.7299999999999999e-28,1.0,1.0,1,1,1,1,1,1,1,1,1,0.081081081081081,0.081081081081081,0.0,0.0841121495327102,0,1,0
45054628|F|0-49:C>T-49:C>T,45054628,49:C>T,49,PTTO01003889.1_Contig165,28658298,NC_041729.1,2,autosome,1.0,1,1.7299999999999999e-28,0.99734,1.0,1,1,1,1,1,1,1,1,1,0.0157657657657657,0.0157657657657657,0.0,0.0163551401869158,0,1,0
45054634|F|0-26:G>T-26:G>T,45054634,26:G>T,26,PTTO01003425.1_Contig303,1800746,NC_041743.1,16,autosome,1.0,1,1.7299999999999999e-28,1.0,1.0,1,1,1,1,1,1,1,1,1,0.3175675675675675,0.3175675675675675,0.5625,0.308411214953271,1,1,0
45054635|F|0-28:G>C-28:G>C,45054635,28:G>C,28,PTTO01002057.1_Contig2,20776186,NC_041730.1,3,autosome,1.0,1,1.7299999999999999e-28,1.0,1.0,1,1,1,1,1,1,1,1,1,0.0923423423423423,0.0923423423423423,0.0,0.0957943925233644,0,1,0
45054644|F|0-9:C>T-9:C>T,45054644,9:C>T,9,PTTO01001241.1_Contig276,16197041,NC_041740.1,13,autosome,1.0,1,1.7299999999999999e-28,0.994681,1.0,1,1,1,1,1,1,1,1,1,0.1013513513513513,0.1013513513513513,0.0,0.1051401869158878,0,1,0
45054645|F|0-38:G>A-38:G>A,45054645,38:G>A,38,PTTO01001370.1_Contig26,34323908,NC_041734.1,7,autosome,1.0,12,1.7299999999999999e-28,0.99734,1.0,1,1,1,1,1,1,1,1,1,0.0315315315315315,0.0315315315315315,0.0,0.0327102803738317,0,1,0
45054649|F|0-55:A>G-55:A>G,45054649,55:A>G,55,PTTO01002624.1_Contig32,25106103,NC_041728.1,1,autosome,1.0,1,1.7299999999999999e-28,0.99734,1.0,1,1,1,1,1,1,1,1,1,0.1554054054054054,0.1554054054054054,0.5625,0.1401869158878504,1,1,0
45054664|F|0-65:G>A-65:G>A,45054664,65:G>A,65,PTTO01003571.1_Contig67,10416388,NC_041736.1,9,autosome,1.0,1,1.7299999999999999e-28,0.981383,1.0,1,1,1,1,1,1,1,1,1,0.0157657657657657,0.0157657657657657,0.0,0.0163551401869158,0,1,0
45054667|F|0-68:C>T-68:C>T,45054667,68:C>T,68,PTTO01004189.1_Contig18,20622093,NC_041729.1,2,autosome,1.0,1,1.7299999999999999e-28,1.0,1.0,1,1,1,1,1,1,1,1,1,0.0405405405405405,0.0405405405405405,0.125,0.0373831775700934,1,1,0
64982061|F|0-65:G>T-65:G>T,64982061,65:G>T,65,PTTO01001241.1_Contig276,5080766,NC_041740.1,13,autosome,1.0,1,1.7299999999999999e-28,0.99734,1.0,1,1,1,1,1,1,1,1,0,0.0,0.0,0.0,0.0,0,0,0
64982063|F|0-33:T>A-33:T>A,64982063,33:T>A,33,PTTO01001696.1_Contig254,6507290,NC_041747.1,20,autosome,1.0,1,1.7299999999999999e-28,0.99734,1.0,1,1,1,1,1,1,1,1,0,0.0022522522522522,0.0022522522522522,0.0,0.0023364485981308,0,1,0
45054682|F|0-35:A>C-35:A>C,45054682,35:A>C,35,PTTO01000875.1_Contig31,21210335,NC_041730.1,3,autosome,1.0,1,1.7299999999999999e-28,0.99734,1.0,1,1,1,1,1,1,1,1,1,0.0382882882882882,0.0382882882882882,0.0,0.0397196261682243,0,1,0
45054684|F|0-11:C>G-11:C>G,45054684,11:C>G,11,PTTO01002104.1_Contig16,58776259,NC_041732.1,5,autosome,1.0,1,1.7299999999999999e-28,0.994681,1.0,1,1,1,1,1,1,1,1,1,0.0945945945945946,0.0945945945945946,0.0,0.0981308411214953,0,1,0
45054689|F|0-50:T>A-50:T>A,45054689,50:T>A,50,PTTO01000765.1_Contig334,10877924,NC_041729.1,2,autosome,1.0,1,1.7299999999999999e-28,0.99734,1.0,1,1,1,1,1,1,1,1,1,0.0518018018018018,0.0518018018018018,0.0,0.0537383177570093,0,1,0
45054690|F|0-51:C>A-51:C>A,45054690,51:C>A,51,PTTO01001633.1_Contig312,12211750,NC_041739.1,12,autosome,1.0,1,1.7299999999999999e-28,0.994681,1.0,1,1,1,1,1,1,1,1,1,0.0022522522522522,0.0022522522522522,0.0,0.0023364485981308,0,1,0
45054697|F|0-62:C>A-62:C>A,45054697,62:C>A,62,PTTO01000974.1_Contig37,16612037,NC_041741.1,14,autosome,1.0,1,8.05e-27,0.99734,1.0,1,1,1,1,1,1,1,1,1,0.4099099099099099,0.4099099099099099,0.75,0.397196261682243,1,1,0
45054698|F|0-65:G>A-65:G>A,45054698,65:G>A,65,PTTO01001051.1_Contig4,2604140,NC_041737.1,10,autosome,1.0,1,1.7299999999999999e-28,1.0,1.0,1,1,1,1,1,1,1,1,1,0.009009009009009,0.009009009009009,0.0,0.0093457943925233,0,1,0
45054705|F|0-61:G>A-61:G>A,45054705,61:G>A,61,PTTO01002333.1_Contig372,521956,NC_041733.1,6,autosome,1.0,1,1.7299999999999999e-28,1.0,1.0,1,1,1,1,1,1,1,1,1,0.045045045045045,0.045045045045045,0.0,0.0467289719626168,0,1,0
100005445|F|0-32:A>G-32:A>G,100005445,32:A>G,32,PTTO01004189.1_Contig18,22491215,NC_041729.1,2,autosome,1.0,1,1.7299999999999999e-28,0.986702,1.0,1,1,1,1,1,1,1,1,0,0.0,0.0,0.0,0.0,0,0,0
45054713|F|0-58:C>T-58:C>T,45054713,58:C>T,58,PTTO01003571.1_Contig67,27482706,NC_041736.1,9,autosome,1.0,1,1.7299999999999999e-28,0.992021,1.0,1,1,1,1,1,1,1,1,1,0.0045045045045045,0.0045045045045045,0.0,0.0046728971962616,0,1,0
45053545|F|0-43:T>A-43:T>A,45053545,43:T>A,43,PTTO01002057.1_Contig2,39468506,NC_041730.1,3,autosome,1.0,1,1.7299999999999999e-28,1.0,1.0,1,1,1,1,1,1,1,1,1,0.054054054054054,0.054054054054054,0.0,0.0560747663551401,0,1,0
45062653|F|0-41:T>C-41:T>C,45062653,41:T>C,41,PTTO01004189.1_Contig18,30105437,NC_041729.1,2,autosome,1.0,1,1.7299999999999999e-28,1.0,1.0,1,1,1,1,1,1,1,1,1,0.0495495495495495,0.0495495495495495,0.0625,0.0490654205607476,1,1,0
45054726|F|0-24:G>T-24:G>T,45054726,24:G>T,24,PTTO01002476.1_Contig0,53378638,NC_041728.1,1,autosome,1.0,1,1.7299999999999999e-28,0.99734,1.0,1,1,1,1,1,1,1,1,1,0.0585585585585585,0.0585585585585585,0.0,0.0607476635514018,0,1,0
45054729|F|0-46:C>T-46:C>T,45054729,46:C>T,46,PTTO01000875.1_Contig31,11901529,NC_041730.1,3,autosome,1.0,1,1.7299999999999999e-28,0.99734,1.0,1,1,1,1,1,1,1,1,1,0.009009009009009,0.009009009009009,0.0,0.0093457943925233,0,1,0
45054740|F|0-57:A>G-57:A>G,45054740,57:A>G,57,PTTO01000875.1_Contig31,27619161,NC_041730.1,3,autosome,1.0,1,1.7299999999999999e-28,0.994681,1.0,1,1,1,1,1,1,1,1,1,0.0157657657657657,0.0157657657657657,0.0,0.0163551401869158,0,1,0
45054747|F|0-32:G>A-32:G>A,45054747,32:G>A,32,PTTO01002476.1_Contig0,56086258,NC_041728.1,1,autosome,1.0,1,1.7299999999999999e-28,1.0,1.0,1,1,1,1,1,1,1,1,1,0.0427927927927927,0.0427927927927927,0.0,0.0443925233644859,0,1,0
45054748|F|0-23:G>A-23:G>A,45054748,23:G>A,23,PTTO01004492.1_Contig25,3604702,NC_041732.1,5,autosome,1.0,1,1.7299999999999999e-28,0.994681,1.0,1,1,1,1,1,1,1,1,1,0.0765765765765765,0.0765765765765765,0.0625,0.0771028037383177,1,1,0
45054756|F|0-55:C>G-55:C>G,45054756,55:C>G,55,PTTO01000230.1_Contig34,1075183,NC_041734.1,7,autosome,1.0,1,1.7299999999999999e-28,0.994681,1.0,1,1,1,1,1,1,1,1,1,0.0585585585585585,0.0585585585585585,0.0,0.0607476635514018,0,1,0
64973935|F|0-42:C>G-42:C>G,64973935,42:C>G,42,PTTO01001349.1_Contig23,11590085,NC_041736.1,9,autosome,1.0,1,1.7299999999999999e-28,0.99734,1.0,1,1,1,1,1,1,1,1,0,0.0045045045045045,0.0045045045045045,0.125,0.0,1,0,0
64973939|F|0-65:A>T-65:A>T,64973939,65:A>T,65,PTTO01000875.1_Contig31,16587436,NC_041730.1,3,autosome,1.0,1,1.7299999999999999e-28,1.0,1.0,1,1,1,1,1,1,1,1,0,0.0,0.0,0.0,0.0,0,0,0
45054760|F|0-37:T>G-37:T>G,45054760,37:T>G,37,PTTO01004189.1_Contig18,1200654,NC_041729.1,2,autosome,1.0,1,1.7299999999999999e-28,0.99734,1.0,1,1,1,1,1,1,1,1,1,0.027027027027027,0.027027027027027,0.0625,0.0257009345794392,1,1,0
45054767|F|0-36:T>A-36:T>A,45054767,36:T>A,36,PTTO01002967.1_Contig85,12993308,NC_041733.1,6,autosome,1.0,1,1.7299999999999999e-28,0.99734,1.0,1,1,1,1,1,1,1,1,1,0.1261261261261261,0.1261261261261261,0.0,0.1308411214953271,0,1,0
45054780|F|0-12:A>C-12:A>C,45054780,12:A>C,12,PTTO01002315.1_Contig12,6668385,NC_041729.1,2,autosome,1.0,1,1.7299999999999999e-28,0.99734,1.0,1,1,1,1,1,1,1,1,1,0.0135135135135135,0.0135135135135135,0.0,0.014018691588785,0,1,0
45054787|F|0-53:G>A-53:G>A,45054787,53:G>A,53,PTTO01003454.1_Contig230,279113,NC_041744.1,17,autosome,1.0,1,1.7299999999999999e-28,1.0,1.0,1,1,1,1,1,1,1,1,1,0.0405405405405405,0.0405405405405405,0.0625,0.0397196261682243,1,1,0
45054791|F|0-53:C>T-53:C>T,45054791,53:C>T,53,PTTO01000230.1_Contig34,12158069,NC_041734.1,7,autosome,1.0,1,1.7299999999999999e-28,0.992021,1.0,1,1,1,1,1,1,1,1,1,0.0202702702702702,0.0202702702702702,0.0,0.0210280373831775,0,1,0
64973976|F|0-9:T>G-9:T>G,64973976,9:T>G,9,PTTO01003571.1_Contig67,5931071,NC_041736.1,9,autosome,1.0,1,1.7299999999999999e-28,0.994681,1.0,1,1,1,1,1,1,1,1,0,0.0,0.0,0.0,0.0,0,0,0
45054800|F|0-32:C>T-32:C>T,45054800,32:C>T,32,PTTO01002476.1_Contig0,72173263,NC_041728.1,1,autosome,1.0,1,1.7299999999999999e-28,0.994681,1.0,1,1,1,1,1,1,1,1,1,0.018018018018018,0.018018018018018,0.0,0.0186915887850467,0,1,0
45053491|F|0-62:G>C-62:G>C,45053491,62:G>C,62,PTTO01003571.1_Contig67,3083701,NC_041736.1,9,autosome,1.0,1,8.05e-27,0.99734,1.0,1,1,1,1,1,1,1,1,1,0.2477477477477477,0.2477477477477477,0.25,0.2476635514018691,1,1,0
45054803|F|0-17:T>G-17:T>G,45054803,17:T>G,17,PTTO01001296.1_Contig62,60844,NC_041746.1,19,autosome,1.0,2,1.7299999999999999e-28,0.994681,1.0,1,1,1,1,1,1,1,1,1,0.4572072072072072,0.4572072072072072,0.25,0.4649532710280374,1,1,0
45054823|F|0-8:C>A-8:C>A,45054823,8:C>A,8,PTTO01000536.1_Contig98,2604958,NC_041735.1,8,autosome,1.0,1,1.7299999999999999e-28,0.99734,1.0,1,1,1,1,1,1,1,1,1,0.0292792792792792,0.0292792792792792,0.0625,0.02803738317757,1,1,0
45062699|F|0-38:A>T-38:A>T,45062699,38:A>T,38,PTTO01002104.1_Contig16,1319606,NC_041732.1,5,autosome,1.0,1,1.7299999999999999e-28,1.0,1.0,1,1,1,1,1,1,1,1,1,0.0337837837837837,0.0337837837837837,0.0,0.0350467289719626,0,1,0
45054828|F|0-13:C>T-13:C>T,45054828,13:C>T,13,PTTO01001349.1_Contig23,61725,NC_041736.1,9,autosome,1.0,1,1.7299999999999999e-28,0.99734,1.0,1,1,1,1,1,1,1,1,1,0.0247747747747747,0.0247747747747747,0.0,0.0257009345794392,0,1,0
45054848|F|0-62:T>C-62:T>C,45054848,62:T>C,62,PTTO01003889.1_Contig165,16022731,NC_041729.1,2,autosome,1.0,1,8.05e-27,0.99734,1.0,1,1,1,1,1,1,1,1,1,0.9954954954954957,0.0045045045045044,1.0,0.9953271028037384,0,1,0
45054855|F|0-29:T>A-29:T>A,45054855,29:T>A,29,PTTO01002372.1_Contig5,5074203,NC_041730.1,3,autosome,1.0,1,1.7299999999999999e-28,0.992021,1.0,1,1,1,1,1,1,1,1,1,0.1013513513513513,0.1013513513513513,0.0,0.1051401869158878,0,1,0
45054862|F|0-61:T>A-61:T>A,45054862,61:T>A,61,PTTO01000812.1_Contig368,1996091,NC_041748.1,21,autosome,1.0,1,1.7299999999999999e-28,0.965426,1.0,1,1,1,1,1,1,1,1,1,0.018018018018018,0.018018018018018,0.0,0.0186915887850467,0,1,0
45054863|F|0-8:G>C-8:G>C,45054863,8:G>C,8,PTTO01001236.1_Contig336,9682267,NC_041746.1,19,autosome,1.0,1,1.7299999999999999e-28,1.0,1.0,1,1,1,1,1,1,1,1,1,0.0225225225225225,0.0225225225225225,0.0,0.0233644859813084,0,1,0
100005623|F|0-33:T>C-33:T>C,100005623,33:T>C,33,PTTO01001241.1_Contig276,9472605,NC_041740.1,13,autosome,1.0,1,1.7299999999999999e-28,0.954787,1.0,1,1,1,1,1,1,1,1,0,0.0067567567567567,0.0067567567567567,0.0,0.0070093457943925,0,1,0
45054867|F|0-61:T>C-61:T>C,45054867,61:T>C,61,PTTO01004305.1_Contig271,738378,NC_041732.1,5,autosome,1.0,1,1.7299999999999999e-28,0.99734,1.0,1,1,1,1,1,1,1,1,1,0.0427927927927927,0.0427927927927927,0.0,0.0443925233644859,0,1,0
45062723|F|0-51:G>A-51:G>A,45062723,51:G>A,51,PTTO01002315.1_Contig12,7834888,NC_041729.1,2,autosome,1.0,1,8.05e-27,1.0,1.0,1,1,1,1,1,1,1,1,1,0.2432432432432432,0.2432432432432432,0.0,0.2523364485981308,0,1,0
45054879|F|0-53:G>A-53:G>A,45054879,53:G>A,53,PTTO01002104.1_Contig16,31606192,NC_041732.1,5,autosome,1.0,2,1.7299999999999999e-28,0.99734,1.0,1,1,1,1,1,1,1,1,1,0.027027027027027,0.027027027027027,0.0,0.02803738317757,0,1,0
100005642|F|0-6:G>T-6:G>T,100005642,6:G>T,6,PTTO01003882.1_Contig102,4482361,NC_041732.1,5,autosome,1.0,1,1.7299999999999999e-28,0.976064,1.0,1,1,1,1,1,1,1,1,0,0.0,0.0,0.0,0.0,0,0,0
45062732|F|0-38:A>T-38:A>T,45062732,38:A>T,38,PTTO01000550.1_Contig27,1158501,NC_041744.1,17,autosome,1.0,587,1.7299999999999999e-28,1.0,1.0,1,1,1,1,1,1,1,1,1,0.0653153153153153,0.0653153153153153,0.3125,0.0560747663551401,1,1,0
45054891|F|0-60:A>C-60:A>C,45054891,60:A>C,60,PTTO01002476.1_Contig0,38630575,NC_041728.1,1,autosome,1.0,1,1.7299999999999999e-28,0.994681,1.0,1,1,1,1,1,1,1,1,1,0.1846846846846846,0.1846846846846846,0.5625,0.1705607476635514,1,1,0
45054892|F|0-43:A>G-43:A>G,45054892,43:A>G,43,PTTO01002624.1_Contig32,24705868,NC_041728.1,1,autosome,1.0,1,1.7299999999999999e-28,0.994681,1.0,1,1,1,1,1,1,1,1,1,0.322072072072072,0.322072072072072,0.125,0.3294392523364486,1,1,0
95135879|F|0-53:A>T-53:A>T,95135879,53:A>T,53,PTTO01004499.1_Contig142,1236864,NC_041744.1,17,autosome,1.0,1,1.7299999999999999e-28,0.99734,1.0,1,1,1,1,1,1,1,1,0,0.0,0.0,0.0,0.0,0,0,0
45054896|F|0-17:T>A-17:T>A,45054896,17:T>A,17,PTTO01003276.1_Contig54,2957550,NC_041738.1,11,autosome,1.0,1,1.7299999999999999e-28,0.99734,1.0,1,1,1,1,1,1,1,1,1,0.018018018018018,0.018018018018018,0.1875,0.0116822429906542,1,1,0
45054899|F|0-38:C>A-38:C>A,45054899,38:C>A,38,PTTO01002624.1_Contig32,16518180,NC_041728.1,1,autosome,1.0,3,8.05e-27,0.99734,1.0,1,1,1,1,1,1,1,1,1,0.3648648648648648,0.3648648648648648,0.625,0.3551401869158878,1,1,0
45054911|F|0-24:T>G-24:T>G,45054911,24:T>G,24,PTTO01004194.1_Contig13,2928552,NC_041743.1,16,autosome,1.0,1,1.7299999999999999e-28,1.0,1.0,1,1,1,1,1,1,1,1,1,0.0045045045045045,0.0045045045045045,0.0,0.0046728971962616,0,1,0
45054913|F|0-59:A>G-59:A>G,45054913,59:A>G,59,PTTO01004446.1_Contig146,8206299,NC_041742.1,15,autosome,1.0,1,1.7299999999999999e-28,0.99734,1.0,1,1,1,1,1,1,1,1,1,0.0923423423423423,0.0923423423423423,0.125,0.0911214953271028,1,1,0
45062745|F|0-17:C>T-17:C>T,45062745,17:C>T,17,PTTO01001241.1_Contig276,9107060,NC_041740.1,13,autosome,1.0,1,1.7299999999999999e-28,1.0,1.0,1,1,1,1,1,1,1,1,1,0.036036036036036,0.036036036036036,0.0,0.0373831775700934,0,1,0
45054930|F|0-47:T>A-47:T>A,45054930,47:T>A,47,PTTO01000332.1_Contig333,4554919,NC_041729.1,2,autosome,1.0,1,8.05e-27,0.99734,1.0,1,1,1,1,1,1,1,1,1,0.3738738738738739,0.3738738738738739,0.125,0.3831775700934579,1,1,0
100005696|F|0-42:T>C-42:T>C,100005696,42:T>C,42,PTTO01003571.1_Contig67,16936796,NC_041736.1,9,autosome,1.0,1,1.7299999999999999e-28,0.99734,1.0,1,1,1,1,1,1,1,1,0,0.0,0.0,0.0,0.0,0,0,0
45054952|F|0-56:C>T-56:C>T,45054952,56:C>T,56,PTTO01001244.1_Contig55,958353,NC_041738.1,11,autosome,1.0,1,1.7299999999999999e-28,0.99734,1.0,1,1,1,1,1,1,1,1,1,0.0788288288288288,0.0788288288288288,0.5,0.0630841121495327,1,1,0
45054956|F|0-12:A>C-12:A>C,45054956,12:A>C,12,PTTO01001678.1_Contig35,2416838,NC_041737.1,10,autosome,1.0,1,1.7299999999999999e-28,0.99734,1.0,1,1,1,1,1,1,1,1,1,0.0405405405405405,0.0405405405405405,0.0,0.0420560747663551,0,1,0
45053546|F|0-24:G>A-24:G>A,45053546,24:G>A,24,PTTO01003726.1_Contig4347,37223,NW_021638242.1,unplaced,unplaced,1.0,10,6.23e-28,0.99734,1.0,1,1,1,1,1,1,1,1,1,0.027027027027027,0.027027027027027,0.0,0.02803738317757,0,1,0
45054959|F|0-31:A>G-31:A>G,45054959,31:A>G,31,PTTO01001418.1_Contig1115,150630,NW_021638278.1,unplaced,unplaced,1.0,1,8.05e-27,0.99734,1.0,1,1,1,1,1,1,1,1,1,0.4279279279279279,0.4279279279279279,0.0625,0.441588785046729,1,1,1
64974147|F|0-35:C>A-35:C>A,64974147,35:C>A,35,PTTO01002561.1_Contig143,86867,NC_041744.1,17,autosome,1.0,1,1.7299999999999999e-28,1.0,1.0,1,1,1,1,1,1,1,1,0,0.0022522522522522,0.0022522522522522,0.0,0.0023364485981308,0,1,0
45054968|F|0-11:A>C-11:A>C,45054968,11:A>C,11,PTTO01002476.1_Contig0,44532382,NC_041728.1,1,autosome,1.0,1,1.7299999999999999e-28,0.994681,1.0,1,1,1,1,1,1,1,1,1,0.1599099099099099,0.1599099099099099,0.4375,0.1495327102803738,1,1,0
45054969|F|0-6:G>A-6:G>A,45054969,6:G>A,6,PTTO01002057.1_Contig2,48506895,NC_041730.1,3,autosome,1.0,1,1.7299999999999999e-28,1.0,1.0,1,1,1,1,1,1,1,1,1,0.0045045045045045,0.0045045045045045,0.0,0.0046728971962616,0,1,0
45054971|F|0-41:A>C-41:A>C,45054971,41:A>C,41,PTTO01002187.1_Contig64,2402457,NC_041747.1,20,autosome,1.0,1,1.7299999999999999e-28,0.99734,1.0,1,1,1,1,1,1,1,1,1,0.3761261261261261,0.3761261261261261,0.5,0.3714953271028037,1,1,0
45054979|F|0-23:C>T-23:C>T,45054979,23:C>T,23,PTTO01004189.1_Contig18,26944825,NC_041729.1,2,autosome,1.0,19,1.7299999999999999e-28,0.99734,1.0,1,1,1,1,1,1,1,1,1,0.1328828828828828,0.1328828828828828,0.125,0.1331775700934579,1,1,0
45062761|F|0-35:C>A-35:C>A,45062761,35:C>A,35,PTTO01002476.1_Contig0,93964851,NC_041728.1,1,autosome,1.0,1,2.9000000000000004e-26,0.994681,1.0,1,1,1,1,1,1,1,1,1,0.1734234234234234,0.1734234234234234,0.375,0.1658878504672897,1,1,0
45054981|F|0-15:T>A-15:T>A,45054981,15:T>A,15,PTTO01001611.1_Contig3553,1580082,NC_041739.1,12,autosome,1.0,3,1.7299999999999999e-28,1.0,1.0,1,1,1,1,1,1,1,1,1,0.3671171171171171,0.3671171171171171,0.1875,0.3738317757009345,1,1,0
45054994|F|0-22:C>T-22:C>T,45054994,22:C>T,22,PTTO01000974.1_Contig37,17992839,NC_041741.1,14,autosome,1.0,1,1.7299999999999999e-28,0.994681,1.0,1,1,1,1,1,1,1,1,1,0.0157657657657657,0.0157657657657657,0.0,0.0163551401869158,0,1,0
45054999|F|0-32:G>A-32:G>A,45054999,32:G>A,32,PTTO01001349.1_Contig23,22542571,NC_041736.1,9,autosome,1.0,2,1.7299999999999999e-28,1.0,1.0,1,1,1,1,1,1,1,1,1,0.481981981981982,0.481981981981982,0.375,0.4859813084112149,1,1,0
45055002|F|0-34:G>A-34:G>A,45055002,34:G>A,34,PTTO01002476.1_Contig0,41675515,NC_041728.1,1,autosome,1.0,1,1.7299999999999999e-28,1.0,1.0,1,1,1,1,1,1,1,1,1,0.0202702702702702,0.0202702702702702,0.25,0.0116822429906542,1,1,0
45055005|F|0-36:C>T-36:C>T,45055005,36:C>T,36,PTTO01004189.1_Contig18,19530834,NC_041729.1,2,autosome,1.0,1,1.7299999999999999e-28,0.99734,1.0,1,1,1,1,1,1,1,1,0,0.0022522522522522,0.0022522522522522,0.0,0.0023364485981308,0,1,0
45055014|F|0-20:T>A-20:T>A,45055014,20:T>A,20,PTTO01002784.1_Contig154,311377,NC_041733.1,6,autosome,1.0,1,1.7299999999999999e-28,1.0,1.0,1,1,1,1,1,1,1,1,1,0.0022522522522522,0.0022522522522522,0.0,0.0023364485981308,0,1,0
45062782|F|0-14:C>T-14:C>T,45062782,14:C>T,14,PTTO01001940.1_Contig353,11115899,NC_041731.1,4,autosome,1.0,1,1.7299999999999999e-28,0.99734,1.0,1,1,1,1,1,1,1,1,1,0.0157657657657657,0.0157657657657657,0.0,0.0163551401869158,0,1,0
45062784|F|0-30:T>A-30:T>A,45062784,30:T>A,30,PTTO01002539.1_Contig4094,2494939,NC_041739.1,12,autosome,1.0,148,1.7299999999999999e-28,1.0,1.0,1,1,1,1,1,1,1,1,1,0.1418918918918918,0.1418918918918918,0.0,0.1471962616822429,0,1,0
64974204|F|0-53:G>A-53:G>A,64974204,53:G>A,53,PTTO01000765.1_Contig334,10564866,NC_041729.1,2,autosome,1.0,1,1.7299999999999999e-28,1.0,1.0,1,1,1,1,1,1,1,1,0,0.0067567567567567,0.0067567567567567,0.0,0.0070093457943925,0,1,0
45055031|F|0-34:A>C-34:A>C,45055031,34:A>C,34,PTTO01002057.1_Contig2,22862499,NC_041730.1,3,autosome,1.0,1,1.7299999999999999e-28,0.99734,1.0,1,1,1,1,1,1,1,1,1,0.4144144144144144,0.4144144144144144,0.6875,0.4042056074766355,1,1,0
45055032|F|0-21:C>T-21:C>T,45055032,21:C>T,21,PTTO01002624.1_Contig32,11306454,NC_041728.1,1,autosome,1.0,1,1.7299999999999999e-28,0.99734,1.0,1,1,1,1,1,1,1,1,1,0.1554054054054054,0.1554054054054054,0.0625,0.1588785046728972,1,1,0
45055038|F|0-49:G>A-49:G>A,45055038,49:G>A,49,PTTO01002057.1_Contig2,45006403,NC_041730.1,3,autosome,1.0,1,1.7299999999999999e-28,0.986702,1.0,1,1,1,1,1,1,1,1,1,0.027027027027027,0.027027027027027,0.0,0.02803738317757,0,1,0
45055039|F|0-20:G>A-20:G>A,45055039,20:G>A,20,PTTO01002545.1_Contig22,30586994,NC_041728.1,1,autosome,1.0,1,8.05e-27,0.994681,1.0,1,1,1,1,1,1,1,1,1,0.0292792792792792,0.0292792792792792,0.0,0.0303738317757009,0,1,0
64974215|F|0-42:A>G-42:A>G,64974215,42:A>G,42,PTTO01004563.1_Contig4450,4211721,NC_041742.1,15,autosome,1.0,1,1.7299999999999999e-28,1.0,1.0,1,1,1,1,1,1,1,1,0,0.0022522522522522,0.0022522522522522,0.0,0.0023364485981308,0,1,0
45055044|F|0-14:G>C-14:G>C,45055044,14:G>C,14,PTTO01000376.1_Contig11,24890940,NC_041745.1,18,autosome,1.0,1,1.7299999999999999e-28,0.99734,1.0,1,1,1,1,1,1,1,1,1,0.0135135135135135,0.0135135135135135,0.0,0.014018691588785,0,1,0
64982191|F|0-6:T>G-6:T>G,64982191,6:T>G,6,PTTO01003146.1_Contig77,1201070,NC_041734.1,7,autosome,1.0,1,8.05e-27,0.994681,1.0,1,1,1,1,1,1,1,1,0,0.9932432432432432,0.0067567567567567,0.8125,1.0,1,0,0
64974228|F|0-53:G>A-53:G>A,64974228,53:G>A,53,PTTO01001114.1_Contig282,2787744,NC_041740.1,13,autosome,1.0,1,1.7299999999999999e-28,0.994681,1.0,1,1,1,1,1,1,1,1,0,0.0067567567567567,0.0067567567567567,0.0625,0.0046728971962616,1,1,0
45055057|F|0-38:C>T-38:C>T,45055057,38:C>T,38,PTTO01001425.1_Contig235,2181405,NW_021638079.1,unplaced,unplaced,1.0,1,1.7299999999999999e-28,0.994681,1.0,1,1,1,1,1,1,1,1,1,0.018018018018018,0.018018018018018,0.0,0.0186915887850467,0,1,0
64974229|F|0-54:T>C-54:T>C,64974229,54:T>C,54,PTTO01000765.1_Contig334,22282756,NC_041729.1,2,autosome,1.0,1,1.7299999999999999e-28,0.99734,1.0,1,1,1,1,1,1,1,1,0,0.0022522522522522,0.0022522522522522,0.0,0.0023364485981308,0,1,0
45055058|F|0-5:A>G-5:A>G,45055058,5:A>G,5,PTTO01003571.1_Contig67,27177439,NC_041736.1,9,autosome,1.0,1,1.7299999999999999e-28,1.0,1.0,1,1,1,1,1,1,1,1,1,0.3333333333333333,0.3333333333333333,0.0625,0.3434579439252336,1,1,0
64974232|F|0-57:C>A-57:C>A,64974232,57:C>A,57,PTTO01000006.1_Contig148,4844304,NC_041734.1,7,autosome,1.0,1,1.7299999999999999e-28,1.0,1.0,1,1,1,1,1,1,1,1,0,0.0,0.0,0.0,0.0,0,0,0
64982198|F|0-15:G>T-15:G>T,64982198,15:G>T,15,PTTO01002476.1_Contig0,59390239,NC_041728.1,1,autosome,1.0,1,1.7299999999999999e-28,0.99734,1.0,1,1,1,1,1,1,1,1,0,0.0022522522522522,0.0022522522522522,0.0,0.0023364485981308,0,1,0
45055079|F|0-63:G>A-63:G>A,45055079,63:G>A,63,PTTO01000197.1_Contig3104,3004540,NC_041729.1,2,autosome,1.0,1,1.7299999999999999e-28,0.994681,1.0,1,1,1,1,1,1,1,1,1,0.0157657657657657,0.0157657657657657,0.0,0.0163551401869158,0,1,0
45055088|F|0-22:C>G-22:C>G,45055088,22:C>G,22,PTTO01002057.1_Contig2,3427959,NC_041730.1,3,autosome,1.0,1,1.04e-25,1.0,1.0,1,1,1,1,1,1,1,1,1,0.4166666666666667,0.4166666666666667,0.6875,0.4065420560747663,1,1,0
64974270|F|0-9:G>T-9:G>T,64974270,9:G>T,9,PTTO01002624.1_Contig32,32257744,NC_041728.1,1,autosome,1.0,1,1.7299999999999999e-28,0.99734,1.0,1,1,1,1,1,1,1,1,0,0.0022522522522522,0.0022522522522522,0.0,0.0023364485981308,0,1,0
45055111|F|0-19:C>T-19:C>T,45055111,19:C>T,19,PTTO01001244.1_Contig55,6036727,NC_041738.1,11,autosome,1.0,1,1.7299999999999999e-28,0.99734,1.0,1,1,1,1,1,1,1,1,1,0.2072072072072072,0.2072072072072072,0.0,0.2149532710280373,0,1,0
45055123|F|0-27:A>G-27:A>G,45055123,27:A>G,27,PTTO01002634.1_Contig60,1029353,NC_041732.1,5,autosome,1.0,1,1.7299999999999999e-28,1.0,1.0,1,1,1,1,1,1,1,1,1,0.0247747747747747,0.0247747747747747,0.0,0.0257009345794392,0,1,0
45055124|F|0-40:C>T-40:C>T,45055124,40:C>T,40,PTTO01002822.1_Contig364,9929292,NC_041731.1,4,autosome,1.0,1,1.7299999999999999e-28,1.0,1.0,1,1,1,1,1,1,1,1,1,0.036036036036036,0.036036036036036,0.0,0.0373831775700934,0,1,0
45055136|F|0-24:A>G-24:A>G,45055136,24:A>G,24,PTTO01003882.1_Contig102,2843350,NC_041732.1,5,autosome,1.0,1,1.7299999999999999e-28,0.994681,1.0,1,1,1,1,1,1,1,1,1,0.081081081081081,0.081081081081081,0.0,0.0841121495327102,0,1,0
45055137|F|0-38:G>A-38:G>A,45055137,38:G>A,38,PTTO01002967.1_Contig85,638496,NC_041733.1,6,autosome,1.0,1,1.7299999999999999e-28,0.970745,1.0,1,1,1,1,1,1,1,1,1,0.0225225225225225,0.0225225225225225,0.0,0.0233644859813084,0,1,0
45055138|F|0-16:G>A-16:G>A,45055138,16:G>A,16,PTTO01002815.1_Contig4081,4758908,NC_041744.1,17,autosome,1.0,1,1.7299999999999999e-28,1.0,1.0,1,1,1,1,1,1,1,1,1,0.0518018018018018,0.0518018018018018,0.0,0.0537383177570093,0,1,0
64974305|F|0-24:T>C-24:T>C,64974305,24:T>C,24,PTTO01001839.1_Contig208,14134416,NC_041741.1,14,autosome,1.0,1,1.7299999999999999e-28,0.986702,1.0,1,1,1,1,1,1,1,1,0,0.0,0.0,0.0,0.0,0,0,0
45055153|F|0-11:C>G-11:C>G,45055153,11:C>G,11,PTTO01003276.1_Contig54,6340509,NC_041738.1,11,autosome,1.0,1,1.3799999999999998e-23,0.99734,1.0,1,1,1,1,1,1,1,1,1,0.1531531531531531,0.1531531531531531,0.25,0.1495327102803738,1,1,0
45055159|F|0-39:G>A-39:G>A,45055159,39:G>A,39,PTTO01000974.1_Contig37,25234345,NC_041741.1,14,autosome,1.0,1,1.7299999999999999e-28,0.99734,1.0,1,1,1,1,1,1,1,1,1,0.027027027027027,0.027027027027027,0.0,0.02803738317757,0,1,0
45055163|F|0-52:C>T-52:C>T,45055163,52:C>T,52,PTTO01000376.1_Contig11,25320479,NC_041745.1,18,autosome,1.0,1,1.7299999999999999e-28,0.994681,1.0,1,1,1,1,1,1,1,1,1,0.0112612612612612,0.0112612612612612,0.0,0.0116822429906542,0,1,0
45055169|F|0-16:G>A-16:G>A,45055169,16:G>A,16,PTTO01001073.1_Contig8,305765,NC_041748.1,21,autosome,1.0,1,1.7299999999999999e-28,0.99734,1.0,1,1,1,1,1,1,1,1,1,0.027027027027027,0.027027027027027,0.0,0.02803738317757,0,1,0
45055172|F|0-47:T>G-47:T>G,45055172,47:T>G,47,PTTO01002104.1_Contig16,27074758,NC_041732.1,5,autosome,1.0,1,1.7299999999999999e-28,0.99734,1.0,1,1,1,1,1,1,1,1,1,0.0045045045045045,0.0045045045045045,0.0,0.0046728971962616,0,1,0
45055173|F|0-23:C>T-23:C>T,45055173,23:C>T,23,PTTO01001349.1_Contig23,11190638,NC_041736.1,9,autosome,1.0,1,1.7299999999999999e-28,1.0,1.0,1,1,1,1,1,1,1,1,1,0.027027027027027,0.027027027027027,0.0,0.02803738317757,0,1,0
45055174|F|0-23:C>T-23:C>T,45055174,23:C>T,23,PTTO01001051.1_Contig4,15686533,NC_041737.1,10,autosome,1.0,1,1.7299999999999999e-28,1.0,1.0,1,1,1,1,1,1,1,1,1,0.009009009009009,0.009009009009009,0.0,0.0093457943925233,0,1,0
45055185|F|0-10:A>T-10:A>T,45055185,10:A>T,10,PTTO01000006.1_Contig148,9573032,NC_041734.1,7,autosome,1.0,1,1.7299999999999999e-28,1.0,1.0,1,1,1,1,1,1,1,1,1,0.018018018018018,0.018018018018018,0.0,0.0186915887850467,0,1,0
45055192|F|0-14:A>G-14:A>G,45055192,14:A>G,14,PTTO01001244.1_Contig55,7156752,NC_041738.1,11,autosome,1.0,1,8.05e-27,0.994681,1.0,1,1,1,1,1,1,1,1,1,0.4752252252252252,0.4752252252252252,0.5625,0.4719626168224299,1,1,0
64974343|F|0-26:C>A-26:C>A,64974343,26:C>A,26,PTTO01001564.1_Contig1857,657807,NC_041746.1,19,autosome,1.0,1,1.7299999999999999e-28,0.99734,1.0,1,1,1,1,1,1,1,1,0,0.0,0.0,0.0,0.0,0,0,0
64988098|F|0-21:G>T-21:G>T,64988098,21:G>T,21,PTTO01003671.1_Contig19,14714663,NC_041735.1,8,autosome,1.0,1,1.7299999999999999e-28,1.0,1.0,1,1,1,1,1,1,1,1,0,0.0,0.0,0.0,0.0,0,0,0
45055212|F|0-54:A>T-54:A>T,45055212,54:A>T,54,PTTO01004189.1_Contig18,18273701,NC_041729.1,2,autosome,1.0,1,1.7299999999999999e-28,0.986702,1.0,1,1,1,1,1,1,1,1,1,0.0202702702702702,0.0202702702702702,0.0,0.0210280373831775,0,1,0
100006025|F|0-60:G>A-60:G>A,100006025,60:G>A,60,PTTO01002261.1_Contig251,10360939,NC_041743.1,16,autosome,1.0,1,1.7299999999999999e-28,0.992021,1.0,1,1,1,1,1,1,1,1,0,0.0,0.0,0.0,0.0,0,0,0
45055228|F|0-21:C>T-21:C>T,45055228,21:C>T,21,PTTO01000483.1_Contig185,442160,NC_041730.1,3,autosome,1.0,1,1.7299999999999999e-28,0.994681,1.0,1,1,1,1,1,1,1,1,1,0.0202702702702702,0.0202702702702702,0.0,0.0210280373831775,0,1,0
45055229|F|0-67:G>A-67:G>A,45055229,67:G>A,67,PTTO01003710.1_Contig217,3000940,NC_041733.1,6,autosome,1.0,1,1.7299999999999999e-28,0.99734,1.0,1,1,1,1,1,1,1,1,1,0.0135135135135135,0.0135135135135135,0.0,0.014018691588785,0,1,0
45062867|F|0-49:A>T-49:A>T,45062867,49:A>T,49,PTTO01004535.1_Contig9,4048021,NC_041731.1,4,autosome,1.0,1,2.63e-26,0.99734,1.0,1,1,1,1,1,1,1,1,1,0.1756756756756756,0.1756756756756756,0.0,0.1822429906542056,0,1,0
64982244|F|0-50:G>C-50:G>C,64982244,50:G>C,50,PTTO01002104.1_Contig16,58047103,NC_041732.1,5,autosome,1.0,1,1.7299999999999999e-28,0.99734,1.0,1,1,1,1,1,1,1,1,0,0.0,0.0,0.0,0.0,0,0,0
64972617|F|0-49:G>A-49:G>A,64972617,49:G>A,49,PTTO01004535.1_Contig9,1093713,NC_041731.1,4,autosome,1.0,1,1.7299999999999999e-28,1.0,1.0,1,1,1,1,1,1,1,1,0,0.0022522522522522,0.0022522522522522,0.0,0.0023364485981308,0,1,0
64974390|F|0-68:A>T-68:A>T,64974390,68:A>T,68,PTTO01004189.1_Contig18,34462959,NC_041729.1,2,autosome,1.0,1,1.7299999999999999e-28,0.99734,1.0,1,1,1,1,1,1,1,1,0,0.0067567567567567,0.0067567567567567,0.125,0.0023364485981308,1,1,0
64982255|F|0-46:T>G-46:T>G,64982255,46:T>G,46,PTTO01001940.1_Contig353,440309,NC_041731.1,4,autosome,1.0,1,1.7299999999999999e-28,0.99734,1.0,1,1,1,1,1,1,1,1,0,0.0,0.0,0.0,0.0,0,0,0
100006078|F|0-65:A>G-65:A>G,100006078,65:A>G,65,PTTO01000394.1_Contig225,775563,NC_041730.1,3,autosome,1.0,7,1.7299999999999999e-28,0.984043,1.0,1,1,1,1,1,1,1,1,0,0.0,0.0,0.0,0.0,0,0,0
45055262|F|0-24:G>A-24:G>A,45055262,24:G>A,24,PTTO01000974.1_Contig37,24262612,NC_041741.1,14,autosome,1.0,1,1.7299999999999999e-28,0.994681,1.0,1,1,1,1,1,1,1,1,1,0.0247747747747747,0.0247747747747747,0.0,0.0257009345794392,0,1,0
45055267|F|0-18:G>A-18:G>A,45055267,18:G>A,18,PTTO01000230.1_Contig34,1872179,NC_041734.1,7,autosome,1.0,1,1.7299999999999999e-28,0.962766,1.0,1,1,1,1,1,1,1,1,1,0.0045045045045045,0.0045045045045045,0.0,0.0046728971962616,0,1,0
45055271|F|0-53:C>T-53:C>T,45055271,53:C>T,53,PTTO01002624.1_Contig32,29404694,NC_041728.1,1,autosome,1.0,1,8.05e-27,1.0,1.0,1,1,1,1,1,1,1,1,1,0.3310810810810811,0.3310810810810811,0.5625,0.322429906542056,1,1,0
45055285|F|0-23:C>A-23:C>A,45055285,23:C>A,23,PTTO01001051.1_Contig4,7105982,NC_041737.1,10,autosome,1.0,1,1.7299999999999999e-28,0.99734,1.0,1,1,1,1,1,1,1,1,1,0.1576576576576576,0.1576576576576576,0.1875,0.1565420560747663,1,1,0
64974431|F|0-41:C>T-41:C>T,64974431,41:C>T,41,PTTO01004194.1_Contig13,332265,NC_041743.1,16,autosome,1.0,1,1.7299999999999999e-28,0.976064,1.0,1,1,1,1,1,1,1,1,0,0.0,0.0,0.0,0.0,0,0,0
45055299|F|0-48:C>T-48:C>T,45055299,48:C>T,48,PTTO01001940.1_Contig353,20732940,NC_041731.1,4,autosome,1.0,1,8.05e-27,0.99734,1.0,1,1,1,1,1,1,1,1,1,0.0247747747747747,0.0247747747747747,0.0,0.0257009345794392,0,1,0
64974441|F|0-6:G>A-6:G>A,64974441,6:G>A,6,PTTO01002476.1_Contig0,36220576,NC_041728.1,1,autosome,1.0,1,1.7299999999999999e-28,0.994681,1.0,1,1,1,1,1,1,1,1,0,0.0,0.0,0.0,0.0,0,0,0
64982263|F|0-65:C>T-65:C>T,64982263,65:C>T,65,PTTO01001315.1_Contig92,2785302,NC_041742.1,15,autosome,1.0,4,2.92e-21,0.99734,1.0,1,1,1,1,1,1,1,1,0,0.0045045045045045,0.0045045045045045,0.0,0.0046728971962616,0,1,0
100006132|F|0-21:C>T-21:C>T,100006132,21:C>T,21,PTTO01003882.1_Contig102,10931628,NC_041732.1,5,autosome,1.0,1,1.7299999999999999e-28,0.994681,1.0,1,1,1,1,1,1,1,1,0,0.0,0.0,0.0,0.0,0,0,0
45055331|F|0-15:G>T-15:G>T,45055331,15:G>T,15,PTTO01000765.1_Contig334,4999001,NC_041729.1,2,autosome,1.0,1,1.68e-22,1.0,1.0,1,1,1,1,1,1,1,1,1,0.009009009009009,0.009009009009009,0.0,0.0093457943925233,0,1,0
45055340|F|0-42:C>T-42:C>T,45055340,42:C>T,42,PTTO01000376.1_Contig11,22910951,NC_041745.1,18,autosome,1.0,1,1.7299999999999999e-28,0.992021,1.0,1,1,1,1,1,1,1,1,1,0.0157657657657657,0.0157657657657657,0.0,0.0163551401869158,0,1,0
45055342|F|0-12:C>T-12:C>T,45055342,12:C>T,12,PTTO01004492.1_Contig25,474422,NC_041732.1,5,autosome,1.0,1,1.7299999999999999e-28,0.99734,1.0,1,1,1,1,1,1,1,1,1,0.0022522522522522,0.0022522522522522,0.0,0.0023364485981308,0,1,0
45055350|F|0-35:C>A-35:C>A,45055350,35:C>A,35,PTTO01000885.1_Contig10,148123,NC_041744.1,17,autosome,1.0,1,1.7299999999999999e-28,1.0,1.0,1,1,1,1,1,1,1,1,1,0.0045045045045045,0.0045045045045045,0.0625,0.0023364485981308,1,1,0
45055351|F|0-61:C>T-61:C>T,45055351,61:C>T,61,PTTO01002967.1_Contig85,1328953,NC_041733.1,6,autosome,1.0,1,1.7299999999999999e-28,0.99734,1.0,1,1,1,1,1,1,1,1,1,0.2702702702702703,0.2702702702702703,0.0,0.2803738317757009,0,1,0
45055357|F|0-48:C>G-48:C>G,45055357,48:C>G,48,PTTO01002545.1_Contig22,18567978,NC_041728.1,1,autosome,1.0,4,1.7299999999999999e-28,0.976064,1.0,1,1,1,1,1,1,1,1,1,0.0067567567567567,0.0067567567567567,0.0,0.0070093457943925,0,1,0
45055361|F|0-68:T>G-68:T>G,45055361,68:T>G,68,PTTO01001839.1_Contig208,6717177,NC_041741.1,14,autosome,1.0,1,1.7299999999999999e-28,0.99734,1.0,1,1,1,1,1,1,1,1,1,0.0968468468468468,0.0968468468468468,0.1875,0.0934579439252336,1,1,0
45055365|F|0-43:G>A-43:G>A,45055365,43:G>A,43,PTTO01000115.1_Contig24,1174582,NC_041745.1,18,autosome,1.0,1,1.7299999999999999e-28,1.0,1.0,1,1,1,1,1,1,1,1,1,0.0157657657657657,0.0157657657657657,0.0,0.0163551401869158,0,1,0
64974503|F|0-26:T>C-26:T>C,64974503,26:T>C,26,PTTO01000765.1_Contig334,27890689,NC_041729.1,2,autosome,1.0,6,1.7299999999999999e-28,0.984043,1.0,1,1,1,1,1,1,1,1,0,0.0,0.0,0.0,0.0,0,0,0
45055379|F|0-27:C>G-27:C>G,45055379,27:C>G,27,PTTO01000765.1_Contig334,24387769,NC_041729.1,2,autosome,1.0,1,1.7299999999999999e-28,0.99734,1.0,1,1,1,1,1,1,1,1,1,0.0067567567567567,0.0067567567567567,0.0,0.0070093457943925,0,1,0
45055397|F|0-26:A>C-26:A>C,45055397,26:A>C,26,PTTO01002624.1_Contig32,7884819,NC_041728.1,1,autosome,1.0,1,1.7299999999999999e-28,1.0,1.0,1,1,1,1,1,1,1,1,1,0.0135135135135135,0.0135135135135135,0.0,0.014018691588785,0,1,1
100006185|F|0-23:A>G-23:A>G,100006185,23:A>G,23,PTTO01003671.1_Contig19,875093,NC_041735.1,8,autosome,1.0,1,1.7299999999999999e-28,0.960106,1.0,1,1,1,1,1,1,1,1,0,0.0,0.0,0.0,0.0,0,0,0
64982278|F|0-31:A>C-31:A>C,64982278,31:A>C,31,PTTO01000318.1_Contig139,16809266,NC_041730.1,3,autosome,1.0,1,1.7299999999999999e-28,0.99734,1.0,1,1,1,1,1,1,1,1,0,0.0,0.0,0.0,0.0,0,0,0
45055400|F|0-43:G>A-43:G>A,45055400,43:G>A,43,PTTO01003671.1_Contig19,11454482,NC_041735.1,8,autosome,1.0,1,1.7299999999999999e-28,0.957447,1.0,1,1,1,1,1,1,1,1,1,0.0045045045045045,0.0045045045045045,0.0,0.0046728971962616,0,1,0
45055411|F|0-33:G>A-33:G>A,45055411,33:G>A,33,PTTO01001678.1_Contig35,5811473,NC_041737.1,10,autosome,1.0,1,1.7299999999999999e-28,0.994681,1.0,1,1,1,1,1,1,1,1,1,0.2657657657657657,0.2657657657657657,0.0,0.2757009345794392,0,1,0
45055413|F|0-48:G>A-48:G>A,45055413,48:G>A,48,PTTO01004189.1_Contig18,10167797,NC_041729.1,2,autosome,1.0,1,1.7299999999999999e-28,0.99734,1.0,1,1,1,1,1,1,1,1,1,0.0315315315315315,0.0315315315315315,0.0,0.0327102803738317,0,1,0
45055417|F|0-42:T>C-42:T>C,45055417,42:T>C,42,PTTO01001320.1_Contig70,12444081,NC_041731.1,4,autosome,1.0,1,1.7299999999999999e-28,1.0,1.0,1,1,1,1,1,1,1,1,1,0.4594594594594595,0.4594594594594595,1.0,0.4392523364485981,0,1,0
45055427|F|0-66:G>A-66:G>A,45055427,66:G>A,66,PTTO01002692.1_Contig2496,40386,NW_021638172.1,unplaced,unplaced,1.0,14,1.7299999999999999e-28,1.0,1.0,1,1,1,1,1,1,1,1,1,0.1351351351351351,0.1351351351351351,0.0,0.1401869158878504,0,1,0
45055429|F|0-44:C>G-44:C>G,45055429,44:C>G,44,PTTO01002104.1_Contig16,1863886,NC_041732.1,5,autosome,1.0,1,1.7299999999999999e-28,0.99734,1.0,1,1,1,1,1,1,1,1,1,0.1238738738738738,0.1238738738738738,0.0,0.1285046728971962,0,1,0
64974552|F|0-60:G>A-60:G>A,64974552,60:G>A,60,PTTO01002476.1_Contig0,64777646,NC_041728.1,1,autosome,1.0,1,1.7299999999999999e-28,0.994681,1.0,1,1,1,1,1,1,1,1,0,0.0022522522522522,0.0022522522522522,0.0,0.0023364485981308,0,1,0
45055436|F|0-38:A>T-38:A>T,45055436,38:A>T,38,PTTO01000875.1_Contig31,25096188,NC_041730.1,3,autosome,1.0,1,1.7299999999999999e-28,1.0,1.0,1,1,1,1,1,1,1,1,1,0.0585585585585585,0.0585585585585585,0.0,0.0607476635514018,0,1,0
100006244|F|0-16:G>A-16:G>A,100006244,16:G>A,16,PTTO01000230.1_Contig34,7368821,NC_041734.1,7,autosome,1.0,1,1.7299999999999999e-28,1.0,1.0,1,1,1,1,1,1,1,1,0,0.0,0.0,0.0,0.0,0,0,0
45055463|F|0-39:C>T-39:C>T,45055463,39:C>T,39,PTTO01001236.1_Contig336,6331933,NC_041746.1,19,autosome,1.0,1,1.7299999999999999e-28,0.99734,1.0,1,1,1,1,1,1,1,1,1,0.0585585585585585,0.0585585585585585,0.0,0.0607476635514018,0,1,0
45055469|F|0-11:C>T-11:C>T,45055469,11:C>T,11,PTTO01002545.1_Contig22,30390006,NC_041728.1,1,autosome,1.0,1,1.7299999999999999e-28,0.99734,1.0,1,1,1,1,1,1,1,1,1,0.0225225225225225,0.0225225225225225,0.0,0.0233644859813084,0,1,0
100006274|F|0-9:A>G-9:A>G,100006274,9:A>G,9,PTTO01003671.1_Contig19,580302,NC_041735.1,8,autosome,1.0,1,1.7299999999999999e-28,0.992021,1.0,1,1,1,1,1,1,1,1,0,0.0,0.0,0.0,0.0,0,0,0
45055489|F|0-59:C>A-59:C>A,45055489,59:C>A,59,PTTO01002634.1_Contig60,6268657,NC_041732.1,5,autosome,1.0,1,1.7299999999999999e-28,0.99734,1.0,1,1,1,1,1,1,1,1,1,0.0067567567567567,0.0067567567567567,0.0,0.0070093457943925,0,1,0
64974613|F|0-50:A>G-50:A>G,64974613,50:A>G,50,PTTO01000765.1_Contig334,8179141,NC_041729.1,2,autosome,1.0,1,1.7299999999999999e-28,0.992021,1.0,1,1,1,1,1,1,1,1,0,0.0,0.0,0.0,0.0,0,0,0
45055496|F|0-5:A>T-5:A>T,45055496,5:A>T,5,PTTO01000230.1_Contig34,4522195,NC_041734.1,7,autosome,1.0,1029,1.7299999999999999e-28,1.0,1.0,1,1,1,1,1,1,1,1,1,0.1801801801801801,0.1801801801801801,0.25,0.1775700934579439,1,1,0
45055501|F|0-33:T>G-33:T>G,45055501,33:T>G,33,PTTO01002476.1_Contig0,25350139,NC_041728.1,1,autosome,1.0,1016,1.7299999999999999e-28,1.0,1.0,1,1,1,1,1,1,1,1,1,0.5045045045045045,0.4954954954954955,0.1875,0.5163551401869159,1,1,0
45055507|F|0-60:A>T-60:A>T,45055507,60:A>T,60,PTTO01000332.1_Contig333,3994739,NC_041729.1,2,autosome,1.0,1,1.7299999999999999e-28,1.0,1.0,1,1,1,1,1,1,1,1,1,0.1013513513513513,0.1013513513513513,0.125,0.1004672897196261,1,1,0
45055516|F|0-68:C>G-68:C>G,45055516,68:C>G,68,PTTO01001370.1_Contig26,3199402,NC_041734.1,7,autosome,1.0,6,1.7299999999999999e-28,1.0,1.0,1,1,1,1,1,1,1,1,1,0.1441441441441441,0.1441441441441441,0.5625,0.1285046728971962,1,1,0
100006317|F|0-55:G>A-55:G>A,100006317,55:G>A,55,PTTO01003695.1_Contig4240,874049,NC_041733.1,6,autosome,1.0,1,1.7299999999999999e-28,0.986702,1.0,1,1,1,1,1,1,1,1,0,0.0045045045045045,0.0045045045045045,0.0,0.0046728971962616,0,1,0
100006320|F|0-61:A>G-61:A>G,100006320,61:A>G,61,PTTO01004262.1_Contig52,38727921,NC_041731.1,4,autosome,1.0,1,1.7299999999999999e-28,0.968085,1.0,1,1,1,1,1,1,1,1,0,0.0067567567567567,0.0067567567567567,0.0,0.0070093457943925,0,1,0
45055534|F|0-8:T>G-8:T>G,45055534,8:T>G,8,PTTO01002104.1_Contig16,9184087,NC_041732.1,5,autosome,1.0,1,1.7299999999999999e-28,0.99734,1.0,1,1,1,1,1,1,1,1,1,0.0067567567567567,0.0067567567567567,0.0,0.0070093457943925,0,1,0
45055540|F|0-32:G>T-32:G>T,45055540,32:G>T,32,PTTO01000318.1_Contig139,6966676,NC_041730.1,3,autosome,1.0,1,1.7299999999999999e-28,0.99734,1.0,1,1,1,1,1,1,1,1,1,0.0067567567567567,0.0067567567567567,0.0,0.0070093457943925,0,1,0
45055544|F|0-59:G>A-59:G>A,45055544,59:G>A,59,PTTO01001370.1_Contig26,20301211,NC_041734.1,7,autosome,1.0,1,1.7299999999999999e-28,0.99734,1.0,1,1,1,1,1,1,1,1,1,0.0202702702702702,0.0202702702702702,0.0,0.0210280373831775,0,1,0
45055548|F|0-66:G>A-66:G>A,45055548,66:G>A,66,PTTO01002104.1_Contig16,62724334,NC_041732.1,5,autosome,1.0,2,1.7299999999999999e-28,1.0,1.0,1,1,1,1,1,1,1,1,1,0.0743243243243243,0.0743243243243243,0.0625,0.0747663551401869,1,1,0
100006361|F|0-14:A>G-14:A>G,100006361,14:A>G,14,PTTO01000875.1_Contig31,6954121,NC_041730.1,3,autosome,1.0,1,1.7299999999999999e-28,0.99734,1.0,1,1,1,1,1,1,1,1,0,0.0,0.0,0.0,0.0,0,0,0
45055563|F|0-11:G>A-11:G>A,45055563,11:G>A,11,PTTO01002104.1_Contig16,12136425,NC_041732.1,5,autosome,1.0,1,1.7299999999999999e-28,0.99734,1.0,1,1,1,1,1,1,1,1,1,0.3063063063063063,0.3063063063063063,0.0,0.3177570093457944,0,1,0
45055571|F|0-26:A>G-26:A>G,45055571,26:A>G,26,PTTO01003710.1_Contig217,16735100,NC_041733.1,6,autosome,1.0,1,1.7299999999999999e-28,1.0,1.0,1,1,1,1,1,1,1,1,1,0.3288288288288288,0.3288288288288288,0.75,0.3130841121495327,1,1,0
45055577|F|0-46:T>A-46:T>A,45055577,46:T>A,46,PTTO01000376.1_Contig11,24856927,NC_041745.1,18,autosome,1.0,1,1.7299999999999999e-28,1.0,1.0,1,1,1,1,1,1,1,1,1,0.009009009009009,0.009009009009009,0.0,0.0093457943925233,0,1,0
45055580|F|0-54:T>G-54:T>G,45055580,54:T>G,54,PTTO01000115.1_Contig24,1270242,NC_041745.1,18,autosome,1.0,1,1.7299999999999999e-28,0.992021,1.0,1,1,1,1,1,1,1,1,1,0.045045045045045,0.045045045045045,0.0,0.0467289719626168,0,1,0
64982340|F|0-14:A>G-14:A>G,64982340,14:A>G,14,PTTO01001633.1_Contig312,466116,NC_041739.1,12,autosome,1.0,1,1.7299999999999999e-28,1.0,1.0,1,1,1,1,1,1,1,1,0,0.0022522522522522,0.0022522522522522,0.0,0.0023364485981308,0,1,0
45055593|F|0-48:C>T-48:C>T,45055593,48:C>T,48,PTTO01000166.1_Contig207,1961727,NC_041747.1,20,autosome,1.0,1,1.7299999999999999e-28,1.0,1.0,1,1,1,1,1,1,1,1,1,0.0743243243243243,0.0743243243243243,0.0,0.0771028037383177,0,1,0
45055606|F|0-27:C>T-27:C>T,45055606,27:C>T,27,PTTO01001839.1_Contig208,12002611,NC_041741.1,14,autosome,1.0,1,8.05e-27,0.994681,1.0,1,1,1,1,1,1,1,1,1,0.1824324324324324,0.1824324324324324,0.0625,0.1869158878504672,1,1,0
45055607|F|0-43:C>T-43:C>T,45055607,43:C>T,43,PTTO01002315.1_Contig12,8632582,NC_041729.1,2,autosome,1.0,1,1.7299999999999999e-28,1.0,1.0,1,1,1,1,1,1,1,1,1,0.2477477477477477,0.2477477477477477,0.0,0.2570093457943925,0,1,0
45055617|F|0-53:C>T-53:C>T,45055617,53:C>T,53,PTTO01002539.1_Contig4094,3731431,NC_041739.1,12,autosome,1.0,1,3.22e-25,0.99734,1.0,1,1,1,1,1,1,1,1,1,0.0698198198198198,0.0698198198198198,0.0,0.072429906542056,0,1,0
45055622|F|0-42:G>C-42:G>C,45055622,42:G>C,42,PTTO01001839.1_Contig208,10991092,NC_041741.1,14,autosome,1.0,1,1.7299999999999999e-28,0.99734,1.0,1,1,1,1,1,1,1,1,1,0.0405405405405405,0.0405405405405405,0.0,0.0420560747663551,0,1,0
45055625|F|0-55:A>T-55:A>T,45055625,55:A>T,55,PTTO01000875.1_Contig31,20271028,NC_041730.1,3,autosome,1.0,1,1.7299999999999999e-28,0.994681,1.0,1,1,1,1,1,1,1,1,1,0.2927927927927928,0.2927927927927928,0.0625,0.3014018691588785,1,1,0
45055631|F|0-9:T>C-9:T>C,45055631,9:T>C,9,PTTO01002822.1_Contig364,3870868,NC_041731.1,4,autosome,1.0,1,8.05e-27,0.994681,1.0,1,1,1,1,1,1,1,1,1,0.018018018018018,0.018018018018018,0.0,0.0186915887850467,0,1,0
45055633|F|0-55:G>C-55:G>C,45055633,55:G>C,55,PTTO01001611.1_Contig3553,2770586,NC_041739.1,12,autosome,1.0,1,1.7299999999999999e-28,0.99734,1.0,1,1,1,1,1,1,1,1,1,0.0045045045045045,0.0045045045045045,0.0,0.0046728971962616,0,1,0
45055634|F|0-48:G>T-48:G>T,45055634,48:G>T,48,PTTO01002545.1_Contig22,12794530,NC_041728.1,1,autosome,1.0,1,1.7299999999999999e-28,1.0,1.0,1,1,1,1,1,1,1,1,1,0.0022522522522522,0.0022522522522522,0.0,0.0023364485981308,0,1,0
100006456|F|0-15:C>T-15:C>T,100006456,15:C>T,15,PTTO01001633.1_Contig312,8499131,NC_041739.1,12,autosome,1.0,1,1.7299999999999999e-28,0.970745,1.0,1,1,1,1,1,1,1,1,0,0.0,0.0,0.0,0.0,0,0,0
100006462|F|0-35:T>G-35:T>G,100006462,35:T>G,35,PTTO01002476.1_Contig0,8890148,NC_041728.1,1,autosome,1.0,1,1.7299999999999999e-28,0.992021,1.0,1,1,1,1,1,1,1,1,0,0.0,0.0,0.0,0.0,0,0,0
64974793|F|0-63:C>A-63:C>A,64974793,63:C>A,63,PTTO01002476.1_Contig0,4042640,NC_041728.1,1,autosome,1.0,1,1.7299999999999999e-28,1.0,1.0,1,1,1,1,1,1,1,1,0,0.0,0.0,0.0,0.0,0,0,0
45055648|F|0-14:G>A-14:G>A,45055648,14:G>A,14,PTTO01001241.1_Contig276,13794079,NC_041740.1,13,autosome,1.0,1,1.13e-24,0.99734,1.0,1,1,1,1,1,1,1,1,1,0.0225225225225225,0.0225225225225225,0.0,0.0233644859813084,0,1,0
45055652|F|0-31:C>T-31:C>T,45055652,31:C>T,31,PTTO01001349.1_Contig23,24344062,NC_041736.1,9,autosome,1.0,1,1.7299999999999999e-28,0.994681,1.0,1,1,1,1,1,1,1,1,1,0.063063063063063,0.063063063063063,0.6875,0.0397196261682243,1,1,0
45063049|F|0-47:T>C-47:T>C,45063049,47:T>C,47,PTTO01001320.1_Contig70,91828,NC_041731.1,4,autosome,1.0,1,2.9000000000000004e-26,1.0,1.0,1,1,1,1,1,1,1,1,1,0.5,0.5,0.3125,0.5070093457943925,1,1,0
45055664|F|0-29:G>A-29:G>A,45055664,29:G>A,29,PTTO01001349.1_Contig23,1589148,NC_041736.1,9,autosome,1.0,22,1.7299999999999999e-28,1.0,1.0,1,1,1,1,1,1,1,1,1,0.1036036036036036,0.1036036036036036,0.625,0.0841121495327102,1,1,0
45055668|F|0-40:C>T-40:C>T,45055668,40:C>T,40,PTTO01003788.1_Contig2016,4446877,NC_041729.1,2,autosome,1.0,33,1.7299999999999999e-28,0.994681,1.0,1,1,1,1,1,1,1,1,1,0.0292792792792792,0.0292792792792792,0.0,0.0303738317757009,0,1,0
64974824|F|0-62:C>T-62:C>T,64974824,62:C>T,62,PTTO01003276.1_Contig54,13313962,NC_041738.1,11,autosome,1.0,1,1.7299999999999999e-28,1.0,1.0,1,1,1,1,1,1,1,1,0,0.0022522522522522,0.0022522522522522,0.0,0.0023364485981308,0,1,0
45055684|F|0-23:T>C-23:T>C,45055684,23:T>C,23,PTTO01001315.1_Contig92,2709784,NC_041742.1,15,autosome,1.0,1,8.05e-27,0.994681,1.0,1,1,1,1,1,1,1,1,1,0.2725225225225225,0.2725225225225225,0.4375,0.2663551401869158,1,1,0
64982376|F|0-37:C>T-37:C>T,64982376,37:C>T,37,PTTO01000483.1_Contig185,1836897,NC_041730.1,3,autosome,1.0,1,1.7299999999999999e-28,0.99734,1.0,1,1,1,1,1,1,1,1,0,0.0045045045045045,0.0045045045045045,0.0,0.0046728971962616,0,1,0
45055702|F|0-64:G>A-64:G>A,45055702,64:G>A,64,PTTO01001236.1_Contig336,9689843,NC_041746.1,19,autosome,1.0,1,1.7299999999999999e-28,1.0,1.0,1,1,1,1,1,1,1,1,1,0.0202702702702702,0.0202702702702702,0.0,0.0210280373831775,0,1,0
64974872|F|0-30:A>G-30:A>G,64974872,30:A>G,30,PTTO01001696.1_Contig254,13864991,NC_041747.1,20,autosome,1.0,1,1.7299999999999999e-28,1.0,1.0,1,1,1,1,1,1,1,1,0,0.018018018018018,0.018018018018018,0.5,0.0,1,0,0
45055711|F|0-19:A>G-19:A>G,45055711,19:A>G,19,PTTO01003671.1_Contig19,969645,NC_041735.1,8,autosome,1.0,1,1.7299999999999999e-28,1.0,1.0,1,1,1,1,1,1,1,1,1,0.0225225225225225,0.0225225225225225,0.125,0.0186915887850467,1,1,0
64974890|F|0-6:T>G-6:T>G,64974890,6:T>G,6,PTTO01000974.1_Contig37,28750108,NC_041741.1,14,autosome,1.0,2,1.7299999999999999e-28,0.992021,1.0,1,1,1,1,1,1,1,1,0,0.0022522522522522,0.0022522522522522,0.0,0.0023364485981308,0,1,0
64982389|F|0-57:G>T-57:G>T,64982389,57:G>T,57,PTTO01000006.1_Contig148,2854625,NC_041734.1,7,autosome,1.0,9,1.7299999999999999e-28,1.0,1.0,1,1,1,1,1,1,1,1,0,0.0,0.0,0.0,0.0,0,0,0
64982395|F|0-43:G>A-43:G>A,64982395,43:G>A,43,PTTO01003882.1_Contig102,5301454,NC_041732.1,5,autosome,1.0,1,1.7299999999999999e-28,0.994681,1.0,1,1,1,1,1,1,1,1,0,0.0,0.0,0.0,0.0,0,0,0
45055727|F|0-36:A>C-36:A>C,45055727,36:A>C,36,PTTO01004262.1_Contig52,30373292,NC_041731.1,4,autosome,1.0,1,8.05e-27,1.0,1.0,1,1,1,1,1,1,1,1,1,0.0112612612612612,0.0112612612612612,0.0,0.0116822429906542,0,1,0
45055731|F|0-9:G>A-9:G>A,45055731,9:G>A,9,PTTO01000974.1_Contig37,29464965,NC_041741.1,14,autosome,1.0,1,1.7299999999999999e-28,1.0,1.0,1,1,1,1,1,1,1,1,1,0.072072072072072,0.072072072072072,0.0,0.0747663551401869,0,1,0
45055740|F|0-46:C>T-46:C>T,45055740,46:C>T,46,PTTO01001370.1_Contig26,554525,NC_041734.1,7,autosome,1.0,1,1.7299999999999999e-28,1.0,1.0,1,1,1,1,1,1,1,1,1,0.009009009009009,0.009009009009009,0.0,0.0093457943925233,0,1,0
45055746|F|0-45:C>T-45:C>T,45055746,45:C>T,45,PTTO01002793.1_Contig38,9021065,NC_041745.1,18,autosome,1.0,1,1.7299999999999999e-28,1.0,1.0,1,1,1,1,1,1,1,1,1,0.0157657657657657,0.0157657657657657,0.0,0.0163551401869158,0,1,0
45055757|F|0-13:C>T-13:C>T,45055757,13:C>T,13,PTTO01000318.1_Contig139,1325823,NC_041730.1,3,autosome,1.0,1,1.7299999999999999e-28,1.0,1.0,1,1,1,1,1,1,1,1,1,0.1373873873873874,0.1373873873873874,0.4375,0.1261682242990654,1,1,0
45055758|F|0-43:G>T-43:G>T,45055758,43:G>T,43,PTTO01002473.1_Contig1,29725492,NC_041738.1,11,autosome,1.0,1,1.7299999999999999e-28,0.99734,1.0,1,1,1,1,1,1,1,1,1,0.1306306306306306,0.1306306306306306,0.0,0.1355140186915887,0,1,0
45055759|F|0-29:C>A-29:C>A,45055759,29:C>A,29,PTTO01002476.1_Contig0,63166520,NC_041728.1,1,autosome,1.0,1,1.7299999999999999e-28,0.99734,1.0,1,1,1,1,1,1,1,1,1,0.0202702702702702,0.0202702702702702,0.0,0.0210280373831775,0,1,0
45055798|F|0-27:C>A-27:C>A,45055798,27:C>A,27,PTTO01002261.1_Contig251,10485899,NC_041743.1,16,autosome,1.0,1,1.7299999999999999e-28,0.994681,1.0,1,1,1,1,1,1,1,1,1,0.0022522522522522,0.0022522522522522,0.0,0.0023364485981308,0,1,0
45055810|F|0-25:G>T-25:G>T,45055810,25:G>T,25,PTTO01004446.1_Contig146,4066670,NC_041742.1,15,autosome,1.0,1,1.7299999999999999e-28,0.99734,1.0,1,1,1,1,1,1,1,1,1,0.2815315315315315,0.2815315315315315,0.75,0.264018691588785,1,1,0
100006663|F|0-38:G>T-38:G>T,100006663,38:G>T,38,PTTO01001241.1_Contig276,14385235,NC_041740.1,13,autosome,1.0,1,1.7299999999999999e-28,0.984043,1.0,1,1,1,1,1,1,1,1,0,0.0,0.0,0.0,0.0,0,0,0
95136581|F|0-8:C>T-8:C>T,95136581,8:C>T,8,PTTO01003425.1_Contig303,369981,NC_041743.1,16,autosome,1.0,1,1.7299999999999999e-28,1.0,1.0,1,1,1,1,1,1,1,1,0,0.0,0.0,0.0,0.0,0,0,0
64975012|F|0-15:G>T-15:G>T,64975012,15:G>T,15,PTTO01002967.1_Contig85,11697518,NC_041733.1,6,autosome,1.0,1,1.7299999999999999e-28,1.0,1.0,1,1,1,1,1,1,1,1,0,0.0,0.0,0.0,0.0,0,0,0
45055821|F|0-13:T>C-13:T>C,45055821,13:T>C,13,PTTO01002057.1_Contig2,23012306,NC_041730.1,3,autosome,1.0,1,1.7299999999999999e-28,0.99734,1.0,1,1,1,1,1,1,1,1,1,0.1441441441441441,0.1441441441441441,0.1875,0.1425233644859813,1,1,0
45055822|F|0-57:A>C-57:A>C,45055822,57:A>C,57,PTTO01002967.1_Contig85,2050870,NC_041733.1,6,autosome,1.0,1,1.7299999999999999e-28,0.99734,1.0,1,1,1,1,1,1,1,1,1,0.0698198198198198,0.0698198198198198,0.5625,0.0514018691588785,1,1,0
64975033|F|0-6:T>C-6:T>C,64975033,6:T>C,6,PTTO01000318.1_Contig139,14129634,NC_041730.1,3,autosome,1.0,1,1.7299999999999999e-28,1.0,1.0,1,1,1,1,1,1,1,1,0,0.0,0.0,0.0,0.0,0,0,0
64975075|F|0-18:G>A-18:G>A,64975075,18:G>A,18,PTTO01004189.1_Contig18,8582137,NC_041729.1,2,autosome,1.0,1,1.7299999999999999e-28,1.0,1.0,1,1,1,1,1,1,1,1,0,0.009009009009009,0.009009009009009,0.0,0.0093457943925233,0,1,0
45053579|F|0-49:C>T-49:C>T,45053579,49:C>T,49,PTTO01002104.1_Contig16,28031922,NC_041732.1,5,autosome,1.0,1,1.3799999999999998e-23,1.0,1.0,1,1,1,1,1,1,1,1,1,0.072072072072072,0.072072072072072,0.0625,0.072429906542056,1,1,0
45055904|F|0-19:T>A-19:T>A,45055904,19:T>A,19,PTTO01000875.1_Contig31,18193226,NC_041730.1,3,autosome,1.0,1,1.7299999999999999e-28,1.0,1.0,1,1,1,1,1,1,1,1,1,0.1441441441441441,0.1441441441441441,0.5625,0.1285046728971962,1,1,0
45053496|F|0-46:G>A-46:G>A,45053496,46:G>A,46,PTTO01004492.1_Contig25,12005586,NC_041732.1,5,autosome,1.0,1,2.9000000000000004e-26,1.0,1.0,1,1,1,1,1,1,1,1,1,0.3288288288288288,0.3288288288288288,0.75,0.3130841121495327,1,1,0
45063173|F|0-28:G>C-28:G>C,45063173,28:G>C,28,PTTO01001883.1_Contig281,3564828,NC_041729.1,2,autosome,1.0,1,1.7299999999999999e-28,0.99734,1.0,1,1,1,1,1,1,1,1,1,0.0045045045045045,0.0045045045045045,0.0,0.0046728971962616,0,1,0
64988983|F|0-37:T>A-37:T>A,64988983,37:T>A,37,PTTO01000700.1_Contig3723,1835292,NC_041730.1,3,autosome,1.0,1,1.7299999999999999e-28,1.0,1.0,1,1,1,1,1,1,1,1,0,0.0,0.0,0.0,0.0,0,0,0
45055927|F|0-15:T>C-15:T>C,45055927,15:T>C,15,PTTO01001678.1_Contig35,6720773,NC_041737.1,10,autosome,1.0,1,1.7299999999999999e-28,0.99734,1.0,1,1,1,1,1,1,1,1,1,0.063063063063063,0.063063063063063,0.1875,0.058411214953271,1,1,0
64975156|F|0-27:A>T-27:A>T,64975156,27:A>T,27,PTTO01002187.1_Contig64,1442464,NC_041747.1,20,autosome,1.0,1,1.7299999999999999e-28,1.0,1.0,1,1,1,1,1,1,1,1,0,0.0,0.0,0.0,0.0,0,0,0
45055931|F|0-32:A>C-32:A>C,45055931,32:A>C,32,PTTO01000967.1_Contig1108,419049,,unanchored,unanchored,1.0,1,1.7299999999999999e-28,0.99734,1.0,1,1,1,1,1,1,1,1,1,0.0337837837837837,0.0337837837837837,0.0,0.0350467289719626,0,1,1
64975164|F|0-62:C>T-62:C>T,64975164,62:C>T,62,PTTO01000659.1_Contig3311,13164708,NC_041731.1,4,autosome,1.0,1,1.7299999999999999e-28,0.984043,1.0,1,1,1,1,1,1,1,1,0,0.009009009009009,0.009009009009009,0.0,0.0093457943925233,0,1,0
64982493|F|0-47:C>T-47:C>T,64982493,47:C>T,47,PTTO01004519.1_Contig1477,269716,NC_041735.1,8,autosome,1.0,1,1.7299999999999999e-28,0.99734,1.0,1,1,1,1,1,1,1,1,0,0.0,0.0,0.0,0.0,0,0,0
45055939|F|0-21:A>C-21:A>C,45055939,21:A>C,21,PTTO01003571.1_Contig67,18294391,NC_041736.1,9,autosome,1.0,1,1.7299999999999999e-28,0.99734,1.0,1,1,1,1,1,1,1,1,1,0.0382882882882882,0.0382882882882882,0.0,0.0397196261682243,0,1,0
45055949|F|0-42:G>C-42:G>C,45055949,42:G>C,42,PTTO01001320.1_Contig70,741421,NC_041731.1,4,autosome,1.0,1,1.7299999999999999e-28,0.99734,1.0,1,1,1,1,1,1,1,1,1,0.0202702702702702,0.0202702702702702,0.0,0.0210280373831775,0,1,0
64975180|F|0-50:C>G-50:C>G,64975180,50:C>G,50,PTTO01001315.1_Contig92,4191169,NC_041742.1,15,autosome,1.0,1,1.7299999999999999e-28,1.0,1.0,1,1,1,1,1,1,1,1,0,0.018018018018018,0.018018018018018,0.5,0.0,1,0,0
45055965|F|0-52:C>A-52:C>A,45055965,52:C>A,52,PTTO01001244.1_Contig55,9565038,NC_041738.1,11,autosome,1.0,1,1.7299999999999999e-28,1.0,1.0,1,1,1,1,1,1,1,1,1,0.072072072072072,0.072072072072072,0.0,0.0747663551401869,0,1,0
45055971|F|0-37:G>A-37:G>A,45055971,37:G>A,37,PTTO01000659.1_Contig3311,19875021,NC_041731.1,4,autosome,1.0,1,1.7299999999999999e-28,0.994681,1.0,1,1,1,1,1,1,1,1,1,0.0022522522522522,0.0022522522522522,0.0,0.0023364485981308,0,1,0
45055972|F|0-64:A>G-64:A>G,45055972,64:A>G,64,PTTO01002315.1_Contig12,4396705,NC_041729.1,2,autosome,1.0,1,1.7299999999999999e-28,0.99734,1.0,1,1,1,1,1,1,1,1,1,0.0292792792792792,0.0292792792792792,0.0,0.0303738317757009,0,1,0
45055973|F|0-30:G>A-30:G>A,45055973,30:G>A,30,PTTO01002634.1_Contig60,18930246,NC_041732.1,5,autosome,1.0,1,1.7299999999999999e-28,0.99734,1.0,1,1,1,1,1,1,1,1,1,0.0202702702702702,0.0202702702702702,0.0,0.0210280373831775,0,1,0
45055974|F|0-9:G>A-9:G>A,45055974,9:G>A,9,PTTO01002476.1_Contig0,47720494,NC_041728.1,1,autosome,1.0,1,1.7299999999999999e-28,0.99734,1.0,1,1,1,1,1,1,1,1,1,0.027027027027027,0.027027027027027,0.0,0.02803738317757,0,1,0
100006876|F|0-30:T>A-30:T>A,100006876,30:T>A,30,PTTO01003857.1_Contig1099,991713,NC_041732.1,5,autosome,1.0,1,1.7299999999999999e-28,0.986702,1.0,1,1,1,1,1,1,1,1,0,0.0,0.0,0.0,0.0,0,0,0
45055981|F|0-57:A>C-57:A>C,45055981,57:A>C,57,PTTO01003276.1_Contig54,11269455,NC_041738.1,11,autosome,1.0,1,1.7299999999999999e-28,1.0,1.0,1,1,1,1,1,1,1,1,1,0.0022522522522522,0.0022522522522522,0.0,0.0023364485981308,0,1,0
45055992|F|0-49:G>C-49:G>C,45055992,49:G>C,49,PTTO01001051.1_Contig4,16253558,NC_041737.1,10,autosome,1.0,1,1.7299999999999999e-28,0.992021,1.0,1,1,1,1,1,1,1,1,1,0.0067567567567567,0.0067567567567567,0.0,0.0070093457943925,0,1,0
100006893|F|0-12:G>A-12:G>A,100006893,12:G>A,12,PTTO01001349.1_Contig23,11278890,NC_041736.1,9,autosome,1.0,1,1.7299999999999999e-28,0.994681,1.0,1,1,1,1,1,1,1,1,0,0.0,0.0,0.0,0.0,0,0,0
64975221|F|0-57:G>A-57:G>A,64975221,57:G>A,57,PTTO01001940.1_Contig353,1705533,NC_041731.1,4,autosome,1.0,1,1.7299999999999999e-28,0.99734,1.0,1,1,1,1,1,1,1,1,0,0.0,0.0,0.0,0.0,0,0,0
45055997|F|0-43:T>C-43:T>C,45055997,43:T>C,43,PTTO01001370.1_Contig26,16633448,NC_041734.1,7,autosome,1.0,1,1.7299999999999999e-28,0.99734,1.0,1,1,1,1,1,1,1,1,1,0.054054054054054,0.054054054054054,0.25,0.0467289719626168,1,1,0
45056001|F|0-21:G>A-21:G>A,45056001,21:G>A,21,PTTO01001320.1_Contig70,3843575,NC_041731.1,4,autosome,1.0,1,8.05e-27,0.99734,1.0,1,1,1,1,1,1,1,1,1,0.4121621621621621,0.4121621621621621,0.25,0.4182242990654206,1,1,0
45056012|F|0-26:T>G-26:T>G,45056012,26:T>G,26,PTTO01000318.1_Contig139,20108709,NC_041730.1,3,autosome,1.0,1,8.05e-27,0.99734,1.0,1,1,1,1,1,1,1,1,1,0.1621621621621621,0.1621621621621621,0.0,0.1682242990654205,0,1,0
45056023|F|0-11:G>A-11:G>A,45056023,11:G>A,11,PTTO01001696.1_Contig254,6286923,NC_041747.1,20,autosome,1.0,1,1.7299999999999999e-28,0.99734,1.0,1,1,1,1,1,1,1,1,1,0.0045045045045045,0.0045045045045045,0.0625,0.0023364485981308,1,1,0
45053582|F|0-54:C>G-54:C>G,45053582,54:C>G,54,PTTO01003671.1_Contig19,9060788,NC_041735.1,8,autosome,1.0,1,1.7299999999999999e-28,1.0,1.0,1,1,1,1,1,1,1,1,1,0.0045045045045045,0.0045045045045045,0.0,0.0046728971962616,0,1,0
45056038|F|0-67:G>A-67:G>A,45056038,67:G>A,67,PTTO01003889.1_Contig165,22093045,NC_041729.1,2,autosome,1.0,1,1.7299999999999999e-28,0.99734,1.0,1,1,1,1,1,1,1,1,1,0.009009009009009,0.009009009009009,0.0,0.0093457943925233,0,1,0
64975261|F|0-48:C>T-48:C>T,64975261,48:C>T,48,PTTO01002104.1_Contig16,3479308,NC_041732.1,5,autosome,1.0,1,1.7299999999999999e-28,0.99734,1.0,1,1,1,1,1,1,1,1,0,0.0022522522522522,0.0022522522522522,0.0,0.0023364485981308,0,1,0
45056046|F|0-49:T>G-49:T>G,45056046,49:T>G,49,PTTO01001839.1_Contig208,11585335,NC_041741.1,14,autosome,1.0,1,1.7299999999999999e-28,0.981383,1.0,1,1,1,1,1,1,1,1,1,0.0045045045045045,0.0045045045045045,0.0,0.0046728971962616,0,1,0
45056051|F|0-30:C>G-30:C>G,45056051,30:C>G,30,PTTO01000376.1_Contig11,21403887,NC_041745.1,18,autosome,1.0,1,1.7299999999999999e-28,0.99734,1.0,1,1,1,1,1,1,1,1,1,0.0067567567567567,0.0067567567567567,0.0,0.0070093457943925,0,1,0
45056081|F|0-68:C>T-68:C>T,45056081,68:C>T,68,PTTO01001349.1_Contig23,10823879,NC_041736.1,9,autosome,1.0,1,1.7299999999999999e-28,0.99734,1.0,1,1,1,1,1,1,1,1,1,0.0698198198198198,0.0698198198198198,0.0,0.072429906542056,0,1,0
45056085|F|0-51:C>T-51:C>T,45056085,51:C>T,51,PTTO01004189.1_Contig18,25094626,NC_041729.1,2,autosome,1.0,1,1.13e-24,1.0,1.0,1,1,1,1,1,1,1,1,1,0.0315315315315315,0.0315315315315315,0.25,0.0233644859813084,1,1,0
45056094|F|0-20:T>C-20:T>C,45056094,20:T>C,20,PTTO01003276.1_Contig54,7004109,NC_041738.1,11,autosome,1.0,10,1.7299999999999999e-28,1.0,1.0,1,1,1,1,1,1,1,1,1,0.0,0.0,0.0,0.0,0,0,0
45056098|F|0-16:A>G-16:A>G,45056098,16:A>G,16,PTTO01001839.1_Contig208,5225582,NC_041741.1,14,autosome,1.0,1,1.7299999999999999e-28,0.99734,1.0,1,1,1,1,1,1,1,1,1,0.0225225225225225,0.0225225225225225,0.0,0.0233644859813084,0,1,0
45056102|F|0-22:G>T-22:G>T,45056102,22:G>T,22,PTTO01002634.1_Contig60,9975840,NC_041732.1,5,autosome,1.0,1,1.7299999999999999e-28,0.994681,1.0,1,1,1,1,1,1,1,1,1,0.0968468468468468,0.0968468468468468,0.0,0.1004672897196261,0,1,0
100007036|F|0-35:C>T-35:C>T,100007036,35:C>T,35,PTTO01004148.1_Contig220,762057,NC_041738.1,11,autosome,1.0,1,1.7299999999999999e-28,0.946809,1.0,1,1,1,1,1,1,1,1,0,0.0022522522522522,0.0022522522522522,0.0,0.0023364485981308,0,1,0
64982559|F|0-39:A>T-39:A>T,64982559,39:A>T,39,PTTO01002624.1_Contig32,18137899,NC_041728.1,1,autosome,1.0,1,1.7299999999999999e-28,1.0,1.0,1,1,1,1,1,1,1,1,0,0.0022522522522522,0.0022522522522522,0.0,0.0023364485981308,0,1,0
45056122|F|0-38:G>T-38:G>T,45056122,38:G>T,38,PTTO01002967.1_Contig85,18025367,NC_041733.1,6,autosome,1.0,1,1.7299999999999999e-28,0.99734,1.0,1,1,1,1,1,1,1,1,1,0.027027027027027,0.027027027027027,0.25,0.0186915887850467,1,1,0
45056131|F|0-11:C>T-11:C>T,45056131,11:C>T,11,PTTO01002634.1_Contig60,14886218,NC_041732.1,5,autosome,1.0,1,1.7299999999999999e-28,0.99734,1.0,1,1,1,1,1,1,1,1,1,0.0135135135135135,0.0135135135135135,0.0,0.014018691588785,0,1,0
64975379|F|0-42:T>A-42:T>A,64975379,42:T>A,42,PTTO01000705.1_Contig20,4302090,NC_041743.1,16,autosome,1.0,1,1.7299999999999999e-28,0.99734,1.0,1,1,1,1,1,1,1,1,0,0.0022522522522522,0.0022522522522522,0.0,0.0023364485981308,0,1,0
45056146|F|0-51:G>A-51:G>A,45056146,51:G>A,51,PTTO01000230.1_Contig34,20390,NC_041734.1,7,autosome,1.0,2,9.21e-26,1.0,1.0,1,1,1,1,1,1,1,1,1,0.4414414414414414,0.4414414414414414,0.25,0.4485981308411215,1,1,0
45056243|F|0-8:G>A-8:G>A,45056243,8:G>A,8,PTTO01002545.1_Contig22,7873381,NC_041728.1,1,autosome,1.0,1,8.05e-27,0.99734,1.0,1,1,1,1,1,1,1,1,1,0.0337837837837837,0.0337837837837837,0.0,0.0350467289719626,0,1,0
45053548|F|0-34:C>T-34:C>T,45053548,34:C>T,34,PTTO01002545.1_Contig22,7873551,NC_041728.1,1,autosome,1.0,1,1.7299999999999999e-28,0.989362,1.0,1,1,1,1,1,1,1,1,1,0.1216216216216216,0.1216216216216216,0.1875,0.1191588785046729,1,1,0
45063304|F|0-49:T>A-49:T>A,45063304,49:T>A,49,PTTO01004148.1_Contig220,462900,NC_041738.1,11,autosome,1.0,1,3.94e-24,1.0,1.0,1,1,1,1,1,1,1,1,1,0.0067567567567567,0.0067567567567567,0.0,0.0070093457943925,0,1,0
45056158|F|0-49:C>T-49:C>T,45056158,49:C>T,49,PTTO01000875.1_Contig31,14685493,NC_041730.1,3,autosome,1.0,1,2.9000000000000004e-26,0.986702,1.0,1,1,1,1,1,1,1,1,1,0.0067567567567567,0.0067567567567567,0.0,0.0070093457943925,0,1,0
45056167|F|0-55:C>T-55:C>T,45056167,55:C>T,55,PTTO01001051.1_Contig4,23645788,NC_041737.1,10,autosome,1.0,1,1.7299999999999999e-28,0.994681,1.0,1,1,1,1,1,1,1,1,1,0.0135135135135135,0.0135135135135135,0.0,0.014018691588785,0,1,0
45056168|F|0-38:A>G-38:A>G,45056168,38:A>G,38,PTTO01004427.1_Contig106,8178643,NC_041739.1,12,autosome,1.0,1,1.7299999999999999e-28,0.994681,1.0,1,1,1,1,1,1,1,1,1,0.0653153153153153,0.0653153153153153,0.0,0.0677570093457943,0,1,0
45056175|F|0-33:G>T-33:G>T,45056175,33:G>T,33,PTTO01003571.1_Contig67,27601760,NC_041736.1,9,autosome,1.0,1,1.7299999999999999e-28,1.0,1.0,1,1,1,1,1,1,1,1,1,0.018018018018018,0.018018018018018,0.0,0.0186915887850467,0,1,0
45056183|F|0-55:G>A-55:G>A,45056183,55:G>A,55,PTTO01001839.1_Contig208,3159008,NC_041741.1,14,autosome,1.0,1,1.7299999999999999e-28,0.994681,1.0,1,1,1,1,1,1,1,1,1,0.0945945945945946,0.0945945945945946,0.125,0.0934579439252336,1,1,0
95135947|F|0-14:A>C-14:A>C,95135947,14:A>C,14,PTTO01001940.1_Contig353,4081261,NC_041731.1,4,autosome,1.0,1,1.7299999999999999e-28,0.994681,1.0,1,1,1,1,1,1,1,1,0,0.0,0.0,0.0,0.0,0,0,0
45056188|F|0-58:G>A-58:G>A,45056188,58:G>A,58,PTTO01001652.1_Contig209,1452316,NC_041739.1,12,autosome,1.0,1,1.7299999999999999e-28,1.0,1.0,1,1,1,1,1,1,1,1,1,0.0495495495495495,0.0495495495495495,0.0625,0.0490654205607476,1,1,0
45056194|F|0-25:C>G-25:C>G,45056194,25:C>G,25,PTTO01001370.1_Contig26,6714222,NC_041734.1,7,autosome,1.0,1,1.7299999999999999e-28,1.0,1.0,1,1,1,1,1,1,1,1,1,0.0608108108108108,0.0608108108108108,0.0,0.0630841121495327,0,1,0
45056200|F|0-28:C>T-28:C>T,45056200,28:C>T,28,PTTO01001051.1_Contig4,686565,NC_041737.1,10,autosome,1.0,1,1.7299999999999999e-28,0.986702,1.0,1,1,1,1,1,1,1,1,1,0.009009009009009,0.009009009009009,0.0,0.0093457943925233,0,1,0
64975449|F|0-67:G>T-67:G>T,64975449,67:G>T,67,PTTO01004189.1_Contig18,7496323,NC_041729.1,2,autosome,1.0,1,1.7299999999999999e-28,0.99734,1.0,1,1,1,1,1,1,1,1,0,0.0,0.0,0.0,0.0,0,0,0
95137458|F|0-11:G>C-11:G>C,95137458,11:G>C,11,PTTO01000376.1_Contig11,13743753,NC_041745.1,18,autosome,1.0,1,1.7299999999999999e-28,0.994681,1.0,1,1,1,1,1,1,1,1,0,0.0045045045045045,0.0045045045045045,0.125,0.0,1,0,0
64975465|F|0-38:C>T-38:C>T,64975465,38:C>T,38,PTTO01003671.1_Contig19,8385912,NC_041735.1,8,autosome,1.0,1,1.7299999999999999e-28,0.99734,1.0,1,1,1,1,1,1,1,1,0,0.0022522522522522,0.0022522522522522,0.0,0.0023364485981308,0,1,0
45056217|F|0-68:G>A-68:G>A,45056217,68:G>A,68,PTTO01000875.1_Contig31,27149846,NC_041730.1,3,autosome,1.0,1,1.7299999999999999e-28,0.99734,1.0,1,1,1,1,1,1,1,1,1,0.0225225225225225,0.0225225225225225,0.0,0.0233644859813084,0,1,0
45056223|F|0-35:G>A-35:G>A,45056223,35:G>A,35,PTTO01001370.1_Contig26,1878093,NC_041734.1,7,autosome,1.0,1,1.7299999999999999e-28,1.0,1.0,1,1,1,1,1,1,1,1,1,0.072072072072072,0.072072072072072,0.1875,0.0677570093457943,1,1,0
45056230|F|0-26:C>T-26:C>T,45056230,26:C>T,26,PTTO01001370.1_Contig26,8587838,NC_041734.1,7,autosome,1.0,1,1.7299999999999999e-28,0.99734,1.0,1,1,1,1,1,1,1,1,1,0.0067567567567567,0.0067567567567567,0.0,0.0070093457943925,0,1,0
45056236|F|0-48:C>A-48:C>A,45056236,48:C>A,48,PTTO01003256.1_Contig153,1796549,NC_041746.1,19,autosome,1.0,1,1.7299999999999999e-28,0.994681,1.0,1,1,1,1,1,1,1,1,1,0.1463963963963964,0.1463963963963964,0.0,0.1518691588785046,0,1,0
45056244|F|0-34:G>A-34:G>A,45056244,34:G>A,34,PTTO01001671.1_Contig3201,487612,NC_041730.1,3,autosome,1.0,1,4.8100000000000006e-23,0.99734,1.0,1,1,1,1,1,1,1,1,1,0.0427927927927927,0.0427927927927927,0.1875,0.0373831775700934,1,1,0
45056249|F|0-57:G>A-57:G>A,45056249,57:G>A,57,PTTO01003256.1_Contig153,11663742,NC_041746.1,19,autosome,1.0,1,1.7299999999999999e-28,0.99734,1.0,1,1,1,1,1,1,1,1,1,0.0698198198198198,0.0698198198198198,0.0,0.072429906542056,0,1,0
45056250|F|0-11:T>C-11:T>C,45056250,11:T>C,11,PTTO01001236.1_Contig336,7489924,NC_041746.1,19,autosome,1.0,1,1.7299999999999999e-28,0.99734,1.0,1,1,1,1,1,1,1,1,1,0.0923423423423423,0.0923423423423423,0.0,0.0957943925233644,0,1,0
64975500|F|0-55:G>C-55:G>C,64975500,55:G>C,55,PTTO01000276.1_Contig319,2501626,NC_041737.1,10,autosome,1.0,1,1.7299999999999999e-28,0.994681,1.0,1,1,1,1,1,1,1,1,0,0.0,0.0,0.0,0.0,0,0,0
64975503|F|0-5:C>A-5:C>A,64975503,5:C>A,5,PTTO01003571.1_Contig67,19901317,NC_041736.1,9,autosome,1.0,1,1.7299999999999999e-28,1.0,1.0,1,1,1,1,1,1,1,1,0,0.0,0.0,0.0,0.0,0,0,0
100007234|F|0-9:C>T-9:C>T,100007234,9:C>T,9,PTTO01000875.1_Contig31,6253761,NC_041730.1,3,autosome,1.0,1,1.7299999999999999e-28,0.989362,1.0,1,1,1,1,1,1,1,1,0,0.0,0.0,0.0,0.0,0,0,0
45056264|F|0-5:C>A-5:C>A,45056264,5:C>A,5,PTTO01003321.1_Contig3105,120348,NC_041748.1,21,autosome,1.0,1,1.7299999999999999e-28,0.99734,1.0,1,1,1,1,1,1,1,1,1,0.0292792792792792,0.0292792792792792,0.3125,0.0186915887850467,1,1,0
45053585|F|0-15:A>C-15:A>C,45053585,15:A>C,15,PTTO01002624.1_Contig32,5948545,NC_041728.1,1,autosome,1.0,1,1.3799999999999998e-23,0.99734,1.0,1,1,1,1,1,1,1,1,1,0.1238738738738738,0.1238738738738738,0.0,0.1285046728971962,0,1,0
64982623|F|0-6:A>T-6:A>T,64982623,6:A>T,6,PTTO01004194.1_Contig13,5213769,NC_041743.1,16,autosome,1.0,1,1.7299999999999999e-28,0.994681,1.0,1,1,1,1,1,1,1,1,0,0.009009009009009,0.009009009009009,0.25,0.0,1,0,0
45056288|F|0-35:C>T-35:C>T,45056288,35:C>T,35,PTTO01002261.1_Contig251,10070187,NC_041743.1,16,autosome,1.0,1,8.05e-27,0.99734,1.0,1,1,1,1,1,1,1,1,1,0.0292792792792792,0.0292792792792792,0.0,0.0303738317757009,0,1,0
100007273|F|0-50:T>C-50:T>C,100007273,50:T>C,50,PTTO01001633.1_Contig312,10654963,NC_041739.1,12,autosome,1.0,1,1.7299999999999999e-28,0.994681,1.0,1,1,1,1,1,1,1,1,0,0.0,0.0,0.0,0.0,0,0,0
45056294|F|0-42:C>T-42:C>T,45056294,42:C>T,42,PTTO01000332.1_Contig333,2788101,NC_041729.1,2,autosome,1.0,1,2.04e-21,0.994681,1.0,1,1,1,1,1,1,1,1,1,0.0247747747747747,0.0247747747747747,0.0,0.0257009345794392,0,1,0
64982628|F|0-16:C>A-16:C>A,64982628,16:C>A,16,PTTO01000659.1_Contig3311,10681301,NC_041731.1,4,autosome,1.0,1,1.7299999999999999e-28,0.99734,1.0,1,1,1,1,1,1,1,1,0,0.0,0.0,0.0,0.0,0,0,0
45056296|F|0-15:A>G-15:A>G,45056296,15:A>G,15,PTTO01003321.1_Contig3105,824885,NC_041748.1,21,autosome,1.0,1,1.7299999999999999e-28,0.99734,1.0,1,1,1,1,1,1,1,1,1,0.0518018018018018,0.0518018018018018,0.0,0.0537383177570093,0,1,0
64975536|F|0-22:T>A-22:T>A,64975536,22:T>A,22,PTTO01000166.1_Contig207,1915464,NC_041747.1,20,autosome,1.0,1,1.7299999999999999e-28,0.994681,1.0,1,1,1,1,1,1,1,1,0,0.0,0.0,0.0,0.0,0,0,0
45056315|F|0-39:G>A-39:G>A,45056315,39:G>A,39,PTTO01002476.1_Contig0,75423707,NC_041728.1,1,autosome,1.0,1,1.7299999999999999e-28,0.99734,1.0,1,1,1,1,1,1,1,1,1,0.0067567567567567,0.0067567567567567,0.0625,0.0046728971962616,1,1,0
64975566|F|0-48:C>G-48:C>G,64975566,48:C>G,48,PTTO01001940.1_Contig353,23113211,NC_041731.1,4,autosome,1.0,1,1.7299999999999999e-28,0.994681,1.0,1,1,1,1,1,1,1,1,0,0.0,0.0,0.0,0.0,0,0,0
45056320|F|0-48:C>T-48:C>T,45056320,48:C>T,48,PTTO01003671.1_Contig19,14050263,NC_041735.1,8,autosome,1.0,1,1.7299999999999999e-28,0.99734,1.0,1,1,1,1,1,1,1,1,1,0.0157657657657657,0.0157657657657657,0.0,0.0163551401869158,0,1,0
45056324|F|0-46:C>A-46:C>A,45056324,46:C>A,46,PTTO01000166.1_Contig207,6191338,NC_041747.1,20,autosome,1.0,1,1.7299999999999999e-28,0.99734,1.0,1,1,1,1,1,1,1,1,1,0.0067567567567567,0.0067567567567567,0.0,0.0070093457943925,0,1,0
45056325|F|0-9:G>A-9:G>A,45056325,9:G>A,9,PTTO01003889.1_Contig165,28408529,NC_041729.1,2,autosome,1.0,1,1.7299999999999999e-28,1.0,1.0,1,1,1,1,1,1,1,1,1,0.0135135135135135,0.0135135135135135,0.0,0.014018691588785,0,1,0
45056334|F|0-42:C>G-42:C>G,45056334,42:C>G,42,PTTO01004492.1_Contig25,7499430,NC_041732.1,5,autosome,1.0,1,1.7299999999999999e-28,0.994681,1.0,1,1,1,1,1,1,1,1,1,0.009009009009009,0.009009009009009,0.0,0.0093457943925233,0,1,0
64982648|F|0-13:G>T-13:G>T,64982648,13:G>T,13,PTTO01003005.1_Contig4265,5014966,NC_041740.1,13,autosome,1.0,1,1.7299999999999999e-28,0.99734,1.0,1,1,1,1,1,1,1,1,0,0.0,0.0,0.0,0.0,0,0,0
45056337|F|0-59:T>G-59:T>G,45056337,59:T>G,59,PTTO01001349.1_Contig23,2768558,NC_041736.1,9,autosome,1.0,1,1.7299999999999999e-28,0.994681,1.0,1,1,1,1,1,1,1,1,1,0.0765765765765765,0.0765765765765765,0.0,0.0794392523364486,0,1,0
64975592|F|0-39:C>T-39:C>T,64975592,39:C>T,39,PTTO01002967.1_Contig85,9859878,NC_041733.1,6,autosome,1.0,32,1.7299999999999999e-28,0.99734,1.0,1,1,1,1,1,1,1,1,0,0.0,0.0,0.0,0.0,0,0,0
45056350|F|0-53:A>C-53:A>C,45056350,53:A>C,53,PTTO01001370.1_Contig26,15077708,NC_041734.1,7,autosome,1.0,1,1.7299999999999999e-28,0.99734,1.0,1,1,1,1,1,1,1,1,1,0.1936936936936936,0.1936936936936936,0.3125,0.1892523364485981,1,1,0
45056353|F|0-33:A>G-33:A>G,45056353,33:A>G,33,PTTO01001940.1_Contig353,13366972,NC_041731.1,4,autosome,1.0,1,1.7299999999999999e-28,0.99734,1.0,1,1,1,1,1,1,1,1,1,0.1621621621621621,0.1621621621621621,0.0,0.1682242990654205,0,1,0
64975607|F|0-43:T>C-43:T>C,64975607,43:T>C,43,PTTO01004481.1_Contig260,8607149,NC_041730.1,3,autosome,1.0,22,1.7299999999999999e-28,0.994681,1.0,1,1,1,1,1,1,1,1,0,0.0045045045045045,0.0045045045045045,0.0625,0.0023364485981308,1,1,0
45056301|F|0-8:G>A-8:G>A,45056301,8:G>A,8,PTTO01002539.1_Contig4094,1279563,NC_041739.1,12,autosome,1.0,1,1.7299999999999999e-28,0.99734,1.0,1,1,1,1,1,1,1,1,1,0.0855855855855855,0.0855855855855855,0.0,0.0887850467289719,0,1,0
100007357|F|0-25:C>T-25:C>T,100007357,25:C>T,25,PTTO01002476.1_Contig0,96130341,NC_041728.1,1,autosome,1.0,7668,1.7299999999999999e-28,0.99734,1.0,1,1,1,1,1,1,1,1,0,0.0,0.0,0.0,0.0,0,0,0
45056361|F|0-39:C>T-39:C>T,45056361,39:C>T,39,PTTO01004252.1_Contig68,38319,NC_041728.1,1,autosome,1.0,3,1.7299999999999999e-28,1.0,1.0,1,1,1,1,1,1,1,1,1,0.0382882882882882,0.0382882882882882,0.0,0.0397196261682243,0,1,0
45056375|F|0-21:T>C-21:T>C,45056375,21:T>C,21,PTTO01001633.1_Contig312,16192123,NC_041739.1,12,autosome,1.0,1,1.7299999999999999e-28,0.99734,1.0,1,1,1,1,1,1,1,1,1,0.0833333333333333,0.0833333333333333,0.0,0.0864485981308411,0,1,0
45056376|F|0-27:C>G-27:C>G,45056376,27:C>G,27,PTTO01004446.1_Contig146,264009,NC_041742.1,15,autosome,1.0,1,1.7299999999999999e-28,0.994681,1.0,1,1,1,1,1,1,1,1,1,0.0405405405405405,0.0405405405405405,0.0,0.0420560747663551,0,1,0
45053587|F|0-12:G>A-12:G>A,45053587,12:G>A,12,PTTO01002634.1_Contig60,1294972,NC_041732.1,5,autosome,1.0,1,1.7299999999999999e-28,1.0,1.0,1,1,1,1,1,1,1,1,1,0.0653153153153153,0.0653153153153153,0.0,0.0677570093457943,0,1,0
45056384|F|0-65:C>T-65:C>T,45056384,65:C>T,65,PTTO01002261.1_Contig251,1503462,NC_041743.1,16,autosome,1.0,1,1.7299999999999999e-28,0.99734,1.0,1,1,1,1,1,1,1,1,1,0.2545045045045045,0.2545045045045045,0.375,0.25,1,1,0
64975650|F|0-66:T>G-66:T>G,64975650,66:T>G,66,PTTO01001349.1_Contig23,19896723,NC_041736.1,9,autosome,1.0,1,1.7299999999999999e-28,0.99734,1.0,1,1,1,1,1,1,1,1,0,0.0,0.0,0.0,0.0,0,0,0
45056404|F|0-20:G>T-20:G>T,45056404,20:G>T,20,PTTO01002104.1_Contig16,60336462,NC_041732.1,5,autosome,1.0,1,1.7299999999999999e-28,0.99734,1.0,1,1,1,1,1,1,1,1,1,0.0067567567567567,0.0067567567567567,0.0,0.0070093457943925,0,1,0
45056408|F|0-31:C>T-31:C>T,45056408,31:C>T,31,PTTO01002793.1_Contig38,9464925,NC_041745.1,18,autosome,1.0,1,1.7299999999999999e-28,0.99734,1.0,1,1,1,1,1,1,1,1,1,0.0382882882882882,0.0382882882882882,0.0,0.0397196261682243,0,1,0
45063445|F|0-18:T>A-18:T>A,45063445,18:T>A,18,PTTO01001073.1_Contig8,4281601,NC_041748.1,21,autosome,1.0,6,1.7299999999999999e-28,0.99734,1.0,1,1,1,1,1,1,1,1,1,0.0563063063063063,0.0563063063063063,0.0,0.058411214953271,0,1,0
45056435|F|0-16:C>T-16:C>T,45056435,16:C>T,16,PTTO01002634.1_Contig60,653727,NC_041732.1,5,autosome,1.0,1,1.7299999999999999e-28,1.0,1.0,1,1,1,1,1,1,1,1,1,0.0202702702702702,0.0202702702702702,0.0,0.0210280373831775,0,1,0
64975689|F|0-44:T>G-44:T>G,64975689,44:T>G,44,PTTO01003571.1_Contig67,6947704,NC_041736.1,9,autosome,1.0,1,1.7299999999999999e-28,0.99734,1.0,1,1,1,1,1,1,1,1,0,0.0,0.0,0.0,0.0,0,0,0
64982683|F|0-65:A>T-65:A>T,64982683,65:A>T,65,PTTO01001370.1_Contig26,18053787,NC_041734.1,7,autosome,1.0,1,1.7299999999999999e-28,0.994681,1.0,1,1,1,1,1,1,1,1,0,0.0,0.0,0.0,0.0,0,0,0
45063453|F|0-20:C>T-20:C>T,45063453,20:C>T,20,PTTO01002476.1_Contig0,27777547,NC_041728.1,1,autosome,1.0,1,4.8100000000000006e-23,0.994681,1.0,1,1,1,1,1,1,1,1,1,0.0067567567567567,0.0067567567567567,0.0,0.0070093457943925,0,1,0
100007466|F|0-44:C>T-44:C>T,100007466,44:C>T,44,PTTO01001051.1_Contig4,25718903,NC_041737.1,10,autosome,1.0,1,8.05e-27,0.994681,1.0,1,1,1,1,1,1,1,1,0,0.0022522522522522,0.0022522522522522,0.0,0.0023364485981308,0,1,0
45056447|F|0-13:G>A-13:G>A,45056447,13:G>A,13,PTTO01002476.1_Contig0,89658497,NC_041728.1,1,autosome,1.0,1,1.7299999999999999e-28,0.994681,1.0,1,1,1,1,1,1,1,1,1,0.0067567567567567,0.0067567567567567,0.0,0.0070093457943925,0,1,0
45053503|F|0-60:C>A-60:C>A,45053503,60:C>A,60,PTTO01003422.1_Contig3522,1588150,NC_041738.1,11,autosome,1.0,1,1.7299999999999999e-28,0.994681,1.0,1,1,1,1,1,1,1,1,1,0.0698198198198198,0.0698198198198198,0.0,0.072429906542056,0,1,0
64987290|F|0-31:C>A-31:C>A,64987290,31:C>A,31,PTTO01000659.1_Contig3311,23709407,NC_041731.1,4,autosome,1.0,1,1.7299999999999999e-28,1.0,1.0,1,1,1,1,1,1,1,1,0,0.0022522522522522,0.0022522522522522,0.0,0.0023364485981308,0,1,0
45063463|F|0-39:T>C-39:T>C,45063463,39:T>C,39,PTTO01001696.1_Contig254,4819526,NC_041747.1,20,autosome,1.0,1,1.7299999999999999e-28,0.99734,1.0,1,1,1,1,1,1,1,1,1,0.2184684684684684,0.2184684684684684,0.1875,0.219626168224299,1,1,0
45056469|F|0-68:C>A-68:C>A,45056469,68:C>A,68,PTTO01001114.1_Contig282,2475922,NC_041740.1,13,autosome,1.0,1,1.7299999999999999e-28,0.994681,1.0,1,1,1,1,1,1,1,1,1,0.0067567567567567,0.0067567567567567,0.0,0.0070093457943925,0,1,0
64975723|F|0-58:G>A-58:G>A,64975723,58:G>A,58,PTTO01001349.1_Contig23,10376633,NC_041736.1,9,autosome,1.0,1,1.7299999999999999e-28,0.994681,1.0,1,1,1,1,1,1,1,1,0,0.0022522522522522,0.0022522522522522,0.0,0.0023364485981308,0,1,0
45056473|F|0-45:T>C-45:T>C,45056473,45:T>C,45,PTTO01002800.1_Contig42,773343,NC_041732.1,5,autosome,1.0,1,1.7299999999999999e-28,0.960106,1.0,1,1,1,1,1,1,1,1,1,0.0337837837837837,0.0337837837837837,0.0,0.0350467289719626,0,1,0
45056474|F|0-20:A>C-20:A>C,45056474,20:A>C,20,PTTO01002476.1_Contig0,56852184,NC_041728.1,1,autosome,1.0,1,1.7299999999999999e-28,0.99734,1.0,1,1,1,1,1,1,1,1,1,0.0045045045045045,0.0045045045045045,0.0,0.0046728971962616,0,1,0
45056485|F|0-32:G>A-32:G>A,45056485,32:G>A,32,PTTO01002545.1_Contig22,18567981,NC_041728.1,1,autosome,1.0,1,1.74e-23,1.0,1.0,1,1,1,1,1,1,1,1,0,0.5653153153153153,0.4346846846846847,0.375,0.572429906542056,1,1,0
45056487|F|0-59:C>G-59:C>G,45056487,59:C>G,59,PTTO01002561.1_Contig143,1128950,NC_041744.1,17,autosome,1.0,1,1.7299999999999999e-28,1.0,1.0,1,1,1,1,1,1,1,1,1,0.0563063063063063,0.0563063063063063,0.3125,0.0467289719626168,1,1,0
45056489|F|0-67:C>T-67:C>T,45056489,67:C>T,67,PTTO01002624.1_Contig32,11068599,NC_041728.1,1,autosome,1.0,439,1.7299999999999999e-28,0.946809,1.0,1,1,1,1,1,1,1,1,1,0.0067567567567567,0.0067567567567567,0.0,0.0070093457943925,0,1,0
45056500|F|0-29:G>C-29:G>C,45056500,29:G>C,29,PTTO01004255.1_Contig332,131000,NW_021638062.1,unplaced,unplaced,1.0,12,1.7299999999999999e-28,1.0,1.0,1,1,1,1,1,1,1,1,1,0.0022522522522522,0.0022522522522522,0.0,0.0023364485981308,0,1,0
100007543|F|0-60:A>G-60:A>G,100007543,60:A>G,60,PTTO01001678.1_Contig35,492706,NC_041737.1,10,autosome,1.0,1,1.7299999999999999e-28,0.992021,1.0,1,1,1,1,1,1,1,1,0,0.0022522522522522,0.0022522522522522,0.0625,0.0,1,0,0
45056506|F|0-36:A>C-36:A>C,45056506,36:A>C,36,PTTO01001051.1_Contig4,15727392,NC_041737.1,10,autosome,1.0,1,1.7299999999999999e-28,1.0,1.0,1,1,1,1,1,1,1,1,1,0.0225225225225225,0.0225225225225225,0.0,0.0233644859813084,0,1,0
100007557|F|0-41:A>G-41:A>G,100007557,41:A>G,41,PTTO01002793.1_Contig38,5064312,NC_041745.1,18,autosome,1.0,1,1.7299999999999999e-28,0.989362,1.0,1,1,1,1,1,1,1,1,0,0.0,0.0,0.0,0.0,0,0,0
100007559|F|0-19:A>G-19:A>G,100007559,19:A>G,19,PTTO01001633.1_Contig312,20687512,NC_041739.1,12,autosome,1.0,1,1.7299999999999999e-28,0.981383,1.0,1,1,1,1,1,1,1,1,0,0.0,0.0,0.0,0.0,0,0,0
45066668|F|0-9:T>G-9:T>G,45066668,9:T>G,9,PTTO01002057.1_Contig2,27636686,NC_041730.1,3,autosome,1.0,1,1.7299999999999999e-28,0.99734,1.0,1,1,1,1,1,1,1,1,1,0.2702702702702703,0.2702702702702703,0.0,0.2803738317757009,0,1,0
64982716|F|0-53:T>G-53:T>G,64982716,53:T>G,53,PTTO01003671.1_Contig19,10671711,NC_041735.1,8,autosome,1.0,1,1.7299999999999999e-28,1.0,1.0,1,1,1,1,1,1,1,1,0,0.0,0.0,0.0,0.0,0,0,0
45056527|F|0-62:A>C-62:A>C,45056527,62:A>C,62,PTTO01002104.1_Contig16,14980885,NC_041732.1,5,autosome,1.0,1,1.7299999999999999e-28,0.994681,1.0,1,1,1,1,1,1,1,1,1,0.259009009009009,0.259009009009009,0.0,0.2686915887850467,0,1,0
64975783|F|0-16:C>T-16:C>T,64975783,16:C>T,16,PTTO01002104.1_Contig16,67059263,NC_041732.1,5,autosome,1.0,1,1.7299999999999999e-28,0.994681,1.0,1,1,1,1,1,1,1,1,0,0.0,0.0,0.0,0.0,0,0,0
45056531|F|0-42:G>T-42:G>T,45056531,42:G>T,42,PTTO01002057.1_Contig2,26876210,NC_041730.1,3,autosome,1.0,1,1.7299999999999999e-28,0.99734,1.0,1,1,1,1,1,1,1,1,1,0.0608108108108108,0.0608108108108108,0.0,0.0630841121495327,0,1,0
45048758|F|0-11:T>A-11:T>A,45048758,11:T>A,11,PTTO01002967.1_Contig85,1167088,NC_041733.1,6,autosome,1.0,1,1.7299999999999999e-28,0.99734,1.0,1,1,1,1,1,1,1,1,0,0.0,0.0,0.0,0.0,0,0,0
45056540|F|0-15:C>T-15:C>T,45056540,15:C>T,15,PTTO01003256.1_Contig153,15524626,NC_041746.1,19,autosome,1.0,1,1.7299999999999999e-28,0.994681,1.0,1,1,1,1,1,1,1,1,1,0.0157657657657657,0.0157657657657657,0.0,0.0163551401869158,0,1,0
45056543|F|0-68:C>T-68:C>T,45056543,68:C>T,68,PTTO01003889.1_Contig165,23020267,NC_041729.1,2,autosome,1.0,1,1.7299999999999999e-28,0.994681,1.0,1,1,1,1,1,1,1,1,1,0.0788288288288288,0.0788288288288288,0.25,0.072429906542056,1,1,0
45063518|F|0-61:G>A-61:G>A,45063518,61:G>A,61,PTTO01000318.1_Contig139,7843106,NC_041730.1,3,autosome,1.0,1,2.9000000000000004e-26,1.0,1.0,1,1,1,1,1,1,1,1,1,0.0698198198198198,0.0698198198198198,0.0,0.072429906542056,0,1,0
45056549|F|0-54:C>T-54:C>T,45056549,54:C>T,54,PTTO01003710.1_Contig217,13387714,NC_041733.1,6,autosome,1.0,1,1.7299999999999999e-28,0.99734,1.0,1,1,1,1,1,1,1,1,1,0.0067567567567567,0.0067567567567567,0.0,0.0070093457943925,0,1,0
45056559|F|0-37:G>A-37:G>A,45056559,37:G>A,37,PTTO01002104.1_Contig16,35642810,NC_041732.1,5,autosome,1.0,1,1.7299999999999999e-28,1.0,1.0,1,1,1,1,1,1,1,1,1,0.0878378378378378,0.0878378378378378,0.5625,0.0700934579439252,1,1,0
64985362|F|0-47:G>A-47:G>A,64985362,47:G>A,47,PTTO01002057.1_Contig2,7222968,NC_041730.1,3,autosome,1.0,1,1.7299999999999999e-28,0.99734,1.0,1,1,1,1,1,1,1,1,0,0.0,0.0,0.0,0.0,0,0,0
64975808|F|0-38:A>C-38:A>C,64975808,38:A>C,38,PTTO01002822.1_Contig364,2346221,NC_041731.1,4,autosome,1.0,1,1.7299999999999999e-28,1.0,1.0,1,1,1,1,1,1,1,1,0,0.0022522522522522,0.0022522522522522,0.0,0.0023364485981308,0,1,0
45056575|F|0-64:C>T-64:C>T,45056575,64:C>T,64,PTTO01000765.1_Contig334,12111631,NC_041729.1,2,autosome,1.0,1,1.7299999999999999e-28,0.994681,1.0,1,1,1,1,1,1,1,1,1,0.0225225225225225,0.0225225225225225,0.0,0.0233644859813084,0,1,0
45056584|F|0-65:C>A-65:C>A,45056584,65:C>A,65,PTTO01001425.1_Contig235,2127912,NW_021638079.1,unplaced,unplaced,1.0,1,1.7299999999999999e-28,0.994681,1.0,1,1,1,1,1,1,1,1,1,0.0225225225225225,0.0225225225225225,0.0,0.0233644859813084,0,1,0
45056587|F|0-49:G>A-49:G>A,45056587,49:G>A,49,PTTO01001370.1_Contig26,5674805,NC_041734.1,7,autosome,1.0,1,1.7299999999999999e-28,0.99734,1.0,1,1,1,1,1,1,1,1,1,0.0945945945945946,0.0945945945945946,0.625,0.0747663551401869,1,1,0
45056590|F|0-65:T>C-65:T>C,45056590,65:T>C,65,PTTO01003571.1_Contig67,16609455,NC_041736.1,9,autosome,1.0,1,8.05e-27,1.0,1.0,1,1,1,1,1,1,1,1,1,0.3783783783783784,0.3783783783783784,0.5625,0.3714953271028037,1,1,0
45056600|F|0-62:G>A-62:G>A,45056600,62:G>A,62,PTTO01000875.1_Contig31,5818031,NC_041730.1,3,autosome,1.0,1,1.7299999999999999e-28,0.99734,1.0,1,1,1,1,1,1,1,1,1,0.0112612612612612,0.0112612612612612,0.0,0.0116822429906542,0,1,0
45056602|F|0-52:G>A-52:G>A,45056602,52:G>A,52,PTTO01002104.1_Contig16,56446158,NC_041732.1,5,autosome,1.0,1,1.7299999999999999e-28,1.0,1.0,1,1,1,1,1,1,1,1,1,0.0157657657657657,0.0157657657657657,0.0,0.0163551401869158,0,1,0
45056611|F|0-52:G>A-52:G>A,45056611,52:G>A,52,PTTO01002315.1_Contig12,21001937,NC_041729.1,2,autosome,1.0,1,1.7299999999999999e-28,1.0,1.0,1,1,1,1,1,1,1,1,1,0.0202702702702702,0.0202702702702702,0.0,0.0210280373831775,0,1,0
64975860|F|0-12:G>A-12:G>A,64975860,12:G>A,12,PTTO01001633.1_Contig312,21822550,NC_041739.1,12,autosome,1.0,1,1.7299999999999999e-28,0.976064,1.0,1,1,1,1,1,1,1,1,0,0.0045045045045045,0.0045045045045045,0.0,0.0046728971962616,0,1,0
45056642|F|0-55:C>A-55:C>A,45056642,55:C>A,55,PTTO01003276.1_Contig54,12749865,NC_041738.1,11,autosome,1.0,1,1.7299999999999999e-28,0.994681,1.0,1,1,1,1,1,1,1,1,1,0.009009009009009,0.009009009009009,0.0,0.0093457943925233,0,1,0
95140421|F|0-24:T>A-24:T>A,95140421,24:T>A,24,PTTO01004563.1_Contig4450,2371584,NC_041742.1,15,autosome,1.0,2,3.94e-24,1.0,1.0,1,1,1,1,1,1,1,1,0,0.0,0.0,0.0,0.0,0,0,0
64989029|F|0-52:G>A-52:G>A,64989029,52:G>A,52,PTTO01000700.1_Contig3723,5044454,NC_041730.1,3,autosome,1.0,1,8.05e-27,1.0,1.0,1,1,1,1,1,1,1,1,0,0.0022522522522522,0.0022522522522522,0.0,0.0023364485981308,0,1,0
45056652|F|0-38:G>A-38:G>A,45056652,38:G>A,38,PTTO01003425.1_Contig303,231902,NC_041743.1,16,autosome,1.0,1,1.7299999999999999e-28,0.99734,1.0,1,1,1,1,1,1,1,1,1,0.2004504504504504,0.2004504504504504,0.0,0.2079439252336448,0,1,0
45056653|F|0-41:G>C-41:G>C,45056653,41:G>C,41,PTTO01000875.1_Contig31,10405966,NC_041730.1,3,autosome,1.0,1,1.7299999999999999e-28,0.994681,1.0,1,1,1,1,1,1,1,1,1,0.0427927927927927,0.0427927927927927,0.0,0.0443925233644859,0,1,0
100007688|F|0-18:G>T-18:G>T,100007688,18:G>T,18,PTTO01000885.1_Contig10,1498992,NC_041744.1,17,autosome,1.0,1,1.7299999999999999e-28,0.973404,1.0,1,1,1,1,1,1,1,1,0,0.0,0.0,0.0,0.0,0,0,0
64982750|F|0-12:T>A-12:T>A,64982750,12:T>A,12,PTTO01002473.1_Contig1,12396727,NC_041738.1,11,autosome,1.0,1,1.7299999999999999e-28,0.994681,1.0,1,1,1,1,1,1,1,1,0,0.0,0.0,0.0,0.0,0,0,0
45056678|F|0-29:C>T-29:C>T,45056678,29:C>T,29,PTTO01001883.1_Contig281,5227094,NC_041729.1,2,autosome,1.0,1,1.7299999999999999e-28,0.994681,1.0,1,1,1,1,1,1,1,1,1,0.009009009009009,0.009009009009009,0.0,0.0093457943925233,0,1,0
45056679|F|0-60:G>A-60:G>A,45056679,60:G>A,60,PTTO01002104.1_Contig16,35014792,NC_041732.1,5,autosome,1.0,1,1.7299999999999999e-28,0.99734,1.0,1,1,1,1,1,1,1,1,1,0.0157657657657657,0.0157657657657657,0.0,0.0163551401869158,0,1,0
45056684|F|0-66:C>T-66:C>T,45056684,66:C>T,66,PTTO01000006.1_Contig148,12326282,NC_041734.1,7,autosome,1.0,1,1.7299999999999999e-28,0.99734,1.0,1,1,1,1,1,1,1,1,1,0.0337837837837837,0.0337837837837837,0.0625,0.0327102803738317,1,1,0
64975899|F|0-64:T>G-64:T>G,64975899,64:T>G,64,PTTO01002476.1_Contig0,48859222,NC_041728.1,1,autosome,1.0,1,1.7299999999999999e-28,0.962766,1.0,1,1,1,1,1,1,1,1,0,0.0,0.0,0.0,0.0,0,0,0
45056687|F|0-38:T>C-38:T>C,45056687,38:T>C,38,PTTO01001244.1_Contig55,8761871,NC_041738.1,11,autosome,1.0,1,8.05e-27,1.0,1.0,1,1,1,1,1,1,1,1,1,0.4842342342342342,0.4842342342342342,0.9375,0.4672897196261682,1,1,0
45056698|F|0-41:C>A-41:C>A,45056698,41:C>A,41,PTTO01002545.1_Contig22,32666717,NC_041728.1,1,autosome,1.0,1,1.7299999999999999e-28,1.0,1.0,1,1,1,1,1,1,1,1,1,0.0022522522522522,0.0022522522522522,0.0,0.0023364485981308,0,1,0
45056704|F|0-12:C>T-12:C>T,45056704,12:C>T,12,PTTO01002384.1_Contig2752,686851,NC_041745.1,18,autosome,1.0,1,1.7299999999999999e-28,0.994681,1.0,1,1,1,1,1,1,1,1,1,0.3490990990990991,0.3490990990990991,0.1875,0.3551401869158878,1,1,0
45056716|F|0-32:G>A-32:G>A,45056716,32:G>A,32,PTTO01000332.1_Contig333,5195990,NC_041729.1,2,autosome,1.0,1,1.7299999999999999e-28,0.99734,1.0,1,1,1,1,1,1,1,1,1,0.0833333333333333,0.0833333333333333,0.0,0.0864485981308411,0,1,0
45056722|F|0-58:C>T-58:C>T,45056722,58:C>T,58,PTTO01002057.1_Contig2,12481665,NC_041730.1,3,autosome,1.0,1,1.7299999999999999e-28,0.992021,1.0,1,1,1,1,1,1,1,1,1,0.045045045045045,0.045045045045045,0.0,0.0467289719626168,0,1,0
45063588|F|0-6:C>T-6:C>T,45063588,6:C>T,6,PTTO01003256.1_Contig153,9481896,NC_041746.1,19,autosome,1.0,1,8.05e-27,0.99734,1.0,1,1,1,1,1,1,1,1,1,0.1306306306306306,0.1306306306306306,0.3125,0.1238317757009345,1,1,0
45056725|F|0-11:C>T-11:C>T,45056725,11:C>T,11,PTTO01001370.1_Contig26,7716691,NC_041734.1,7,autosome,1.0,1,1.7299999999999999e-28,0.994681,1.0,1,1,1,1,1,1,1,1,1,0.0405405405405405,0.0405405405405405,0.0,0.0420560747663551,0,1,0
45056744|F|0-54:C>T-54:C>T,45056744,54:C>T,54,PTTO01000700.1_Contig3723,5369375,NC_041730.1,3,autosome,1.0,1,1.7299999999999999e-28,0.99734,1.0,1,1,1,1,1,1,1,1,1,0.009009009009009,0.009009009009009,0.0,0.0093457943925233,0,1,0
45056747|F|0-38:C>T-38:C>T,45056747,38:C>T,38,PTTO01002476.1_Contig0,36163264,NC_041728.1,1,autosome,1.0,1,1.7299999999999999e-28,0.994681,1.0,1,1,1,1,1,1,1,1,1,0.0112612612612612,0.0112612612612612,0.125,0.0070093457943925,1,1,0
45063607|F|0-46:G>A-46:G>A,45063607,46:G>A,46,PTTO01002104.1_Contig16,53979744,NC_041732.1,5,autosome,1.0,1,1.7299999999999999e-28,0.99734,1.0,1,1,1,1,1,1,1,1,1,0.2004504504504504,0.2004504504504504,0.0,0.2079439252336448,0,1,0
64975961|F|0-19:C>T-19:C>T,64975961,19:C>T,19,PTTO01002104.1_Contig16,41228235,NC_041732.1,5,autosome,1.0,1,1.7299999999999999e-28,0.99734,1.0,1,1,1,1,1,1,1,1,0,0.0,0.0,0.0,0.0,0,0,0
45056760|F|0-20:A>C-20:A>C,45056760,20:A>C,20,PTTO01000318.1_Contig139,1273685,NC_041730.1,3,autosome,1.0,1,8.05e-27,0.99734,1.0,1,1,1,1,1,1,1,1,1,0.1171171171171171,0.1171171171171171,0.0,0.1214953271028037,0,1,0
45056767|F|0-59:G>A-59:G>A,45056767,59:G>A,59,PTTO01000974.1_Contig37,15701686,NC_041741.1,14,autosome,1.0,1,1.7299999999999999e-28,0.994681,1.0,1,1,1,1,1,1,1,1,1,0.0698198198198198,0.0698198198198198,0.0,0.072429906542056,0,1,0
64982781|F|0-68:C>T-68:C>T,64982781,68:C>T,68,PTTO01002539.1_Contig4094,851153,NC_041739.1,12,autosome,1.0,1,1.7299999999999999e-28,1.0,1.0,1,1,1,1,1,1,1,1,0,0.0,0.0,0.0,0.0,0,0,0
45056792|F|0-14:C>T-14:C>T,45056792,14:C>T,14,PTTO01002473.1_Contig1,7515345,NC_041738.1,11,autosome,1.0,1,1.7299999999999999e-28,0.99734,1.0,1,1,1,1,1,1,1,1,1,0.0315315315315315,0.0315315315315315,0.125,0.02803738317757,1,1,0
45053591|F|0-30:C>T-30:C>T,45053591,30:C>T,30,PTTO01000705.1_Contig20,631834,NC_041743.1,16,autosome,1.0,1,1.7299999999999999e-28,0.994681,1.0,1,1,1,1,1,1,1,1,1,0.036036036036036,0.036036036036036,0.0,0.0373831775700934,0,1,0
45056802|F|0-33:T>A-33:T>A,45056802,33:T>A,33,PTTO01001370.1_Contig26,36948855,NC_041734.1,7,autosome,1.0,1,8.05e-27,1.0,1.0,1,1,1,1,1,1,1,1,1,0.0022522522522522,0.0022522522522522,0.0,0.0023364485981308,0,1,0
45056803|F|0-45:T>G-45:T>G,45056803,45:T>G,45,PTTO01002634.1_Contig60,4899724,NC_041732.1,5,autosome,1.0,1,1.7299999999999999e-28,0.99734,1.0,1,1,1,1,1,1,1,1,1,0.0112612612612612,0.0112612612612612,0.0,0.0116822429906542,0,1,0
64976008|F|0-8:G>T-8:G>T,64976008,8:G>T,8,PTTO01001564.1_Contig1857,685148,NC_041746.1,19,autosome,1.0,1,1.7299999999999999e-28,0.986702,1.0,1,1,1,1,1,1,1,1,0,0.0,0.0,0.0,0.0,0,0,0
45063641|F|0-47:A>T-47:A>T,45063641,47:A>T,47,PTTO01001370.1_Contig26,19106918,NC_041734.1,7,autosome,1.0,1,1.7299999999999999e-28,0.99734,1.0,1,1,1,1,1,1,1,1,1,0.018018018018018,0.018018018018018,0.0,0.0186915887850467,0,1,0
64989222|F|0-5:C>T-5:C>T,64989222,5:C>T,5,PTTO01003275.1_Contig387,104043,NC_041741.1,14,autosome,1.0,1,1.7299999999999999e-28,0.99734,1.0,1,1,1,1,1,1,1,1,0,0.0202702702702702,0.0202702702702702,0.5,0.0023364485981308,1,1,0
64976019|F|0-52:G>C-52:G>C,64976019,52:G>C,52,PTTO01001940.1_Contig353,17052413,NC_041731.1,4,autosome,1.0,1,1.7299999999999999e-28,0.989362,1.0,1,1,1,1,1,1,1,1,0,0.0,0.0,0.0,0.0,0,0,0
45056816|F|0-39:G>A-39:G>A,45056816,39:G>A,39,PTTO01002476.1_Contig0,66901015,NC_041728.1,1,autosome,1.0,1,1.7299999999999999e-28,0.99734,1.0,1,1,1,1,1,1,1,1,1,0.036036036036036,0.036036036036036,0.0,0.0373831775700934,0,1,0
45056829|F|0-18:T>C-18:T>C,45056829,18:T>C,18,PTTO01001678.1_Contig35,13827943,NC_041737.1,10,autosome,1.0,1,1.7299999999999999e-28,0.99734,1.0,1,1,1,1,1,1,1,1,1,0.0765765765765765,0.0765765765765765,0.1875,0.072429906542056,1,1,0
95137477|F|0-68:G>A-68:G>A,95137477,68:G>A,68,PTTO01003882.1_Contig102,10735968,NC_041732.1,5,autosome,1.0,1,1.7299999999999999e-28,0.994681,1.0,1,1,1,1,1,1,1,1,0,0.0157657657657657,0.0157657657657657,0.25,0.0070093457943925,1,1,0
64982796|F|0-19:C>G-19:C>G,64982796,19:C>G,19,PTTO01000318.1_Contig139,453135,NC_041730.1,3,autosome,1.0,1,1.7299999999999999e-28,1.0,1.0,1,1,1,1,1,1,1,1,0,0.0,0.0,0.0,0.0,0,0,0
45056844|F|0-53:G>A-53:G>A,45056844,53:G>A,53,PTTO01002476.1_Contig0,85979156,NC_041728.1,1,autosome,1.0,1,1.7299999999999999e-28,0.994681,1.0,1,1,1,1,1,1,1,1,1,0.045045045045045,0.045045045045045,0.0,0.0467289719626168,0,1,0
45056845|F|0-68:C>T-68:C>T,45056845,68:C>T,68,PTTO01002128.1_Contig236,2000310,NC_041729.1,2,autosome,1.0,1,1.7299999999999999e-28,0.994681,1.0,1,1,1,1,1,1,1,1,1,0.0202702702702702,0.0202702702702702,0.0,0.0210280373831775,0,1,0
45056853|F|0-36:C>T-36:C>T,45056853,36:C>T,36,PTTO01000311.1_Contig4505,749080,NC_041731.1,4,autosome,1.0,1,1.7299999999999999e-28,0.994681,1.0,1,1,1,1,1,1,1,1,1,0.063063063063063,0.063063063063063,0.0,0.0654205607476635,0,1,0
45056855|F|0-21:A>T-21:A>T,45056855,21:A>T,21,PTTO01000974.1_Contig37,31141108,NC_041741.1,14,autosome,1.0,1,1.7299999999999999e-28,1.0,1.0,1,1,1,1,1,1,1,1,1,0.0135135135135135,0.0135135135135135,0.0,0.014018691588785,0,1,0
45053551|F|0-20:C>T-20:C>T,45053551,20:C>T,20,PTTO01002104.1_Contig16,35214568,NC_041732.1,5,autosome,1.0,1,1.7299999999999999e-28,1.0,1.0,1,1,1,1,1,1,1,1,1,0.0608108108108108,0.0608108108108108,0.0,0.0630841121495327,0,1,0
45056863|F|0-21:G>A-21:G>A,45056863,21:G>A,21,PTTO01000974.1_Contig37,1965726,NC_041741.1,14,autosome,1.0,1,1.7299999999999999e-28,1.0,1.0,1,1,1,1,1,1,1,1,1,0.3198198198198198,0.3198198198198198,0.6875,0.3060747663551402,1,1,0
45056878|F|0-54:G>A-54:G>A,45056878,54:G>A,54,PTTO01002057.1_Contig2,11398725,NC_041730.1,3,autosome,1.0,1,1.7299999999999999e-28,0.962766,1.0,1,1,1,1,1,1,1,1,1,0.009009009009009,0.009009009009009,0.0,0.0093457943925233,0,1,0
45056887|F|0-39:G>T-39:G>T,45056887,39:G>T,39,PTTO01004499.1_Contig142,5400824,NC_041744.1,17,autosome,1.0,16,1.7299999999999999e-28,1.0,1.0,1,1,1,1,1,1,1,1,1,0.0022522522522522,0.0022522522522522,0.0,0.0023364485981308,0,1,0
64982818|F|0-68:G>C-68:G>C,64982818,68:G>C,68,PTTO01004189.1_Contig18,7925670,NC_041729.1,2,autosome,1.0,1,1.7299999999999999e-28,0.989362,1.0,1,1,1,1,1,1,1,1,0,0.0,0.0,0.0,0.0,0,0,0
45056916|F|0-29:G>A-29:G>A,45056916,29:G>A,29,PTTO01002476.1_Contig0,97266947,NC_041728.1,1,autosome,1.0,1,1.7299999999999999e-28,0.994681,1.0,1,1,1,1,1,1,1,1,1,0.0112612612612612,0.0112612612612612,0.0,0.0116822429906542,0,1,0
45056923|F|0-11:G>A-11:G>A,45056923,11:G>A,11,PTTO01004481.1_Contig260,2531894,NC_041730.1,3,autosome,1.0,1,1.7299999999999999e-28,0.994681,1.0,1,1,1,1,1,1,1,1,1,0.0292792792792792,0.0292792792792792,0.0,0.0303738317757009,0,1,0
45056938|F|0-6:G>C-6:G>C,45056938,6:G>C,6,PTTO01002473.1_Contig1,4750456,NC_041738.1,11,autosome,1.0,1,8.05e-27,1.0,1.0,1,1,1,1,1,1,1,1,1,0.0945945945945946,0.0945945945945946,0.0,0.0981308411214953,0,1,0
45056967|F|0-38:C>T-38:C>T,45056967,38:C>T,38,PTTO01000756.1_Contig1191,492285,NC_041740.1,13,autosome,1.0,1,1.7299999999999999e-28,0.994681,1.0,1,1,1,1,1,1,1,1,1,0.027027027027027,0.027027027027027,0.5,0.0093457943925233,1,1,0
64976139|F|0-35:A>C-35:A>C,64976139,35:A>C,35,PTTO01000483.1_Contig185,1471622,NC_041730.1,3,autosome,1.0,1,1.7299999999999999e-28,0.994681,1.0,1,1,1,1,1,1,1,1,0,0.0022522522522522,0.0022522522522522,0.0,0.0023364485981308,0,1,0
45056978|F|0-27:G>C-27:G>C,45056978,27:G>C,27,PTTO01000885.1_Contig10,7592572,NC_041744.1,17,autosome,1.0,1,1.7299999999999999e-28,0.994681,1.0,1,1,1,1,1,1,1,1,1,0.0112612612612612,0.0112612612612612,0.0,0.0116822429906542,0,1,0
45056981|F|0-32:G>A-32:G>A,45056981,32:G>A,32,PTTO01002104.1_Contig16,56214708,NC_041732.1,5,autosome,1.0,1,1.7299999999999999e-28,0.994681,1.0,1,1,1,1,1,1,1,1,1,0.0112612612612612,0.0112612612612612,0.0,0.0116822429906542,0,1,0
100008051|F|0-57:T>G-57:T>G,100008051,57:T>G,57,PTTO01003425.1_Contig303,10437257,NC_041743.1,16,autosome,1.0,1,1.7299999999999999e-28,0.994681,1.0,1,1,1,1,1,1,1,1,0,0.0,0.0,0.0,0.0,0,0,0
45063742|F|0-53:G>A-53:G>A,45063742,53:G>A,53,PTTO01004262.1_Contig52,24657842,NC_041731.1,4,autosome,1.0,1,1.7299999999999999e-28,0.994681,1.0,1,1,1,1,1,1,1,1,1,0.045045045045045,0.045045045045045,0.0,0.0467289719626168,0,1,0
45057001|F|0-59:G>A-59:G>A,45057001,59:G>A,59,PTTO01002800.1_Contig42,207487,NC_041732.1,5,autosome,1.0,1,1.7299999999999999e-28,0.994681,1.0,1,1,1,1,1,1,1,1,1,0.0202702702702702,0.0202702702702702,0.0,0.0210280373831775,0,1,0
64982865|F|0-34:C>G-34:C>G,64982865,34:C>G,34,PTTO01004563.1_Contig4450,5553607,NC_041742.1,15,autosome,1.0,1,1.7299999999999999e-28,1.0,1.0,1,1,1,1,1,1,1,1,0,0.0,0.0,0.0,0.0,0,0,0
45063751|F|0-49:C>G-49:C>G,45063751,49:C>G,49,PTTO01000408.1_Contig219,751120,NC_041728.1,1,autosome,1.0,9,1.7299999999999999e-28,1.0,1.0,1,1,1,1,1,1,1,1,1,0.009009009009009,0.009009009009009,0.0,0.0093457943925233,0,1,0
45057027|F|0-36:C>T-36:C>T,45057027,36:C>T,36,PTTO01001349.1_Contig23,333450,NC_041736.1,9,autosome,1.0,1,1.7299999999999999e-28,0.99734,1.0,1,1,1,1,1,1,1,1,1,0.0225225225225225,0.0225225225225225,0.0,0.0233644859813084,0,1,0
45057028|F|0-27:G>A-27:G>A,45057028,27:G>A,27,PTTO01003889.1_Contig165,14468526,NC_041729.1,2,autosome,1.0,1,1.7299999999999999e-28,1.0,1.0,1,1,1,1,1,1,1,1,1,0.1081081081081081,0.1081081081081081,0.0,0.1121495327102803,0,1,0
45057033|F|0-64:A>T-64:A>T,45057033,64:A>T,64,PTTO01001370.1_Contig26,13322901,NC_041734.1,7,autosome,1.0,1,1.7299999999999999e-28,1.0,1.0,1,1,1,1,1,1,1,1,1,0.0427927927927927,0.0427927927927927,0.0,0.0443925233644859,0,1,0
45065573|F|0-5:C>T-5:C>T,45065573,5:C>T,5,PTTO01000974.1_Contig37,19415875,NC_041741.1,14,autosome,1.0,1,1.7299999999999999e-28,0.994681,1.0,1,1,1,1,1,1,1,1,1,0.3063063063063063,0.3063063063063063,0.625,0.2943925233644859,1,1,0
45057041|F|0-47:T>G-47:T>G,45057041,47:T>G,47,PTTO01001940.1_Contig353,9157167,NC_041731.1,4,autosome,1.0,1,1.7299999999999999e-28,1.0,1.0,1,1,1,1,1,1,1,1,1,0.1869369369369369,0.1869369369369369,0.4375,0.1775700934579439,1,1,0
45057047|F|0-27:C>A-27:C>A,45057047,27:C>A,27,PTTO01002545.1_Contig22,22719131,NC_041728.1,1,autosome,1.0,1,1.7299999999999999e-28,1.0,1.0,1,1,1,1,1,1,1,1,1,0.4617117117117117,0.4617117117117117,0.5,0.4602803738317757,1,1,0
64982884|F|0-49:A>C-49:A>C,64982884,49:A>C,49,PTTO01001633.1_Contig312,7918230,NC_041739.1,12,autosome,1.0,1,1.7299999999999999e-28,0.994681,1.0,1,1,1,1,1,1,1,1,0,0.0,0.0,0.0,0.0,0,0,0
45063770|F|0-35:C>T-35:C>T,45063770,35:C>T,35,PTTO01000332.1_Contig333,5634800,NC_041729.1,2,autosome,1.0,1,1.7299999999999999e-28,0.99734,1.0,1,1,1,1,1,1,1,1,1,0.009009009009009,0.009009009009009,0.0,0.0093457943925233,0,1,0
45057058|F|0-37:A>T-37:A>T,45057058,37:A>T,37,PTTO01004427.1_Contig106,222507,NC_041739.1,12,autosome,1.0,1,1.7299999999999999e-28,0.99734,1.0,1,1,1,1,1,1,1,1,1,0.1666666666666666,0.1666666666666666,0.0625,0.1705607476635514,1,1,0
45057062|F|0-58:G>A-58:G>A,45057062,58:G>A,58,PTTO01000571.1_Contig170,5986318,NC_041730.1,3,autosome,1.0,1,1.7299999999999999e-28,0.99734,1.0,1,1,1,1,1,1,1,1,1,0.0045045045045045,0.0045045045045045,0.0,0.0046728971962616,0,1,0
45057065|F|0-29:C>T-29:C>T,45057065,29:C>T,29,PTTO01003671.1_Contig19,6985404,NC_041735.1,8,autosome,1.0,1,1.7299999999999999e-28,0.99734,1.0,1,1,1,1,1,1,1,1,1,0.0788288288288288,0.0788288288288288,0.0,0.0817757009345794,0,1,0
64976207|F|0-13:C>T-13:C>T,64976207,13:C>T,13,PTTO01002624.1_Contig32,23556468,NC_041728.1,1,autosome,1.0,1,1.7299999999999999e-28,0.99734,1.0,1,1,1,1,1,1,1,1,0,0.0067567567567567,0.0067567567567567,0.0,0.0070093457943925,0,1,0
64976215|F|0-14:A>T-14:A>T,64976215,14:A>T,14,PTTO01001241.1_Contig276,12027398,NC_041740.1,13,autosome,1.0,1,1.7299999999999999e-28,0.992021,1.0,1,1,1,1,1,1,1,1,0,0.0,0.0,0.0,0.0,0,0,0
45057088|F|0-34:T>C-34:T>C,45057088,34:T>C,34,PTTO01003276.1_Contig54,7158100,NC_041738.1,11,autosome,1.0,1,1.7299999999999999e-28,0.99734,1.0,1,1,1,1,1,1,1,1,1,0.0135135135135135,0.0135135135135135,0.0,0.014018691588785,0,1,0
45057090|F|0-48:G>A-48:G>A,45057090,48:G>A,48,PTTO01001678.1_Contig35,13421577,NC_041737.1,10,autosome,1.0,1,1.7299999999999999e-28,1.0,1.0,1,1,1,1,1,1,1,1,1,0.0067567567567567,0.0067567567567567,0.0,0.0070093457943925,0,1,0
45057098|F|0-35:T>A-35:T>A,45057098,35:T>A,35,PTTO01001883.1_Contig281,2744706,NC_041729.1,2,autosome,1.0,1,1.7299999999999999e-28,0.99734,1.0,1,1,1,1,1,1,1,1,1,0.2274774774774774,0.2274774774774774,0.0,0.2359813084112149,0,1,0
45057099|F|0-28:G>T-28:G>T,45057099,28:G>T,28,PTTO01000376.1_Contig11,10621656,NC_041745.1,18,autosome,1.0,1,1.7299999999999999e-28,0.99734,1.0,1,1,1,1,1,1,1,1,1,0.0405405405405405,0.0405405405405405,0.0,0.0420560747663551,0,1,0
45057101|F|0-50:G>A-50:G>A,45057101,50:G>A,50,PTTO01002104.1_Contig16,63800933,NC_041732.1,5,autosome,1.0,1,1.7299999999999999e-28,0.99734,1.0,1,1,1,1,1,1,1,1,1,0.0315315315315315,0.0315315315315315,0.0,0.0327102803738317,0,1,0
64976254|F|0-47:G>A-47:G>A,64976254,47:G>A,47,PTTO01002104.1_Contig16,7481239,NC_041732.1,5,autosome,1.0,1,1.7299999999999999e-28,0.994681,1.0,1,1,1,1,1,1,1,1,0,0.0,0.0,0.0,0.0,0,0,0
45057124|F|0-28:T>A-28:T>A,45057124,28:T>A,28,PTTO01004492.1_Contig25,2465961,NC_041732.1,5,autosome,1.0,1,1.7299999999999999e-28,1.0,1.0,1,1,1,1,1,1,1,1,1,0.0157657657657657,0.0157657657657657,0.0,0.0163551401869158,0,1,0
45057132|F|0-12:C>T-12:C>T,45057132,12:C>T,12,PTTO01001236.1_Contig336,4640868,NC_041746.1,19,autosome,1.0,1,8.05e-27,0.99734,1.0,1,1,1,1,1,1,1,1,1,0.3288288288288288,0.3288288288288288,0.125,0.3364485981308411,1,1,0
64976272|F|0-68:C>T-68:C>T,64976272,68:C>T,68,PTTO01002793.1_Contig38,8505777,NC_041745.1,18,autosome,1.0,1,1.7299999999999999e-28,0.99734,1.0,1,1,1,1,1,1,1,1,0,0.0022522522522522,0.0022522522522522,0.0,0.0023364485981308,0,1,0
64976278|F|0-66:C>G-66:C>G,64976278,66:C>G,66,PTTO01003425.1_Contig303,87238,NC_041743.1,16,autosome,1.0,1,1.7299999999999999e-28,0.99734,1.0,1,1,1,1,1,1,1,1,0,0.0,0.0,0.0,0.0,0,0,0
45057141|F|0-54:G>A-54:G>A,45057141,54:G>A,54,PTTO01003422.1_Contig3522,1651800,NC_041738.1,11,autosome,1.0,1,1.7299999999999999e-28,0.994681,1.0,1,1,1,1,1,1,1,1,1,0.0382882882882882,0.0382882882882882,0.0,0.0397196261682243,0,1,0
45057142|F|0-35:G>T-35:G>T,45057142,35:G>T,35,PTTO01003889.1_Contig165,12782181,NC_041729.1,2,autosome,1.0,1,1.7299999999999999e-28,0.99734,1.0,1,1,1,1,1,1,1,1,1,0.0382882882882882,0.0382882882882882,0.125,0.0350467289719626,1,1,0
45063807|F|0-25:C>T-25:C>T,45063807,25:C>T,25,PTTO01002624.1_Contig32,2110242,NC_041728.1,1,autosome,1.0,1,1.7299999999999999e-28,0.99734,1.0,1,1,1,1,1,1,1,1,1,0.0247747747747747,0.0247747747747747,0.0,0.0257009345794392,0,1,0
45057155|F|0-68:A>G-68:A>G,45057155,68:A>G,68,PTTO01000571.1_Contig170,1281642,NC_041730.1,3,autosome,1.0,1,1.7299999999999999e-28,0.99734,1.0,1,1,1,1,1,1,1,1,1,0.0315315315315315,0.0315315315315315,0.0625,0.0303738317757009,1,1,0
100008238|F|0-60:A>T-60:A>T,100008238,60:A>T,60,PTTO01004262.1_Contig52,18029000,NC_041731.1,4,autosome,1.0,1,1.7299999999999999e-28,0.973404,1.0,1,1,1,1,1,1,1,1,0,0.0,0.0,0.0,0.0,0,0,0
45057171|F|0-29:C>G-29:C>G,45057171,29:C>G,29,PTTO01003710.1_Contig217,8545151,NC_041733.1,6,autosome,1.0,1,1.7299999999999999e-28,0.99734,1.0,1,1,1,1,1,1,1,1,1,0.0833333333333333,0.0833333333333333,0.0,0.0864485981308411,0,1,0
95140190|F|0-16:G>T-16:G>T,95140190,16:G>T,16,PTTO01000376.1_Contig11,14406976,NC_041745.1,18,autosome,1.0,1,1.68e-22,0.99734,1.0,1,1,1,1,1,1,1,1,0,0.0,0.0,0.0,0.0,0,0,0
45053508|F|0-66:T>A-66:T>A,45053508,66:T>A,66,PTTO01002476.1_Contig0,17967077,NC_041728.1,1,autosome,1.0,1,8.05e-27,1.0,1.0,1,1,1,1,1,1,1,1,1,0.1801801801801801,0.1801801801801801,0.125,0.1822429906542056,1,1,0
45057179|F|0-58:G>A-58:G>A,45057179,58:G>A,58,PTTO01002539.1_Contig4094,3125445,NC_041739.1,12,autosome,1.0,1,1.7299999999999999e-28,0.994681,1.0,1,1,1,1,1,1,1,1,1,0.0788288288288288,0.0788288288288288,0.0,0.0817757009345794,0,1,0
95139019|F|0-8:C>A-8:C>A,95139019,8:C>A,8,PTTO01001320.1_Contig70,1160896,NC_041731.1,4,autosome,1.0,1,1.7299999999999999e-28,0.99734,1.0,1,1,1,1,1,1,1,1,0,0.0135135135135135,0.0135135135135135,0.375,0.0,1,0,0
45057182|F|0-7:C>T-7:C>T,45057182,7:C>T,7,PTTO01002104.1_Contig16,45661279,NC_041732.1,5,autosome,1.0,1,1.7299999999999999e-28,0.99734,1.0,1,1,1,1,1,1,1,1,1,0.0045045045045045,0.0045045045045045,0.0,0.0046728971962616,0,1,0
45057185|F|0-35:G>A-35:G>A,45057185,35:G>A,35,PTTO01001315.1_Contig92,2796897,NC_041742.1,15,autosome,1.0,1,1.7299999999999999e-28,0.994681,1.0,1,1,1,1,1,1,1,1,1,0.2049549549549549,0.2049549549549549,0.0,0.2126168224299065,0,1,0
45057190|F|0-18:C>T-18:C>T,45057190,18:C>T,18,PTTO01000230.1_Contig34,14223531,NC_041734.1,7,autosome,1.0,1,1.7299999999999999e-28,0.99734,1.0,1,1,1,1,1,1,1,1,1,0.0135135135135135,0.0135135135135135,0.0,0.014018691588785,0,1,0
45057215|F|0-66:C>A-66:C>A,45057215,66:C>A,66,PTTO01003146.1_Contig77,711955,NC_041734.1,7,autosome,1.0,1,1.7299999999999999e-28,1.0,1.0,1,1,1,1,1,1,1,1,1,0.0022522522522522,0.0022522522522522,0.0,0.0023364485981308,0,1,0
45057216|F|0-40:A>G-40:A>G,45057216,40:A>G,40,PTTO01001349.1_Contig23,16517942,NC_041736.1,9,autosome,1.0,1,1.7299999999999999e-28,0.994681,1.0,1,1,1,1,1,1,1,1,1,0.0225225225225225,0.0225225225225225,0.3125,0.0116822429906542,1,1,0
45066813|F|0-48:C>A-48:C>A,45066813,48:C>A,48,PTTO01001051.1_Contig4,4015442,NC_041737.1,10,autosome,1.0,1,8.05e-27,0.99734,1.0,1,1,1,1,1,1,1,1,1,0.4009009009009009,0.4009009009009009,0.375,0.4018691588785046,1,1,0
45057224|F|0-39:C>T-39:C>T,45057224,39:C>T,39,PTTO01002104.1_Contig16,15596511,NC_041732.1,5,autosome,1.0,1,1.7299999999999999e-28,1.0,1.0,1,1,1,1,1,1,1,1,1,0.0855855855855855,0.0855855855855855,0.0,0.0887850467289719,0,1,0
45057225|F|0-29:G>A-29:G>A,45057225,29:G>A,29,PTTO01000974.1_Contig37,21177398,NC_041741.1,14,autosome,1.0,1,1.7299999999999999e-28,1.0,1.0,1,1,1,1,1,1,1,1,1,0.0112612612612612,0.0112612612612612,0.0,0.0116822429906542,0,1,0
45057229|F|0-47:G>A-47:G>A,45057229,47:G>A,47,PTTO01003276.1_Contig54,6523452,NC_041738.1,11,autosome,1.0,1,1.7299999999999999e-28,1.0,1.0,1,1,1,1,1,1,1,1,1,0.045045045045045,0.045045045045045,0.0,0.0467289719626168,0,1,0
45057251|F|0-44:C>T-44:C>T,45057251,44:C>T,44,PTTO01002473.1_Contig1,24093916,NC_041738.1,11,autosome,1.0,1,1.7299999999999999e-28,1.0,1.0,1,1,1,1,1,1,1,1,1,0.0022522522522522,0.0022522522522522,0.0,0.0023364485981308,0,1,0
45057253|F|0-62:T>G-62:T>G,45057253,62:T>G,62,PTTO01001073.1_Contig8,5554666,NC_041748.1,21,autosome,1.0,1,1.7299999999999999e-28,0.994681,1.0,1,1,1,1,1,1,1,1,1,0.009009009009009,0.009009009009009,0.0,0.0093457943925233,0,1,0
45057264|F|0-32:G>A-32:G>A,45057264,32:G>A,32,PTTO01001839.1_Contig208,13864816,NC_041741.1,14,autosome,1.0,1,1.7299999999999999e-28,0.99734,1.0,1,1,1,1,1,1,1,1,1,0.0923423423423423,0.0923423423423423,0.0,0.0957943925233644,0,1,0
45057268|F|0-62:C>T-62:C>T,45057268,62:C>T,62,PTTO01000318.1_Contig139,19357726,NC_041730.1,3,autosome,1.0,1,1.7299999999999999e-28,0.99734,1.0,1,1,1,1,1,1,1,1,1,0.0923423423423423,0.0923423423423423,0.0,0.0957943925233644,0,1,0
45057274|F|0-50:T>G-50:T>G,45057274,50:T>G,50,PTTO01003671.1_Contig19,4254474,NC_041735.1,8,autosome,1.0,1,1.7299999999999999e-28,0.99734,1.0,1,1,1,1,1,1,1,1,1,0.09009009009009,0.09009009009009,0.25,0.0841121495327102,1,1,0
45057275|F|0-7:C>T-7:C>T,45057275,7:C>T,7,PTTO01001320.1_Contig70,1101710,NC_041731.1,4,autosome,1.0,1,1.7299999999999999e-28,0.99734,1.0,1,1,1,1,1,1,1,1,1,0.0067567567567567,0.0067567567567567,0.0,0.0070093457943925,0,1,0
45063868|F|0-55:G>A-55:G>A,45063868,55:G>A,55,PTTO01001940.1_Contig353,23151006,NC_041731.1,4,autosome,1.0,1,1.7299999999999999e-28,0.994681,1.0,1,1,1,1,1,1,1,1,1,0.0157657657657657,0.0157657657657657,0.0,0.0163551401869158,0,1,0
64976434|F|0-57:C>G-57:C>G,64976434,57:C>G,57,PTTO01000006.1_Contig148,9150251,NC_041734.1,7,autosome,1.0,1,1.7299999999999999e-28,1.0,1.0,1,1,1,1,1,1,1,1,0,0.0,0.0,0.0,0.0,0,0,0
45057283|F|0-67:G>A-67:G>A,45057283,67:G>A,67,PTTO01002057.1_Contig2,3547951,NC_041730.1,3,autosome,1.0,1,1.7299999999999999e-28,0.99734,1.0,1,1,1,1,1,1,1,1,1,0.0472972972972973,0.0472972972972973,0.0,0.0490654205607476,0,1,0
64987343|F|0-18:G>C-18:G>C,64987343,18:G>C,18,PTTO01002104.1_Contig16,4363642,NC_041732.1,5,autosome,1.0,1,1.7299999999999999e-28,0.99734,1.0,1,1,1,1,1,1,1,1,0,0.0,0.0,0.0,0.0,0,0,0
45057293|F|0-57:G>A-57:G>A,45057293,57:G>A,57,PTTO01000332.1_Contig333,3311709,NC_041729.1,2,autosome,1.0,1,1.7299999999999999e-28,1.0,1.0,1,1,1,1,1,1,1,1,1,0.0405405405405405,0.0405405405405405,0.0,0.0420560747663551,0,1,0
45057301|F|0-67:C>T-67:C>T,45057301,67:C>T,67,PTTO01002545.1_Contig22,30974791,NC_041728.1,1,autosome,1.0,1,1.7299999999999999e-28,0.962766,1.0,1,1,1,1,1,1,1,1,1,0.0045045045045045,0.0045045045045045,0.0,0.0046728971962616,0,1,0
64976456|F|0-26:G>A-26:G>A,64976456,26:G>A,26,PTTO01002104.1_Contig16,25933927,NC_041732.1,5,autosome,1.0,1,1.7299999999999999e-28,0.99734,1.0,1,1,1,1,1,1,1,1,0,0.0,0.0,0.0,0.0,0,0,0
45057309|F|0-33:A>G-33:A>G,45057309,33:A>G,33,PTTO01001370.1_Contig26,9851409,NC_041734.1,7,autosome,1.0,1,1.7299999999999999e-28,0.994681,1.0,1,1,1,1,1,1,1,1,1,0.3175675675675675,0.3175675675675675,0.6875,0.3037383177570093,1,1,0
45057310|F|0-38:G>A-38:G>A,45057310,38:G>A,38,PTTO01003571.1_Contig67,24511126,NC_041736.1,9,autosome,1.0,1,1.7299999999999999e-28,0.99734,1.0,1,1,1,1,1,1,1,1,1,0.0585585585585585,0.0585585585585585,0.0,0.0607476635514018,0,1,0
45057311|F|0-43:C>G-43:C>G,45057311,43:C>G,43,PTTO01002104.1_Contig16,15024066,NC_041732.1,5,autosome,1.0,1,1.7299999999999999e-28,1.0,1.0,1,1,1,1,1,1,1,1,1,0.0315315315315315,0.0315315315315315,0.0,0.0327102803738317,0,1,0
45057317|F|0-18:C>A-18:C>A,45057317,18:C>A,18,PTTO01004189.1_Contig18,7304370,NC_041729.1,2,autosome,1.0,1,1.7299999999999999e-28,1.0,1.0,1,1,1,1,1,1,1,1,1,0.036036036036036,0.036036036036036,0.125,0.0327102803738317,1,1,0
45057319|F|0-16:G>A-16:G>A,45057319,16:G>A,16,PTTO01004519.1_Contig1477,6236991,NC_041735.1,8,autosome,1.0,1,1.7299999999999999e-28,0.99734,1.0,1,1,1,1,1,1,1,1,1,0.009009009009009,0.009009009009009,0.0,0.0093457943925233,0,1,0
45057326|F|0-28:G>C-28:G>C,45057326,28:G>C,28,PTTO01004262.1_Contig52,18315885,NC_041731.1,4,autosome,1.0,1,8.05e-27,0.99734,1.0,1,1,1,1,1,1,1,1,1,0.4842342342342342,0.4842342342342342,0.625,0.4789719626168224,1,1,0
45057331|F|0-22:C>A-22:C>A,45057331,22:C>A,22,PTTO01002539.1_Contig4094,2597515,NC_041739.1,12,autosome,1.0,1,1.7299999999999999e-28,0.99734,1.0,1,1,1,1,1,1,1,1,1,0.0157657657657657,0.0157657657657657,0.0,0.0163551401869158,0,1,0
45057334|F|0-33:T>A-33:T>A,45057334,33:T>A,33,PTTO01002793.1_Contig38,7393414,NC_041745.1,18,autosome,1.0,1,1.7299999999999999e-28,0.99734,1.0,1,1,1,1,1,1,1,1,1,0.0157657657657657,0.0157657657657657,0.0,0.0163551401869158,0,1,0
45057335|F|0-40:T>G-40:T>G,45057335,40:T>G,40,PTTO01002104.1_Contig16,49105265,NC_041732.1,5,autosome,1.0,1,8.05e-27,0.99734,1.0,1,1,1,1,1,1,1,1,1,0.063063063063063,0.063063063063063,0.0625,0.0630841121495327,1,1,0
45057341|F|0-68:T>C-68:T>C,45057341,68:T>C,68,PTTO01001073.1_Contig8,975669,NC_041748.1,21,autosome,1.0,1,1.7299999999999999e-28,0.994681,1.0,1,1,1,1,1,1,1,1,1,0.1283783783783783,0.1283783783783783,0.0,0.1331775700934579,0,1,0
45057344|F|0-61:G>A-61:G>A,45057344,61:G>A,61,PTTO01004427.1_Contig106,3649565,NC_041739.1,12,autosome,1.0,1,1.7299999999999999e-28,0.99734,1.0,1,1,1,1,1,1,1,1,1,0.027027027027027,0.027027027027027,0.0,0.02803738317757,0,1,0
45057348|F|0-8:C>T-8:C>T,45057348,8:C>T,8,PTTO01002476.1_Contig0,15554647,NC_041728.1,1,autosome,1.0,1,1.7299999999999999e-28,0.994681,1.0,1,1,1,1,1,1,1,1,1,0.018018018018018,0.018018018018018,0.0,0.0186915887850467,0,1,0
45057352|F|0-49:C>T-49:C>T,45057352,49:C>T,49,PTTO01002104.1_Contig16,20310812,NC_041732.1,5,autosome,1.0,1,1.7299999999999999e-28,0.981383,1.0,1,1,1,1,1,1,1,1,1,0.0202702702702702,0.0202702702702702,0.0625,0.0186915887850467,1,1,0
45057353|F|0-36:C>T-36:C>T,45057353,36:C>T,36,PTTO01003710.1_Contig217,14749677,NC_041733.1,6,autosome,1.0,1,1.7299999999999999e-28,1.0,1.0,1,1,1,1,1,1,1,1,1,0.0067567567567567,0.0067567567567567,0.0,0.0070093457943925,0,1,0
45057357|F|0-60:C>G-60:C>G,45057357,60:C>G,60,PTTO01001633.1_Contig312,22795888,NC_041739.1,12,autosome,1.0,1,1.7299999999999999e-28,0.99734,1.0,1,1,1,1,1,1,1,1,1,0.3873873873873873,0.3873873873873873,0.25,0.3925233644859813,1,1,0
64976504|F|0-67:A>T-67:A>T,64976504,67:A>T,67,PTTO01002057.1_Contig2,33214758,NC_041730.1,3,autosome,1.0,1,1.7299999999999999e-28,0.99734,1.0,1,1,1,1,1,1,1,1,0,0.0,0.0,0.0,0.0,0,0,0
64976508|F|0-64:C>A-64:C>A,64976508,64:C>A,64,PTTO01001940.1_Contig353,4054074,NC_041731.1,4,autosome,1.0,1,1.7299999999999999e-28,0.970745,1.0,1,1,1,1,1,1,1,1,0,0.0067567567567567,0.0067567567567567,0.0,0.0070093457943925,0,1,0
45057366|F|0-17:C>T-17:C>T,45057366,17:C>T,17,PTTO01002545.1_Contig22,32761780,NC_041728.1,1,autosome,1.0,1,1.7299999999999999e-28,0.99734,1.0,1,1,1,1,1,1,1,1,1,0.0135135135135135,0.0135135135135135,0.125,0.0093457943925233,1,1,0
45057378|F|0-29:A>T-29:A>T,45057378,29:A>T,29,PTTO01000947.1_Contig1049,5196219,NC_041739.1,12,autosome,1.0,1,1.7299999999999999e-28,0.99734,1.0,1,1,1,1,1,1,1,1,1,0.0022522522522522,0.0022522522522522,0.0,0.0023364485981308,0,1,0
45057388|F|0-44:A>T-44:A>T,45057388,44:A>T,44,PTTO01001839.1_Contig208,19015786,NC_041741.1,14,autosome,1.0,1,1.7299999999999999e-28,0.99734,1.0,1,1,1,1,1,1,1,1,1,0.0247747747747747,0.0247747747747747,0.0,0.0257009345794392,0,1,0
64987351|F|0-52:C>T-52:C>T,64987351,52:C>T,52,PTTO01002476.1_Contig0,54413010,NC_041728.1,1,autosome,1.0,1,6.23e-28,0.99734,1.0,1,1,1,1,1,1,1,1,0,0.0292792792792792,0.0292792792792792,0.625,0.0070093457943925,1,1,0
45063928|F|0-54:T>C-54:T>C,45063928,54:T>C,54,PTTO01000276.1_Contig319,3592819,NC_041737.1,10,autosome,1.0,1,8.05e-27,1.0,1.0,1,1,1,1,1,1,1,1,1,0.3378378378378378,0.3378378378378378,0.6875,0.3247663551401869,1,1,0
45057403|F|0-41:T>A-41:T>A,45057403,41:T>A,41,PTTO01001283.1_Contig4384,44806,NC_041746.1,19,autosome,1.0,2,1.7299999999999999e-28,1.0,1.0,1,1,1,1,1,1,1,1,1,0.0067567567567567,0.0067567567567567,0.0,0.0070093457943925,0,1,0
100008491|F|0-32:A>T-32:A>T,100008491,32:A>T,32,PTTO01003710.1_Contig217,17349020,NC_041733.1,6,autosome,1.0,1,1.7299999999999999e-28,0.984043,1.0,1,1,1,1,1,1,1,1,0,0.0022522522522522,0.0022522522522522,0.0625,0.0,1,0,0
45057423|F|0-40:A>C-40:A>C,45057423,40:A>C,40,PTTO01001556.1_Contig3,4030522,NC_041728.1,1,autosome,1.0,1,8.05e-27,0.99734,1.0,1,1,1,1,1,1,1,1,1,0.4977477477477477,0.4977477477477477,0.375,0.5023364485981309,1,1,0
45057427|F|0-37:C>T-37:C>T,45057427,37:C>T,37,PTTO01001320.1_Contig70,17222902,NC_041731.1,4,autosome,1.0,1,1.7299999999999999e-28,0.99734,1.0,1,1,1,1,1,1,1,1,1,0.0067567567567567,0.0067567567567567,0.0,0.0070093457943925,0,1,0
45057428|F|0-64:C>A-64:C>A,45057428,64:C>A,64,PTTO01002793.1_Contig38,2358628,NC_041745.1,18,autosome,1.0,1,8.05e-27,1.0,1.0,1,1,1,1,1,1,1,1,1,0.0765765765765765,0.0765765765765765,0.125,0.0747663551401869,1,1,0
45057434|F|0-38:G>T-38:G>T,45057434,38:G>T,38,PTTO01001883.1_Contig281,5287442,NC_041729.1,2,autosome,1.0,1,1.7299999999999999e-28,0.99734,1.0,1,1,1,1,1,1,1,1,1,0.027027027027027,0.027027027027027,0.0,0.02803738317757,0,1,0
100008512|F|0-35:A>G-35:A>G,100008512,35:A>G,35,PTTO01002476.1_Contig0,55435770,NC_041728.1,1,autosome,1.0,1,1.7299999999999999e-28,0.984043,1.0,1,1,1,1,1,1,1,1,0,0.0,0.0,0.0,0.0,0,0,0
45057436|F|0-51:C>T-51:C>T,45057436,51:C>T,51,PTTO01003571.1_Contig67,11746605,NC_041736.1,9,autosome,1.0,1,1.7299999999999999e-28,0.99734,1.0,1,1,1,1,1,1,1,1,1,0.2702702702702703,0.2702702702702703,0.0625,0.2780373831775701,1,1,0
45057437|F|0-50:C>T-50:C>T,45057437,50:C>T,50,PTTO01002967.1_Contig85,3355363,NC_041733.1,6,autosome,1.0,2,1.7299999999999999e-28,1.0,1.0,1,1,1,1,1,1,1,1,1,0.1779279279279279,0.1779279279279279,0.0,0.1845794392523364,0,1,0
64976576|F|0-40:G>A-40:G>A,64976576,40:G>A,40,PTTO01000197.1_Contig3104,409119,NC_041729.1,2,autosome,1.0,1,1.7299999999999999e-28,0.976064,1.0,1,1,1,1,1,1,1,1,0,0.0,0.0,0.0,0.0,0,0,0
45057439|F|0-29:T>A-29:T>A,45057439,29:T>A,29,PTTO01002634.1_Contig60,17603806,NC_041732.1,5,autosome,1.0,75,1.7299999999999999e-28,1.0,1.0,1,1,1,1,1,1,1,1,1,0.0112612612612612,0.0112612612612612,0.0,0.0116822429906542,0,1,0
45063950|F|0-25:G>T-25:G>T,45063950,25:G>T,25,PTTO01002501.1_Contig138,1259743,NC_041744.1,17,autosome,1.0,393,1.7299999999999999e-28,0.99734,1.0,1,1,1,1,1,1,1,1,1,0.2747747747747748,0.2747747747747748,0.25,0.2757009345794392,1,1,0
45057456|F|0-27:G>A-27:G>A,45057456,27:G>A,27,PTTO01003857.1_Contig1099,1762355,NC_041732.1,5,autosome,1.0,1,1.7299999999999999e-28,0.99734,1.0,1,1,1,1,1,1,1,1,1,0.3783783783783784,0.3783783783783784,0.0,0.3925233644859813,0,1,0
100008537|F|0-59:A>G-59:A>G,100008537,59:A>G,59,PTTO01001839.1_Contig208,14285353,NC_041741.1,14,autosome,1.0,1,1.7299999999999999e-28,0.986702,1.0,1,1,1,1,1,1,1,1,0,0.0022522522522522,0.0022522522522522,0.0,0.0023364485981308,0,1,0
45057464|F|0-35:T>G-35:T>G,45057464,35:T>G,35,PTTO01003256.1_Contig153,15063194,NC_041746.1,19,autosome,1.0,1,1.7299999999999999e-28,0.994681,1.0,1,1,1,1,1,1,1,1,1,0.0247747747747747,0.0247747747747747,0.0625,0.0233644859813084,1,1,0
64983011|F|0-47:C>A-47:C>A,64983011,47:C>A,47,PTTO01001236.1_Contig336,6588958,NC_041746.1,19,autosome,1.0,1,1.7299999999999999e-28,1.0,1.0,1,1,1,1,1,1,1,1,0,0.0022522522522522,0.0022522522522522,0.0,0.0023364485981308,0,1,0
45057471|F|0-12:A>C-12:A>C,45057471,12:A>C,12,PTTO01001051.1_Contig4,5836413,NC_041737.1,10,autosome,1.0,1,1.7299999999999999e-28,0.99734,1.0,1,1,1,1,1,1,1,1,1,0.0022522522522522,0.0022522522522522,0.0,0.0023364485981308,0,1,0
45063966|F|0-33:G>C-33:G>C,45063966,33:G>C,33,PTTO01001940.1_Contig353,21098884,NC_041731.1,4,autosome,1.0,1,1.7299999999999999e-28,1.0,1.0,1,1,1,1,1,1,1,1,1,0.4099099099099099,0.4099099099099099,0.25,0.4158878504672897,1,1,0
45057481|F|0-41:C>T-41:C>T,45057481,41:C>T,41,PTTO01002104.1_Contig16,44673373,NC_041732.1,5,autosome,1.0,1,1.7299999999999999e-28,1.0,1.0,1,1,1,1,1,1,1,1,1,0.0135135135135135,0.0135135135135135,0.0,0.014018691588785,0,1,0
45057484|F|0-18:C>T-18:C>T,45057484,18:C>T,18,PTTO01002187.1_Contig64,5330669,NC_041747.1,20,autosome,1.0,1,8.05e-27,0.99734,1.0,1,1,1,1,1,1,1,1,1,0.0945945945945946,0.0945945945945946,0.0,0.0981308411214953,0,1,0
45057486|F|0-51:A>T-51:A>T,45057486,51:A>T,51,PTTO01003571.1_Contig67,6049843,NC_041736.1,9,autosome,1.0,1,1.7299999999999999e-28,1.0,1.0,1,1,1,1,1,1,1,1,1,0.045045045045045,0.045045045045045,0.0,0.0467289719626168,0,1,0
45057489|F|0-63:T>G-63:T>G,45057489,63:T>G,63,PTTO01002539.1_Contig4094,1048627,NC_041739.1,12,autosome,1.0,1,8.05e-27,1.0,1.0,1,1,1,1,1,1,1,1,1,0.3265765765765765,0.3265765765765765,0.0,0.338785046728972,0,1,0
45057496|F|0-22:T>A-22:T>A,45057496,22:T>A,22,PTTO01002473.1_Contig1,2354661,NC_041738.1,11,autosome,1.0,1,1.7299999999999999e-28,1.0,1.0,1,1,1,1,1,1,1,1,1,0.0157657657657657,0.0157657657657657,0.0,0.0163551401869158,0,1,0
45057508|F|0-33:C>T-33:C>T,45057508,33:C>T,33,PTTO01002104.1_Contig16,27338060,NC_041732.1,5,autosome,1.0,1,1.7299999999999999e-28,1.0,1.0,1,1,1,1,1,1,1,1,1,0.0968468468468468,0.0968468468468468,0.0,0.1004672897196261,0,1,0
45057515|F|0-65:C>T-65:C>T,45057515,65:C>T,65,PTTO01004492.1_Contig25,5950995,NC_041732.1,5,autosome,1.0,1,1.7299999999999999e-28,0.99734,1.0,1,1,1,1,1,1,1,1,1,0.0315315315315315,0.0315315315315315,0.125,0.02803738317757,1,1,0
45057519|F|0-17:C>T-17:C>T,45057519,17:C>T,17,PTTO01003571.1_Contig67,18222381,NC_041736.1,9,autosome,1.0,5,1.7299999999999999e-28,1.0,1.0,1,1,1,1,1,1,1,1,1,0.0855855855855855,0.0855855855855855,0.0,0.0887850467289719,0,1,0
64985851|F|0-13:G>A-13:G>A,64985851,13:G>A,13,PTTO01002476.1_Contig0,10632318,NC_041728.1,1,autosome,1.0,1,1.7299999999999999e-28,1.0,1.0,1,1,1,1,1,1,1,1,0,0.0,0.0,0.0,0.0,0,0,0
45057527|F|0-34:T>C-34:T>C,45057527,34:T>C,34,PTTO01003571.1_Contig67,1731442,NC_041736.1,9,autosome,1.0,1,1.7299999999999999e-28,0.99734,1.0,1,1,1,1,1,1,1,1,1,0.0135135135135135,0.0135135135135135,0.0,0.014018691588785,0,1,0
45057532|F|0-10:G>A-10:G>A,45057532,10:G>A,10,PTTO01004189.1_Contig18,26404668,NC_041729.1,2,autosome,1.0,1,1.7299999999999999e-28,0.99734,1.0,1,1,1,1,1,1,1,1,1,0.0495495495495495,0.0495495495495495,0.0,0.0514018691588785,0,1,0
45057541|F|0-40:G>T-40:G>T,45057541,40:G>T,40,PTTO01001839.1_Contig208,10905164,NC_041741.1,14,autosome,1.0,1,1.7299999999999999e-28,0.99734,1.0,1,1,1,1,1,1,1,1,1,0.009009009009009,0.009009009009009,0.0,0.0093457943925233,0,1,0
64983041|F|0-31:G>A-31:G>A,64983041,31:G>A,31,PTTO01001241.1_Contig276,14138067,NC_041740.1,13,autosome,1.0,1,1.7299999999999999e-28,0.994681,1.0,1,1,1,1,1,1,1,1,0,0.0045045045045045,0.0045045045045045,0.0,0.0046728971962616,0,1,0
45057547|F|0-52:C>T-52:C>T,45057547,52:C>T,52,PTTO01002057.1_Contig2,23176293,NC_041730.1,3,autosome,1.0,1,1.7299999999999999e-28,1.0,1.0,1,1,1,1,1,1,1,1,1,0.3626126126126126,0.3626126126126126,0.375,0.3621495327102804,1,1,0
45057583|F|0-52:T>A-52:T>A,45057583,52:T>A,52,PTTO01002784.1_Contig154,1063596,NC_041733.1,6,autosome,1.0,1,1.7299999999999999e-28,1.0,1.0,1,1,1,1,1,1,1,1,1,0.259009009009009,0.259009009009009,0.0,0.2686915887850467,0,1,0
45057590|F|0-63:C>T-63:C>T,45057590,63:C>T,63,PTTO01001370.1_Contig26,10655537,NC_041734.1,7,autosome,1.0,1,1.7299999999999999e-28,1.0,1.0,1,1,1,1,1,1,1,1,1,0.0202702702702702,0.0202702702702702,0.0,0.0210280373831775,0,1,0
64988647|F|0-36:C>T-36:C>T,64988647,36:C>T,36,PTTO01004563.1_Contig4450,3642322,NC_041742.1,15,autosome,1.0,1,1.7299999999999999e-28,0.99734,1.0,1,1,1,1,1,1,1,1,0,0.0067567567567567,0.0067567567567567,0.0,0.0070093457943925,0,1,0
45057593|F|0-58:C>T-58:C>T,45057593,58:C>T,58,PTTO01000230.1_Contig34,5591665,NC_041734.1,7,autosome,1.0,1,1.7299999999999999e-28,0.99734,1.0,1,1,1,1,1,1,1,1,1,0.0022522522522522,0.0022522522522522,0.0,0.0023364485981308,0,1,0
45057594|F|0-11:C>T-11:C>T,45057594,11:C>T,11,PTTO01001839.1_Contig208,3139875,NC_041741.1,14,autosome,1.0,1,8.05e-27,0.99734,1.0,1,1,1,1,1,1,1,1,1,0.3333333333333333,0.3333333333333333,0.6875,0.3200934579439252,1,1,0
64976753|F|0-14:G>C-14:G>C,64976753,14:G>C,14,PTTO01003571.1_Contig67,5896354,NC_041736.1,9,autosome,1.0,1,1.7299999999999999e-28,1.0,1.0,1,1,1,1,1,1,1,1,0,0.0135135135135135,0.0135135135135135,0.375,0.0,1,0,0
45057614|F|0-39:G>T-39:G>T,45057614,39:G>T,39,PTTO01002261.1_Contig251,10673570,NC_041743.1,16,autosome,1.0,1,2.04e-21,1.0,1.0,1,1,1,1,1,1,1,1,1,0.072072072072072,0.072072072072072,0.0,0.0747663551401869,0,1,0
64976773|F|0-16:G>A-16:G>A,64976773,16:G>A,16,PTTO01003889.1_Contig165,24853505,NC_041729.1,2,autosome,1.0,1,1.7299999999999999e-28,0.99734,1.0,1,1,1,1,1,1,1,1,0,0.0022522522522522,0.0022522522522522,0.0,0.0023364485981308,0,1,0
100008736|F|0-14:T>C-14:T>C,100008736,14:T>C,14,PTTO01002057.1_Contig2,12156491,NC_041730.1,3,autosome,1.0,1,1.7299999999999999e-28,0.99734,1.0,1,1,1,1,1,1,1,1,0,0.0022522522522522,0.0022522522522522,0.0625,0.0,1,0,0
45062078|F|0-39:G>T-39:G>T,45062078,39:G>T,39,PTTO01002822.1_Contig364,7012710,NC_041731.1,4,autosome,1.0,1,1.7299999999999999e-28,0.99734,1.0,1,1,1,1,1,1,1,1,1,0.0225225225225225,0.0225225225225225,0.0,0.0233644859813084,0,1,0
64976787|F|0-43:A>T-43:A>T,64976787,43:A>T,43,PTTO01002793.1_Contig38,207293,NC_041745.1,18,autosome,1.0,1,1.7299999999999999e-28,1.0,1.0,1,1,1,1,1,1,1,1,0,0.0,0.0,0.0,0.0,0,0,0
95139023|F|0-5:G>T-5:G>T,95139023,5:G>T,5,PTTO01000586.1_Contig1034,17424,NC_041728.1,1,autosome,1.0,2,1.7299999999999999e-28,1.0,1.0,1,1,1,1,1,1,1,1,0,0.0,0.0,0.0,0.0,0,0,0
45057644|F|0-15:T>A-15:T>A,45057644,15:T>A,15,PTTO01002104.1_Contig16,31111770,NC_041732.1,5,autosome,1.0,1,1.7299999999999999e-28,0.994681,1.0,1,1,1,1,1,1,1,1,1,0.0112612612612612,0.0112612612612612,0.0,0.0116822429906542,0,1,0
45057649|F|0-37:C>T-37:C>T,45057649,37:C>T,37,PTTO01001244.1_Contig55,11738882,NC_041738.1,11,autosome,1.0,1,1.7299999999999999e-28,1.0,1.0,1,1,1,1,1,1,1,1,1,0.0675675675675675,0.0675675675675675,0.0,0.0700934579439252,0,1,0
100008779|F|0-5:G>A-5:G>A,100008779,5:G>A,5,PTTO01000947.1_Contig1049,907710,NC_041739.1,12,autosome,1.0,1,1.7299999999999999e-28,0.87766,1.0,1,1,1,1,1,1,1,1,0,0.0,0.0,0.0,0.0,0,0,0
45057665|F|0-56:C>T-56:C>T,45057665,56:C>T,56,PTTO01003422.1_Contig3522,306238,NC_041738.1,11,autosome,1.0,1,1.7299999999999999e-28,0.99734,1.0,1,1,1,1,1,1,1,1,1,0.1576576576576576,0.1576576576576576,0.0,0.1635514018691588,0,1,0
64983086|F|0-44:C>T-44:C>T,64983086,44:C>T,44,PTTO01000875.1_Contig31,16972357,NC_041730.1,3,autosome,1.0,1,1.7299999999999999e-28,0.99734,1.0,1,1,1,1,1,1,1,1,0,0.0,0.0,0.0,0.0,0,0,0
64976861|F|0-6:A>G-6:A>G,64976861,6:A>G,6,PTTO01001940.1_Contig353,3241738,NC_041731.1,4,autosome,1.0,1,1.7299999999999999e-28,0.994681,1.0,1,1,1,1,1,1,1,1,0,0.0,0.0,0.0,0.0,0,0,0
45057705|F|0-9:A>C-9:A>C,45057705,9:A>C,9,PTTO01002104.1_Contig16,1062939,NC_041732.1,5,autosome,1.0,47,1.7299999999999999e-28,0.99734,1.0,1,1,1,1,1,1,1,1,1,0.0247747747747747,0.0247747747747747,0.25,0.0163551401869158,1,1,0
45057719|F|0-28:T>C-28:T>C,45057719,28:T>C,28,PTTO01004189.1_Contig18,21530569,NC_041729.1,2,autosome,1.0,1,1.7299999999999999e-28,0.99734,1.0,1,1,1,1,1,1,1,1,1,0.0315315315315315,0.0315315315315315,0.0,0.0327102803738317,0,1,0
45057733|F|0-43:A>T-43:A>T,45057733,43:A>T,43,PTTO01003571.1_Contig67,17645297,NC_041736.1,9,autosome,1.0,1,1.7299999999999999e-28,1.0,1.0,1,1,1,1,1,1,1,1,1,0.0045045045045045,0.0045045045045045,0.0,0.0046728971962616,0,1,0
45057739|F|0-12:A>T-12:A>T,45057739,12:A>T,12,PTTO01003889.1_Contig165,21622026,NC_041729.1,2,autosome,1.0,1,1.7299999999999999e-28,0.99734,1.0,1,1,1,1,1,1,1,1,1,0.0405405405405405,0.0405405405405405,0.0,0.0420560747663551,0,1,0
95136673|F|0-28:C>T-28:C>T,95136673,28:C>T,28,PTTO01001633.1_Contig312,15135388,NC_041739.1,12,autosome,1.0,1,1.7299999999999999e-28,0.99734,1.0,1,1,1,1,1,1,1,1,0,0.0112612612612612,0.0112612612612612,0.0,0.0116822429906542,0,1,0
45057746|F|0-57:G>C-57:G>C,45057746,57:G>C,57,PTTO01000006.1_Contig148,13828577,NC_041734.1,7,autosome,1.0,1,1.7299999999999999e-28,0.994681,1.0,1,1,1,1,1,1,1,1,1,0.322072072072072,0.322072072072072,0.1875,0.3271028037383177,1,1,0
45057752|F|0-21:T>C-21:T>C,45057752,21:T>C,21,PTTO01004189.1_Contig18,7419844,NC_041729.1,2,autosome,1.0,1,1.7299999999999999e-28,0.994681,1.0,1,1,1,1,1,1,1,1,1,0.2162162162162162,0.2162162162162162,0.8125,0.1939252336448598,1,1,0
45053512|F|0-7:A>C-7:A>C,45053512,7:A>C,7,PTTO01001349.1_Contig23,3196805,NC_041736.1,9,autosome,1.0,1,1.7299999999999999e-28,0.99734,1.0,1,1,1,1,1,1,1,1,1,0.3648648648648648,0.3648648648648648,0.5625,0.3574766355140187,1,1,0
100008883|F|0-20:A>G-20:A>G,100008883,20:A>G,20,PTTO01002057.1_Contig2,41236663,NC_041730.1,3,autosome,1.0,1,1.7299999999999999e-28,0.981383,1.0,1,1,1,1,1,1,1,1,0,0.0022522522522522,0.0022522522522522,0.0,0.0023364485981308,0,1,0
64985875|F|0-10:C>G-10:C>G,64985875,10:C>G,10,PTTO01002476.1_Contig0,71473844,NC_041728.1,1,autosome,1.0,1,1.7299999999999999e-28,0.99734,1.0,1,1,1,1,1,1,1,1,0,0.0,0.0,0.0,0.0,0,0,0
45057766|F|0-60:G>A-60:G>A,45057766,60:G>A,60,PTTO01002634.1_Contig60,13948980,NC_041732.1,5,autosome,1.0,1,1.7299999999999999e-28,0.994681,1.0,1,1,1,1,1,1,1,1,1,0.1261261261261261,0.1261261261261261,0.0625,0.1285046728971962,1,1,0
64983113|F|0-66:G>A-66:G>A,64983113,66:G>A,66,PTTO01000875.1_Contig31,22497496,NC_041730.1,3,autosome,1.0,1,1.7299999999999999e-28,0.989362,1.0,1,1,1,1,1,1,1,1,0,0.0022522522522522,0.0022522522522522,0.0,0.0023364485981308,0,1,0
100008898|F|0-31:T>C-31:T>C,100008898,31:T>C,31,PTTO01003276.1_Contig54,13629581,NC_041738.1,11,autosome,1.0,1,1.7299999999999999e-28,0.978723,1.0,1,1,1,1,1,1,1,1,0,0.0022522522522522,0.0022522522522522,0.0,0.0023364485981308,0,1,0
45057773|F|0-21:C>G-21:C>G,45057773,21:C>G,21,PTTO01000765.1_Contig334,3820737,NC_041729.1,2,autosome,1.0,1,1.7299999999999999e-28,1.0,1.0,1,1,1,1,1,1,1,1,1,0.1036036036036036,0.1036036036036036,0.125,0.102803738317757,1,1,0
45057783|F|0-59:T>G-59:T>G,45057783,59:T>G,59,PTTO01000875.1_Contig31,6936746,NC_041730.1,3,autosome,1.0,1,1.7299999999999999e-28,0.994681,1.0,1,1,1,1,1,1,1,1,1,0.1058558558558558,0.1058558558558558,0.0,0.1098130841121495,0,1,0
45057787|F|0-44:T>C-44:T>C,45057787,44:T>C,44,PTTO01000885.1_Contig10,1462817,NC_041744.1,17,autosome,1.0,1,1.7299999999999999e-28,0.994681,1.0,1,1,1,1,1,1,1,1,1,0.1216216216216216,0.1216216216216216,0.0,0.1261682242990654,0,1,0
45057795|F|0-9:A>C-9:A>C,45057795,9:A>C,9,PTTO01002476.1_Contig0,70493397,NC_041728.1,1,autosome,1.0,1,1.7299999999999999e-28,1.0,1.0,1,1,1,1,1,1,1,1,1,0.3265765765765765,0.3265765765765765,0.25,0.3294392523364486,1,1,0
45057798|F|0-33:G>C-33:G>C,45057798,33:G>C,33,PTTO01001283.1_Contig4384,396901,NC_041746.1,19,autosome,1.0,1,1.7299999999999999e-28,1.0,1.0,1,1,1,1,1,1,1,1,1,0.0135135135135135,0.0135135135135135,0.0,0.014018691588785,0,1,0
95136678|F|0-30:A>T-30:A>T,95136678,30:A>T,30,PTTO01000765.1_Contig334,25503894,NC_041729.1,2,autosome,1.0,1,1.7299999999999999e-28,1.0,1.0,1,1,1,1,1,1,1,1,0,0.0,0.0,0.0,0.0,0,0,0
45057809|F|0-9:G>A-9:G>A,45057809,9:G>A,9,PTTO01002104.1_Contig16,4690196,NC_041732.1,5,autosome,1.0,1,1.7299999999999999e-28,0.99734,1.0,1,1,1,1,1,1,1,1,1,0.0608108108108108,0.0608108108108108,0.0,0.0630841121495327,0,1,0
100008941|F|0-11:A>G-11:A>G,100008941,11:A>G,11,PTTO01001633.1_Contig312,23206789,NC_041739.1,12,autosome,1.0,1,1.7299999999999999e-28,0.984043,1.0,1,1,1,1,1,1,1,1,0,0.0022522522522522,0.0022522522522522,0.0,0.0023364485981308,0,1,0
45057824|F|0-59:G>T-59:G>T,45057824,59:G>T,59,PTTO01002261.1_Contig251,10610302,NC_041743.1,16,autosome,1.0,1,1.7299999999999999e-28,0.99734,1.0,1,1,1,1,1,1,1,1,1,0.0135135135135135,0.0135135135135135,0.0,0.014018691588785,0,1,0
45057833|F|0-7:C>A-7:C>A,45057833,7:C>A,7,PTTO01002473.1_Contig1,6044244,NC_041738.1,11,autosome,1.0,1,1.7299999999999999e-28,0.981383,1.0,1,1,1,1,1,1,1,1,1,0.0022522522522522,0.0022522522522522,0.0,0.0023364485981308,0,1,0
45053514|F|0-39:G>T-39:G>T,45053514,39:G>T,39,PTTO01002539.1_Contig4094,452309,NC_041739.1,12,autosome,1.0,1,1.7299999999999999e-28,0.99734,1.0,1,1,1,1,1,1,1,1,1,0.0247747747747747,0.0247747747747747,0.0,0.0257009345794392,0,1,0
45057839|F|0-48:C>T-48:C>T,45057839,48:C>T,48,PTTO01001370.1_Contig26,22453571,NC_041734.1,7,autosome,1.0,18,1.7299999999999999e-28,0.99734,1.0,1,1,1,1,1,1,1,1,1,0.036036036036036,0.036036036036036,0.0,0.0373831775700934,0,1,0
45057854|F|0-65:C>T-65:C>T,45057854,65:C>T,65,PTTO01004492.1_Contig25,8203345,NC_041732.1,5,autosome,1.0,1,1.7299999999999999e-28,0.99734,1.0,1,1,1,1,1,1,1,1,0,0.4391891891891892,0.4391891891891892,0.0625,0.4532710280373832,1,1,0
45057860|F|0-8:G>A-8:G>A,45057860,8:G>A,8,PTTO01003276.1_Contig54,8806355,NC_041738.1,11,autosome,1.0,1,1.7299999999999999e-28,0.99734,1.0,1,1,1,1,1,1,1,1,1,0.0653153153153153,0.0653153153153153,0.0,0.0677570093457943,0,1,0
45057861|F|0-68:G>T-68:G>T,45057861,68:G>T,68,PTTO01004262.1_Contig52,33879854,NC_041731.1,4,autosome,1.0,1,1.7299999999999999e-28,0.994681,1.0,1,1,1,1,1,1,1,1,1,0.1689189189189189,0.1689189189189189,0.0,0.175233644859813,0,1,0
45057865|F|0-20:G>C-20:G>C,45057865,20:G>C,20,PTTO01000006.1_Contig148,7453934,NC_041734.1,7,autosome,1.0,1,1.7299999999999999e-28,0.968085,1.0,1,1,1,1,1,1,1,1,1,0.0022522522522522,0.0022522522522522,0.0,0.0023364485981308,0,1,0
45057871|F|0-12:C>T-12:C>T,45057871,12:C>T,12,PTTO01002264.1_Contig200,1760115,NC_041732.1,5,autosome,1.0,1,1.7299999999999999e-28,0.99734,1.0,1,1,1,1,1,1,1,1,1,0.1058558558558558,0.1058558558558558,0.0,0.1098130841121495,0,1,0
45057874|F|0-16:G>T-16:G>T,45057874,16:G>T,16,PTTO01001611.1_Contig3553,1304215,NC_041739.1,12,autosome,1.0,71,8.05e-27,1.0,1.0,1,1,1,1,1,1,1,1,1,0.3603603603603603,0.3603603603603603,0.1875,0.366822429906542,1,1,0
45057898|F|0-55:T>A-55:T>A,45057898,55:T>A,55,PTTO01003256.1_Contig153,6305180,NC_041746.1,19,autosome,1.0,1,1.7299999999999999e-28,0.994681,1.0,1,1,1,1,1,1,1,1,1,0.054054054054054,0.054054054054054,0.0,0.0560747663551401,0,1,0
45057901|F|0-51:A>C-51:A>C,45057901,51:A>C,51,PTTO01001051.1_Contig4,5260437,NC_041737.1,10,autosome,1.0,1,2.9000000000000004e-26,0.99734,1.0,1,1,1,1,1,1,1,1,1,0.0067567567567567,0.0067567567567567,0.0,0.0070093457943925,0,1,0
45057904|F|0-12:C>T-12:C>T,45057904,12:C>T,12,PTTO01001349.1_Contig23,29535536,NC_041736.1,9,autosome,1.0,1,4.1699999999999996e-24,0.99734,1.0,1,1,1,1,1,1,1,1,1,0.0112612612612612,0.0112612612612612,0.125,0.0070093457943925,1,1,0
45057926|F|0-15:C>T-15:C>T,45057926,15:C>T,15,PTTO01000311.1_Contig4505,954776,NC_041731.1,4,autosome,1.0,1,1.68e-22,0.99734,1.0,1,1,1,1,1,1,1,1,1,0.0698198198198198,0.0698198198198198,0.0,0.072429906542056,0,1,0
45057932|F|0-5:G>T-5:G>T,45057932,5:G>T,5,PTTO01000571.1_Contig170,7129319,NC_041730.1,3,autosome,1.0,6,1.7299999999999999e-28,1.0,1.0,1,1,1,1,1,1,1,1,1,0.045045045045045,0.045045045045045,0.0,0.0467289719626168,0,1,0
45064179|F|0-48:C>T-48:C>T,45064179,48:C>T,48,PTTO01001748.1_Contig327,121575,NC_041734.1,7,autosome,1.0,1,1.7299999999999999e-28,0.99734,1.0,1,1,1,1,1,1,1,1,1,0.2387387387387387,0.2387387387387387,0.0,0.2476635514018691,0,1,1
45057938|F|0-43:C>T-43:C>T,45057938,43:C>T,43,PTTO01001940.1_Contig353,17224712,NC_041731.1,4,autosome,1.0,1,3.75e-25,0.99734,1.0,1,1,1,1,1,1,1,1,1,0.3063063063063063,0.3063063063063063,0.5,0.2990654205607476,1,1,0
45064183|F|0-7:G>A-7:G>A,45064183,7:G>A,7,PTTO01002899.1_Contig125,443588,NC_041731.1,4,autosome,1.0,1,1.7299999999999999e-28,1.0,1.0,1,1,1,1,1,1,1,1,1,0.0157657657657657,0.0157657657657657,0.0,0.0163551401869158,0,1,0
64977075|F|0-32:C>A-32:C>A,64977075,32:C>A,32,PTTO01001236.1_Contig336,9150947,NC_041746.1,19,autosome,1.0,1,1.7299999999999999e-28,1.0,1.0,1,1,1,1,1,1,1,1,0,0.0045045045045045,0.0045045045045045,0.0,0.0046728971962616,0,1,0
45057952|F|0-59:C>A-59:C>A,45057952,59:C>A,59,PTTO01001940.1_Contig353,19845521,NC_041731.1,4,autosome,1.0,1,1.7299999999999999e-28,0.99734,1.0,1,1,1,1,1,1,1,1,1,0.0112612612612612,0.0112612612612612,0.0,0.0116822429906542,0,1,0
45057955|F|0-13:C>A-13:C>A,45057955,13:C>A,13,PTTO01002104.1_Contig16,40975689,NC_041732.1,5,autosome,1.0,1,1.7299999999999999e-28,0.994681,1.0,1,1,1,1,1,1,1,1,1,0.009009009009009,0.009009009009009,0.0,0.0093457943925233,0,1,0
45057961|F|0-63:A>C-63:A>C,45057961,63:A>C,63,PTTO01002187.1_Contig64,5546781,NC_041747.1,20,autosome,1.0,1,1.7299999999999999e-28,0.99734,1.0,1,1,1,1,1,1,1,1,1,0.0022522522522522,0.0022522522522522,0.0,0.0023364485981308,0,1,0
45057963|F|0-57:G>A-57:G>A,45057963,57:G>A,57,PTTO01002476.1_Contig0,50341270,NC_041728.1,1,autosome,1.0,1,1.7299999999999999e-28,0.99734,1.0,1,1,1,1,1,1,1,1,1,0.4639639639639639,0.4639639639639639,0.8125,0.4509345794392523,1,1,0
45057965|F|0-44:C>T-44:C>T,45057965,44:C>T,44,PTTO01000006.1_Contig148,15172757,NC_041734.1,7,autosome,1.0,1,1.7299999999999999e-28,0.99734,1.0,1,1,1,1,1,1,1,1,1,0.0067567567567567,0.0067567567567567,0.0,0.0070093457943925,0,1,0
45057968|F|0-17:T>C-17:T>C,45057968,17:T>C,17,PTTO01002784.1_Contig154,453085,NC_041733.1,6,autosome,1.0,1,1.7299999999999999e-28,0.994681,1.0,1,1,1,1,1,1,1,1,1,0.3671171171171171,0.3671171171171171,0.3125,0.3691588785046729,1,1,0
45057972|F|0-42:G>A-42:G>A,45057972,42:G>A,42,PTTO01001370.1_Contig26,3017509,NC_041734.1,7,autosome,1.0,1,1.7299999999999999e-28,0.99734,1.0,1,1,1,1,1,1,1,1,1,0.054054054054054,0.054054054054054,0.0,0.0560747663551401,0,1,0
45057975|F|0-20:T>G-20:T>G,45057975,20:T>G,20,PTTO01001241.1_Contig276,1381955,NC_041740.1,13,autosome,1.0,1,1.7299999999999999e-28,1.0,1.0,1,1,1,1,1,1,1,1,1,0.240990990990991,0.240990990990991,0.0,0.25,0,1,0
100009109|F|0-66:G>T-66:G>T,100009109,66:G>T,66,PTTO01003671.1_Contig19,8301462,NC_041735.1,8,autosome,1.0,1,1.7299999999999999e-28,0.976064,1.0,1,1,1,1,1,1,1,1,0,0.0,0.0,0.0,0.0,0,0,0
64987378|F|0-61:G>C-61:G>C,64987378,61:G>C,61,PTTO01002551.1_Contig1866,493585,NC_041729.1,2,autosome,1.0,1,1.7299999999999999e-28,0.99734,1.0,1,1,1,1,1,1,1,1,0,0.0,0.0,0.0,0.0,0,0,0
45057985|F|0-51:C>A-51:C>A,45057985,51:C>A,51,PTTO01002057.1_Contig2,521335,NC_041730.1,3,autosome,1.0,1,1.7299999999999999e-28,0.99734,1.0,1,1,1,1,1,1,1,1,1,0.1756756756756756,0.1756756756756756,0.125,0.1775700934579439,1,1,0
45064202|F|0-20:C>T-20:C>T,45064202,20:C>T,20,PTTO01002264.1_Contig200,534300,NC_041732.1,5,autosome,1.0,1,5.85e-22,1.0,1.0,1,1,1,1,1,1,1,1,1,0.0472972972972973,0.0472972972972973,0.0,0.0490654205607476,0,1,0
45057992|F|0-28:T>A-28:T>A,45057992,28:T>A,28,PTTO01002624.1_Contig32,39020081,NC_041728.1,1,autosome,1.0,1,1.7299999999999999e-28,0.994681,1.0,1,1,1,1,1,1,1,1,1,0.0022522522522522,0.0022522522522522,0.0,0.0023364485981308,0,1,0
45058028|F|0-56:C>T-56:C>T,45058028,56:C>T,56,PTTO01004148.1_Contig220,567145,NC_041738.1,11,autosome,1.0,1,1.7299999999999999e-28,0.994681,1.0,1,1,1,1,1,1,1,1,1,0.0202702702702702,0.0202702702702702,0.0,0.0210280373831775,0,1,0
45058033|F|0-52:G>A-52:G>A,45058033,52:G>A,52,PTTO01000947.1_Contig1049,5227969,NC_041739.1,12,autosome,1.0,1,1.7299999999999999e-28,0.99734,1.0,1,1,1,1,1,1,1,1,1,0.0202702702702702,0.0202702702702702,0.0,0.0210280373831775,0,1,0
45058034|F|0-40:T>A-40:T>A,45058034,40:T>A,40,PTTO01000276.1_Contig319,10831115,NC_041737.1,10,autosome,1.0,1,1.7299999999999999e-28,0.99734,1.0,1,1,1,1,1,1,1,1,1,0.0292792792792792,0.0292792792792792,0.0,0.0303738317757009,0,1,0
64977159|F|0-17:C>T-17:C>T,64977159,17:C>T,17,PTTO01001633.1_Contig312,9111338,NC_041739.1,12,autosome,1.0,1,1.7299999999999999e-28,0.994681,1.0,1,1,1,1,1,1,1,1,0,0.0112612612612612,0.0112612612612612,0.0,0.0116822429906542,0,1,0
45058045|F|0-14:G>A-14:G>A,45058045,14:G>A,14,PTTO01002473.1_Contig1,16923702,NC_041738.1,11,autosome,1.0,1,1.7299999999999999e-28,0.99734,1.0,1,1,1,1,1,1,1,1,1,0.0337837837837837,0.0337837837837837,0.0,0.0350467289719626,0,1,0
45058048|F|0-51:G>C-51:G>C,45058048,51:G>C,51,PTTO01004262.1_Contig52,7783607,NC_041731.1,4,autosome,1.0,1,1.13e-24,0.99734,1.0,1,1,1,1,1,1,1,1,1,0.027027027027027,0.027027027027027,0.0,0.02803738317757,0,1,0
45058056|F|0-17:A>T-17:A>T,45058056,17:A>T,17,PTTO01000376.1_Contig11,20516734,NC_041745.1,18,autosome,1.0,1,8.05e-27,1.0,1.0,1,1,1,1,1,1,1,1,1,0.1328828828828828,0.1328828828828828,0.0,0.1378504672897196,0,1,0
45058064|F|0-13:G>C-13:G>C,45058064,13:G>C,13,PTTO01002793.1_Contig38,5496203,NC_041745.1,18,autosome,1.0,1,1.7299999999999999e-28,0.99734,1.0,1,1,1,1,1,1,1,1,1,0.0022522522522522,0.0022522522522522,0.0,0.0023364485981308,0,1,0
45058072|F|0-31:G>A-31:G>A,45058072,31:G>A,31,PTTO01002793.1_Contig38,7373037,NC_041745.1,18,autosome,1.0,1,1.7299999999999999e-28,0.992021,1.0,1,1,1,1,1,1,1,1,1,0.0045045045045045,0.0045045045045045,0.0625,0.0023364485981308,1,1,0
45064248|F|0-56:G>A-56:G>A,45064248,56:G>A,56,PTTO01000875.1_Contig31,14499266,NC_041730.1,3,autosome,1.0,1,1.7299999999999999e-28,1.0,1.0,1,1,1,1,1,1,1,1,1,0.0495495495495495,0.0495495495495495,0.0,0.0514018691588785,0,1,0
45058080|F|0-42:G>A-42:G>A,45058080,42:G>A,42,PTTO01000885.1_Contig10,6029355,NC_041744.1,17,autosome,1.0,1,1.7299999999999999e-28,0.99734,1.0,1,1,1,1,1,1,1,1,1,0.1801801801801801,0.1801801801801801,0.0625,0.1845794392523364,1,1,0
45058085|F|0-52:C>A-52:C>A,45058085,52:C>A,52,PTTO01001370.1_Contig26,18154852,NC_041734.1,7,autosome,1.0,1,1.7299999999999999e-28,1.0,1.0,1,1,1,1,1,1,1,1,1,0.0405405405405405,0.0405405405405405,0.0,0.0420560747663551,0,1,0
45049129|F|0-67:G>T-67:G>T,45049129,67:G>T,67,PTTO01002476.1_Contig0,96362486,NC_041728.1,1,autosome,1.0,1,1.7299999999999999e-28,0.99734,1.0,1,1,1,1,1,1,1,1,0,0.0,0.0,0.0,0.0,0,0,0
45058107|F|0-44:C>A-44:C>A,45058107,44:C>A,44,PTTO01002545.1_Contig22,15116484,NC_041728.1,1,autosome,1.0,1,8.05e-27,0.99734,1.0,1,1,1,1,1,1,1,1,1,0.1531531531531531,0.1531531531531531,0.0,0.1588785046728972,0,1,0
45058114|F|0-16:G>A-16:G>A,45058114,16:G>A,16,PTTO01001370.1_Contig26,14250746,NC_041734.1,7,autosome,1.0,1,1.7299999999999999e-28,0.99734,1.0,1,1,1,1,1,1,1,1,1,0.0112612612612612,0.0112612612612612,0.0,0.0116822429906542,0,1,0
64977223|F|0-22:G>T-22:G>T,64977223,22:G>T,22,PTTO01004189.1_Contig18,31232655,NC_041729.1,2,autosome,1.0,1,1.7299999999999999e-28,0.994681,1.0,1,1,1,1,1,1,1,1,0,0.0,0.0,0.0,0.0,0,0,0
45064270|F|0-33:G>C-33:G>C,45064270,33:G>C,33,PTTO01002476.1_Contig0,89736098,NC_041728.1,1,autosome,1.0,1,1.7299999999999999e-28,0.994681,1.0,1,1,1,1,1,1,1,1,1,0.063063063063063,0.063063063063063,0.1875,0.058411214953271,1,1,0
45058121|F|0-27:T>A-27:T>A,45058121,27:T>A,27,PTTO01002815.1_Contig4081,8292032,NC_041744.1,17,autosome,1.0,1,1.7299999999999999e-28,1.0,1.0,1,1,1,1,1,1,1,1,1,0.2229729729729729,0.2229729729729729,0.0,0.2313084112149532,0,1,0
45058122|F|0-68:T>A-68:T>A,45058122,68:T>A,68,PTTO01000765.1_Contig334,11012132,NC_041729.1,2,autosome,1.0,1,1.7299999999999999e-28,0.99734,1.0,1,1,1,1,1,1,1,1,1,0.0067567567567567,0.0067567567567567,0.0,0.0070093457943925,0,1,0
45058124|F|0-38:G>A-38:G>A,45058124,38:G>A,38,PTTO01002476.1_Contig0,1076366,NC_041728.1,1,autosome,1.0,2,1.7299999999999999e-28,1.0,1.0,1,1,1,1,1,1,1,1,1,0.0112612612612612,0.0112612612612612,0.0,0.0116822429906542,0,1,0
45053535|F|0-29:C>T-29:C>T,45053535,29:C>T,29,PTTO01000705.1_Contig20,659751,NC_041743.1,16,autosome,1.0,1,4.8100000000000006e-23,0.99734,1.0,1,1,1,1,1,1,1,1,1,0.0315315315315315,0.0315315315315315,0.4375,0.0163551401869158,1,1,0
45058133|F|0-17:C>T-17:C>T,45058133,17:C>T,17,PTTO01004492.1_Contig25,5465022,NC_041732.1,5,autosome,1.0,1,1.7299999999999999e-28,0.994681,1.0,1,1,1,1,1,1,1,1,1,0.045045045045045,0.045045045045045,0.125,0.0420560747663551,1,1,0
64977236|F|0-25:G>C-25:G>C,64977236,25:G>C,25,PTTO01003889.1_Contig165,25043756,NC_041729.1,2,autosome,1.0,1,1.7299999999999999e-28,0.99734,1.0,1,1,1,1,1,1,1,1,0,0.0,0.0,0.0,0.0,0,0,0
45058140|F|0-11:G>T-11:G>T,45058140,11:G>T,11,PTTO01002128.1_Contig236,851874,NC_041729.1,2,autosome,1.0,1,1.7299999999999999e-28,0.99734,1.0,1,1,1,1,1,1,1,1,1,0.0045045045045045,0.0045045045045045,0.0,0.0046728971962616,0,1,0
100009262|F|0-61:A>G-61:A>G,100009262,61:A>G,61,PTTO01000974.1_Contig37,61106,NC_041741.1,14,autosome,1.0,2,1.7299999999999999e-28,0.994681,1.0,1,1,1,1,1,1,1,1,0,0.0,0.0,0.0,0.0,0,0,0
64977244|F|0-26:A>C-26:A>C,64977244,26:A>C,26,PTTO01001883.1_Contig281,1994770,NC_041729.1,2,autosome,1.0,1,8.05e-27,1.0,1.0,1,1,1,1,1,1,1,1,0,0.0,0.0,0.0,0.0,0,0,0
45058153|F|0-41:C>T-41:C>T,45058153,41:C>T,41,PTTO01001678.1_Contig35,3650784,NC_041737.1,10,autosome,1.0,24,1.7299999999999999e-28,0.994681,1.0,1,1,1,1,1,1,1,1,1,0.0292792792792792,0.0292792792792792,0.25,0.0210280373831775,1,1,0
45058154|F|0-66:C>T-66:C>T,45058154,66:C>T,66,PTTO01002545.1_Contig22,21934647,NC_041728.1,1,autosome,1.0,1,1.7299999999999999e-28,0.994681,1.0,1,1,1,1,1,1,1,1,1,0.063063063063063,0.063063063063063,0.0,0.0654205607476635,0,1,0
45058157|F|0-37:A>T-37:A>T,45058157,37:A>T,37,PTTO01000974.1_Contig37,30030547,NC_041741.1,14,autosome,1.0,1,1.7299999999999999e-28,1.0,1.0,1,1,1,1,1,1,1,1,1,0.0405405405405405,0.0405405405405405,0.0,0.0420560747663551,0,1,0
45058158|F|0-12:C>T-12:C>T,45058158,12:C>T,12,PTTO01004492.1_Contig25,6338355,NC_041732.1,5,autosome,1.0,1,6.41e-22,0.994681,1.0,1,1,1,1,1,1,1,1,1,0.4279279279279279,0.4279279279279279,0.0,0.4439252336448598,0,1,0
45058173|F|0-54:G>T-54:G>T,45058173,54:G>T,54,PTTO01002476.1_Contig0,85443890,NC_041728.1,1,autosome,1.0,1,1.7299999999999999e-28,0.99734,1.0,1,1,1,1,1,1,1,1,1,0.0315315315315315,0.0315315315315315,0.0,0.0327102803738317,0,1,0
45058176|F|0-42:A>C-42:A>C,45058176,42:A>C,42,PTTO01004427.1_Contig106,4471444,NC_041739.1,12,autosome,1.0,1,1.7299999999999999e-28,0.994681,1.0,1,1,1,1,1,1,1,1,1,0.0045045045045045,0.0045045045045045,0.0625,0.0023364485981308,1,1,0
64981611|F|0-11:A>T-11:A>T,64981611,11:A>T,11,PTTO01000166.1_Contig207,482592,NC_041747.1,20,autosome,1.0,1,1.7299999999999999e-28,0.99734,1.0,1,1,1,1,1,1,1,1,0,0.0022522522522522,0.0022522522522522,0.0,0.0023364485981308,0,1,0
45058189|F|0-60:A>T-60:A>T,45058189,60:A>T,60,PTTO01001349.1_Contig23,11748617,NC_041736.1,9,autosome,1.0,1,1.7299999999999999e-28,1.0,1.0,1,1,1,1,1,1,1,1,1,0.0112612612612612,0.0112612612612612,0.0,0.0116822429906542,0,1,0
64977289|F|0-37:G>A-37:G>A,64977289,37:G>A,37,PTTO01000318.1_Contig139,20065980,NC_041730.1,3,autosome,1.0,2,1.7299999999999999e-28,1.0,1.0,1,1,1,1,1,1,1,1,0,0.0,0.0,0.0,0.0,0,0,0
45058192|F|0-60:C>G-60:C>G,45058192,60:C>G,60,PTTO01001678.1_Contig35,13536640,NC_041737.1,10,autosome,1.0,1,1.7299999999999999e-28,1.0,1.0,1,1,1,1,1,1,1,1,1,0.0495495495495495,0.0495495495495495,0.0,0.0514018691588785,0,1,0
45058194|F|0-27:G>T-27:G>T,45058194,27:G>T,27,PTTO01000659.1_Contig3311,23490763,NC_041731.1,4,autosome,1.0,1,1.7299999999999999e-28,1.0,1.0,1,1,1,1,1,1,1,1,1,0.1801801801801801,0.1801801801801801,0.5625,0.1658878504672897,1,1,0
45064318|F|0-28:G>A-28:G>A,45064318,28:G>A,28,PTTO01004189.1_Contig18,7820095,NC_041729.1,2,autosome,1.0,1,1.7299999999999999e-28,0.99734,1.0,1,1,1,1,1,1,1,1,1,0.0878378378378378,0.0878378378378378,0.0,0.0911214953271028,0,1,0
64987387|F|0-33:C>T-33:C>T,64987387,33:C>T,33,PTTO01002476.1_Contig0,67599021,NC_041728.1,1,autosome,1.0,14,1.7299999999999999e-28,1.0,1.0,1,1,1,1,1,1,1,1,0,0.0067567567567567,0.0067567567567567,0.0625,0.0046728971962616,1,1,0
45064320|F|0-20:T>A-20:T>A,45064320,20:T>A,20,PTTO01001839.1_Contig208,11564950,NC_041741.1,14,autosome,1.0,1,1.7299999999999999e-28,0.99734,1.0,1,1,1,1,1,1,1,1,1,0.0067567567567567,0.0067567567567567,0.0,0.0070093457943925,0,1,0
45053516|F|0-57:T>A-57:T>A,45053516,57:T>A,57,PTTO01002104.1_Contig16,16339861,NC_041732.1,5,autosome,1.0,1,1.7299999999999999e-28,0.99734,1.0,1,1,1,1,1,1,1,1,1,0.0247747747747747,0.0247747747747747,0.0,0.0257009345794392,0,1,0
45058210|F|0-43:G>A-43:G>A,45058210,43:G>A,43,PTTO01000376.1_Contig11,25280706,NC_041745.1,18,autosome,1.0,1,1.7299999999999999e-28,1.0,1.0,1,1,1,1,1,1,1,1,1,0.0067567567567567,0.0067567567567567,0.0,0.0070093457943925,0,1,0
45058219|F|0-57:G>A-57:G>A,45058219,57:G>A,57,PTTO01001051.1_Contig4,17227472,NC_041737.1,10,autosome,1.0,1,1.7299999999999999e-28,0.960106,1.0,1,1,1,1,1,1,1,1,1,0.009009009009009,0.009009009009009,0.0,0.0093457943925233,0,1,0
45058221|F|0-51:A>C-51:A>C,45058221,51:A>C,51,PTTO01000875.1_Contig31,12882743,NC_041730.1,3,autosome,1.0,1,1.7299999999999999e-28,1.0,1.0,1,1,1,1,1,1,1,1,1,0.0022522522522522,0.0022522522522522,0.0,0.0023364485981308,0,1,0
64977319|F|0-60:C>T-60:C>T,64977319,60:C>T,60,PTTO01000959.1_Contig66,4620620,NC_041748.1,21,autosome,1.0,491,1.7299999999999999e-28,0.992021,1.0,1,1,1,1,1,1,1,1,0,0.0,0.0,0.0,0.0,0,0,0
45058228|F|0-31:G>A-31:G>A,45058228,31:G>A,31,PTTO01004189.1_Contig18,21371542,NC_041729.1,2,autosome,1.0,1,1.7299999999999999e-28,0.994681,1.0,1,1,1,1,1,1,1,1,1,0.0247747747747747,0.0247747747747747,0.125,0.0210280373831775,1,1,0
45058234|F|0-8:C>G-8:C>G,45058234,8:C>G,8,PTTO01004305.1_Contig271,2189539,NC_041732.1,5,autosome,1.0,2,8.05e-27,0.99734,1.0,1,1,1,1,1,1,1,1,1,0.5292792792792793,0.4707207207207207,0.6875,0.5233644859813084,1,1,0
64977334|F|0-58:G>A-58:G>A,64977334,58:G>A,58,PTTO01002822.1_Contig364,9495531,NC_041731.1,4,autosome,1.0,1,1.7299999999999999e-28,0.99734,1.0,1,1,1,1,1,1,1,1,0,0.0,0.0,0.0,0.0,0,0,0
100009389|F|0-14:T>C-14:T>C,100009389,14:T>C,14,PTTO01000974.1_Contig37,16128631,NC_041741.1,14,autosome,1.0,1,1.7299999999999999e-28,1.0,1.0,1,1,1,1,1,1,1,1,0,0.0,0.0,0.0,0.0,0,0,0
64985939|F|0-66:T>A-66:T>A,64985939,66:T>A,66,PTTO01002476.1_Contig0,31895957,NC_041728.1,1,autosome,1.0,1,1.7299999999999999e-28,0.994681,1.0,1,1,1,1,1,1,1,1,0,0.0,0.0,0.0,0.0,0,0,0
64977349|F|0-53:C>G-53:C>G,64977349,53:C>G,53,PTTO01002476.1_Contig0,88722232,NC_041728.1,1,autosome,1.0,1,1.7299999999999999e-28,0.994681,1.0,1,1,1,1,1,1,1,1,0,0.0022522522522522,0.0022522522522522,0.0,0.0023364485981308,0,1,0
64972676|F|0-16:C>T-16:C>T,64972676,16:C>T,16,PTTO01000318.1_Contig139,187387,NC_041730.1,3,autosome,1.0,1,1.7299999999999999e-28,0.99734,1.0,1,1,1,1,1,1,1,1,0,0.0022522522522522,0.0022522522522522,0.0,0.0023364485981308,0,1,0
45058257|F|0-39:G>A-39:G>A,45058257,39:G>A,39,PTTO01000705.1_Contig20,235654,NC_041743.1,16,autosome,1.0,1,1.7299999999999999e-28,0.99734,1.0,1,1,1,1,1,1,1,1,1,0.0247747747747747,0.0247747747747747,0.125,0.0210280373831775,1,1,0
45058259|F|0-25:C>T-25:C>T,45058259,25:C>T,25,PTTO01001320.1_Contig70,1874351,NC_041731.1,4,autosome,1.0,1,5.85e-22,0.994681,1.0,1,1,1,1,1,1,1,1,1,0.0225225225225225,0.0225225225225225,0.0,0.0233644859813084,0,1,0
64977385|F|0-44:G>A-44:G>A,64977385,44:G>A,44,PTTO01000318.1_Contig139,20310431,NC_041730.1,3,autosome,1.0,1,1.7299999999999999e-28,0.994681,1.0,1,1,1,1,1,1,1,1,0,0.009009009009009,0.009009009009009,0.0,0.0093457943925233,0,1,0
45058282|F|0-68:G>T-68:G>T,45058282,68:G>T,68,PTTO01002545.1_Contig22,12897205,NC_041728.1,1,autosome,1.0,1,1.7299999999999999e-28,1.0,1.0,1,1,1,1,1,1,1,1,1,0.009009009009009,0.009009009009009,0.0,0.0093457943925233,0,1,0
64983289|F|0-12:C>T-12:C>T,64983289,12:C>T,12,PTTO01004305.1_Contig271,2181519,NC_041732.1,5,autosome,1.0,1,8.05e-27,1.0,1.0,1,1,1,1,1,1,1,1,0,0.0,0.0,0.0,0.0,0,0,0
64977393|F|0-30:A>T-30:A>T,64977393,30:A>T,30,PTTO01004194.1_Contig13,1804547,NC_041743.1,16,autosome,1.0,1,1.7299999999999999e-28,0.99734,1.0,1,1,1,1,1,1,1,1,0,0.0022522522522522,0.0022522522522522,0.0,0.0023364485981308,0,1,0
45058292|F|0-17:G>C-17:G>C,45058292,17:G>C,17,PTTO01002473.1_Contig1,422273,NC_041738.1,11,autosome,1.0,1,1.7299999999999999e-28,0.99734,1.0,1,1,1,1,1,1,1,1,1,0.0045045045045045,0.0045045045045045,0.0625,0.0023364485981308,1,1,0
45058302|F|0-67:G>T-67:G>T,45058302,67:G>T,67,PTTO01000376.1_Contig11,5699497,NC_041745.1,18,autosome,1.0,1,2.24e-27,1.0,1.0,1,1,1,1,1,1,1,1,1,0.0382882882882882,0.0382882882882882,0.0,0.0397196261682243,0,1,0
45058314|F|0-21:T>G-21:T>G,45058314,21:T>G,21,PTTO01000873.1_Contig3269,795488,NC_041729.1,2,autosome,1.0,1,1.7299999999999999e-28,0.99734,1.0,1,1,1,1,1,1,1,1,1,0.0045045045045045,0.0045045045045045,0.0,0.0046728971962616,0,1,0
45058316|F|0-35:C>T-35:C>T,45058316,35:C>T,35,PTTO01001633.1_Contig312,27697773,NC_041739.1,12,autosome,1.0,1,8.05e-27,0.994681,1.0,1,1,1,1,1,1,1,1,1,0.3175675675675675,0.3175675675675675,0.5,0.3107476635514019,1,1,0
45058318|F|0-32:C>T-32:C>T,45058318,32:C>T,32,PTTO01001241.1_Contig276,10934079,NC_041740.1,13,autosome,1.0,1,1.7299999999999999e-28,0.99734,1.0,1,1,1,1,1,1,1,1,1,0.481981981981982,0.481981981981982,0.25,0.4906542056074766,1,1,0
100009476|F|0-14:C>T-14:C>T,100009476,14:C>T,14,PTTO01000536.1_Contig98,5271732,NC_041735.1,8,autosome,1.0,2,1.7299999999999999e-28,0.984043,1.0,1,1,1,1,1,1,1,1,0,0.0,0.0,0.0,0.0,0,0,0
64977423|F|0-48:C>T-48:C>T,64977423,48:C>T,48,PTTO01002261.1_Contig251,893200,NC_041743.1,16,autosome,1.0,1,1.7299999999999999e-28,0.994681,1.0,1,1,1,1,1,1,1,1,0,0.0,0.0,0.0,0.0,0,0,0
45058339|F|0-13:G>A-13:G>A,45058339,13:G>A,13,PTTO01001370.1_Contig26,1645314,NC_041734.1,7,autosome,1.0,1,1.7299999999999999e-28,1.0,1.0,1,1,1,1,1,1,1,1,1,0.0022522522522522,0.0022522522522522,0.0,0.0023364485981308,0,1,0
100009501|F|0-60:C>T-60:C>T,100009501,60:C>T,60,PTTO01001241.1_Contig276,12180805,NC_041740.1,13,autosome,1.0,1,1.7299999999999999e-28,0.99734,1.0,1,1,1,1,1,1,1,1,0,0.0,0.0,0.0,0.0,0,0,0
45058342|F|0-54:C>T-54:C>T,45058342,54:C>T,54,PTTO01002104.1_Contig16,32277386,NC_041732.1,5,autosome,1.0,1,1.7299999999999999e-28,1.0,1.0,1,1,1,1,1,1,1,1,1,0.2477477477477477,0.2477477477477477,0.5625,0.2359813084112149,1,1,0
45059954|F|0-5:T>G-5:T>G,45059954,5:T>G,5,PTTO01000318.1_Contig139,18443996,NC_041730.1,3,autosome,1.0,1,1.7299999999999999e-28,1.0,1.0,1,1,1,1,1,1,1,1,1,0.09009009009009,0.09009009009009,0.0,0.0934579439252336,0,1,0
100009524|F|0-24:T>C-24:T>C,100009524,24:T>C,24,PTTO01000765.1_Contig334,15659320,NC_041729.1,2,autosome,1.0,1,1.7299999999999999e-28,0.986702,1.0,1,1,1,1,1,1,1,1,0,0.0022522522522522,0.0022522522522522,0.0,0.0023364485981308,0,1,0
45058353|F|0-23:A>T-23:A>T,45058353,23:A>T,23,PTTO01003422.1_Contig3522,542253,NC_041738.1,11,autosome,1.0,1,1.7299999999999999e-28,0.99734,1.0,1,1,1,1,1,1,1,1,1,0.0292792792792792,0.0292792792792792,0.0,0.0303738317757009,0,1,0
64977459|F|0-41:G>C-41:G>C,64977459,41:G>C,41,PTTO01001244.1_Contig55,6396671,NC_041738.1,11,autosome,1.0,1,1.7299999999999999e-28,1.0,1.0,1,1,1,1,1,1,1,1,0,0.0,0.0,0.0,0.0,0,0,0
45064377|F|0-61:G>A-61:G>A,45064377,61:G>A,61,PTTO01002104.1_Contig16,31905327,NC_041732.1,5,autosome,1.0,1,1.7299999999999999e-28,1.0,1.0,1,1,1,1,1,1,1,1,1,0.0157657657657657,0.0157657657657657,0.0,0.0163551401869158,0,1,0
64977471|F|0-21:C>A-21:C>A,64977471,21:C>A,21,PTTO01001349.1_Contig23,20350993,NC_041736.1,9,autosome,1.0,1,1.7299999999999999e-28,1.0,1.0,1,1,1,1,1,1,1,1,0,0.0,0.0,0.0,0.0,0,0,0
45058362|F|0-27:C>G-27:C>G,45058362,27:C>G,27,PTTO01002793.1_Contig38,9759154,NC_041745.1,18,autosome,1.0,1,1.7299999999999999e-28,0.994681,1.0,1,1,1,1,1,1,1,1,1,0.009009009009009,0.009009009009009,0.0,0.0093457943925233,0,1,0
45058381|F|0-60:G>A-60:G>A,45058381,60:G>A,60,PTTO01001241.1_Contig276,9668168,NC_041740.1,13,autosome,1.0,1,8.05e-27,0.99734,1.0,1,1,1,1,1,1,1,1,1,0.2252252252252252,0.2252252252252252,0.125,0.2289719626168224,1,1,0
64977484|F|0-51:C>T-51:C>T,64977484,51:C>T,51,PTTO01002476.1_Contig0,84787630,NC_041728.1,1,autosome,1.0,1,1.7299999999999999e-28,0.99734,1.0,1,1,1,1,1,1,1,1,0,0.009009009009009,0.009009009009009,0.0,0.0093457943925233,0,1,0
45058383|F|0-14:C>T-14:C>T,45058383,14:C>T,14,PTTO01002104.1_Contig16,53179885,NC_041732.1,5,autosome,1.0,1,2.9000000000000004e-26,1.0,1.0,1,1,1,1,1,1,1,1,1,0.0765765765765765,0.0765765765765765,0.0,0.0794392523364486,0,1,0
45053536|F|0-8:C>T-8:C>T,45053536,8:C>T,8,PTTO01000659.1_Contig3311,16292656,NC_041731.1,4,autosome,1.0,1,9.21e-26,0.994681,1.0,1,1,1,1,1,1,1,1,1,0.0135135135135135,0.0135135135135135,0.0,0.014018691588785,0,1,0
45058388|F|0-28:C>T-28:C>T,45058388,28:C>T,28,PTTO01000376.1_Contig11,4073201,NC_041745.1,18,autosome,1.0,1,1.7299999999999999e-28,0.99734,1.0,1,1,1,1,1,1,1,1,1,0.0337837837837837,0.0337837837837837,0.0,0.0350467289719626,0,1,0
100009560|F|0-43:G>T-43:G>T,100009560,43:G>T,43,PTTO01002057.1_Contig2,25990360,NC_041730.1,3,autosome,1.0,1,8.05e-27,0.970745,1.0,1,1,1,1,1,1,1,1,0,0.0,0.0,0.0,0.0,0,0,0
45053603|F|0-25:G>A-25:G>A,45053603,25:G>A,25,PTTO01002545.1_Contig22,9146445,NC_041728.1,1,autosome,1.0,1,2.9000000000000004e-26,1.0,1.0,1,1,1,1,1,1,1,1,1,0.0855855855855855,0.0855855855855855,0.0,0.0887850467289719,0,1,0
45064399|F|0-19:G>C-19:G>C,45064399,19:G>C,19,PTTO01001236.1_Contig336,3087141,NC_041746.1,19,autosome,1.0,1,1.13e-24,1.0,1.0,1,1,1,1,1,1,1,1,1,0.0765765765765765,0.0765765765765765,0.0,0.0794392523364486,0,1,0
100009575|F|0-53:G>A-53:G>A,100009575,53:G>A,53,PTTO01001678.1_Contig35,13883908,NC_041737.1,10,autosome,1.0,1,1.7299999999999999e-28,0.976064,1.0,1,1,1,1,1,1,1,1,0,0.0022522522522522,0.0022522522522522,0.0,0.0023364485981308,0,1,0
45058410|F|0-38:T>A-38:T>A,45058410,38:T>A,38,PTTO01000700.1_Contig3723,5575260,NC_041730.1,3,autosome,1.0,1,1.7299999999999999e-28,0.99734,1.0,1,1,1,1,1,1,1,1,1,0.3063063063063063,0.3063063063063063,0.5,0.2990654205607476,1,1,0
45058413|F|0-8:T>A-8:T>A,45058413,8:T>A,8,PTTO01003276.1_Contig54,11903661,NC_041738.1,11,autosome,1.0,1,1.7299999999999999e-28,1.0,1.0,1,1,1,1,1,1,1,1,1,0.0022522522522522,0.0022522522522522,0.0,0.0023364485981308,0,1,0
45058429|F|0-10:G>A-10:G>A,45058429,10:G>A,10,PTTO01001315.1_Contig92,2000490,NC_041742.1,15,autosome,1.0,1,8.05e-27,1.0,1.0,1,1,1,1,1,1,1,1,1,0.4436936936936937,0.4436936936936937,0.1875,0.4532710280373832,1,1,0
45058436|F|0-50:G>A-50:G>A,45058436,50:G>A,50,PTTO01002104.1_Contig16,18342200,NC_041732.1,5,autosome,1.0,1,1.7299999999999999e-28,1.0,1.0,1,1,1,1,1,1,1,1,1,0.1013513513513513,0.1013513513513513,0.0,0.1051401869158878,0,1,0
45058443|F|0-23:C>A-23:C>A,45058443,23:C>A,23,PTTO01002473.1_Contig1,1761499,NC_041738.1,11,autosome,1.0,1,8.05e-27,1.0,1.0,1,1,1,1,1,1,1,1,1,0.1351351351351351,0.1351351351351351,0.0,0.1401869158878504,0,1,0
45058445|F|0-56:G>A-56:G>A,45058445,56:G>A,56,PTTO01003425.1_Contig303,5066381,NC_041743.1,16,autosome,1.0,1,1.7299999999999999e-28,0.99734,1.0,1,1,1,1,1,1,1,1,1,0.0135135135135135,0.0135135135135135,0.0,0.014018691588785,0,1,0
45058448|F|0-22:A>G-22:A>G,45058448,22:A>G,22,PTTO01001425.1_Contig235,1798418,NW_021638079.1,unplaced,unplaced,1.0,1,8.05e-27,0.99734,1.0,1,1,1,1,1,1,1,1,1,0.4346846846846847,0.4346846846846847,0.6875,0.4252336448598131,1,1,0
45058449|F|0-43:C>T-43:C>T,45058449,43:C>T,43,PTTO01004189.1_Contig18,30347527,NC_041729.1,2,autosome,1.0,1,1.7299999999999999e-28,0.994681,1.0,1,1,1,1,1,1,1,1,1,0.0067567567567567,0.0067567567567567,0.0,0.0070093457943925,0,1,0
45058453|F|0-34:G>A-34:G>A,45058453,34:G>A,34,PTTO01002473.1_Contig1,11741620,NC_041738.1,11,autosome,1.0,1,1.7299999999999999e-28,0.994681,1.0,1,1,1,1,1,1,1,1,1,0.0112612612612612,0.0112612612612612,0.0,0.0116822429906542,0,1,0
45064435|F|0-18:G>C-18:G>C,45064435,18:G>C,18,PTTO01002624.1_Contig32,15490323,NC_041728.1,1,autosome,1.0,1,8.05e-27,0.99734,1.0,1,1,1,1,1,1,1,1,1,0.5067567567567568,0.4932432432432432,0.0,0.5257009345794392,0,1,0
45067033|F|0-6:C>G-6:C>G,45067033,6:C>G,6,PTTO01002104.1_Contig16,4579493,NC_041732.1,5,autosome,1.0,1,1.7299999999999999e-28,1.0,1.0,1,1,1,1,1,1,1,1,1,0.0495495495495495,0.0495495495495495,0.0,0.0514018691588785,0,1,0
45062098|F|0-35:T>G-35:T>G,45062098,35:T>G,35,PTTO01000875.1_Contig31,23980233,NC_041730.1,3,autosome,1.0,1,1.68e-22,1.0,1.0,1,1,1,1,1,1,1,1,1,0.0067567567567567,0.0067567567567567,0.0,0.0070093457943925,0,1,0
45058471|F|0-46:G>C-46:G>C,45058471,46:G>C,46,PTTO01000408.1_Contig219,1807354,NC_041728.1,1,autosome,1.0,11,1.7299999999999999e-28,0.99734,1.0,1,1,1,1,1,1,1,1,1,0.0022522522522522,0.0022522522522522,0.0,0.0023364485981308,0,1,0
45058472|F|0-52:A>C-52:A>C,45058472,52:A>C,52,PTTO01002624.1_Contig32,6650317,NC_041728.1,1,autosome,1.0,1,1.7299999999999999e-28,0.99734,1.0,1,1,1,1,1,1,1,1,1,0.1058558558558558,0.1058558558558558,0.0,0.1098130841121495,0,1,0
45058473|F|0-66:C>T-66:C>T,45058473,66:C>T,66,PTTO01002545.1_Contig22,16215012,NC_041728.1,1,autosome,1.0,1,1.7299999999999999e-28,0.99734,1.0,1,1,1,1,1,1,1,1,1,0.0135135135135135,0.0135135135135135,0.0,0.014018691588785,0,1,0
100009654|F|0-45:T>C-45:T>C,100009654,45:T>C,45,PTTO01004189.1_Contig18,23440919,NC_041729.1,2,autosome,1.0,1,1.7299999999999999e-28,0.962766,1.0,1,1,1,1,1,1,1,1,0,0.0,0.0,0.0,0.0,0,0,0
45058482|F|0-32:C>T-32:C>T,45058482,32:C>T,32,PTTO01003889.1_Contig165,8957241,NC_041729.1,2,autosome,1.0,1,1.7299999999999999e-28,1.0,1.0,1,1,1,1,1,1,1,1,1,0.1418918918918918,0.1418918918918918,0.0,0.1471962616822429,0,1,0
45058487|F|0-60:T>A-60:T>A,45058487,60:T>A,60,PTTO01004519.1_Contig1477,7868801,NC_041735.1,8,autosome,1.0,1,1.7299999999999999e-28,1.0,1.0,1,1,1,1,1,1,1,1,1,0.0067567567567567,0.0067567567567567,0.0,0.0070093457943925,0,1,0
45058489|F|0-60:G>A-60:G>A,45058489,60:G>A,60,PTTO01003571.1_Contig67,10238587,NC_041736.1,9,autosome,1.0,1,1.7299999999999999e-28,1.0,1.0,1,1,1,1,1,1,1,1,1,0.0427927927927927,0.0427927927927927,0.0,0.0443925233644859,0,1,0
45058491|F|0-51:G>A-51:G>A,45058491,51:G>A,51,PTTO01002104.1_Contig16,21882094,NC_041732.1,5,autosome,1.0,1,1.7299999999999999e-28,0.99734,1.0,1,1,1,1,1,1,1,1,1,0.072072072072072,0.072072072072072,0.125,0.0700934579439252,1,1,0
45058504|F|0-29:G>T-29:G>T,45058504,29:G>T,29,PTTO01003889.1_Contig165,2918730,NC_041729.1,2,autosome,1.0,1,8.05e-27,1.0,1.0,1,1,1,1,1,1,1,1,1,0.4256756756756756,0.4256756756756756,1.0,0.4042056074766355,0,1,0
45058510|F|0-40:C>A-40:C>A,45058510,40:C>A,40,PTTO01001940.1_Contig353,7674879,NC_041731.1,4,autosome,1.0,1,6.23e-28,0.99734,1.0,1,1,1,1,1,1,1,1,1,0.036036036036036,0.036036036036036,0.0,0.0373831775700934,0,1,0
64977627|F|0-7:T>G-7:T>G,64977627,7:T>G,7,PTTO01002967.1_Contig85,11981849,NC_041733.1,6,autosome,1.0,1,1.7299999999999999e-28,0.99734,1.0,1,1,1,1,1,1,1,1,0,0.0,0.0,0.0,0.0,0,0,0
45058514|F|0-31:G>A-31:G>A,45058514,31:G>A,31,PTTO01001839.1_Contig208,321892,NC_041741.1,14,autosome,1.0,1,1.7299999999999999e-28,1.0,1.0,1,1,1,1,1,1,1,1,1,0.0202702702702702,0.0202702702702702,0.0,0.0210280373831775,0,1,0
45058519|F|0-48:A>C-48:A>C,45058519,48:A>C,48,PTTO01000729.1_Contig58,4158811,NC_041742.1,15,autosome,1.0,1,1.7299999999999999e-28,0.99734,1.0,1,1,1,1,1,1,1,1,1,0.3490990990990991,0.3490990990990991,0.5625,0.3411214953271028,1,1,0
45058521|F|0-13:A>T-13:A>T,45058521,13:A>T,13,PTTO01002545.1_Contig22,11484362,NC_041728.1,1,autosome,1.0,4472,1.7299999999999999e-28,0.994681,1.0,1,1,1,1,1,1,1,1,1,0.0225225225225225,0.0225225225225225,0.0,0.0233644859813084,0,1,0
100009710|F|0-38:T>C-38:T>C,100009710,38:T>C,38,PTTO01001370.1_Contig26,33118981,NC_041734.1,7,autosome,1.0,1,1.7299999999999999e-28,1.0,1.0,1,1,1,1,1,1,1,1,0,0.0,0.0,0.0,0.0,0,0,0
45064475|F|0-46:C>G-46:C>G,45064475,46:C>G,46,PTTO01002476.1_Contig0,59524094,NC_041728.1,1,autosome,1.0,1,1.7299999999999999e-28,0.99734,1.0,1,1,1,1,1,1,1,1,1,0.036036036036036,0.036036036036036,0.0,0.0373831775700934,0,1,0
45058537|F|0-48:G>A-48:G>A,45058537,48:G>A,48,PTTO01001839.1_Contig208,18937365,NC_041741.1,14,autosome,1.0,1,1.7299999999999999e-28,0.994681,1.0,1,1,1,1,1,1,1,1,1,0.1171171171171171,0.1171171171171171,0.25,0.1121495327102803,1,1,0
64987903|F|0-15:C>T-15:C>T,64987903,15:C>T,15,PTTO01000006.1_Contig148,15757156,NC_041734.1,7,autosome,1.0,1,5.85e-22,0.99734,1.0,1,1,1,1,1,1,1,1,0,0.0045045045045045,0.0045045045045045,0.125,0.0,1,0,0
45058550|F|0-60:A>C-60:A>C,45058550,60:A>C,60,PTTO01002473.1_Contig1,24966321,NC_041738.1,11,autosome,1.0,1,1.7299999999999999e-28,0.99734,1.0,1,1,1,1,1,1,1,1,1,0.1081081081081081,0.1081081081081081,0.0,0.1121495327102803,0,1,0
45058553|F|0-29:C>T-29:C>T,45058553,29:C>T,29,PTTO01001611.1_Contig3553,3013111,NC_041739.1,12,autosome,1.0,1,1.7299999999999999e-28,1.0,1.0,1,1,1,1,1,1,1,1,1,0.1216216216216216,0.1216216216216216,0.0,0.1261682242990654,0,1,0
45058562|F|0-48:G>A-48:G>A,45058562,48:G>A,48,PTTO01002187.1_Contig64,2958094,NC_041747.1,20,autosome,1.0,1,1.7299999999999999e-28,0.99734,1.0,1,1,1,1,1,1,1,1,1,0.0022522522522522,0.0022522522522522,0.0,0.0023364485981308,0,1,0
45053558|F|0-37:G>A-37:G>A,45053558,37:G>A,37,PTTO01002104.1_Contig16,14891665,NC_041732.1,5,autosome,1.0,1,1.7299999999999999e-28,0.99734,1.0,1,1,1,1,1,1,1,1,1,0.0833333333333333,0.0833333333333333,0.0,0.0864485981308411,0,1,0
45058564|F|0-51:G>A-51:G>A,45058564,51:G>A,51,PTTO01000700.1_Contig3723,3077734,NC_041730.1,3,autosome,1.0,1,1.7299999999999999e-28,0.99734,1.0,1,1,1,1,1,1,1,1,1,0.0022522522522522,0.0022522522522522,0.0,0.0023364485981308,0,1,0
64983393|F|0-30:T>C-30:T>C,64983393,30:T>C,30,PTTO01004194.1_Contig13,5528065,NC_041743.1,16,autosome,1.0,1,1.7299999999999999e-28,0.99734,1.0,1,1,1,1,1,1,1,1,0,0.0135135135135135,0.0135135135135135,0.0,0.014018691588785,0,1,0
100009772|F|0-58:C>T-58:C>T,100009772,58:C>T,58,PTTO01002476.1_Contig0,65890898,NC_041728.1,1,autosome,1.0,2,8.05e-27,0.984043,1.0,1,1,1,1,1,1,1,1,0,0.0,0.0,0.0,0.0,0,0,0
45058582|F|0-49:G>A-49:G>A,45058582,49:G>A,49,PTTO01003116.1_Contig93,163073,NC_041748.1,21,autosome,1.0,1,8.05e-27,0.99734,1.0,1,1,1,1,1,1,1,1,1,0.0337837837837837,0.0337837837837837,0.0,0.0350467289719626,0,1,0
45058587|F|0-24:G>C-24:G>C,45058587,24:G>C,24,PTTO01001244.1_Contig55,8867663,NC_041738.1,11,autosome,1.0,1,1.7299999999999999e-28,0.994681,1.0,1,1,1,1,1,1,1,1,1,0.0022522522522522,0.0022522522522522,0.0,0.0023364485981308,0,1,0
45058588|F|0-17:C>T-17:C>T,45058588,17:C>T,17,PTTO01000115.1_Contig24,613087,NC_041745.1,18,autosome,1.0,2,1.7299999999999999e-28,0.994681,1.0,1,1,1,1,1,1,1,1,1,0.0247747747747747,0.0247747747747747,0.0,0.0257009345794392,0,1,0
45058592|F|0-13:C>T-13:C>T,45058592,13:C>T,13,PTTO01002624.1_Contig32,37427772,NC_041728.1,1,autosome,1.0,1,8.05e-27,0.99734,1.0,1,1,1,1,1,1,1,1,1,0.4009009009009009,0.4009009009009009,0.0625,0.4135514018691589,1,1,0
45058593|F|0-13:G>A-13:G>A,45058593,13:G>A,13,PTTO01001940.1_Contig353,25314967,NC_041731.1,4,autosome,1.0,1,1.7299999999999999e-28,0.994681,1.0,1,1,1,1,1,1,1,1,1,0.0067567567567567,0.0067567567567567,0.0,0.0070093457943925,0,1,0
45058595|F|0-6:G>C-6:G>C,45058595,6:G>C,6,PTTO01001370.1_Contig26,35531379,NC_041734.1,7,autosome,1.0,1,8.05e-27,1.0,1.0,1,1,1,1,1,1,1,1,1,0.0698198198198198,0.0698198198198198,0.375,0.058411214953271,1,1,0
45058598|F|0-28:C>A-28:C>A,45058598,28:C>A,28,PTTO01001315.1_Contig92,2719783,NC_041742.1,15,autosome,1.0,1,8.05e-27,0.99734,1.0,1,1,1,1,1,1,1,1,1,0.4684684684684684,0.4684684684684684,0.6875,0.4602803738317757,1,1,0
100009812|F|0-18:C>G-18:C>G,100009812,18:C>G,18,PTTO01004519.1_Contig1477,2430696,NC_041735.1,8,autosome,1.0,1,1.7299999999999999e-28,0.99734,1.0,1,1,1,1,1,1,1,1,0,0.009009009009009,0.009009009009009,0.25,0.0,1,0,0
45058616|F|0-28:C>A-28:C>A,45058616,28:C>A,28,PTTO01001051.1_Contig4,16333097,NC_041737.1,10,autosome,1.0,1,1.7299999999999999e-28,0.994681,1.0,1,1,1,1,1,1,1,1,1,0.0292792792792792,0.0292792792792792,0.0,0.0303738317757009,0,1,0
45058617|F|0-12:C>T-12:C>T,45058617,12:C>T,12,PTTO01002315.1_Contig12,9422972,NC_041729.1,2,autosome,1.0,1,1.7299999999999999e-28,0.99734,1.0,1,1,1,1,1,1,1,1,1,0.0292792792792792,0.0292792792792792,0.125,0.0257009345794392,1,1,0
45058636|F|0-35:T>A-35:T>A,45058636,35:T>A,35,PTTO01001236.1_Contig336,6635581,NC_041746.1,19,autosome,1.0,1,3.94e-24,0.99734,1.0,1,1,1,1,1,1,1,1,1,0.0315315315315315,0.0315315315315315,0.0,0.0327102803738317,0,1,0
45058639|F|0-30:T>C-30:T>C,45058639,30:T>C,30,PTTO01002104.1_Contig16,28085850,NC_041732.1,5,autosome,1.0,1,1.7299999999999999e-28,0.99734,1.0,1,1,1,1,1,1,1,1,1,0.1463963963963964,0.1463963963963964,0.0,0.1518691588785046,0,1,0
45053605|F|0-32:C>T-32:C>T,45053605,32:C>T,32,PTTO01001236.1_Contig336,11039045,NC_041746.1,19,autosome,1.0,1,1.7299999999999999e-28,0.99734,1.0,1,1,1,1,1,1,1,1,1,0.0202702702702702,0.0202702702702702,0.0,0.0210280373831775,0,1,0
45058643|F|0-8:G>T-8:G>T,45058643,8:G>T,8,PTTO01002104.1_Contig16,45957809,NC_041732.1,5,autosome,1.0,1,1.68e-22,0.99734,1.0,1,1,1,1,1,1,1,1,1,0.0135135135135135,0.0135135135135135,0.0,0.014018691588785,0,1,0
45058646|F|0-37:G>T-37:G>T,45058646,37:G>T,37,PTTO01004519.1_Contig1477,2360349,NC_041735.1,8,autosome,1.0,1,1.7299999999999999e-28,0.99734,1.0,1,1,1,1,1,1,1,1,1,0.0067567567567567,0.0067567567567567,0.0,0.0070093457943925,0,1,0
45058649|F|0-44:A>G-44:A>G,45058649,44:A>G,44,PTTO01003005.1_Contig4265,5041468,NC_041740.1,13,autosome,1.0,1,1.7299999999999999e-28,1.0,1.0,1,1,1,1,1,1,1,1,1,0.0495495495495495,0.0495495495495495,0.0,0.0514018691588785,0,1,0
45058665|F|0-11:G>C-11:G>C,45058665,11:G>C,11,PTTO01003882.1_Contig102,2523200,NC_041732.1,5,autosome,1.0,1,1.7299999999999999e-28,0.99734,1.0,1,1,1,1,1,1,1,1,1,0.009009009009009,0.009009009009009,0.0,0.0093457943925233,0,1,0
45058666|F|0-21:G>A-21:G>A,45058666,21:G>A,21,PTTO01001349.1_Contig23,7804201,NC_041736.1,9,autosome,1.0,1,1.7299999999999999e-28,0.978723,1.0,1,1,1,1,1,1,1,1,1,0.0135135135135135,0.0135135135135135,0.25,0.0046728971962616,1,1,0
45058673|F|0-34:C>G-34:C>G,45058673,34:C>G,34,PTTO01003321.1_Contig3105,272228,NC_041748.1,21,autosome,1.0,1,8.05e-27,1.0,1.0,1,1,1,1,1,1,1,1,1,0.4459459459459459,0.4459459459459459,0.375,0.4485981308411215,1,1,0
45058677|F|0-64:T>G-64:T>G,45058677,64:T>G,64,PTTO01000974.1_Contig37,18798620,NC_041741.1,14,autosome,1.0,1,1.7299999999999999e-28,0.99734,1.0,1,1,1,1,1,1,1,1,1,0.1328828828828828,0.1328828828828828,0.0,0.1378504672897196,0,1,0
45064549|F|0-61:G>A-61:G>A,45064549,61:G>A,61,PTTO01001051.1_Contig4,15233615,NC_041737.1,10,autosome,1.0,1,1.7299999999999999e-28,0.99734,1.0,1,1,1,1,1,1,1,1,1,0.027027027027027,0.027027027027027,0.0,0.02803738317757,0,1,0
45058680|F|0-19:C>G-19:C>G,45058680,19:C>G,19,PTTO01003425.1_Contig303,10410734,NC_041743.1,16,autosome,1.0,1,1.7299999999999999e-28,0.994681,1.0,1,1,1,1,1,1,1,1,1,0.0292792792792792,0.0292792792792792,0.0,0.0303738317757009,0,1,0
64985015|F|0-8:G>A-8:G>A,64985015,8:G>A,8,PTTO01001678.1_Contig35,6030621,NC_041737.1,10,autosome,1.0,1,2.04e-21,0.99734,1.0,1,1,1,1,1,1,1,1,0,0.0022522522522522,0.0022522522522522,0.0,0.0023364485981308,0,1,0
45053538|F|0-35:A>C-35:A>C,45053538,35:A>C,35,PTTO01000659.1_Contig3311,14558147,NC_041731.1,4,autosome,1.0,1,1.7299999999999999e-28,0.989362,1.0,1,1,1,1,1,1,1,1,1,0.0405405405405405,0.0405405405405405,0.0,0.0420560747663551,0,1,0
45058702|F|0-42:T>C-42:T>C,45058702,42:T>C,42,PTTO01000571.1_Contig170,224890,NC_041730.1,3,autosome,1.0,1,1.7299999999999999e-28,0.99734,1.0,1,1,1,1,1,1,1,1,1,0.0337837837837837,0.0337837837837837,0.3125,0.0233644859813084,1,1,0
45058710|F|0-49:A>C-49:A>C,45058710,49:A>C,49,PTTO01002624.1_Contig32,36972552,NC_041728.1,1,autosome,1.0,1,1.7299999999999999e-28,0.99734,1.0,1,1,1,1,1,1,1,1,1,0.3310810810810811,0.3310810810810811,0.1875,0.3364485981308411,1,1,0
95136188|F|0-46:G>T-46:G>T,95136188,46:G>T,46,PTTO01001114.1_Contig282,1523989,NC_041740.1,13,autosome,1.0,1,1.7299999999999999e-28,0.986702,1.0,1,1,1,1,1,1,1,1,0,0.0,0.0,0.0,0.0,0,0,0
45058715|F|0-40:G>C-40:G>C,45058715,40:G>C,40,PTTO01002793.1_Contig38,6312898,NC_041745.1,18,autosome,1.0,1,1.7299999999999999e-28,0.994681,1.0,1,1,1,1,1,1,1,1,1,0.027027027027027,0.027027027027027,0.0,0.02803738317757,0,1,0
45049294|F|0-32:C>T-32:C>T,45049294,32:C>T,32,PTTO01002815.1_Contig4081,306178,NC_041744.1,17,autosome,1.0,16,1.7299999999999999e-28,0.99734,1.0,1,1,1,1,1,1,1,1,0,0.0022522522522522,0.0022522522522522,0.0,0.0023364485981308,0,1,0
45058718|F|0-63:C>T-63:C>T,45058718,63:C>T,63,PTTO01002104.1_Contig16,49262901,NC_041732.1,5,autosome,1.0,1,1.7299999999999999e-28,0.99734,1.0,1,1,1,1,1,1,1,1,1,0.0990990990990991,0.0990990990990991,0.0,0.102803738317757,0,1,0
100009946|F|0-44:C>T-44:C>T,100009946,44:C>T,44,PTTO01002815.1_Contig4081,4327166,NC_041744.1,17,autosome,1.0,1,1.7299999999999999e-28,0.992021,1.0,1,1,1,1,1,1,1,1,0,0.0,0.0,0.0,0.0,0,0,0
45058728|F|0-11:G>A-11:G>A,45058728,11:G>A,11,PTTO01001051.1_Contig4,12942282,NC_041737.1,10,autosome,1.0,1,1.7299999999999999e-28,1.0,1.0,1,1,1,1,1,1,1,1,1,0.009009009009009,0.009009009009009,0.0,0.0093457943925233,0,1,0
45058734|F|0-59:C>G-59:C>G,45058734,59:C>G,59,PTTO01000197.1_Contig3104,3174976,NC_041729.1,2,autosome,1.0,9,1.7299999999999999e-28,0.99734,1.0,1,1,1,1,1,1,1,1,1,0.009009009009009,0.009009009009009,0.0,0.0093457943925233,0,1,0
64989045|F|0-52:G>A-52:G>A,64989045,52:G>A,52,PTTO01000376.1_Contig11,8696517,NC_041745.1,18,autosome,1.0,1,1.7299999999999999e-28,1.0,1.0,1,1,1,1,1,1,1,1,0,0.018018018018018,0.018018018018018,0.4375,0.0023364485981308,1,1,0
45058736|F|0-60:G>A-60:G>A,45058736,60:G>A,60,PTTO01001320.1_Contig70,13853164,NC_041731.1,4,autosome,1.0,1,1.7299999999999999e-28,0.99734,1.0,1,1,1,1,1,1,1,1,1,0.0202702702702702,0.0202702702702702,0.0,0.0210280373831775,0,1,0
45058738|F|0-30:A>G-30:A>G,45058738,30:A>G,30,PTTO01001320.1_Contig70,5211852,NC_041731.1,4,autosome,1.0,1,2.24e-27,0.99734,1.0,1,1,1,1,1,1,1,1,1,0.4414414414414414,0.4414414414414414,0.0,0.4579439252336448,0,1,0
45058746|F|0-24:C>T-24:C>T,45058746,24:C>T,24,PTTO01000166.1_Contig207,4088704,NC_041747.1,20,autosome,1.0,1,1.7299999999999999e-28,1.0,1.0,1,1,1,1,1,1,1,1,1,0.0045045045045045,0.0045045045045045,0.0,0.0046728971962616,0,1,0
45058747|F|0-60:A>G-60:A>G,45058747,60:A>G,60,PTTO01001349.1_Contig23,6276285,NC_041736.1,9,autosome,1.0,1,1.7299999999999999e-28,0.994681,1.0,1,1,1,1,1,1,1,1,1,0.0585585585585585,0.0585585585585585,0.0,0.0607476635514018,0,1,0
45058754|F|0-54:A>T-54:A>T,45058754,54:A>T,54,PTTO01002473.1_Contig1,6197427,NC_041738.1,11,autosome,1.0,1,1.7299999999999999e-28,0.992021,1.0,1,1,1,1,1,1,1,1,1,0.063063063063063,0.063063063063063,0.0,0.0654205607476635,0,1,0
45058764|F|0-38:G>C-38:G>C,45058764,38:G>C,38,PTTO01003406.1_Contig1355,1093053,NC_041744.1,17,autosome,1.0,1,1.7299999999999999e-28,0.99734,1.0,1,1,1,1,1,1,1,1,1,0.009009009009009,0.009009009009009,0.0,0.0093457943925233,0,1,0
64977862|F|0-19:T>C-19:T>C,64977862,19:T>C,19,PTTO01002815.1_Contig4081,7707577,NC_041744.1,17,autosome,1.0,1,1.7299999999999999e-28,0.954787,1.0,1,1,1,1,1,1,1,1,0,0.0,0.0,0.0,0.0,0,0,0
45058780|F|0-17:A>G-17:A>G,45058780,17:A>G,17,PTTO01003425.1_Contig303,12191403,NC_041743.1,16,autosome,1.0,11,8.05e-27,0.99734,1.0,1,1,1,1,1,1,1,1,1,0.8941441441441441,0.1058558558558558,1.0,0.8901869158878505,0,1,0
45058796|F|0-43:G>C-43:G>C,45058796,43:G>C,43,PTTO01002545.1_Contig22,11140816,NC_041728.1,1,autosome,1.0,1,1.7299999999999999e-28,0.994681,1.0,1,1,1,1,1,1,1,1,1,0.0495495495495495,0.0495495495495495,0.0,0.0514018691588785,0,1,0
45058798|F|0-49:C>A-49:C>A,45058798,49:C>A,49,PTTO01001051.1_Contig4,23452649,NC_041737.1,10,autosome,1.0,143,1.7299999999999999e-28,0.99734,1.0,1,1,1,1,1,1,1,1,1,0.0833333333333333,0.0833333333333333,0.0,0.0864485981308411,0,1,0
45064613|F|0-7:C>T-7:C>T,45064613,7:C>T,7,PTTO01000947.1_Contig1049,2223267,NC_041739.1,12,autosome,1.0,1,1.68e-22,0.99734,1.0,1,1,1,1,1,1,1,1,1,0.0112612612612612,0.0112612612612612,0.0,0.0116822429906542,0,1,0
45058802|F|0-44:C>G-44:C>G,45058802,44:C>G,44,PTTO01001696.1_Contig254,1159861,NC_041747.1,20,autosome,1.0,1,2.9000000000000004e-26,0.994681,1.0,1,1,1,1,1,1,1,1,1,0.1981981981981982,0.1981981981981982,0.25,0.1962616822429906,1,1,0
100010021|F|0-41:A>G-41:A>G,100010021,41:A>G,41,PTTO01000974.1_Contig37,22180810,NC_041741.1,14,autosome,1.0,1,1.7299999999999999e-28,0.992021,1.0,1,1,1,1,1,1,1,1,0,0.0,0.0,0.0,0.0,0,0,0
64977900|F|0-34:G>T-34:G>T,64977900,34:G>T,34,PTTO01003788.1_Contig2016,2305301,NC_041729.1,2,autosome,1.0,1,1.7299999999999999e-28,0.994681,1.0,1,1,1,1,1,1,1,1,0,0.0,0.0,0.0,0.0,0,0,0
45058826|F|0-42:G>T-42:G>T,45058826,42:G>T,42,PTTO01002104.1_Contig16,6017448,NC_041732.1,5,autosome,1.0,1,1.7299999999999999e-28,0.994681,1.0,1,1,1,1,1,1,1,1,1,0.0382882882882882,0.0382882882882882,0.0,0.0397196261682243,0,1,0
64977918|F|0-6:G>T-6:G>T,64977918,6:G>T,6,PTTO01004189.1_Contig18,2755878,NC_041729.1,2,autosome,1.0,1,1.7299999999999999e-28,1.0,1.0,1,1,1,1,1,1,1,1,0,0.0,0.0,0.0,0.0,0,0,0
45058848|F|0-50:G>A-50:G>A,45058848,50:G>A,50,PTTO01002624.1_Contig32,17125303,NC_041728.1,1,autosome,1.0,1,1.7299999999999999e-28,0.992021,1.0,1,1,1,1,1,1,1,1,1,0.0045045045045045,0.0045045045045045,0.0,0.0046728971962616,0,1,0
45067112|F|0-15:A>C-15:A>C,45067112,15:A>C,15,PTTO01004262.1_Contig52,2088131,NC_041731.1,4,autosome,1.0,1,1.7299999999999999e-28,1.0,1.0,1,1,1,1,1,1,1,1,1,0.0045045045045045,0.0045045045045045,0.0,0.0046728971962616,0,1,0
64989048|F|0-34:G>A-34:G>A,64989048,34:G>A,34,PTTO01002261.1_Contig251,11236946,NC_041743.1,16,autosome,1.0,1,2.24e-27,1.0,1.0,1,1,1,1,1,1,1,1,0,0.0,0.0,0.0,0.0,0,0,0
45058859|F|0-44:G>A-44:G>A,45058859,44:G>A,44,PTTO01000659.1_Contig3311,11671125,NC_041731.1,4,autosome,1.0,1,2.24e-27,0.994681,1.0,1,1,1,1,1,1,1,1,1,0.1306306306306306,0.1306306306306306,0.3125,0.1238317757009345,1,1,0
95137545|F|0-36:C>T-36:C>T,95137545,36:C>T,36,PTTO01002261.1_Contig251,10255957,NC_041743.1,16,autosome,1.0,1,1.7299999999999999e-28,0.994681,1.0,1,1,1,1,1,1,1,1,0,0.0157657657657657,0.0157657657657657,0.0,0.0163551401869158,0,1,0
45058871|F|0-7:G>T-7:G>T,45058871,7:G>T,7,PTTO01001349.1_Contig23,26759917,NC_041736.1,9,autosome,1.0,1,1.7299999999999999e-28,0.99734,1.0,1,1,1,1,1,1,1,1,1,0.1126126126126126,0.1126126126126126,0.25,0.1074766355140186,1,1,0
64977947|F|0-16:C>A-16:C>A,64977947,16:C>A,16,PTTO01000947.1_Contig1049,571332,NC_041739.1,12,autosome,1.0,1,1.7299999999999999e-28,0.981383,1.0,1,1,1,1,1,1,1,1,0,0.0,0.0,0.0,0.0,0,0,0
45058877|F|0-49:A>G-49:A>G,45058877,49:A>G,49,PTTO01002473.1_Contig1,15805862,NC_041738.1,11,autosome,1.0,1,8.05e-27,0.99734,1.0,1,1,1,1,1,1,1,1,1,0.927927927927928,0.0720720720720721,0.625,0.9392523364485982,1,1,0
45064656|F|0-38:C>T-38:C>T,45064656,38:C>T,38,PTTO01001283.1_Contig4384,364526,NC_041746.1,19,autosome,1.0,1,1.7299999999999999e-28,0.99734,1.0,1,1,1,1,1,1,1,1,1,0.0765765765765765,0.0765765765765765,0.3125,0.0677570093457943,1,1,0
45058893|F|0-32:C>T-32:C>T,45058893,32:C>T,32,PTTO01002476.1_Contig0,48421844,NC_041728.1,1,autosome,1.0,1,1.7299999999999999e-28,1.0,1.0,1,1,1,1,1,1,1,1,1,0.0067567567567567,0.0067567567567567,0.0,0.0070093457943925,0,1,0
64986029|F|0-33:G>T-33:G>T,64986029,33:G>T,33,PTTO01003256.1_Contig153,321006,NC_041746.1,19,autosome,1.0,17,1.7299999999999999e-28,0.994681,1.0,1,1,1,1,1,1,1,1,0,0.0,0.0,0.0,0.0,0,0,0
45058905|F|0-6:G>A-6:G>A,45058905,6:G>A,6,PTTO01002501.1_Contig138,3013329,NC_041744.1,17,autosome,1.0,1,1.7299999999999999e-28,0.99734,1.0,1,1,1,1,1,1,1,1,1,0.0157657657657657,0.0157657657657657,0.0,0.0163551401869158,0,1,0
45058906|F|0-48:C>T-48:C>T,45058906,48:C>T,48,PTTO01001349.1_Contig23,11202763,NC_041736.1,9,autosome,1.0,1,1.7299999999999999e-28,0.994681,1.0,1,1,1,1,1,1,1,1,1,0.1599099099099099,0.1599099099099099,0.0,0.1658878504672897,0,1,0
45058907|F|0-44:G>A-44:G>A,45058907,44:G>A,44,PTTO01001051.1_Contig4,23489167,NC_041737.1,10,autosome,1.0,1,1.7299999999999999e-28,0.981383,1.0,1,1,1,1,1,1,1,1,1,0.018018018018018,0.018018018018018,0.0625,0.0163551401869158,1,1,0
45058908|F|0-18:C>A-18:C>A,45058908,18:C>A,18,PTTO01001571.1_Contig3472,841548,NC_041729.1,2,autosome,1.0,1,1.7299999999999999e-28,1.0,1.0,1,1,1,1,1,1,1,1,1,0.0315315315315315,0.0315315315315315,0.0,0.0327102803738317,0,1,0
45058913|F|0-16:G>A-16:G>A,45058913,16:G>A,16,PTTO01000659.1_Contig3311,10631320,NC_041731.1,4,autosome,1.0,1,1.7299999999999999e-28,0.994681,1.0,1,1,1,1,1,1,1,1,1,0.018018018018018,0.018018018018018,0.0,0.0186915887850467,0,1,0
45058916|F|0-15:C>A-15:C>A,45058916,15:C>A,15,PTTO01002476.1_Contig0,41735750,NC_041728.1,1,autosome,1.0,1,1.7299999999999999e-28,0.992021,1.0,1,1,1,1,1,1,1,1,1,0.0045045045045045,0.0045045045045045,0.0,0.0046728971962616,0,1,0
45058921|F|0-13:C>A-13:C>A,45058921,13:C>A,13,PTTO01002075.1_Contig88,2131338,NC_041735.1,8,autosome,1.0,1,1.7299999999999999e-28,0.989362,1.0,1,1,1,1,1,1,1,1,1,0.0022522522522522,0.0022522522522522,0.0,0.0023364485981308,0,1,0
45058935|F|0-65:G>A-65:G>A,45058935,65:G>A,65,PTTO01003406.1_Contig1355,559367,NC_041744.1,17,autosome,1.0,1,1.7299999999999999e-28,0.968085,1.0,1,1,1,1,1,1,1,1,1,0.0990990990990991,0.0990990990990991,0.0,0.102803738317757,0,1,0
45058946|F|0-32:G>A-32:G>A,45058946,32:G>A,32,PTTO01002473.1_Contig1,20489926,NC_041738.1,11,autosome,1.0,1,1.7299999999999999e-28,0.994681,1.0,1,1,1,1,1,1,1,1,1,0.0157657657657657,0.0157657657657657,0.0,0.0163551401869158,0,1,0
100010154|F|0-34:A>G-34:A>G,100010154,34:A>G,34,PTTO01000765.1_Contig334,8884086,NC_041729.1,2,autosome,1.0,1,1.7299999999999999e-28,0.970745,1.0,1,1,1,1,1,1,1,1,0,0.0,0.0,0.0,0.0,0,0,0
45058952|F|0-50:T>A-50:T>A,45058952,50:T>A,50,PTTO01001349.1_Contig23,28095775,NC_041736.1,9,autosome,1.0,1,1.7299999999999999e-28,0.99734,1.0,1,1,1,1,1,1,1,1,1,0.0405405405405405,0.0405405405405405,0.0,0.0420560747663551,0,1,0
64983511|F|0-50:C>T-50:C>T,64983511,50:C>T,50,PTTO01001241.1_Contig276,7583453,NC_041740.1,13,autosome,1.0,1,1.7299999999999999e-28,0.986702,1.0,1,1,1,1,1,1,1,1,0,0.009009009009009,0.009009009009009,0.0,0.0093457943925233,0,1,0
100010182|F|0-9:A>T-9:A>T,100010182,9:A>T,9,PTTO01003710.1_Contig217,18390071,NC_041733.1,6,autosome,1.0,1,1.7299999999999999e-28,0.99734,1.0,1,1,1,1,1,1,1,1,0,0.0,0.0,0.0,0.0,0,0,0
45058976|F|0-46:T>A-46:T>A,45058976,46:T>A,46,PTTO01000376.1_Contig11,9316922,NC_041745.1,18,autosome,1.0,1,1.7299999999999999e-28,0.99734,1.0,1,1,1,1,1,1,1,1,1,0.0225225225225225,0.0225225225225225,0.0,0.0233644859813084,0,1,0
45058982|F|0-48:G>C-48:G>C,45058982,48:G>C,48,PTTO01001839.1_Contig208,5551030,NC_041741.1,14,autosome,1.0,1,1.7299999999999999e-28,0.989362,1.0,1,1,1,1,1,1,1,1,1,0.009009009009009,0.009009009009009,0.1875,0.0023364485981308,1,1,0
45059014|F|0-50:T>C-50:T>C,45059014,50:T>C,50,PTTO01000376.1_Contig11,12803238,NC_041745.1,18,autosome,1.0,1,1.7299999999999999e-28,1.0,1.0,1,1,1,1,1,1,1,1,1,0.1103603603603603,0.1103603603603603,0.0,0.1144859813084112,0,1,0
45059028|F|0-35:C>T-35:C>T,45059028,35:C>T,35,PTTO01004189.1_Contig18,4187796,NC_041729.1,2,autosome,1.0,2,1.7299999999999999e-28,0.99734,1.0,1,1,1,1,1,1,1,1,1,0.3310810810810811,0.3310810810810811,0.125,0.338785046728972,1,1,0
45059035|F|0-17:T>A-17:T>A,45059035,17:T>A,17,PTTO01002261.1_Contig251,6049430,NC_041743.1,16,autosome,1.0,1,1.7299999999999999e-28,0.994681,1.0,1,1,1,1,1,1,1,1,1,0.0022522522522522,0.0022522522522522,0.0,0.0023364485981308,0,1,0
45059037|F|0-5:G>C-5:G>C,45059037,5:G>C,5,PTTO01001883.1_Contig281,3895901,NC_041729.1,2,autosome,1.0,1,1.7299999999999999e-28,0.989362,1.0,1,1,1,1,1,1,1,1,1,0.0045045045045045,0.0045045045045045,0.0,0.0046728971962616,0,1,0
45059043|F|0-35:C>T-35:C>T,45059043,35:C>T,35,PTTO01002104.1_Contig16,17980180,NC_041732.1,5,autosome,1.0,1,1.7299999999999999e-28,0.99734,1.0,1,1,1,1,1,1,1,1,1,0.0743243243243243,0.0743243243243243,0.0,0.0771028037383177,0,1,0
45059047|F|0-65:A>C-65:A>C,45059047,65:A>C,65,PTTO01002815.1_Contig4081,2265574,NC_041744.1,17,autosome,1.0,1,1.7299999999999999e-28,0.99734,1.0,1,1,1,1,1,1,1,1,1,0.4009009009009009,0.4009009009009009,0.375,0.4018691588785046,1,1,0
45059049|F|0-8:G>A-8:G>A,45059049,8:G>A,8,PTTO01001370.1_Contig26,3815242,NC_041734.1,7,autosome,1.0,1,1.7299999999999999e-28,0.93883,1.0,1,1,1,1,1,1,1,1,1,0.0202702702702702,0.0202702702702702,0.0625,0.0186915887850467,1,1,0
45059057|F|0-25:G>A-25:G>A,45059057,25:G>A,25,PTTO01004535.1_Contig9,1845584,NC_041731.1,4,autosome,1.0,1,1.7299999999999999e-28,0.99734,1.0,1,1,1,1,1,1,1,1,1,0.009009009009009,0.009009009009009,0.0,0.0093457943925233,0,1,0
64978129|F|0-40:T>A-40:T>A,64978129,40:T>A,40,PTTO01001633.1_Contig312,437143,NC_041739.1,12,autosome,1.0,1,1.7299999999999999e-28,0.994681,1.0,1,1,1,1,1,1,1,1,0,0.0,0.0,0.0,0.0,0,0,0
45064750|F|0-11:T>G-11:T>G,45064750,11:T>G,11,PTTO01000875.1_Contig31,24609186,NC_041730.1,3,autosome,1.0,1,1.7299999999999999e-28,1.0,1.0,1,1,1,1,1,1,1,1,1,0.4459459459459459,0.4459459459459459,0.375,0.4485981308411215,1,1,0
100010294|F|0-16:C>T-16:C>T,100010294,16:C>T,16,PTTO01002104.1_Contig16,47778423,NC_041732.1,5,autosome,1.0,1,1.7299999999999999e-28,0.99734,1.0,1,1,1,1,1,1,1,1,0,0.0022522522522522,0.0022522522522522,0.0625,0.0,1,0,0
45059076|F|0-54:T>A-54:T>A,45059076,54:T>A,54,PTTO01000318.1_Contig139,7256806,NC_041730.1,3,autosome,1.0,1,1.7299999999999999e-28,0.99734,1.0,1,1,1,1,1,1,1,1,1,0.0067567567567567,0.0067567567567567,0.0,0.0070093457943925,0,1,0
64978141|F|0-28:G>A-28:G>A,64978141,28:G>A,28,PTTO01004519.1_Contig1477,1934102,NC_041735.1,8,autosome,1.0,1,1.7299999999999999e-28,0.99734,1.0,1,1,1,1,1,1,1,1,0,0.0,0.0,0.0,0.0,0,0,0
45059090|F|0-47:C>T-47:C>T,45059090,47:C>T,47,PTTO01001611.1_Contig3553,1392717,NC_041739.1,12,autosome,1.0,1,1.7299999999999999e-28,1.0,1.0,1,1,1,1,1,1,1,1,1,0.0045045045045045,0.0045045045045045,0.0,0.0046728971962616,0,1,0
45059092|F|0-48:C>T-48:C>T,45059092,48:C>T,48,PTTO01004194.1_Contig13,8362837,NC_041743.1,16,autosome,1.0,1,1.7299999999999999e-28,1.0,1.0,1,1,1,1,1,1,1,1,1,0.0067567567567567,0.0067567567567567,0.0,0.0070093457943925,0,1,0
45059109|F|0-23:C>T-23:C>T,45059109,23:C>T,23,PTTO01002264.1_Contig200,1196136,NC_041732.1,5,autosome,1.0,1,1.7299999999999999e-28,1.0,1.0,1,1,1,1,1,1,1,1,1,0.2702702702702703,0.2702702702702703,0.0,0.2803738317757009,0,1,0
64978176|F|0-35:A>G-35:A>G,64978176,35:A>G,35,PTTO01003671.1_Contig19,15368834,NC_041735.1,8,autosome,1.0,1,1.7299999999999999e-28,0.99734,1.0,1,1,1,1,1,1,1,1,0,0.0,0.0,0.0,0.0,0,0,0
45059113|F|0-28:G>C-28:G>C,45059113,28:G>C,28,PTTO01003256.1_Contig153,8698243,NC_041746.1,19,autosome,1.0,1,2.63e-26,0.99734,1.0,1,1,1,1,1,1,1,1,1,0.0045045045045045,0.0045045045045045,0.0,0.0046728971962616,0,1,0
45059118|F|0-51:C>T-51:C>T,45059118,51:C>T,51,PTTO01002476.1_Contig0,63139686,NC_041728.1,1,autosome,1.0,1,1.7299999999999999e-28,1.0,1.0,1,1,1,1,1,1,1,1,1,0.0045045045045045,0.0045045045045045,0.0,0.0046728971962616,0,1,0
100010350|F|0-37:G>A-37:G>A,100010350,37:G>A,37,PTTO01001370.1_Contig26,33316086,NC_041734.1,7,autosome,1.0,1,1.7299999999999999e-28,0.968085,1.0,1,1,1,1,1,1,1,1,0,0.0,0.0,0.0,0.0,0,0,0
45059127|F|0-38:G>A-38:G>A,45059127,38:G>A,38,PTTO01004189.1_Contig18,15303212,NC_041729.1,2,autosome,1.0,1,1.7299999999999999e-28,0.93617,1.0,1,1,1,1,1,1,1,1,1,0.063063063063063,0.063063063063063,0.0,0.0654205607476635,0,1,0
64978215|F|0-40:T>C-40:T>C,64978215,40:T>C,40,PTTO01003710.1_Contig217,15431137,NC_041733.1,6,autosome,1.0,1,1.7299999999999999e-28,0.984043,1.0,1,1,1,1,1,1,1,1,0,0.0,0.0,0.0,0.0,0,0,0
45059147|F|0-65:C>T-65:C>T,45059147,65:C>T,65,PTTO01001610.1_Contig358,1133465,NC_041729.1,2,autosome,1.0,1,1.7299999999999999e-28,0.99734,1.0,1,1,1,1,1,1,1,1,1,0.027027027027027,0.027027027027027,0.0,0.02803738317757,0,1,0
45059152|F|0-57:C>A-57:C>A,45059152,57:C>A,57,PTTO01002057.1_Contig2,7366515,NC_041730.1,3,autosome,1.0,1,1.7299999999999999e-28,1.0,1.0,1,1,1,1,1,1,1,1,1,0.0608108108108108,0.0608108108108108,0.0,0.0630841121495327,0,1,0
64978234|F|0-7:C>T-7:C>T,64978234,7:C>T,7,PTTO01001241.1_Contig276,15176388,NC_041740.1,13,autosome,1.0,1,1.7299999999999999e-28,0.99734,1.0,1,1,1,1,1,1,1,1,0,0.0022522522522522,0.0022522522522522,0.0,0.0023364485981308,0,1,0
45059156|F|0-34:G>C-34:G>C,45059156,34:G>C,34,PTTO01002624.1_Contig32,7922786,NC_041728.1,1,autosome,1.0,1,8.05e-27,1.0,1.0,1,1,1,1,1,1,1,1,1,0.2815315315315315,0.2815315315315315,0.375,0.2780373831775701,1,1,0
45064790|F|0-25:G>A-25:G>A,45064790,25:G>A,25,PTTO01000765.1_Contig334,16399345,NC_041729.1,2,autosome,1.0,1,2.24e-27,0.994681,1.0,1,1,1,1,1,1,1,1,1,0.0157657657657657,0.0157657657657657,0.0,0.0163551401869158,0,1,0
45059159|F|0-45:C>T-45:C>T,45059159,45:C>T,45,PTTO01000875.1_Contig31,31401510,NC_041730.1,3,autosome,1.0,1,1.7299999999999999e-28,1.0,1.0,1,1,1,1,1,1,1,1,1,0.009009009009009,0.009009009009009,0.0,0.0093457943925233,0,1,0
45059179|F|0-5:G>A-5:G>A,45059179,5:G>A,5,PTTO01003857.1_Contig1099,533164,NC_041732.1,5,autosome,1.0,1,1.7299999999999999e-28,1.0,1.0,1,1,1,1,1,1,1,1,1,0.2747747747747748,0.2747747747747748,0.6875,0.2593457943925233,1,1,0
45059184|F|0-43:G>C-43:G>C,45059184,43:G>C,43,PTTO01001241.1_Contig276,16757353,NC_041740.1,13,autosome,1.0,1,1.7299999999999999e-28,1.0,1.0,1,1,1,1,1,1,1,1,1,0.0135135135135135,0.0135135135135135,0.0,0.014018691588785,0,1,0
45059187|F|0-52:C>T-52:C>T,45059187,52:C>T,52,PTTO01003962.1_Contig141,413585,NW_021638271.1,unplaced,unplaced,1.0,1,1.7299999999999999e-28,0.99734,1.0,1,1,1,1,1,1,1,1,1,0.1981981981981982,0.1981981981981982,0.0625,0.2032710280373831,1,1,0
100010419|F|0-55:A>G-55:A>G,100010419,55:A>G,55,PTTO01003571.1_Contig67,24203343,NC_041736.1,9,autosome,1.0,1,8.05e-27,0.914894,1.0,1,1,1,1,1,1,1,1,0,1.0,0.0,1.0,1.0,0,0,0
45059201|F|0-15:G>T-15:G>T,45059201,15:G>T,15,PTTO01003005.1_Contig4265,411614,NC_041740.1,13,autosome,1.0,1,1.7299999999999999e-28,0.994681,1.0,1,1,1,1,1,1,1,1,1,0.0067567567567567,0.0067567567567567,0.0,0.0070093457943925,0,1,0
64978281|F|0-19:A>G-19:A>G,64978281,19:A>G,19,PTTO01003425.1_Contig303,8099175,NC_041743.1,16,autosome,1.0,1,1.7299999999999999e-28,0.994681,1.0,1,1,1,1,1,1,1,1,0,0.0,0.0,0.0,0.0,0,0,0
45059208|F|0-64:C>T-64:C>T,45059208,64:C>T,64,PTTO01002057.1_Contig2,7536192,NC_041730.1,3,autosome,1.0,1,1.7299999999999999e-28,0.99734,1.0,1,1,1,1,1,1,1,1,1,0.4752252252252252,0.4752252252252252,0.625,0.4696261682242991,1,1,0
45064824|F|0-48:G>A-48:G>A,45064824,48:G>A,48,PTTO01001633.1_Contig312,2878626,NC_041739.1,12,autosome,1.0,1,8.05e-27,0.99734,1.0,1,1,1,1,1,1,1,1,1,0.2184684684684684,0.2184684684684684,0.25,0.2172897196261682,1,1,0
45059217|F|0-35:G>A-35:G>A,45059217,35:G>A,35,PTTO01001611.1_Contig3553,1071076,NC_041739.1,12,autosome,1.0,1,1.7299999999999999e-28,0.99734,1.0,1,1,1,1,1,1,1,1,1,0.0292792792792792,0.0292792792792792,0.0,0.0303738317757009,0,1,0
45059222|F|0-7:C>T-7:C>T,45059222,7:C>T,7,PTTO01002624.1_Contig32,31476373,NC_041728.1,1,autosome,1.0,1,1.7299999999999999e-28,0.99734,1.0,1,1,1,1,1,1,1,1,1,0.018018018018018,0.018018018018018,0.0,0.0186915887850467,0,1,0
45059224|F|0-26:G>C-26:G>C,45059224,26:G>C,26,PTTO01001940.1_Contig353,10485887,NC_041731.1,4,autosome,1.0,1,8.05e-27,1.0,1.0,1,1,1,1,1,1,1,1,1,0.0315315315315315,0.0315315315315315,0.125,0.02803738317757,1,1,0
100010470|F|0-56:G>T-56:G>T,100010470,56:G>T,56,PTTO01002624.1_Contig32,37223165,NC_041728.1,1,autosome,1.0,65,1.7299999999999999e-28,0.99734,1.0,1,1,1,1,1,1,1,1,0,0.0,0.0,0.0,0.0,0,0,0
64978313|F|0-48:A>G-48:A>G,64978313,48:A>G,48,PTTO01001633.1_Contig312,2686576,NC_041739.1,12,autosome,1.0,1,1.7299999999999999e-28,0.99734,1.0,1,1,1,1,1,1,1,1,0,0.0,0.0,0.0,0.0,0,0,0
45059240|F|0-21:T>C-21:T>C,45059240,21:T>C,21,PTTO01004499.1_Contig142,2900594,NC_041744.1,17,autosome,1.0,1,1.68e-22,1.0,1.0,1,1,1,1,1,1,1,1,1,0.0405405405405405,0.0405405405405405,0.0,0.0420560747663551,0,1,0
45059253|F|0-38:C>T-38:C>T,45059253,38:C>T,38,PTTO01002822.1_Contig364,4394393,NC_041731.1,4,autosome,1.0,7,1.7299999999999999e-28,1.0,1.0,1,1,1,1,1,1,1,1,1,0.0135135135135135,0.0135135135135135,0.0,0.014018691588785,0,1,0
45059254|F|0-51:G>A-51:G>A,45059254,51:G>A,51,PTTO01000276.1_Contig319,972052,NC_041737.1,10,autosome,1.0,1,1.7299999999999999e-28,0.99734,1.0,1,1,1,1,1,1,1,1,1,0.1418918918918918,0.1418918918918918,0.0,0.1471962616822429,0,1,0
45068213|F|0-27:C>A-27:C>A,45068213,27:C>A,27,PTTO01003571.1_Contig67,18669127,NC_041736.1,9,autosome,1.0,1,1.3799999999999998e-23,0.99734,1.0,1,1,1,1,1,1,1,1,1,0.25,0.25,0.4375,0.2429906542056074,1,1,0
45059264|F|0-40:T>C-40:T>C,45059264,40:T>C,40,PTTO01003788.1_Contig2016,3153079,NC_041729.1,2,autosome,1.0,1,1.7299999999999999e-28,1.0,1.0,1,1,1,1,1,1,1,1,1,0.0675675675675675,0.0675675675675675,0.125,0.0654205607476635,1,1,0
45059271|F|0-66:A>G-66:A>G,45059271,66:A>G,66,PTTO01002104.1_Contig16,66925595,NC_041732.1,5,autosome,1.0,1,1.7299999999999999e-28,0.994681,1.0,1,1,1,1,1,1,1,1,1,0.0292792792792792,0.0292792792792792,0.0,0.0303738317757009,0,1,0
45059273|F|0-24:A>C-24:A>C,45059273,24:A>C,24,PTTO01002075.1_Contig88,1349185,NC_041735.1,8,autosome,1.0,1,2.63e-26,0.994681,1.0,1,1,1,1,1,1,1,1,1,0.0563063063063063,0.0563063063063063,0.0,0.058411214953271,0,1,0
45059276|F|0-10:C>T-10:C>T,45059276,10:C>T,10,PTTO01004189.1_Contig18,7741991,NC_041729.1,2,autosome,1.0,1,8.05e-27,1.0,1.0,1,1,1,1,1,1,1,1,1,0.018018018018018,0.018018018018018,0.0,0.0186915887850467,0,1,0
45059287|F|0-37:C>A-37:C>A,45059287,37:C>A,37,PTTO01001370.1_Contig26,34686413,NC_041734.1,7,autosome,1.0,1,2.25e-22,1.0,1.0,1,1,1,1,1,1,1,1,1,0.3198198198198198,0.3198198198198198,0.625,0.308411214953271,1,1,0
45053611|F|0-28:C>A-28:C>A,45053611,28:C>A,28,PTTO01001370.1_Contig26,7253138,NC_041734.1,7,autosome,1.0,1,1.7299999999999999e-28,0.99734,1.0,1,1,1,1,1,1,1,1,1,0.0067567567567567,0.0067567567567567,0.0,0.0070093457943925,0,1,0
45059301|F|0-42:A>G-42:A>G,45059301,42:A>G,42,PTTO01003169.1_Contig274,1950965,NC_041742.1,15,autosome,1.0,1,1.7299999999999999e-28,0.99734,1.0,1,1,1,1,1,1,1,1,1,0.2207207207207207,0.2207207207207207,0.0,0.2289719626168224,0,1,0
45059303|F|0-28:G>A-28:G>A,45059303,28:G>A,28,PTTO01002624.1_Contig32,15108021,NC_041728.1,1,autosome,1.0,1,1.7299999999999999e-28,0.994681,1.0,1,1,1,1,1,1,1,1,1,0.1171171171171171,0.1171171171171171,0.0625,0.1191588785046729,1,1,0
64978386|F|0-55:G>A-55:G>A,64978386,55:G>A,55,PTTO01003710.1_Contig217,1299615,NC_041733.1,6,autosome,1.0,1,1.7299999999999999e-28,0.99734,1.0,1,1,1,1,1,1,1,1,0,0.0,0.0,0.0,0.0,0,0,0
45059324|F|0-68:C>T-68:C>T,45059324,68:C>T,68,PTTO01004446.1_Contig146,2989721,NC_041742.1,15,autosome,1.0,1,1.7299999999999999e-28,1.0,1.0,1,1,1,1,1,1,1,1,1,0.045045045045045,0.045045045045045,0.4375,0.0303738317757009,1,1,0
45059327|F|0-17:T>A-17:T>A,45059327,17:T>A,17,PTTO01001296.1_Contig62,4193335,NC_041746.1,19,autosome,1.0,1,4.8100000000000006e-23,0.994681,1.0,1,1,1,1,1,1,1,1,1,0.0045045045045045,0.0045045045045045,0.0,0.0046728971962616,0,1,0
45059351|F|0-16:G>A-16:G>A,45059351,16:G>A,16,PTTO01004519.1_Contig1477,3317358,NC_041735.1,8,autosome,1.0,1,1.7299999999999999e-28,0.99734,1.0,1,1,1,1,1,1,1,1,1,0.0923423423423423,0.0923423423423423,0.3125,0.0841121495327102,1,1,0
45059364|F|0-38:G>A-38:G>A,45059364,38:G>A,38,PTTO01000230.1_Contig34,13402685,NC_041734.1,7,autosome,1.0,1,1.7299999999999999e-28,1.0,1.0,1,1,1,1,1,1,1,1,1,0.072072072072072,0.072072072072072,0.0,0.0747663551401869,0,1,0
45053559|F|0-65:G>C-65:G>C,45053559,65:G>C,65,PTTO01004166.1_Contig299,168875,NC_041730.1,3,autosome,1.0,1,1.7299999999999999e-28,0.99734,1.0,1,1,1,1,1,1,1,1,1,0.0472972972972973,0.0472972972972973,0.0,0.0490654205607476,0,1,0
45059366|F|0-13:C>G-13:C>G,45059366,13:C>G,13,PTTO01001236.1_Contig336,7263975,NC_041746.1,19,autosome,1.0,1,1.7299999999999999e-28,1.0,1.0,1,1,1,1,1,1,1,1,1,0.027027027027027,0.027027027027027,0.0,0.02803738317757,0,1,0
45059371|F|0-27:A>T-27:A>T,45059371,27:A>T,27,PTTO01000318.1_Contig139,12173604,NC_041730.1,3,autosome,1.0,1,1.7299999999999999e-28,0.994681,1.0,1,1,1,1,1,1,1,1,1,0.0675675675675675,0.0675675675675675,0.0,0.0700934579439252,0,1,0
45059376|F|0-68:G>C-68:G>C,45059376,68:G>C,68,PTTO01003276.1_Contig54,11324900,NC_041738.1,11,autosome,1.0,1,1.7299999999999999e-28,1.0,1.0,1,1,1,1,1,1,1,1,1,0.0022522522522522,0.0022522522522522,0.0,0.0023364485981308,0,1,0
64978457|F|0-45:G>A-45:G>A,64978457,45:G>A,45,PTTO01002815.1_Contig4081,4616909,NC_041744.1,17,autosome,1.0,1,1.7299999999999999e-28,0.99734,1.0,1,1,1,1,1,1,1,1,0,0.0157657657657657,0.0157657657657657,0.0625,0.014018691588785,1,1,0
45059382|F|0-56:T>G-56:T>G,45059382,56:T>G,56,PTTO01002057.1_Contig2,24582287,NC_041730.1,3,autosome,1.0,1,1.7299999999999999e-28,0.99734,1.0,1,1,1,1,1,1,1,1,1,0.0045045045045045,0.0045045045045045,0.0,0.0046728971962616,0,1,0
45059393|F|0-34:G>A-34:G>A,45059393,34:G>A,34,PTTO01002815.1_Contig4081,6304467,NC_041744.1,17,autosome,1.0,1,1.7299999999999999e-28,0.99734,1.0,1,1,1,1,1,1,1,1,1,0.1891891891891892,0.1891891891891892,0.0,0.1962616822429906,0,1,0
45059394|F|0-48:G>A-48:G>A,45059394,48:G>A,48,PTTO01002545.1_Contig22,15897328,NC_041728.1,1,autosome,1.0,1,1.7299999999999999e-28,1.0,1.0,1,1,1,1,1,1,1,1,1,0.286036036036036,0.286036036036036,0.375,0.2827102803738318,1,1,0
64978471|F|0-32:C>T-32:C>T,64978471,32:C>T,32,PTTO01001696.1_Contig254,9318132,NC_041747.1,20,autosome,1.0,1,1.7299999999999999e-28,0.99734,1.0,1,1,1,1,1,1,1,1,0,0.0,0.0,0.0,0.0,0,0,0
45059396|F|0-49:A>G-49:A>G,45059396,49:A>G,49,PTTO01002476.1_Contig0,1080631,NC_041728.1,1,autosome,1.0,1,8.05e-27,1.0,1.0,1,1,1,1,1,1,1,1,1,0.0405405405405405,0.0405405405405405,0.1875,0.0350467289719626,1,1,0
45059398|F|0-24:C>T-24:C>T,45059398,24:C>T,24,PTTO01004427.1_Contig106,6535640,NC_041739.1,12,autosome,1.0,1,5.25e-23,0.99734,1.0,1,1,1,1,1,1,1,1,1,0.2184684684684684,0.2184684684684684,0.5,0.2079439252336448,1,1,0
64981660|F|0-17:C>G-17:C>G,64981660,17:C>G,17,PTTO01001370.1_Contig26,20560479,NC_041734.1,7,autosome,1.0,1,1.7299999999999999e-28,0.994681,1.0,1,1,1,1,1,1,1,1,0,0.0,0.0,0.0,0.0,0,0,0
64978491|F|0-50:A>C-50:A>C,64978491,50:A>C,50,PTTO01003710.1_Contig217,9950038,NC_041733.1,6,autosome,1.0,1,1.7299999999999999e-28,0.99734,1.0,1,1,1,1,1,1,1,1,0,0.0,0.0,0.0,0.0,0,0,0
45059414|F|0-24:T>A-24:T>A,45059414,24:T>A,24,PTTO01001241.1_Contig276,16156991,NC_041740.1,13,autosome,1.0,1,1.7299999999999999e-28,1.0,1.0,1,1,1,1,1,1,1,1,1,0.0067567567567567,0.0067567567567567,0.0,0.0070093457943925,0,1,0
95136773|F|0-5:G>A-5:G>A,95136773,5:G>A,5,PTTO01002473.1_Contig1,9319576,NC_041738.1,11,autosome,1.0,5,1.7299999999999999e-28,0.994681,1.0,1,1,1,1,1,1,1,1,0,0.0,0.0,0.0,0.0,0,0,0
45059421|F|0-41:C>G-41:C>G,45059421,41:C>G,41,PTTO01004262.1_Contig52,25706349,NC_041731.1,4,autosome,1.0,1,1.7299999999999999e-28,1.0,1.0,1,1,1,1,1,1,1,1,1,0.009009009009009,0.009009009009009,0.0,0.0093457943925233,0,1,0
45059424|F|0-43:C>T-43:C>T,45059424,43:C>T,43,PTTO01001610.1_Contig358,682021,NC_041729.1,2,autosome,1.0,1,1.7299999999999999e-28,0.994681,1.0,1,1,1,1,1,1,1,1,1,0.027027027027027,0.027027027027027,0.4375,0.0116822429906542,1,1,0
45059431|F|0-58:T>C-58:T>C,45059431,58:T>C,58,PTTO01004194.1_Contig13,112396,NC_041743.1,16,autosome,1.0,1,1.7299999999999999e-28,0.994681,1.0,1,1,1,1,1,1,1,1,1,0.018018018018018,0.018018018018018,0.0625,0.0163551401869158,1,1,0
45059432|F|0-58:G>A-58:G>A,45059432,58:G>A,58,PTTO01001051.1_Contig4,10340131,NC_041737.1,10,autosome,1.0,1,1.7299999999999999e-28,0.994681,1.0,1,1,1,1,1,1,1,1,1,0.0225225225225225,0.0225225225225225,0.0,0.0233644859813084,0,1,0
45059443|F|0-24:G>A-24:G>A,45059443,24:G>A,24,PTTO01000659.1_Contig3311,17362577,NC_041731.1,4,autosome,1.0,1,1.7299999999999999e-28,1.0,1.0,1,1,1,1,1,1,1,1,1,0.3130630630630631,0.3130630630630631,0.1875,0.3177570093457944,1,1,0
45059449|F|0-10:G>A-10:G>A,45059449,10:G>A,10,PTTO01002859.1_Contig48,2167196,NC_041732.1,5,autosome,1.0,1,1.7299999999999999e-28,0.99734,1.0,1,1,1,1,1,1,1,1,1,0.0135135135135135,0.0135135135135135,0.0,0.014018691588785,0,1,0
64983674|F|0-64:G>C-64:G>C,64983674,64:G>C,64,PTTO01004189.1_Contig18,1642298,NC_041729.1,2,autosome,1.0,1,1.7299999999999999e-28,1.0,1.0,1,1,1,1,1,1,1,1,0,0.0,0.0,0.0,0.0,0,0,0
100010705|F|0-7:T>C-7:T>C,100010705,7:T>C,7,PTTO01002315.1_Contig12,18801186,NC_041729.1,2,autosome,1.0,1,1.7299999999999999e-28,1.0,1.0,1,1,1,1,1,1,1,1,0,0.0022522522522522,0.0022522522522522,0.0625,0.0,1,0,0
45059474|F|0-25:T>C-25:T>C,45059474,25:T>C,25,PTTO01002967.1_Contig85,13546342,NC_041733.1,6,autosome,1.0,1,8.05e-27,0.99734,1.0,1,1,1,1,1,1,1,1,1,0.1531531531531531,0.1531531531531531,0.0625,0.1565420560747663,1,1,0
100010723|F|0-61:T>C-61:T>C,100010723,61:T>C,61,PTTO01000765.1_Contig334,20252050,NC_041729.1,2,autosome,1.0,1,1.7299999999999999e-28,0.99734,1.0,1,1,1,1,1,1,1,1,0,0.0,0.0,0.0,0.0,0,0,0
100010751|F|0-20:A>G-20:A>G,100010751,20:A>G,20,PTTO01004427.1_Contig106,4807726,NC_041739.1,12,autosome,1.0,1,1.7299999999999999e-28,0.994681,1.0,1,1,1,1,1,1,1,1,0,0.0,0.0,0.0,0.0,0,0,0
45059526|F|0-53:G>A-53:G>A,45059526,53:G>A,53,PTTO01001244.1_Contig55,11699981,NC_041738.1,11,autosome,1.0,1,1.7299999999999999e-28,1.0,1.0,1,1,1,1,1,1,1,1,1,0.0247747747747747,0.0247747747747747,0.0,0.0257009345794392,0,1,0
45059552|F|0-47:G>A-47:G>A,45059552,47:G>A,47,PTTO01000318.1_Contig139,8045987,NC_041730.1,3,autosome,1.0,1,1.7299999999999999e-28,1.0,1.0,1,1,1,1,1,1,1,1,1,0.018018018018018,0.018018018018018,0.0,0.0186915887850467,0,1,0
45059555|F|0-35:G>A-35:G>A,45059555,35:G>A,35,PTTO01002545.1_Contig22,9076641,NC_041728.1,1,autosome,1.0,1,1.7299999999999999e-28,0.99734,1.0,1,1,1,1,1,1,1,1,1,0.0563063063063063,0.0563063063063063,0.0,0.058411214953271,0,1,0
45059561|F|0-58:A>T-58:A>T,45059561,58:A>T,58,PTTO01001241.1_Contig276,3010191,NC_041740.1,13,autosome,1.0,1,1.7299999999999999e-28,0.99734,1.0,1,1,1,1,1,1,1,1,1,0.0045045045045045,0.0045045045045045,0.0,0.0046728971962616,0,1,0
45059576|F|0-62:T>C-62:T>C,45059576,62:T>C,62,PTTO01002057.1_Contig2,30150568,NC_041730.1,3,autosome,1.0,2,1.7299999999999999e-28,1.0,1.0,1,1,1,1,1,1,1,1,1,0.054054054054054,0.054054054054054,0.0,0.0560747663551401,0,1,0
100010809|F|0-27:T>A-27:T>A,100010809,27:T>A,27,PTTO01003571.1_Contig67,18185659,NC_041736.1,9,autosome,1.0,15,1.7299999999999999e-28,1.0,1.0,1,1,1,1,1,1,1,1,0,0.0,0.0,0.0,0.0,0,0,0
45059583|F|0-33:G>A-33:G>A,45059583,33:G>A,33,PTTO01002057.1_Contig2,47689973,NC_041730.1,3,autosome,1.0,1,1.7299999999999999e-28,0.994681,1.0,1,1,1,1,1,1,1,1,1,0.0225225225225225,0.0225225225225225,0.125,0.0186915887850467,1,1,0
45059595|F|0-30:T>G-30:T>G,45059595,30:T>G,30,PTTO01002634.1_Contig60,2828308,NC_041732.1,5,autosome,1.0,1,1.7299999999999999e-28,0.99734,1.0,1,1,1,1,1,1,1,1,1,0.1126126126126126,0.1126126126126126,0.0,0.116822429906542,0,1,0
45059596|F|0-10:A>T-10:A>T,45059596,10:A>T,10,PTTO01001051.1_Contig4,586096,NC_041737.1,10,autosome,1.0,1,1.7299999999999999e-28,0.99734,1.0,1,1,1,1,1,1,1,1,1,0.0112612612612612,0.0112612612612612,0.0,0.0116822429906542,0,1,0
45059609|F|0-56:C>A-56:C>A,45059609,56:C>A,56,PTTO01000765.1_Contig334,31324418,NC_041729.1,2,autosome,1.0,1,1.7299999999999999e-28,1.0,1.0,1,1,1,1,1,1,1,1,1,0.0472972972972973,0.0472972972972973,0.0,0.0490654205607476,0,1,0
64978721|F|0-46:C>T-46:C>T,64978721,46:C>T,46,PTTO01001241.1_Contig276,11750784,NC_041740.1,13,autosome,1.0,1,1.7299999999999999e-28,1.0,1.0,1,1,1,1,1,1,1,1,0,0.0022522522522522,0.0022522522522522,0.0625,0.0,1,0,0
45059626|F|0-5:T>A-5:T>A,45059626,5:T>A,5,PTTO01003671.1_Contig19,10289378,NC_041735.1,8,autosome,1.0,10,1.7299999999999999e-28,1.0,1.0,1,1,1,1,1,1,1,1,1,0.3355855855855856,0.3355855855855856,0.625,0.3247663551401869,1,1,0
64978749|F|0-14:C>G-14:C>G,64978749,14:C>G,14,PTTO01004519.1_Contig1477,2984779,NC_041735.1,8,autosome,1.0,1,1.7299999999999999e-28,0.99734,1.0,1,1,1,1,1,1,1,1,0,0.0,0.0,0.0,0.0,0,0,0
64978752|F|0-30:G>A-30:G>A,64978752,30:G>A,30,PTTO01001320.1_Contig70,2636644,NC_041731.1,4,autosome,1.0,1,1.7299999999999999e-28,1.0,1.0,1,1,1,1,1,1,1,1,0,0.0022522522522522,0.0022522522522522,0.0,0.0023364485981308,0,1,0
45059656|F|0-62:T>C-62:T>C,45059656,62:T>C,62,PTTO01003276.1_Contig54,8004398,NC_041738.1,11,autosome,1.0,1,1.7299999999999999e-28,1.0,1.0,1,1,1,1,1,1,1,1,1,0.1306306306306306,0.1306306306306306,0.0,0.1355140186915887,0,1,0
45059657|F|0-62:G>A-62:G>A,45059657,62:G>A,62,PTTO01004189.1_Contig18,28456430,NC_041729.1,2,autosome,1.0,1,1.7299999999999999e-28,1.0,1.0,1,1,1,1,1,1,1,1,1,0.0563063063063063,0.0563063063063063,0.0625,0.0560747663551401,1,1,0
45059661|F|0-19:T>C-19:T>C,45059661,19:T>C,19,PTTO01002715.1_Contig75,469497,NC_041730.1,3,autosome,1.0,1,1.7299999999999999e-28,0.994681,1.0,1,1,1,1,1,1,1,1,1,0.2027027027027027,0.2027027027027027,0.4375,0.1939252336448598,1,1,0
64978779|F|0-30:C>T-30:C>T,64978779,30:C>T,30,PTTO01004427.1_Contig106,8132666,NC_041739.1,12,autosome,1.0,1,1.7299999999999999e-28,1.0,1.0,1,1,1,1,1,1,1,1,0,0.0,0.0,0.0,0.0,0,0,0
45059669|F|0-25:T>A-25:T>A,45059669,25:T>A,25,PTTO01003276.1_Contig54,14016284,NC_041738.1,11,autosome,1.0,1,1.7299999999999999e-28,0.99734,1.0,1,1,1,1,1,1,1,1,1,0.009009009009009,0.009009009009009,0.0,0.0093457943925233,0,1,0
45059672|F|0-38:G>A-38:G>A,45059672,38:G>A,38,PTTO01001370.1_Contig26,2199643,NC_041734.1,7,autosome,1.0,1,1.7299999999999999e-28,1.0,1.0,1,1,1,1,1,1,1,1,1,0.2454954954954954,0.2454954954954954,0.6875,0.2289719626168224,1,1,0
64978787|F|0-36:C>T-36:C>T,64978787,36:C>T,36,PTTO01003889.1_Contig165,13311498,NC_041729.1,2,autosome,1.0,1,1.7299999999999999e-28,0.99734,1.0,1,1,1,1,1,1,1,1,0,0.0135135135135135,0.0135135135135135,0.3125,0.0023364485981308,1,1,0
45059688|F|0-28:T>A-28:T>A,45059688,28:T>A,28,PTTO01003256.1_Contig153,5050961,NC_041746.1,19,autosome,1.0,1,1.7299999999999999e-28,0.994681,1.0,1,1,1,1,1,1,1,1,1,0.018018018018018,0.018018018018018,0.0,0.0186915887850467,0,1,0
100010948|F|0-27:G>A-27:G>A,100010948,27:G>A,27,PTTO01000659.1_Contig3311,14167468,NC_041731.1,4,autosome,1.0,1,1.7299999999999999e-28,1.0,1.0,1,1,1,1,1,1,1,1,0,0.0,0.0,0.0,0.0,0,0,0
64978805|F|0-56:C>T-56:C>T,64978805,56:C>T,56,PTTO01002815.1_Contig4081,3630175,NC_041744.1,17,autosome,1.0,11,1.7299999999999999e-28,0.99734,1.0,1,1,1,1,1,1,1,1,0,0.0022522522522522,0.0022522522522522,0.0,0.0023364485981308,0,1,0
45059694|F|0-63:T>G-63:T>G,45059694,63:T>G,63,PTTO01000276.1_Contig319,3521924,NC_041737.1,10,autosome,1.0,1,1.7299999999999999e-28,1.0,1.0,1,1,1,1,1,1,1,1,1,0.0968468468468468,0.0968468468468468,0.4375,0.0841121495327102,1,1,0
45059704|F|0-23:A>C-23:A>C,45059704,23:A>C,23,PTTO01002104.1_Contig16,16561903,NC_041732.1,5,autosome,1.0,1,1.7299999999999999e-28,0.99734,1.0,1,1,1,1,1,1,1,1,1,0.063063063063063,0.063063063063063,0.0,0.0654205607476635,0,1,0
45059714|F|0-37:C>T-37:C>T,45059714,37:C>T,37,PTTO01000974.1_Contig37,8877514,NC_041741.1,14,autosome,1.0,1,1.7299999999999999e-28,1.0,1.0,1,1,1,1,1,1,1,1,1,0.072072072072072,0.072072072072072,0.0,0.0747663551401869,0,1,0
64983773|F|0-12:C>A-12:C>A,64983773,12:C>A,12,PTTO01001236.1_Contig336,5579519,NC_041746.1,19,autosome,1.0,1,1.7299999999999999e-28,0.99734,1.0,1,1,1,1,1,1,1,1,0,0.0,0.0,0.0,0.0,0,0,0
45059717|F|0-14:A>T-14:A>T,45059717,14:A>T,14,PTTO01001370.1_Contig26,11324327,NC_041734.1,7,autosome,1.0,1,1.7299999999999999e-28,1.0,1.0,1,1,1,1,1,1,1,1,1,0.0337837837837837,0.0337837837837837,0.0,0.0350467289719626,0,1,0
45059733|F|0-32:G>T-32:G>T,45059733,32:G>T,32,PTTO01001051.1_Contig4,12853656,NC_041737.1,10,autosome,1.0,12,1.7299999999999999e-28,1.0,1.0,1,1,1,1,1,1,1,1,1,0.009009009009009,0.009009009009009,0.0,0.0093457943925233,0,1,0
100011028|F|0-6:A>T-6:A>T,100011028,6:A>T,6,PTTO01004262.1_Contig52,16887294,NC_041731.1,4,autosome,1.0,1,1.7299999999999999e-28,0.962766,1.0,1,1,1,1,1,1,1,1,0,0.0,0.0,0.0,0.0,0,0,0
64987511|F|0-43:T>A-43:T>A,64987511,43:T>A,43,PTTO01003425.1_Contig303,11546425,NC_041743.1,16,autosome,1.0,1,1.7299999999999999e-28,0.99734,1.0,1,1,1,1,1,1,1,1,0,0.0,0.0,0.0,0.0,0,0,0
45059748|F|0-40:C>T-40:C>T,45059748,40:C>T,40,PTTO01003146.1_Contig77,2391150,NC_041734.1,7,autosome,1.0,2,8.05e-27,1.0,1.0,1,1,1,1,1,1,1,1,1,0.3648648648648648,0.3648648648648648,0.1875,0.3714953271028037,1,1,0
45059766|F|0-67:G>T-67:G>T,45059766,67:G>T,67,PTTO01003454.1_Contig230,555411,NC_041744.1,17,autosome,1.0,1,1.7299999999999999e-28,0.99734,1.0,1,1,1,1,1,1,1,1,1,0.0112612612612612,0.0112612612612612,0.0,0.0116822429906542,0,1,0
45059767|F|0-35:C>T-35:C>T,45059767,35:C>T,35,PTTO01000376.1_Contig11,12888208,NC_041745.1,18,autosome,1.0,1,1.7299999999999999e-28,1.0,1.0,1,1,1,1,1,1,1,1,1,0.1869369369369369,0.1869369369369369,0.0,0.1939252336448598,0,1,0
45059769|F|0-52:C>T-52:C>T,45059769,52:C>T,52,PTTO01003671.1_Contig19,12643270,NC_041735.1,8,autosome,1.0,1,1.7299999999999999e-28,1.0,1.0,1,1,1,1,1,1,1,1,1,0.0405405405405405,0.0405405405405405,0.0625,0.0397196261682243,1,1,0
45059770|F|0-35:G>A-35:G>A,45059770,35:G>A,35,PTTO01001241.1_Contig276,7846937,NC_041740.1,13,autosome,1.0,1,1.7299999999999999e-28,1.0,1.0,1,1,1,1,1,1,1,1,1,0.0067567567567567,0.0067567567567567,0.0,0.0070093457943925,0,1,0
64978919|F|0-33:G>A-33:G>A,64978919,33:G>A,33,PTTO01001349.1_Contig23,14052530,NC_041736.1,9,autosome,1.0,1,1.7299999999999999e-28,1.0,1.0,1,1,1,1,1,1,1,1,0,0.0,0.0,0.0,0.0,0,0,0
64986159|F|0-24:G>A-24:G>A,64986159,24:G>A,24,PTTO01003571.1_Contig67,10074447,NC_041736.1,9,autosome,1.0,1,1.7299999999999999e-28,0.99734,1.0,1,1,1,1,1,1,1,1,0,0.0022522522522522,0.0022522522522522,0.0,0.0023364485981308,0,1,0
45059538|F|0-7:T>A-7:T>A,45059538,7:T>A,7,PTTO01002104.1_Contig16,35212005,NC_041732.1,5,autosome,1.0,1,5.85e-22,1.0,1.0,1,1,1,1,1,1,1,1,1,0.0315315315315315,0.0315315315315315,0.0,0.0327102803738317,0,1,0
100011102|F|0-27:T>C-27:T>C,100011102,27:T>C,27,PTTO01000536.1_Contig98,6011546,NC_041735.1,8,autosome,1.0,1,1.7299999999999999e-28,0.994681,1.0,1,1,1,1,1,1,1,1,0,0.0,0.0,0.0,0.0,0,0,0
45059808|F|0-56:C>T-56:C>T,45059808,56:C>T,56,PTTO01001696.1_Contig254,7637694,NC_041747.1,20,autosome,1.0,1,1.7299999999999999e-28,1.0,1.0,1,1,1,1,1,1,1,1,1,0.0427927927927927,0.0427927927927927,0.0625,0.0420560747663551,1,1,0
45059819|F|0-50:T>G-50:T>G,45059819,50:T>G,50,PTTO01004519.1_Contig1477,444765,NC_041735.1,8,autosome,1.0,1,1.7299999999999999e-28,0.99734,1.0,1,1,1,1,1,1,1,1,1,0.0135135135135135,0.0135135135135135,0.0,0.014018691588785,0,1,0
45059837|F|0-33:T>A-33:T>A,45059837,33:T>A,33,PTTO01003256.1_Contig153,15034249,NC_041746.1,19,autosome,1.0,1,1.7299999999999999e-28,0.99734,1.0,1,1,1,1,1,1,1,1,1,0.1081081081081081,0.1081081081081081,0.125,0.1074766355140186,1,1,0
45059842|F|0-22:T>A-22:T>A,45059842,22:T>A,22,PTTO01004519.1_Contig1477,2539665,NC_041735.1,8,autosome,1.0,1,1.7299999999999999e-28,0.99734,1.0,1,1,1,1,1,1,1,1,1,0.0067567567567567,0.0067567567567567,0.0,0.0070093457943925,0,1,0
45059868|F|0-36:G>T-36:G>T,45059868,36:G>T,36,PTTO01002822.1_Contig364,10116465,NC_041731.1,4,autosome,1.0,1,1.7299999999999999e-28,0.994681,1.0,1,1,1,1,1,1,1,1,1,0.0382882882882882,0.0382882882882882,0.125,0.0350467289719626,1,1,0
64986178|F|0-61:G>A-61:G>A,64986178,61:G>A,61,PTTO01004189.1_Contig18,33407368,NC_041729.1,2,autosome,1.0,1,1.7299999999999999e-28,0.994681,1.0,1,1,1,1,1,1,1,1,0,0.0,0.0,0.0,0.0,0,0,0
45059882|F|0-28:C>T-28:C>T,45059882,28:C>T,28,PTTO01003571.1_Contig67,12599418,NC_041736.1,9,autosome,1.0,1,1.7299999999999999e-28,0.99734,1.0,1,1,1,1,1,1,1,1,1,0.0878378378378378,0.0878378378378378,0.1875,0.0841121495327102,1,1,0
45059886|F|0-40:G>C-40:G>C,45059886,40:G>C,40,PTTO01003422.1_Contig3522,347294,NC_041738.1,11,autosome,1.0,1,2.63e-26,1.0,1.0,1,1,1,1,1,1,1,1,1,0.1328828828828828,0.1328828828828828,0.5625,0.116822429906542,1,1,0
45059891|F|0-45:T>C-45:T>C,45059891,45:T>C,45,PTTO01003671.1_Contig19,4937188,NC_041735.1,8,autosome,1.0,1,1.7299999999999999e-28,0.99734,1.0,1,1,1,1,1,1,1,1,1,0.1756756756756756,0.1756756756756756,0.0,0.1822429906542056,0,1,0
64985368|F|0-53:T>A-53:T>A,64985368,53:T>A,53,PTTO01002104.1_Contig16,27840477,NC_041732.1,5,autosome,1.0,1,1.7299999999999999e-28,1.0,1.0,1,1,1,1,1,1,1,1,0,0.0022522522522522,0.0022522522522522,0.0,0.0023364485981308,0,1,0
45059901|F|0-10:T>G-10:T>G,45059901,10:T>G,10,PTTO01002822.1_Contig364,10644522,NC_041731.1,4,autosome,1.0,1,1.7299999999999999e-28,0.99734,1.0,1,1,1,1,1,1,1,1,1,0.4909909909909909,0.4909909909909909,0.3125,0.4976635514018692,1,1,0
45059909|F|0-49:A>C-49:A>C,45059909,49:A>C,49,PTTO01002473.1_Contig1,24940994,NC_041738.1,11,autosome,1.0,1,1.7299999999999999e-28,1.0,1.0,1,1,1,1,1,1,1,1,1,0.018018018018018,0.018018018018018,0.0,0.0186915887850467,0,1,0
45059912|F|0-42:G>A-42:G>A,45059912,42:G>A,42,PTTO01002476.1_Contig0,76294891,NC_041728.1,1,autosome,1.0,1,8.05e-27,1.0,1.0,1,1,1,1,1,1,1,1,1,0.0382882882882882,0.0382882882882882,0.0,0.0397196261682243,0,1,0
45059930|F|0-58:C>T-58:C>T,45059930,58:C>T,58,PTTO01002104.1_Contig16,21507216,NC_041732.1,5,autosome,1.0,1,1.7299999999999999e-28,1.0,1.0,1,1,1,1,1,1,1,1,1,0.0045045045045045,0.0045045045045045,0.0,0.0046728971962616,0,1,0
45059937|F|0-46:C>A-46:C>A,45059937,46:C>A,46,PTTO01002057.1_Contig2,664970,NC_041730.1,3,autosome,1.0,378,1.7299999999999999e-28,0.99734,1.0,1,1,1,1,1,1,1,1,1,0.0022522522522522,0.0022522522522522,0.0,0.0023364485981308,0,1,0
64979126|F|0-16:G>A-16:G>A,64979126,16:G>A,16,PTTO01002545.1_Contig22,15296862,NC_041728.1,1,autosome,1.0,1,1.7299999999999999e-28,1.0,1.0,1,1,1,1,1,1,1,1,0,0.0022522522522522,0.0022522522522522,0.0,0.0023364485981308,0,1,0
45059946|F|0-18:C>A-18:C>A,45059946,18:C>A,18,PTTO01002561.1_Contig143,1130478,NC_041744.1,17,autosome,1.0,1,1.7299999999999999e-28,0.992021,1.0,1,1,1,1,1,1,1,1,1,0.0067567567567567,0.0067567567567567,0.0,0.0070093457943925,0,1,0
64979136|F|0-12:A>G-12:A>G,64979136,12:A>G,12,PTTO01003889.1_Contig165,27459438,NC_041729.1,2,autosome,1.0,1,1.7299999999999999e-28,0.99734,1.0,1,1,1,1,1,1,1,1,0,0.0,0.0,0.0,0.0,0,0,0
45065159|F|0-23:G>A-23:G>A,45065159,23:G>A,23,PTTO01003571.1_Contig67,20039965,NC_041736.1,9,autosome,1.0,1,1.3799999999999998e-23,1.0,1.0,1,1,1,1,1,1,1,1,1,0.072072072072072,0.072072072072072,0.3125,0.0630841121495327,1,1,0
45059957|F|0-31:C>T-31:C>T,45059957,31:C>T,31,PTTO01001283.1_Contig4384,193553,NC_041746.1,19,autosome,1.0,8,1.7299999999999999e-28,0.99734,1.0,1,1,1,1,1,1,1,1,1,0.045045045045045,0.045045045045045,0.0,0.0467289719626168,0,1,0
45059970|F|0-23:C>T-23:C>T,45059970,23:C>T,23,PTTO01003671.1_Contig19,1843498,NC_041735.1,8,autosome,1.0,1,1.7299999999999999e-28,1.0,1.0,1,1,1,1,1,1,1,1,1,0.0225225225225225,0.0225225225225225,0.0,0.0233644859813084,0,1,0
45059993|F|0-29:C>T-29:C>T,45059993,29:C>T,29,PTTO01001678.1_Contig35,4109063,NC_041737.1,10,autosome,1.0,1,1.7299999999999999e-28,1.0,1.0,1,1,1,1,1,1,1,1,1,0.081081081081081,0.081081081081081,0.0,0.0841121495327102,0,1,0
45059997|F|0-66:T>C-66:T>C,45059997,66:T>C,66,PTTO01001349.1_Contig23,25253193,NC_041736.1,9,autosome,1.0,1,1.7299999999999999e-28,1.0,1.0,1,1,1,1,1,1,1,1,1,0.09009009009009,0.09009009009009,0.0,0.0934579439252336,0,1,0
45059999|F|0-26:G>A-26:G>A,45059999,26:G>A,26,PTTO01000276.1_Contig319,4312909,NC_041737.1,10,autosome,1.0,1,8.05e-27,0.99734,1.0,1,1,1,1,1,1,1,1,1,0.1801801801801801,0.1801801801801801,0.4375,0.1705607476635514,1,1,0
45060002|F|0-27:G>A-27:G>A,45060002,27:G>A,27,PTTO01000376.1_Contig11,2039607,NC_041745.1,18,autosome,1.0,1,1.7299999999999999e-28,0.99734,1.0,1,1,1,1,1,1,1,1,1,0.0225225225225225,0.0225225225225225,0.0,0.0233644859813084,0,1,0
45060014|F|0-67:G>A-67:G>A,45060014,67:G>A,67,PTTO01002104.1_Contig16,66456667,NC_041732.1,5,autosome,1.0,1,1.7299999999999999e-28,1.0,1.0,1,1,1,1,1,1,1,1,1,0.0315315315315315,0.0315315315315315,0.0,0.0327102803738317,0,1,0
45053618|F|0-18:G>T-18:G>T,45053618,18:G>T,18,PTTO01004194.1_Contig13,6900841,NC_041743.1,16,autosome,1.0,1,1.7299999999999999e-28,1.0,1.0,1,1,1,1,1,1,1,1,1,0.0045045045045045,0.0045045045045045,0.0,0.0046728971962616,0,1,0
64979258|F|0-41:A>G-41:A>G,64979258,41:A>G,41,PTTO01001696.1_Contig254,3751907,NC_041747.1,20,autosome,1.0,1,1.7299999999999999e-28,1.0,1.0,1,1,1,1,1,1,1,1,0,0.0,0.0,0.0,0.0,0,0,0
45060046|F|0-49:G>A-49:G>A,45060046,49:G>A,49,PTTO01000376.1_Contig11,20490519,NC_041745.1,18,autosome,1.0,3,1.7299999999999999e-28,0.994681,1.0,1,1,1,1,1,1,1,1,1,0.0202702702702702,0.0202702702702702,0.375,0.0070093457943925,1,1,0
45060047|F|0-35:G>T-35:G>T,45060047,35:G>T,35,PTTO01000974.1_Contig37,18323498,NC_041741.1,14,autosome,1.0,1,1.7299999999999999e-28,1.0,1.0,1,1,1,1,1,1,1,1,1,0.0022522522522522,0.0022522522522522,0.0,0.0023364485981308,0,1,0
45060056|F|0-16:A>C-16:A>C,45060056,16:A>C,16,PTTO01002104.1_Contig16,35123749,NC_041732.1,5,autosome,1.0,1,1.7299999999999999e-28,1.0,1.0,1,1,1,1,1,1,1,1,1,0.0045045045045045,0.0045045045045045,0.0,0.0046728971962616,0,1,0
45065231|F|0-61:C>T-61:C>T,45065231,61:C>T,61,PTTO01002476.1_Contig0,55490857,NC_041728.1,1,autosome,1.0,1,8.05e-27,0.99734,1.0,1,1,1,1,1,1,1,1,1,0.3310810810810811,0.3310810810810811,0.0,0.3434579439252336,0,1,0
64979291|F|0-55:C>G-55:C>G,64979291,55:C>G,55,PTTO01004519.1_Contig1477,5953551,NC_041735.1,8,autosome,1.0,1,1.7299999999999999e-28,0.99734,1.0,1,1,1,1,1,1,1,1,0,0.0,0.0,0.0,0.0,0,0,0
45060080|F|0-35:T>G-35:T>G,45060080,35:T>G,35,PTTO01000765.1_Contig334,23489575,NC_041729.1,2,autosome,1.0,14,1.7299999999999999e-28,0.994681,1.0,1,1,1,1,1,1,1,1,1,0.0315315315315315,0.0315315315315315,0.0,0.0327102803738317,0,1,0
45060082|F|0-46:T>G-46:T>G,45060082,46:T>G,46,PTTO01002476.1_Contig0,57513287,NC_041728.1,1,autosome,1.0,1,1.7299999999999999e-28,1.0,1.0,1,1,1,1,1,1,1,1,1,0.027027027027027,0.027027027027027,0.0,0.02803738317757,0,1,0
64979326|F|0-65:G>T-65:G>T,64979326,65:G>T,65,PTTO01002822.1_Contig364,907765,NC_041731.1,4,autosome,1.0,1,1.7299999999999999e-28,0.99734,1.0,1,1,1,1,1,1,1,1,0,0.0,0.0,0.0,0.0,0,0,0
45060094|F|0-60:G>C-60:G>C,45060094,60:G>C,60,PTTO01002473.1_Contig1,6567154,NC_041738.1,11,autosome,1.0,1,8.05e-27,0.994681,1.0,1,1,1,1,1,1,1,1,1,0.3783783783783784,0.3783783783783784,0.75,0.3644859813084112,1,1,0
45065246|F|0-9:C>T-9:C>T,45065246,9:C>T,9,PTTO01002057.1_Contig2,4185621,NC_041730.1,3,autosome,1.0,1,8.05e-27,1.0,1.0,1,1,1,1,1,1,1,1,1,0.1306306306306306,0.1306306306306306,0.0,0.1355140186915887,0,1,0
45060106|F|0-9:C>G-9:C>G,45060106,9:C>G,9,PTTO01000875.1_Contig31,8183106,NC_041730.1,3,autosome,1.0,1,1.7299999999999999e-28,0.99734,1.0,1,1,1,1,1,1,1,1,1,0.0608108108108108,0.0608108108108108,0.0,0.0630841121495327,0,1,0
45060108|F|0-48:G>A-48:G>A,45060108,48:G>A,48,PTTO01004194.1_Contig13,11123110,NC_041743.1,16,autosome,1.0,1,1.7299999999999999e-28,1.0,1.0,1,1,1,1,1,1,1,1,1,0.1869369369369369,0.1869369369369369,0.0,0.1939252336448598,0,1,0
45060112|F|0-26:C>T-26:C>T,45060112,26:C>T,26,PTTO01003425.1_Contig303,1618156,NC_041743.1,16,autosome,1.0,1,1.7299999999999999e-28,1.0,1.0,1,1,1,1,1,1,1,1,1,0.1644144144144144,0.1644144144144144,0.125,0.1658878504672897,1,1,0
45060113|F|0-56:T>C-56:T>C,45060113,56:T>C,56,PTTO01000098.1_Contig21,4126552,NC_041729.1,2,autosome,1.0,2,1.7299999999999999e-28,0.99734,1.0,1,1,1,1,1,1,1,1,1,0.0878378378378378,0.0878378378378378,0.0,0.0911214953271028,0,1,0
45060119|F|0-10:C>T-10:C>T,45060119,10:C>T,10,PTTO01002104.1_Contig16,47371083,NC_041732.1,5,autosome,1.0,1,1.7299999999999999e-28,0.99734,1.0,1,1,1,1,1,1,1,1,1,0.0968468468468468,0.0968468468468468,0.0,0.1004672897196261,0,1,0
45060123|F|0-25:C>T-25:C>T,45060123,25:C>T,25,PTTO01000376.1_Contig11,13883583,NC_041745.1,18,autosome,1.0,8,1.7299999999999999e-28,0.99734,1.0,1,1,1,1,1,1,1,1,1,0.018018018018018,0.018018018018018,0.0,0.0186915887850467,0,1,0
64983970|F|0-64:A>G-64:A>G,64983970,64:A>G,64,PTTO01003571.1_Contig67,7393210,NC_041736.1,9,autosome,1.0,1,1.7299999999999999e-28,0.99734,1.0,1,1,1,1,1,1,1,1,0,0.0067567567567567,0.0067567567567567,0.0,0.0070093457943925,0,1,0
45060129|F|0-64:A>T-64:A>T,45060129,64:A>T,64,PTTO01003710.1_Contig217,7779412,NC_041733.1,6,autosome,1.0,1,1.7299999999999999e-28,0.99734,1.0,1,1,1,1,1,1,1,1,1,0.009009009009009,0.009009009009009,0.0,0.0093457943925233,0,1,0
45060134|F|0-29:A>C-29:A>C,45060134,29:A>C,29,PTTO01004427.1_Contig106,3022881,NC_041739.1,12,autosome,1.0,1,2.24e-27,1.0,1.0,1,1,1,1,1,1,1,1,1,0.0112612612612612,0.0112612612612612,0.0,0.0116822429906542,0,1,0
45067377|F|0-45:C>T-45:C>T,45067377,45:C>T,45,PTTO01002057.1_Contig2,18139887,NC_041730.1,3,autosome,1.0,1,8.05e-27,1.0,1.0,1,1,1,1,1,1,1,1,1,0.0788288288288288,0.0788288288288288,0.5,0.0630841121495327,1,1,0
45060140|F|0-65:C>T-65:C>T,45060140,65:C>T,65,PTTO01002476.1_Contig0,52822337,NC_041728.1,1,autosome,1.0,1,1.7299999999999999e-28,1.0,1.0,1,1,1,1,1,1,1,1,1,0.027027027027027,0.027027027027027,0.0,0.02803738317757,0,1,0
45060144|F|0-47:T>G-47:T>G,45060144,47:T>G,47,PTTO01001370.1_Contig26,18320330,NC_041734.1,7,autosome,1.0,1,1.7299999999999999e-28,0.994681,1.0,1,1,1,1,1,1,1,1,1,0.0855855855855855,0.0855855855855855,0.125,0.0841121495327102,1,1,0
45060145|F|0-17:G>A-17:G>A,45060145,17:G>A,17,PTTO01001349.1_Contig23,16672612,NC_041736.1,9,autosome,1.0,1,1.7299999999999999e-28,1.0,1.0,1,1,1,1,1,1,1,1,1,0.036036036036036,0.036036036036036,0.0,0.0373831775700934,0,1,0
45060154|F|0-34:G>T-34:G>T,45060154,34:G>T,34,PTTO01002057.1_Contig2,612684,NC_041730.1,3,autosome,1.0,1,1.7299999999999999e-28,0.99734,1.0,1,1,1,1,1,1,1,1,1,0.0337837837837837,0.0337837837837837,0.0,0.0350467289719626,0,1,0
45065271|F|0-48:G>A-48:G>A,45065271,48:G>A,48,PTTO01000230.1_Contig34,6662409,NC_041734.1,7,autosome,1.0,1,1.7299999999999999e-28,1.0,1.0,1,1,1,1,1,1,1,1,1,0.0563063063063063,0.0563063063063063,0.0,0.058411214953271,0,1,0
64979423|F|0-32:G>A-32:G>A,64979423,32:G>A,32,PTTO01004563.1_Contig4450,473533,NC_041742.1,15,autosome,1.0,1,1.7299999999999999e-28,1.0,1.0,1,1,1,1,1,1,1,1,0,0.0,0.0,0.0,0.0,0,0,0
45060178|F|0-15:C>T-15:C>T,45060178,15:C>T,15,PTTO01003422.1_Contig3522,755094,NC_041738.1,11,autosome,1.0,16,1.7299999999999999e-28,1.0,1.0,1,1,1,1,1,1,1,1,1,0.027027027027027,0.027027027027027,0.0,0.02803738317757,0,1,0
45065281|F|0-55:C>T-55:C>T,45065281,55:C>T,55,PTTO01001244.1_Contig55,1006924,NC_041738.1,11,autosome,1.0,1,1.7299999999999999e-28,1.0,1.0,1,1,1,1,1,1,1,1,1,0.0202702702702702,0.0202702702702702,0.0,0.0210280373831775,0,1,0
45060208|F|0-57:T>A-57:T>A,45060208,57:T>A,57,PTTO01003889.1_Contig165,23594051,NC_041729.1,2,autosome,1.0,1,1.7299999999999999e-28,0.99734,1.0,1,1,1,1,1,1,1,1,1,0.0405405405405405,0.0405405405405405,0.0,0.0420560747663551,0,1,0
64984010|F|0-14:C>T-14:C>T,64984010,14:C>T,14,PTTO01000974.1_Contig37,13470914,NC_041741.1,14,autosome,1.0,1,1.7299999999999999e-28,1.0,1.0,1,1,1,1,1,1,1,1,0,0.0202702702702702,0.0202702702702702,0.0,0.0210280373831775,0,1,0
45060215|F|0-35:A>C-35:A>C,45060215,35:A>C,35,PTTO01002793.1_Contig38,1375179,NC_041745.1,18,autosome,1.0,1,1.7299999999999999e-28,0.99734,1.0,1,1,1,1,1,1,1,1,1,0.0112612612612612,0.0112612612612612,0.0,0.0116822429906542,0,1,0
45065299|F|0-48:C>T-48:C>T,45065299,48:C>T,48,PTTO01004481.1_Contig260,1230489,NC_041730.1,3,autosome,1.0,1,1.7299999999999999e-28,0.99734,1.0,1,1,1,1,1,1,1,1,1,0.0067567567567567,0.0067567567567567,0.0,0.0070093457943925,0,1,0
45060222|F|0-36:G>T-36:G>T,45060222,36:G>T,36,PTTO01000959.1_Contig66,3030642,NC_041748.1,21,autosome,1.0,1,1.7299999999999999e-28,1.0,1.0,1,1,1,1,1,1,1,1,1,0.0067567567567567,0.0067567567567567,0.0,0.0070093457943925,0,1,0
45060233|F|0-56:C>G-56:C>G,45060233,56:C>G,56,PTTO01002634.1_Contig60,5034166,NC_041732.1,5,autosome,1.0,225,1.7299999999999999e-28,1.0,1.0,1,1,1,1,1,1,1,1,1,0.0022522522522522,0.0022522522522522,0.0,0.0023364485981308,0,1,0
64984019|F|0-6:G>A-6:G>A,64984019,6:G>A,6,PTTO01001883.1_Contig281,660436,NC_041729.1,2,autosome,1.0,1,1.7299999999999999e-28,1.0,1.0,1,1,1,1,1,1,1,1,0,0.0,0.0,0.0,0.0,0,0,0
45060241|F|0-52:C>T-52:C>T,45060241,52:C>T,52,PTTO01003788.1_Contig2016,1666299,NC_041729.1,2,autosome,1.0,1,1.7299999999999999e-28,0.99734,1.0,1,1,1,1,1,1,1,1,1,0.0247747747747747,0.0247747747747747,0.0,0.0257009345794392,0,1,0
45065316|F|0-10:G>A-10:G>A,45065316,10:G>A,10,PTTO01002104.1_Contig16,24304096,NC_041732.1,5,autosome,1.0,1,8.05e-27,1.0,1.0,1,1,1,1,1,1,1,1,1,0.240990990990991,0.240990990990991,0.1875,0.2429906542056074,1,1,0
45060259|F|0-49:T>A-49:T>A,45060259,49:T>A,49,PTTO01002793.1_Contig38,7120766,NC_041745.1,18,autosome,1.0,1,1.7299999999999999e-28,1.0,1.0,1,1,1,1,1,1,1,1,1,0.0045045045045045,0.0045045045045045,0.0,0.0046728971962616,0,1,0
95136130|F|0-5:T>G-5:T>G,95136130,5:T>G,5,PTTO01001940.1_Contig353,11864422,NC_041731.1,4,autosome,1.0,1,1.7299999999999999e-28,0.99734,1.0,1,1,1,1,1,1,1,1,0,0.0,0.0,0.0,0.0,0,0,0
45060266|F|0-53:C>T-53:C>T,45060266,53:C>T,53,PTTO01002261.1_Contig251,11169905,NC_041743.1,16,autosome,1.0,1,1.7299999999999999e-28,0.994681,1.0,1,1,1,1,1,1,1,1,1,0.0382882882882882,0.0382882882882882,0.0,0.0397196261682243,0,1,0
45060269|F|0-13:A>T-13:A>T,45060269,13:A>T,13,PTTO01001940.1_Contig353,12140021,NC_041731.1,4,autosome,1.0,8,2.9000000000000004e-26,1.0,1.0,1,1,1,1,1,1,1,1,1,0.0653153153153153,0.0653153153153153,0.0,0.0677570093457943,0,1,0
64979557|F|0-16:G>C-16:G>C,64979557,16:G>C,16,PTTO01002815.1_Contig4081,4430330,NC_041744.1,17,autosome,1.0,10,1.7299999999999999e-28,1.0,1.0,1,1,1,1,1,1,1,1,0,0.0,0.0,0.0,0.0,0,0,0
45065333|F|0-31:A>G-31:A>G,45065333,31:A>G,31,PTTO01000947.1_Contig1049,5671462,NC_041739.1,12,autosome,1.0,1,1.7299999999999999e-28,0.99734,1.0,1,1,1,1,1,1,1,1,1,0.045045045045045,0.045045045045045,0.0,0.0467289719626168,0,1,0
45060275|F|0-29:T>G-29:T>G,45060275,29:T>G,29,PTTO01002545.1_Contig22,7422178,NC_041728.1,1,autosome,1.0,1,1.7299999999999999e-28,1.0,1.0,1,1,1,1,1,1,1,1,1,0.0563063063063063,0.0563063063063063,0.0,0.058411214953271,0,1,0
64979566|F|0-28:T>G-28:T>G,64979566,28:T>G,28,PTTO01002634.1_Contig60,15247224,NC_041732.1,5,autosome,1.0,28,1.7299999999999999e-28,0.99734,1.0,1,1,1,1,1,1,1,1,0,0.0,0.0,0.0,0.0,0,0,0
45060290|F|0-49:T>G-49:T>G,45060290,49:T>G,49,PTTO01002315.1_Contig12,20964460,NC_041729.1,2,autosome,1.0,1,1.7299999999999999e-28,0.99734,1.0,1,1,1,1,1,1,1,1,1,0.3265765765765765,0.3265765765765765,0.125,0.3341121495327103,1,1,0
45065347|F|0-22:G>C-22:G>C,45065347,22:G>C,22,PTTO01001633.1_Contig312,17931754,NC_041739.1,12,autosome,1.0,1,1.7299999999999999e-28,1.0,1.0,1,1,1,1,1,1,1,1,1,0.0067567567567567,0.0067567567567567,0.0,0.0070093457943925,0,1,0
45060296|F|0-39:C>T-39:C>T,45060296,39:C>T,39,PTTO01002793.1_Contig38,8645776,NC_041745.1,18,autosome,1.0,1,1.7299999999999999e-28,0.994681,1.0,1,1,1,1,1,1,1,1,1,0.0563063063063063,0.0563063063063063,0.0,0.058411214953271,0,1,0
45060299|F|0-66:G>A-66:G>A,45060299,66:G>A,66,PTTO01000700.1_Contig3723,4200628,NC_041730.1,3,autosome,1.0,1,1.7299999999999999e-28,1.0,1.0,1,1,1,1,1,1,1,1,1,0.0202702702702702,0.0202702702702702,0.0,0.0210280373831775,0,1,0
45060304|F|0-20:C>G-20:C>G,45060304,20:C>G,20,PTTO01001244.1_Contig55,10999629,NC_041738.1,11,autosome,1.0,1,8.05e-27,0.99734,1.0,1,1,1,1,1,1,1,1,1,0.0202702702702702,0.0202702702702702,0.0,0.0210280373831775,0,1,0
100011697|F|0-42:G>A-42:G>A,100011697,42:G>A,42,PTTO01001349.1_Contig23,18648132,NC_041736.1,9,autosome,1.0,4,1.7299999999999999e-28,1.0,1.0,1,1,1,1,1,1,1,1,0,0.0,0.0,0.0,0.0,0,0,0
45060310|F|0-28:G>C-28:G>C,45060310,28:G>C,28,PTTO01002624.1_Contig32,22714020,NC_041728.1,1,autosome,1.0,1,1.7299999999999999e-28,0.99734,1.0,1,1,1,1,1,1,1,1,1,0.0045045045045045,0.0045045045045045,0.0,0.0046728971962616,0,1,0
45060330|F|0-66:G>A-66:G>A,45060330,66:G>A,66,PTTO01004262.1_Contig52,1247940,NC_041731.1,4,autosome,1.0,1,1.7299999999999999e-28,0.994681,1.0,1,1,1,1,1,1,1,1,1,0.1283783783783783,0.1283783783783783,0.0625,0.1308411214953271,1,1,0
64984056|F|0-17:T>A-17:T>A,64984056,17:T>A,17,PTTO01001349.1_Contig23,24487421,NC_041736.1,9,autosome,1.0,1,1.7299999999999999e-28,0.994681,1.0,1,1,1,1,1,1,1,1,0,0.0022522522522522,0.0022522522522522,0.0625,0.0,1,0,0
45060350|F|0-49:T>A-49:T>A,45060350,49:T>A,49,PTTO01002104.1_Contig16,23629652,NC_041732.1,5,autosome,1.0,1,1.7299999999999999e-28,0.99734,1.0,1,1,1,1,1,1,1,1,1,0.0157657657657657,0.0157657657657657,0.0,0.0163551401869158,0,1,0
45060363|F|0-65:C>G-65:C>G,45060363,65:C>G,65,PTTO01001244.1_Contig55,1513127,NC_041738.1,11,autosome,1.0,1,1.7299999999999999e-28,0.99734,1.0,1,1,1,1,1,1,1,1,1,0.0067567567567567,0.0067567567567567,0.0,0.0070093457943925,0,1,0
45060375|F|0-48:C>T-48:C>T,45060375,48:C>T,48,PTTO01002624.1_Contig32,33711273,NC_041728.1,1,autosome,1.0,1,1.7299999999999999e-28,0.99734,1.0,1,1,1,1,1,1,1,1,1,0.0157657657657657,0.0157657657657657,0.0,0.0163551401869158,0,1,0
45060379|F|0-12:G>A-12:G>A,45060379,12:G>A,12,PTTO01002624.1_Contig32,41011073,NC_041728.1,1,autosome,1.0,1,8.05e-27,1.0,1.0,1,1,1,1,1,1,1,1,1,0.4977477477477477,0.4977477477477477,0.25,0.5070093457943925,1,1,0
64979687|F|0-43:C>G-43:C>G,64979687,43:C>G,43,PTTO01000376.1_Contig11,22800818,NC_041745.1,18,autosome,1.0,1,1.7299999999999999e-28,0.994681,1.0,1,1,1,1,1,1,1,1,0,0.0,0.0,0.0,0.0,0,0,0
45065397|F|0-48:G>A-48:G>A,45065397,48:G>A,48,PTTO01004499.1_Contig142,3513272,NC_041744.1,17,autosome,1.0,1,1.7299999999999999e-28,0.99734,1.0,1,1,1,1,1,1,1,1,1,0.1171171171171171,0.1171171171171171,0.0,0.1214953271028037,0,1,0
45060400|F|0-63:A>G-63:A>G,45060400,63:A>G,63,PTTO01002692.1_Contig2496,541953,NW_021638172.1,unplaced,unplaced,1.0,11,1.7299999999999999e-28,1.0,1.0,1,1,1,1,1,1,1,1,1,0.0337837837837837,0.0337837837837837,0.0,0.0350467289719626,0,1,0
45060404|F|0-55:C>T-55:C>T,45060404,55:C>T,55,PTTO01002104.1_Contig16,38180194,NC_041732.1,5,autosome,1.0,1,1.7299999999999999e-28,0.99734,1.0,1,1,1,1,1,1,1,1,1,0.0202702702702702,0.0202702702702702,0.0625,0.0186915887850467,1,1,0
64979701|F|0-25:T>A-25:T>A,64979701,25:T>A,25,PTTO01002476.1_Contig0,43375958,NC_041728.1,1,autosome,1.0,1,1.7299999999999999e-28,0.99734,1.0,1,1,1,1,1,1,1,1,0,0.0,0.0,0.0,0.0,0,0,0
45060408|F|0-54:A>T-54:A>T,45060408,54:A>T,54,PTTO01002476.1_Contig0,60283360,NC_041728.1,1,autosome,1.0,1,1.7299999999999999e-28,0.99734,1.0,1,1,1,1,1,1,1,1,1,0.2522522522522522,0.2522522522522522,0.6875,0.2359813084112149,1,1,0
45067437|F|0-40:A>C-40:A>C,45067437,40:A>C,40,PTTO01002104.1_Contig16,9890416,NC_041732.1,5,autosome,1.0,1,1.7299999999999999e-28,1.0,1.0,1,1,1,1,1,1,1,1,1,0.0202702702702702,0.0202702702702702,0.0,0.0210280373831775,0,1,0
45060425|F|0-39:C>T-39:C>T,45060425,39:C>T,39,PTTO01002057.1_Contig2,33339765,NC_041730.1,3,autosome,1.0,2,1.7299999999999999e-28,0.99734,1.0,1,1,1,1,1,1,1,1,1,0.3288288288288288,0.3288288288288288,0.5,0.322429906542056,1,1,0
45060443|F|0-20:C>T-20:C>T,45060443,20:C>T,20,PTTO01002476.1_Contig0,69086326,NC_041728.1,1,autosome,1.0,1,1.7299999999999999e-28,0.994681,1.0,1,1,1,1,1,1,1,1,1,0.0585585585585585,0.0585585585585585,0.0,0.0607476635514018,0,1,0
45060453|F|0-45:C>T-45:C>T,45060453,45:C>T,45,PTTO01002476.1_Contig0,29536849,NC_041728.1,1,autosome,1.0,1,1.7299999999999999e-28,0.99734,1.0,1,1,1,1,1,1,1,1,1,0.0135135135135135,0.0135135135135135,0.0,0.014018691588785,0,1,0
100011865|F|0-23:G>A-23:G>A,100011865,23:G>A,23,PTTO01001349.1_Contig23,12360266,NC_041736.1,9,autosome,1.0,1,1.7299999999999999e-28,0.992021,1.0,1,1,1,1,1,1,1,1,0,0.0,0.0,0.0,0.0,0,0,0
45060463|F|0-31:A>C-31:A>C,45060463,31:A>C,31,PTTO01002793.1_Contig38,10144738,NC_041745.1,18,autosome,1.0,1,1.7299999999999999e-28,1.0,1.0,1,1,1,1,1,1,1,1,1,0.4527027027027027,0.4527027027027027,1.0,0.4322429906542056,0,1,0
45060471|F|0-12:C>T-12:C>T,45060471,12:C>T,12,PTTO01002793.1_Contig38,5411500,NC_041745.1,18,autosome,1.0,1,1.7299999999999999e-28,0.99734,1.0,1,1,1,1,1,1,1,1,1,0.063063063063063,0.063063063063063,0.0,0.0654205607476635,0,1,0
45060474|F|0-11:A>G-11:A>G,45060474,11:A>G,11,PTTO01004189.1_Contig18,18302645,NC_041729.1,2,autosome,1.0,3,1.7299999999999999e-28,0.99734,1.0,1,1,1,1,1,1,1,1,1,0.1306306306306306,0.1306306306306306,0.0,0.1355140186915887,0,1,0
45060483|F|0-15:G>A-15:G>A,45060483,15:G>A,15,PTTO01002793.1_Contig38,368294,NC_041745.1,18,autosome,1.0,1,8.05e-27,1.0,1.0,1,1,1,1,1,1,1,1,1,0.3693693693693693,0.3693693693693693,0.125,0.3785046728971962,1,1,0
45060484|F|0-57:A>C-57:A>C,45060484,57:A>C,57,PTTO01001839.1_Contig208,13668400,NC_041741.1,14,autosome,1.0,1,8.05e-27,1.0,1.0,1,1,1,1,1,1,1,1,1,0.2027027027027027,0.2027027027027027,0.3125,0.1985981308411215,1,1,0
100011904|F|0-39:A>G-39:A>G,100011904,39:A>G,39,PTTO01003571.1_Contig67,10207742,NC_041736.1,9,autosome,1.0,1,1.7299999999999999e-28,0.978723,1.0,1,1,1,1,1,1,1,1,0,0.0,0.0,0.0,0.0,0,0,0
45060496|F|0-37:C>G-37:C>G,45060496,37:C>G,37,PTTO01001073.1_Contig8,239703,NC_041748.1,21,autosome,1.0,1,1.7299999999999999e-28,0.99734,1.0,1,1,1,1,1,1,1,1,1,0.027027027027027,0.027027027027027,0.0,0.02803738317757,0,1,0
45060500|F|0-61:G>A-61:G>A,45060500,61:G>A,61,PTTO01004446.1_Contig146,4089823,NC_041742.1,15,autosome,1.0,1,1.7299999999999999e-28,0.994681,1.0,1,1,1,1,1,1,1,1,1,0.0923423423423423,0.0923423423423423,0.0,0.0957943925233644,0,1,0
45060502|F|0-45:G>A-45:G>A,45060502,45:G>A,45,PTTO01000536.1_Contig98,5864729,NC_041735.1,8,autosome,1.0,1,1.7299999999999999e-28,0.99734,1.0,1,1,1,1,1,1,1,1,1,0.018018018018018,0.018018018018018,0.0,0.0186915887850467,0,1,0
45060505|F|0-28:A>G-28:A>G,45060505,28:A>G,28,PTTO01002057.1_Contig2,29159870,NC_041730.1,3,autosome,1.0,14,1.7299999999999999e-28,0.99734,1.0,1,1,1,1,1,1,1,1,1,0.1959459459459459,0.1959459459459459,0.0,0.2032710280373831,0,1,0
64979816|F|0-41:C>G-41:C>G,64979816,41:C>G,41,PTTO01001370.1_Contig26,19985602,NC_041734.1,7,autosome,1.0,3,1.7299999999999999e-28,0.994681,1.0,1,1,1,1,1,1,1,1,0,0.0067567567567567,0.0067567567567567,0.1875,0.0,1,0,0
64979829|F|0-53:C>T-53:C>T,64979829,53:C>T,53,PTTO01004189.1_Contig18,5897956,NC_041729.1,2,autosome,1.0,1,1.7299999999999999e-28,0.99734,1.0,1,1,1,1,1,1,1,1,0,0.0,0.0,0.0,0.0,0,0,0
45065453|F|0-24:C>A-24:C>A,45065453,24:C>A,24,PTTO01002609.1_Contig158,2935002,NC_041737.1,10,autosome,1.0,1,1.7299999999999999e-28,0.99734,1.0,1,1,1,1,1,1,1,1,1,0.0157657657657657,0.0157657657657657,0.0,0.0163551401869158,0,1,0
45060524|F|0-33:C>T-33:C>T,45060524,33:C>T,33,PTTO01002104.1_Contig16,31437002,NC_041732.1,5,autosome,1.0,1,1.7299999999999999e-28,1.0,1.0,1,1,1,1,1,1,1,1,1,0.0067567567567567,0.0067567567567567,0.0,0.0070093457943925,0,1,0
45060527|F|0-43:C>T-43:C>T,45060527,43:C>T,43,PTTO01000318.1_Contig139,12414988,NC_041730.1,3,autosome,1.0,1,1.7299999999999999e-28,0.99734,1.0,1,1,1,1,1,1,1,1,1,0.0675675675675675,0.0675675675675675,0.3125,0.058411214953271,1,1,0
45060543|F|0-25:C>T-25:C>T,45060543,25:C>T,25,PTTO01002476.1_Contig0,83034837,NC_041728.1,1,autosome,1.0,4,1.7299999999999999e-28,1.0,1.0,1,1,1,1,1,1,1,1,1,0.0067567567567567,0.0067567567567567,0.0,0.0070093457943925,0,1,0
45060479|F|0-8:G>A-8:G>A,45060479,8:G>A,8,PTTO01004427.1_Contig106,4210697,NC_041739.1,12,autosome,1.0,7,1.7299999999999999e-28,0.99734,1.0,1,1,1,1,1,1,1,1,1,0.1981981981981982,0.1981981981981982,0.375,0.1915887850467289,1,1,0
45060550|F|0-13:G>T-13:G>T,45060550,13:G>T,13,PTTO01002815.1_Contig4081,2484377,NC_041744.1,17,autosome,1.0,1,1.7299999999999999e-28,0.992021,1.0,1,1,1,1,1,1,1,1,1,0.0022522522522522,0.0022522522522522,0.0,0.0023364485981308,0,1,0
45060551|F|0-33:G>A-33:G>A,45060551,33:G>A,33,PTTO01003889.1_Contig165,8215444,NC_041729.1,2,autosome,1.0,1,8.05e-27,0.99734,1.0,1,1,1,1,1,1,1,1,1,0.2905405405405405,0.2905405405405405,0.3125,0.2897196261682243,1,1,0
64979892|F|0-23:C>T-23:C>T,64979892,23:C>T,23,PTTO01004262.1_Contig52,38637667,NC_041731.1,4,autosome,1.0,1,1.7299999999999999e-28,0.994681,1.0,1,1,1,1,1,1,1,1,0,0.0,0.0,0.0,0.0,0,0,0
64979893|F|0-55:T>A-55:T>A,64979893,55:T>A,55,PTTO01002476.1_Contig0,10996030,NC_041728.1,1,autosome,1.0,222,1.7299999999999999e-28,1.0,1.0,1,1,1,1,1,1,1,1,0,0.0,0.0,0.0,0.0,0,0,0
45060571|F|0-18:G>A-18:G>A,45060571,18:G>A,18,PTTO01002057.1_Contig2,19212017,NC_041730.1,3,autosome,1.0,1,1.7299999999999999e-28,1.0,1.0,1,1,1,1,1,1,1,1,1,0.0202702702702702,0.0202702702702702,0.0,0.0210280373831775,0,1,0
64979901|F|0-20:G>A-20:G>A,64979901,20:G>A,20,PTTO01003889.1_Contig165,5142856,NC_041729.1,2,autosome,1.0,1,8.05e-27,1.0,1.0,1,1,1,1,1,1,1,1,0,0.0,0.0,0.0,0.0,0,0,0
45060575|F|0-67:T>C-67:T>C,45060575,67:T>C,67,PTTO01002104.1_Contig16,23599475,NC_041732.1,5,autosome,1.0,1,1.7299999999999999e-28,0.99734,1.0,1,1,1,1,1,1,1,1,1,0.027027027027027,0.027027027027027,0.0,0.02803738317757,0,1,0
45060579|F|0-62:G>A-62:G>A,45060579,62:G>A,62,PTTO01002634.1_Contig60,4929813,NC_041732.1,5,autosome,1.0,1,1.7299999999999999e-28,1.0,1.0,1,1,1,1,1,1,1,1,1,0.0247747747747747,0.0247747747747747,0.125,0.0210280373831775,1,1,0
45060621|F|0-53:C>T-53:C>T,45060621,53:C>T,53,PTTO01000765.1_Contig334,27343727,NC_041729.1,2,autosome,1.0,1,1.7299999999999999e-28,0.994681,1.0,1,1,1,1,1,1,1,1,1,0.0585585585585585,0.0585585585585585,0.0,0.0607476635514018,0,1,0
45065524|F|0-10:C>T-10:C>T,45065524,10:C>T,10,PTTO01003425.1_Contig303,7403163,NC_041743.1,16,autosome,1.0,1,1.7299999999999999e-28,0.994681,1.0,1,1,1,1,1,1,1,1,1,0.018018018018018,0.018018018018018,0.0,0.0186915887850467,0,1,0
45053633|F|0-48:G>A-48:G>A,45053633,48:G>A,48,PTTO01002057.1_Contig2,46770970,NC_041730.1,3,autosome,1.0,1,1.7299999999999999e-28,1.0,1.0,1,1,1,1,1,1,1,1,1,0.0788288288288288,0.0788288288288288,0.3125,0.0700934579439252,1,1,0
45060635|F|0-62:G>A-62:G>A,45060635,62:G>A,62,PTTO01001652.1_Contig209,2276565,NC_041739.1,12,autosome,1.0,1,1.7299999999999999e-28,1.0,1.0,1,1,1,1,1,1,1,1,1,0.0990990990990991,0.0990990990990991,0.0,0.102803738317757,0,1,0
45060638|F|0-42:G>A-42:G>A,45060638,42:G>A,42,PTTO01004492.1_Contig25,10054222,NC_041732.1,5,autosome,1.0,1,1.7299999999999999e-28,1.0,1.0,1,1,1,1,1,1,1,1,1,0.0608108108108108,0.0608108108108108,0.0,0.0630841121495327,0,1,0
64979979|F|0-68:C>T-68:C>T,64979979,68:C>T,68,PTTO01003571.1_Contig67,27298115,NC_041736.1,9,autosome,1.0,1,1.7299999999999999e-28,0.99734,1.0,1,1,1,1,1,1,1,1,0,0.0,0.0,0.0,0.0,0,0,0
45060649|F|0-5:T>A-5:T>A,45060649,5:T>A,5,PTTO01002666.1_Contig135,2316243,NC_041734.1,7,autosome,1.0,1,1.7299999999999999e-28,0.99734,1.0,1,1,1,1,1,1,1,1,1,0.0292792792792792,0.0292792792792792,0.0,0.0303738317757009,0,1,0
64984181|F|0-65:C>G-65:C>G,64984181,65:C>G,65,PTTO01002476.1_Contig0,84535312,NC_041728.1,1,autosome,1.0,1,1.7299999999999999e-28,1.0,1.0,1,1,1,1,1,1,1,1,0,0.0,0.0,0.0,0.0,0,0,0
45060655|F|0-63:C>T-63:C>T,45060655,63:C>T,63,PTTO01002473.1_Contig1,6147205,NC_041738.1,11,autosome,1.0,1,1.7299999999999999e-28,1.0,1.0,1,1,1,1,1,1,1,1,1,0.1126126126126126,0.1126126126126126,0.0,0.116822429906542,0,1,0
64979996|F|0-65:G>T-65:G>T,64979996,65:G>T,65,PTTO01001349.1_Contig23,862433,NC_041736.1,9,autosome,1.0,1,1.7299999999999999e-28,0.99734,1.0,1,1,1,1,1,1,1,1,0,0.0,0.0,0.0,0.0,0,0,0
45060662|F|0-31:T>C-31:T>C,45060662,31:T>C,31,PTTO01002624.1_Contig32,38383703,NC_041728.1,1,autosome,1.0,1,1.7299999999999999e-28,0.994681,1.0,1,1,1,1,1,1,1,1,1,0.045045045045045,0.045045045045045,0.0,0.0467289719626168,0,1,0
45060667|F|0-26:C>T-26:C>T,45060667,26:C>T,26,PTTO01002793.1_Contig38,3564983,NC_041745.1,18,autosome,1.0,9,8.05e-27,1.0,1.0,1,1,1,1,1,1,1,1,1,0.2927927927927928,0.2927927927927928,0.625,0.2803738317757009,1,1,0
45060679|F|0-60:A>C-60:A>C,45060679,60:A>C,60,PTTO01004189.1_Contig18,23659168,NC_041729.1,2,autosome,1.0,10304,1.7299999999999999e-28,0.93617,1.0,1,1,1,1,1,1,1,1,1,0.009009009009009,0.009009009009009,0.0,0.0093457943925233,0,1,0
45060686|F|0-34:G>C-34:G>C,45060686,34:G>C,34,PTTO01001073.1_Contig8,4717895,NC_041748.1,21,autosome,1.0,4,1.7299999999999999e-28,1.0,1.0,1,1,1,1,1,1,1,1,1,0.036036036036036,0.036036036036036,0.0,0.0373831775700934,0,1,0
45060701|F|0-24:C>A-24:C>A,45060701,24:C>A,24,PTTO01004427.1_Contig106,4687481,NC_041739.1,12,autosome,1.0,1,8.05e-27,1.0,1.0,1,1,1,1,1,1,1,1,1,0.4099099099099099,0.4099099099099099,0.4375,0.4088785046728972,1,1,0
45060708|F|0-21:T>C-21:T>C,45060708,21:T>C,21,PTTO01002967.1_Contig85,960400,NC_041733.1,6,autosome,1.0,1,8.05e-27,0.99734,1.0,1,1,1,1,1,1,1,1,1,0.4549549549549549,0.4549549549549549,0.0,0.4719626168224299,0,1,0
45053524|F|0-62:A>T-62:A>T,45053524,62:A>T,62,PTTO01000276.1_Contig319,12920738,NC_041737.1,10,autosome,1.0,13,1.7299999999999999e-28,1.0,1.0,1,1,1,1,1,1,1,1,1,0.009009009009009,0.009009009009009,0.0,0.0093457943925233,0,1,0
45060725|F|0-9:T>A-9:T>A,45060725,9:T>A,9,PTTO01002476.1_Contig0,11707638,NC_041728.1,1,autosome,1.0,1,1.7299999999999999e-28,0.99734,1.0,1,1,1,1,1,1,1,1,1,0.0045045045045045,0.0045045045045045,0.0,0.0046728971962616,0,1,0
95138228|F|0-16:C>A-16:C>A,95138228,16:C>A,16,PTTO01004446.1_Contig146,5850120,NC_041742.1,15,autosome,1.0,1,1.7299999999999999e-28,0.986702,1.0,1,1,1,1,1,1,1,1,0,0.0,0.0,0.0,0.0,0,0,0
45065561|F|0-29:C>T-29:C>T,45065561,29:C>T,29,PTTO01003889.1_Contig165,21444917,NC_041729.1,2,autosome,1.0,1,1.7299999999999999e-28,0.99734,1.0,1,1,1,1,1,1,1,1,1,0.4954954954954955,0.4954954954954955,0.375,0.5,1,1,0
45060737|F|0-6:G>A-6:G>A,45060737,6:G>A,6,PTTO01004519.1_Contig1477,4250590,NC_041735.1,8,autosome,1.0,1,1.7299999999999999e-28,0.99734,1.0,1,1,1,1,1,1,1,1,1,0.0112612612612612,0.0112612612612612,0.0,0.0116822429906542,0,1,0
45060740|F|0-45:G>T-45:G>T,45060740,45:G>T,45,PTTO01002476.1_Contig0,34335009,NC_041728.1,1,autosome,1.0,1,1.7299999999999999e-28,1.0,1.0,1,1,1,1,1,1,1,1,1,0.0045045045045045,0.0045045045045045,0.0,0.0046728971962616,0,1,0
45060742|F|0-19:G>T-19:G>T,45060742,19:G>T,19,PTTO01003276.1_Contig54,14008814,NC_041738.1,11,autosome,1.0,1,1.7299999999999999e-28,0.994681,1.0,1,1,1,1,1,1,1,1,1,0.0135135135135135,0.0135135135135135,0.0,0.014018691588785,0,1,0
45060745|F|0-65:G>C-65:G>C,45060745,65:G>C,65,PTTO01002476.1_Contig0,92469258,NC_041728.1,1,autosome,1.0,1,1.7299999999999999e-28,1.0,1.0,1,1,1,1,1,1,1,1,1,0.2364864864864864,0.2364864864864864,0.125,0.2406542056074766,1,1,0
45060782|F|0-48:G>A-48:G>A,45060782,48:G>A,48,PTTO01001241.1_Contig276,2575773,NC_041740.1,13,autosome,1.0,1,1.7299999999999999e-28,1.0,1.0,1,1,1,1,1,1,1,1,1,0.0225225225225225,0.0225225225225225,0.3125,0.0116822429906542,1,1,0
45060785|F|0-15:T>C-15:T>C,45060785,15:T>C,15,PTTO01002057.1_Contig2,16087048,NC_041730.1,3,autosome,1.0,1,1.7299999999999999e-28,1.0,1.0,1,1,1,1,1,1,1,1,1,0.0518018018018018,0.0518018018018018,0.0,0.0537383177570093,0,1,0
45060798|F|0-8:C>A-8:C>A,45060798,8:C>A,8,PTTO01004189.1_Contig18,24996712,NC_041729.1,2,autosome,1.0,1,1.7299999999999999e-28,0.994681,1.0,1,1,1,1,1,1,1,1,1,0.018018018018018,0.018018018018018,0.0,0.0186915887850467,0,1,0
45060808|F|0-28:A>C-28:A>C,45060808,28:A>C,28,PTTO01000700.1_Contig3723,131281,NC_041730.1,3,autosome,1.0,1,1.7299999999999999e-28,1.0,1.0,1,1,1,1,1,1,1,1,1,0.0067567567567567,0.0067567567567567,0.0,0.0070093457943925,0,1,0
45060809|F|0-37:C>T-37:C>T,45060809,37:C>T,37,PTTO01002545.1_Contig22,545024,NC_041728.1,1,autosome,1.0,1,1.7299999999999999e-28,1.0,1.0,1,1,1,1,1,1,1,1,1,0.0337837837837837,0.0337837837837837,0.0,0.0350467289719626,0,1,0
64980195|F|0-52:G>C-52:G>C,64980195,52:G>C,52,PTTO01000875.1_Contig31,13802092,NC_041730.1,3,autosome,1.0,1,1.7299999999999999e-28,0.994681,1.0,1,1,1,1,1,1,1,1,0,0.0,0.0,0.0,0.0,0,0,0
45060830|F|0-26:C>T-26:C>T,45060830,26:C>T,26,PTTO01002476.1_Contig0,7082848,NC_041728.1,1,autosome,1.0,1,1.7299999999999999e-28,0.994681,1.0,1,1,1,1,1,1,1,1,1,0.0157657657657657,0.0157657657657657,0.0,0.0163551401869158,0,1,0
45060848|F|0-10:A>G-10:A>G,45060848,10:A>G,10,PTTO01003256.1_Contig153,2079785,NC_041746.1,19,autosome,1.0,1,1.7299999999999999e-28,0.99734,1.0,1,1,1,1,1,1,1,1,1,0.0067567567567567,0.0067567567567567,0.0,0.0070093457943925,0,1,0
45060859|F|0-68:T>A-68:T>A,45060859,68:T>A,68,PTTO01002815.1_Contig4081,5380959,NC_041744.1,17,autosome,1.0,1,1.7299999999999999e-28,0.99734,1.0,1,1,1,1,1,1,1,1,1,0.0315315315315315,0.0315315315315315,0.0,0.0327102803738317,0,1,0
64980252|F|0-54:T>G-54:T>G,64980252,54:T>G,54,PTTO01003671.1_Contig19,12224049,NC_041735.1,8,autosome,1.0,1,1.7299999999999999e-28,0.994681,1.0,1,1,1,1,1,1,1,1,0,0.0,0.0,0.0,0.0,0,0,0
64980259|F|0-56:A>T-56:A>T,64980259,56:A>T,56,PTTO01003710.1_Contig217,11200590,NC_041733.1,6,autosome,1.0,1,1.7299999999999999e-28,1.0,1.0,1,1,1,1,1,1,1,1,0,0.0,0.0,0.0,0.0,0,0,0
45067511|F|0-19:G>T-19:G>T,45067511,19:G>T,19,PTTO01003422.1_Contig3522,884070,NC_041738.1,11,autosome,1.0,1,1.7299999999999999e-28,1.0,1.0,1,1,1,1,1,1,1,1,1,0.009009009009009,0.009009009009009,0.0,0.0093457943925233,0,1,0
45065624|F|0-54:A>T-54:A>T,45065624,54:A>T,54,PTTO01001610.1_Contig358,527142,NC_041729.1,2,autosome,1.0,4,1.7299999999999999e-28,0.99734,1.0,1,1,1,1,1,1,1,1,1,0.0157657657657657,0.0157657657657657,0.0,0.0163551401869158,0,1,0
45060889|F|0-64:G>A-64:G>A,45060889,64:G>A,64,PTTO01000536.1_Contig98,5242259,NC_041735.1,8,autosome,1.0,2,2.9000000000000004e-26,1.0,1.0,1,1,1,1,1,1,1,1,1,0.0765765765765765,0.0765765765765765,0.0,0.0794392523364486,0,1,0
45060893|F|0-17:C>T-17:C>T,45060893,17:C>T,17,PTTO01004189.1_Contig18,33628623,NC_041729.1,2,autosome,1.0,1,5.85e-22,0.99734,1.0,1,1,1,1,1,1,1,1,1,0.1801801801801801,0.1801801801801801,0.5625,0.1658878504672897,1,1,0
45060902|F|0-65:G>C-65:G>C,45060902,65:G>C,65,PTTO01002104.1_Contig16,20492295,NC_041732.1,5,autosome,1.0,1,1.7299999999999999e-28,1.0,1.0,1,1,1,1,1,1,1,1,1,0.4346846846846847,0.4346846846846847,0.6875,0.4252336448598131,1,1,0
45060910|F|0-66:G>A-66:G>A,45060910,66:G>A,66,PTTO01001883.1_Contig281,303592,NC_041729.1,2,autosome,1.0,1,1.7299999999999999e-28,0.994681,1.0,1,1,1,1,1,1,1,1,1,0.1554054054054054,0.1554054054054054,0.0625,0.1588785046728972,1,1,0
64980325|F|0-50:T>C-50:T>C,64980325,50:T>C,50,PTTO01001320.1_Contig70,1927057,NC_041731.1,4,autosome,1.0,1,1.7299999999999999e-28,0.99734,1.0,1,1,1,1,1,1,1,1,0,0.0,0.0,0.0,0.0,0,0,0
45060925|F|0-38:G>A-38:G>A,45060925,38:G>A,38,PTTO01002476.1_Contig0,16362816,NC_041728.1,1,autosome,1.0,1,1.7299999999999999e-28,0.994681,1.0,1,1,1,1,1,1,1,1,1,0.009009009009009,0.009009009009009,0.0,0.0093457943925233,0,1,0
45060927|F|0-55:G>A-55:G>A,45060927,55:G>A,55,PTTO01001349.1_Contig23,11488567,NC_041736.1,9,autosome,1.0,1,1.7299999999999999e-28,0.99734,1.0,1,1,1,1,1,1,1,1,1,0.036036036036036,0.036036036036036,0.0,0.0373831775700934,0,1,0
45060932|F|0-62:C>A-62:C>A,45060932,62:C>A,62,PTTO01001633.1_Contig312,15917538,NC_041739.1,12,autosome,1.0,1,1.7299999999999999e-28,1.0,1.0,1,1,1,1,1,1,1,1,1,0.0112612612612612,0.0112612612612612,0.125,0.0070093457943925,1,1,0
100012446|F|0-55:G>C-55:G>C,100012446,55:G>C,55,PTTO01002476.1_Contig0,19418370,NC_041728.1,1,autosome,1.0,1,8.05e-27,0.99734,1.0,1,1,1,1,1,1,1,1,0,1.0,0.0,1.0,1.0,0,0,0
95139383|F|0-11:C>A-11:C>A,95139383,11:C>A,11,PTTO01000765.1_Contig334,31523598,NC_041729.1,2,autosome,1.0,1,1.7299999999999999e-28,1.0,1.0,1,1,1,1,1,1,1,1,0,0.0,0.0,0.0,0.0,0,0,0
45060951|F|0-37:C>T-37:C>T,45060951,37:C>T,37,PTTO01001678.1_Contig35,1420767,NC_041737.1,10,autosome,1.0,1,1.7299999999999999e-28,1.0,1.0,1,1,1,1,1,1,1,1,1,0.0382882882882882,0.0382882882882882,0.0,0.0397196261682243,0,1,0
45060960|F|0-29:G>A-29:G>A,45060960,29:G>A,29,PTTO01002501.1_Contig138,578856,NC_041744.1,17,autosome,1.0,1,1.7299999999999999e-28,0.99734,1.0,1,1,1,1,1,1,1,1,1,0.0698198198198198,0.0698198198198198,0.0,0.072429906542056,0,1,0
95138706|F|0-26:A>T-26:A>T,95138706,26:A>T,26,PTTO01004340.1_Contig74,2148101,NC_041733.1,6,autosome,1.0,1,1.7299999999999999e-28,0.99734,1.0,1,1,1,1,1,1,1,1,0,0.0225225225225225,0.0225225225225225,0.4375,0.0070093457943925,1,1,0
64987608|F|0-60:C>A-60:C>A,64987608,60:C>A,60,PTTO01000974.1_Contig37,15500133,NC_041741.1,14,autosome,1.0,1,1.7299999999999999e-28,1.0,1.0,1,1,1,1,1,1,1,1,0,0.0,0.0,0.0,0.0,0,0,0
45060965|F|0-35:T>C-35:T>C,45060965,35:T>C,35,PTTO01003788.1_Contig2016,4106199,NC_041729.1,2,autosome,1.0,1,8.05e-27,1.0,1.0,1,1,1,1,1,1,1,1,1,0.4099099099099099,0.4099099099099099,0.875,0.3925233644859813,1,1,0
100012515|F|0-19:T>C-19:T>C,100012515,19:T>C,19,PTTO01002545.1_Contig22,9822349,NC_041728.1,1,autosome,1.0,1,1.7299999999999999e-28,0.994681,1.0,1,1,1,1,1,1,1,1,0,0.0045045045045045,0.0045045045045045,0.0625,0.0023364485981308,1,1,0
45060973|F|0-39:T>G-39:T>G,45060973,39:T>G,39,PTTO01000408.1_Contig219,10830,NC_041728.1,1,autosome,1.0,10,1.7299999999999999e-28,1.0,1.0,1,1,1,1,1,1,1,1,1,0.009009009009009,0.009009009009009,0.0,0.0093457943925233,0,1,0
64980401|F|0-42:C>T-42:C>T,64980401,42:C>T,42,PTTO01003276.1_Contig54,13596507,NC_041738.1,11,autosome,1.0,1,1.7299999999999999e-28,0.994681,1.0,1,1,1,1,1,1,1,1,0,0.0135135135135135,0.0135135135135135,0.0,0.014018691588785,0,1,0
45060974|F|0-7:G>A-7:G>A,45060974,7:G>A,7,PTTO01003571.1_Contig67,14369891,NC_041736.1,9,autosome,1.0,1,1.7299999999999999e-28,0.99734,1.0,1,1,1,1,1,1,1,1,1,0.0045045045045045,0.0045045045045045,0.0,0.0046728971962616,0,1,0
45060977|F|0-13:C>T-13:C>T,45060977,13:C>T,13,PTTO01002820.1_Contig359,1170613,NC_041729.1,2,autosome,1.0,2,1.7299999999999999e-28,0.99734,1.0,1,1,1,1,1,1,1,1,1,0.2792792792792792,0.2792792792792792,0.1875,0.2827102803738318,1,1,0
45060984|F|0-11:G>A-11:G>A,45060984,11:G>A,11,PTTO01001678.1_Contig35,14274431,NC_041737.1,10,autosome,1.0,1,1.7299999999999999e-28,0.99734,1.0,1,1,1,1,1,1,1,1,1,0.0157657657657657,0.0157657657657657,0.0,0.0163551401869158,0,1,0
45060991|F|0-22:C>G-22:C>G,45060991,22:C>G,22,PTTO01004535.1_Contig9,1410209,NC_041731.1,4,autosome,1.0,2,1.7299999999999999e-28,0.99734,1.0,1,1,1,1,1,1,1,1,1,0.0765765765765765,0.0765765765765765,0.0625,0.0771028037383177,1,1,0
45060995|F|0-50:G>T-50:G>T,45060995,50:G>T,50,PTTO01002104.1_Contig16,32370202,NC_041732.1,5,autosome,1.0,1,1.7299999999999999e-28,0.994681,1.0,1,1,1,1,1,1,1,1,1,0.018018018018018,0.018018018018018,0.0,0.0186915887850467,0,1,0
64988613|F|0-31:G>A-31:G>A,64988613,31:G>A,31,PTTO01000332.1_Contig333,4379484,NC_041729.1,2,autosome,1.0,1,3.94e-24,1.0,1.0,1,1,1,1,1,1,1,1,0,0.0022522522522522,0.0022522522522522,0.0,0.0023364485981308,0,1,0
64980441|F|0-46:T>A-46:T>A,64980441,46:T>A,46,PTTO01003882.1_Contig102,11231260,NC_041732.1,5,autosome,1.0,1,1.7299999999999999e-28,0.99734,1.0,1,1,1,1,1,1,1,1,0,0.0,0.0,0.0,0.0,0,0,0
45053530|F|0-49:A>C-49:A>C,45053530,49:A>C,49,PTTO01002967.1_Contig85,14711459,NC_041733.1,6,autosome,1.0,1,1.7299999999999999e-28,1.0,1.0,1,1,1,1,1,1,1,1,1,0.0045045045045045,0.0045045045045045,0.0,0.0046728971962616,0,1,0
45061033|F|0-8:T>A-8:T>A,45061033,8:T>A,8,PTTO01002815.1_Contig4081,4011983,NC_041744.1,17,autosome,1.0,1,1.7299999999999999e-28,0.994681,1.0,1,1,1,1,1,1,1,1,1,0.0472972972972973,0.0472972972972973,0.0,0.0490654205607476,0,1,0
64984328|F|0-68:C>G-68:C>G,64984328,68:C>G,68,PTTO01002104.1_Contig16,18620137,NC_041732.1,5,autosome,1.0,1,1.7299999999999999e-28,0.994681,1.0,1,1,1,1,1,1,1,1,0,0.0,0.0,0.0,0.0,0,0,0
45061068|F|0-34:G>A-34:G>A,45061068,34:G>A,34,PTTO01004189.1_Contig18,2835415,NC_041729.1,2,autosome,1.0,1,1.7299999999999999e-28,0.99734,1.0,1,1,1,1,1,1,1,1,1,0.018018018018018,0.018018018018018,0.0,0.0186915887850467,0,1,0
45061082|F|0-57:C>T-57:C>T,45061082,57:C>T,57,PTTO01004194.1_Contig13,9031533,NC_041743.1,16,autosome,1.0,1,1.7299999999999999e-28,1.0,1.0,1,1,1,1,1,1,1,1,1,0.1283783783783783,0.1283783783783783,0.0625,0.1308411214953271,1,1,0
45065725|F|0-60:A>G-60:A>G,45065725,60:A>G,60,PTTO01001370.1_Contig26,17841623,NC_041734.1,7,autosome,1.0,1,1.7299999999999999e-28,1.0,1.0,1,1,1,1,1,1,1,1,1,0.4099099099099099,0.4099099099099099,0.625,0.4018691588785046,1,1,0
45061092|F|0-66:G>A-66:G>A,45061092,66:G>A,66,PTTO01002545.1_Contig22,8737259,NC_041728.1,1,autosome,1.0,1,1.7299999999999999e-28,1.0,1.0,1,1,1,1,1,1,1,1,1,0.322072072072072,0.322072072072072,0.125,0.3294392523364486,1,1,0
45061101|F|0-31:A>G-31:A>G,45061101,31:A>G,31,PTTO01001349.1_Contig23,32059756,NC_041736.1,9,autosome,1.0,1,1.7299999999999999e-28,0.99734,1.0,1,1,1,1,1,1,1,1,1,0.0202702702702702,0.0202702702702702,0.0,0.0210280373831775,0,1,0
100012665|F|0-62:G>A-62:G>A,100012665,62:G>A,62,PTTO01001315.1_Contig92,3826445,NC_041742.1,15,autosome,1.0,1,1.7299999999999999e-28,0.981383,1.0,1,1,1,1,1,1,1,1,0,0.0,0.0,0.0,0.0,0,0,0
45061123|F|0-68:G>A-68:G>A,45061123,68:G>A,68,PTTO01004189.1_Contig18,24965602,NC_041729.1,2,autosome,1.0,1,1.7299999999999999e-28,1.0,1.0,1,1,1,1,1,1,1,1,1,0.0135135135135135,0.0135135135135135,0.0,0.014018691588785,0,1,0
45061128|F|0-20:C>T-20:C>T,45061128,20:C>T,20,PTTO01003454.1_Contig230,4841697,NC_041744.1,17,autosome,1.0,1,1.7299999999999999e-28,1.0,1.0,1,1,1,1,1,1,1,1,1,0.0855855855855855,0.0855855855855855,0.0,0.0887850467289719,0,1,0
45061129|F|0-13:A>G-13:A>G,45061129,13:A>G,13,PTTO01000552.1_Contig436,25247,NC_041741.1,14,autosome,1.0,2,1.7299999999999999e-28,0.99734,1.0,1,1,1,1,1,1,1,1,1,0.2995495495495495,0.2995495495495495,0.0,0.3107476635514019,0,1,0
45061135|F|0-64:G>C-64:G>C,45061135,64:G>C,64,PTTO01000006.1_Contig148,1689745,NC_041734.1,7,autosome,1.0,1,1.7299999999999999e-28,0.99734,1.0,1,1,1,1,1,1,1,1,1,0.0135135135135135,0.0135135135135135,0.0,0.014018691588785,0,1,0
45061146|F|0-8:G>T-8:G>T,45061146,8:G>T,8,PTTO01002057.1_Contig2,45304193,NC_041730.1,3,autosome,1.0,1,1.7299999999999999e-28,0.99734,1.0,1,1,1,1,1,1,1,1,1,0.0067567567567567,0.0067567567567567,0.0,0.0070093457943925,0,1,0
45061151|F|0-17:C>A-17:C>A,45061151,17:C>A,17,PTTO01000098.1_Contig21,4233424,NC_041729.1,2,autosome,1.0,1,2.9000000000000004e-26,0.99734,1.0,1,1,1,1,1,1,1,1,1,0.1689189189189189,0.1689189189189189,0.125,0.1705607476635514,1,1,0
45061153|F|0-45:T>A-45:T>A,45061153,45:T>A,45,PTTO01001839.1_Contig208,10338841,NC_041741.1,14,autosome,1.0,1,1.7299999999999999e-28,1.0,1.0,1,1,1,1,1,1,1,1,1,0.0337837837837837,0.0337837837837837,0.0,0.0350467289719626,0,1,0
45065765|F|0-28:G>C-28:G>C,45065765,28:G>C,28,PTTO01004189.1_Contig18,10320959,NC_041729.1,2,autosome,1.0,1,1.7299999999999999e-28,0.994681,1.0,1,1,1,1,1,1,1,1,1,0.1463963963963964,0.1463963963963964,0.0,0.1518691588785046,0,1,0
45061160|F|0-30:C>T-30:C>T,45061160,30:C>T,30,PTTO01001241.1_Contig276,1526668,NC_041740.1,13,autosome,1.0,1,4.8100000000000006e-23,0.994681,1.0,1,1,1,1,1,1,1,1,1,0.0157657657657657,0.0157657657657657,0.0,0.0163551401869158,0,1,0
45061161|F|0-17:T>G-17:T>G,45061161,17:T>G,17,PTTO01000974.1_Contig37,17323740,NC_041741.1,14,autosome,1.0,1,1.7299999999999999e-28,1.0,1.0,1,1,1,1,1,1,1,1,1,0.0112612612612612,0.0112612612612612,0.0625,0.0093457943925233,1,1,0
45061162|F|0-13:T>G-13:T>G,45061162,13:T>G,13,PTTO01004189.1_Contig18,11682082,NC_041729.1,2,autosome,1.0,1,1.7299999999999999e-28,0.992021,1.0,1,1,1,1,1,1,1,1,1,0.0067567567567567,0.0067567567567567,0.0,0.0070093457943925,0,1,0
45065775|F|0-29:G>A-29:G>A,45065775,29:G>A,29,PTTO01002104.1_Contig16,50883693,NC_041732.1,5,autosome,1.0,1,1.7299999999999999e-28,1.0,1.0,1,1,1,1,1,1,1,1,1,0.1396396396396396,0.1396396396396396,0.0,0.1448598130841121,0,1,0
45061172|F|0-67:G>C-67:G>C,45061172,67:G>C,67,PTTO01002476.1_Contig0,31621550,NC_041728.1,1,autosome,1.0,1,1.7299999999999999e-28,0.99734,1.0,1,1,1,1,1,1,1,1,1,0.1689189189189189,0.1689189189189189,0.0,0.175233644859813,0,1,0
100012756|F|0-42:A>T-42:A>T,100012756,42:A>T,42,PTTO01003671.1_Contig19,17674209,NC_041735.1,8,autosome,1.0,1,1.7299999999999999e-28,0.989362,1.0,1,1,1,1,1,1,1,1,0,0.0,0.0,0.0,0.0,0,0,0
95136166|F|0-18:C>A-18:C>A,95136166,18:C>A,18,PTTO01003889.1_Contig165,23932212,NC_041729.1,2,autosome,1.0,1,1.7299999999999999e-28,0.994681,1.0,1,1,1,1,1,1,1,1,0,0.0022522522522522,0.0022522522522522,0.0,0.0023364485981308,0,1,0
45061193|F|0-23:A>C-23:A>C,45061193,23:A>C,23,PTTO01001696.1_Contig254,4104015,NC_041747.1,20,autosome,1.0,1,1.7299999999999999e-28,0.99734,1.0,1,1,1,1,1,1,1,1,1,0.027027027027027,0.027027027027027,0.0,0.02803738317757,0,1,0
45061205|F|0-39:T>G-39:T>G,45061205,39:T>G,39,PTTO01001315.1_Contig92,4310417,NC_041742.1,15,autosome,1.0,1,1.7299999999999999e-28,1.0,1.0,1,1,1,1,1,1,1,1,1,0.0045045045045045,0.0045045045045045,0.0,0.0046728971962616,0,1,0
100024818|F|0-33:A>G-33:A>G,100024818,33:A>G,33,PTTO01003571.1_Contig67,18150853,NC_041736.1,9,autosome,1.0,1,1.7299999999999999e-28,0.994681,1.0,1,1,1,1,1,1,1,1,0,0.0675675675675675,0.0675675675675675,0.0,0.0700934579439252,0,1,0
45053644|F|0-24:G>C-24:G>C,45053644,24:G>C,24,PTTO01002624.1_Contig32,3316338,NC_041728.1,1,autosome,1.0,12,1.7299999999999999e-28,0.99734,1.0,1,1,1,1,1,1,1,1,1,0.0135135135135135,0.0135135135135135,0.0,0.014018691588785,0,1,0
45062154|F|0-47:C>G-47:C>G,45062154,47:C>G,47,PTTO01001633.1_Contig312,24960116,NC_041739.1,12,autosome,1.0,1,1.7299999999999999e-28,0.994681,1.0,1,1,1,1,1,1,1,1,1,0.0653153153153153,0.0653153153153153,0.0,0.0677570093457943,0,1,0
45062165|F|0-60:G>T-60:G>T,45062165,60:G>T,60,PTTO01003788.1_Contig2016,4118477,NC_041729.1,2,autosome,1.0,1,1.7299999999999999e-28,0.994681,1.0,1,1,1,1,1,1,1,1,1,0.0202702702702702,0.0202702702702702,0.0,0.0210280373831775,0,1,0
45053682|F|0-67:C>T-67:C>T,45053682,67:C>T,67,PTTO01003889.1_Contig165,27090475,NC_041729.1,2,autosome,1.0,1,1.7299999999999999e-28,0.99734,1.0,1,1,1,1,1,1,1,1,1,0.0225225225225225,0.0225225225225225,0.0,0.0233644859813084,0,1,0
45053683|F|0-10:C>T-10:C>T,45053683,10:C>T,10,PTTO01004194.1_Contig13,5501823,NC_041743.1,16,autosome,1.0,1,1.7299999999999999e-28,0.99734,1.0,1,1,1,1,1,1,1,1,1,0.0022522522522522,0.0022522522522522,0.0,0.0023364485981308,0,1,0
45053690|F|0-17:T>A-17:T>A,45053690,17:T>A,17,PTTO01000974.1_Contig37,27096490,NC_041741.1,14,autosome,1.0,1,1.7299999999999999e-28,0.99734,1.0,1,1,1,1,1,1,1,1,1,0.018018018018018,0.018018018018018,0.125,0.014018691588785,1,1,0
45053695|F|0-24:G>A-24:G>A,45053695,24:G>A,24,PTTO01001940.1_Contig353,2606824,NC_041731.1,4,autosome,1.0,1,1.7299999999999999e-28,1.0,1.0,1,1,1,1,1,1,1,1,1,0.0945945945945946,0.0945945945945946,0.25,0.0887850467289719,1,1,0
45062169|F|0-40:C>A-40:C>A,45062169,40:C>A,40,PTTO01002822.1_Contig364,2858036,NC_041731.1,4,autosome,1.0,107,1.7299999999999999e-28,0.981383,1.0,1,1,1,1,1,1,1,1,1,0.0045045045045045,0.0045045045045045,0.0,0.0046728971962616,0,1,0
45053706|F|0-20:C>T-20:C>T,45053706,20:C>T,20,PTTO01001051.1_Contig4,7664786,NC_041737.1,10,autosome,1.0,1,1.7299999999999999e-28,0.986702,1.0,1,1,1,1,1,1,1,1,1,0.0135135135135135,0.0135135135135135,0.0,0.014018691588785,0,1,0
45053718|F|0-55:G>T-55:G>T,45053718,55:G>T,55,PTTO01000765.1_Contig334,3336922,NC_041729.1,2,autosome,1.0,1,1.7299999999999999e-28,0.994681,1.0,1,1,1,1,1,1,1,1,1,0.0855855855855855,0.0855855855855855,0.0,0.0887850467289719,0,1,0
45053720|F|0-26:G>A-26:G>A,45053720,26:G>A,26,PTTO01003005.1_Contig4265,5544696,NC_041740.1,13,autosome,1.0,1,1.7299999999999999e-28,0.99734,1.0,1,1,1,1,1,1,1,1,1,0.0067567567567567,0.0067567567567567,0.0,0.0070093457943925,0,1,0
45053742|F|0-18:T>G-18:T>G,45053742,18:T>G,18,PTTO01001349.1_Contig23,8835776,NC_041736.1,9,autosome,1.0,1,1.7299999999999999e-28,1.0,1.0,1,1,1,1,1,1,1,1,1,0.1171171171171171,0.1171171171171171,0.0,0.1214953271028037,0,1,0
45062196|F|0-67:G>C-67:G>C,45062196,67:G>C,67,PTTO01002634.1_Contig60,14865295,NC_041732.1,5,autosome,1.0,1,2.24e-27,1.0,1.0,1,1,1,1,1,1,1,1,1,0.1126126126126126,0.1126126126126126,0.0,0.116822429906542,0,1,0
45053758|F|0-36:G>A-36:G>A,45053758,36:G>A,36,PTTO01003889.1_Contig165,26488457,NC_041729.1,2,autosome,1.0,1,1.7299999999999999e-28,0.99734,1.0,1,1,1,1,1,1,1,1,1,0.3265765765765765,0.3265765765765765,0.25,0.3294392523364486,1,1,0
45062206|F|0-19:C>T-19:C>T,45062206,19:C>T,19,PTTO01001696.1_Contig254,4633647,NC_041747.1,20,autosome,1.0,1,1.7299999999999999e-28,1.0,1.0,1,1,1,1,1,1,1,1,1,0.0135135135135135,0.0135135135135135,0.0,0.014018691588785,0,1,1
45053802|F|0-39:C>T-39:C>T,45053802,39:C>T,39,PTTO01004189.1_Contig18,28026293,NC_041729.1,2,autosome,1.0,1,1.7299999999999999e-28,0.994681,1.0,1,1,1,1,1,1,1,1,1,0.0225225225225225,0.0225225225225225,0.0,0.0233644859813084,0,1,0
45053803|F|0-67:T>G-67:T>G,45053803,67:T>G,67,PTTO01001051.1_Contig4,15027231,NC_041737.1,10,autosome,1.0,1,1.7299999999999999e-28,0.989362,1.0,1,1,1,1,1,1,1,1,0,0.0202702702702702,0.0202702702702702,0.0,0.0210280373831775,0,1,0
64973040|F|0-64:A>T-64:A>T,64973040,64:A>T,64,PTTO01001839.1_Contig208,2475998,NC_041741.1,14,autosome,1.0,1,1.7299999999999999e-28,1.0,1.0,1,1,1,1,1,1,1,1,0,0.0,0.0,0.0,0.0,0,0,0
45066142|F|0-37:A>G-37:A>G,45066142,37:A>G,37,PTTO01003710.1_Contig217,1237802,NC_041733.1,6,autosome,1.0,1,1.7299999999999999e-28,0.99734,1.0,1,1,1,1,1,1,1,1,1,0.0045045045045045,0.0045045045045045,0.0,0.0046728971962616,0,1,0
45066155|F|0-29:A>G-29:A>G,45066155,29:A>G,29,PTTO01003671.1_Contig19,14838511,NC_041735.1,8,autosome,1.0,1,7.080000000000001e-21,0.994681,1.0,1,1,1,1,1,1,1,1,1,0.054054054054054,0.054054054054054,0.0,0.0560747663551401,0,1,0
45053831|F|0-6:A>C-6:A>C,45053831,6:A>C,6,PTTO01002793.1_Contig38,3353600,NC_041745.1,18,autosome,1.0,1,1.7299999999999999e-28,1.0,1.0,1,1,1,1,1,1,1,1,1,0.0135135135135135,0.0135135135135135,0.0,0.014018691588785,0,1,0
45069039|F|0-46:C>T-46:C>T,45069039,46:C>T,46,PTTO01001652.1_Contig209,1870476,NC_041739.1,12,autosome,1.0,1,4.8100000000000006e-23,0.99734,1.0,1,1,1,1,1,1,1,1,0,0.0045045045045045,0.0045045045045045,0.0,0.0046728971962616,0,1,0
100025034|F|0-32:C>T-32:C>T,100025034,32:C>T,32,PTTO01001370.1_Contig26,6019849,NC_041734.1,7,autosome,1.0,1,1.7299999999999999e-28,0.992021,1.0,1,1,1,1,1,1,1,1,0,0.0,0.0,0.0,0.0,0,0,0
45053853|F|0-34:C>T-34:C>T,45053853,34:C>T,34,PTTO01002545.1_Contig22,32830421,NC_041728.1,1,autosome,1.0,1,1.7299999999999999e-28,0.99734,1.0,1,1,1,1,1,1,1,1,1,0.0788288288288288,0.0788288288288288,0.0,0.0817757009345794,0,1,0
100025057|F|0-7:A>G-7:A>G,100025057,7:A>G,7,PTTO01002261.1_Contig251,5520498,NC_041743.1,16,autosome,1.0,1,1.7299999999999999e-28,0.986702,1.0,1,1,1,1,1,1,1,1,0,0.0,0.0,0.0,0.0,0,0,0
45053861|F|0-18:C>A-18:C>A,45053861,18:C>A,18,PTTO01000659.1_Contig3311,16992683,NC_041731.1,4,autosome,1.0,1,1.7299999999999999e-28,0.99734,1.0,1,1,1,1,1,1,1,1,1,0.0247747747747747,0.0247747747747747,0.125,0.0210280373831775,1,1,0
45053865|F|0-10:G>T-10:G>T,45053865,10:G>T,10,PTTO01002624.1_Contig32,33262475,NC_041728.1,1,autosome,1.0,1,1.7299999999999999e-28,0.99734,1.0,1,1,1,1,1,1,1,1,1,0.0855855855855855,0.0855855855855855,0.0,0.0887850467289719,0,1,0
45062249|F|0-65:A>G-65:A>G,45062249,65:A>G,65,PTTO01003710.1_Contig217,13638363,NC_041733.1,6,autosome,1.0,1,1.7299999999999999e-28,0.99734,1.0,1,1,1,1,1,1,1,1,1,0.0698198198198198,0.0698198198198198,0.1875,0.0654205607476635,1,1,0
45062252|F|0-13:A>G-13:A>G,45062252,13:A>G,13,PTTO01003882.1_Contig102,11855466,NC_041732.1,5,autosome,1.0,1,1.7299999999999999e-28,1.0,1.0,1,1,1,1,1,1,1,1,1,0.1734234234234234,0.1734234234234234,0.1875,0.1728971962616822,1,1,0
45053877|F|0-23:C>G-23:C>G,45053877,23:C>G,23,PTTO01002476.1_Contig0,77975924,NC_041728.1,1,autosome,1.0,1,1.7299999999999999e-28,0.99734,1.0,1,1,1,1,1,1,1,1,1,0.0045045045045045,0.0045045045045045,0.0,0.0046728971962616,0,1,0
45053878|F|0-34:G>A-34:G>A,45053878,34:G>A,34,PTTO01002624.1_Contig32,38481836,NC_041728.1,1,autosome,1.0,1,1.7299999999999999e-28,1.0,1.0,1,1,1,1,1,1,1,1,1,0.0518018018018018,0.0518018018018018,0.0,0.0537383177570093,0,1,0
45053882|F|0-49:C>T-49:C>T,45053882,49:C>T,49,PTTO01003889.1_Contig165,20247475,NC_041729.1,2,autosome,1.0,1,1.7299999999999999e-28,0.994681,1.0,1,1,1,1,1,1,1,1,1,0.0608108108108108,0.0608108108108108,0.0,0.0630841121495327,0,1,0
45062271|F|0-28:G>A-28:G>A,45062271,28:G>A,28,PTTO01002104.1_Contig16,27352407,NC_041732.1,5,autosome,1.0,1,1.7299999999999999e-28,1.0,1.0,1,1,1,1,1,1,1,1,1,0.0945945945945946,0.0945945945945946,0.0,0.0981308411214953,0,1,0
45053909|F|0-17:A>G-17:A>G,45053909,17:A>G,17,PTTO01001349.1_Contig23,5771291,NC_041736.1,9,autosome,1.0,1,1.7299999999999999e-28,1.0,1.0,1,1,1,1,1,1,1,1,1,0.0202702702702702,0.0202702702702702,0.0,0.0210280373831775,0,1,0
45062278|F|0-50:G>A-50:G>A,45062278,50:G>A,50,PTTO01002624.1_Contig32,17024241,NC_041728.1,1,autosome,1.0,1,1.7299999999999999e-28,1.0,1.0,1,1,1,1,1,1,1,1,1,0.027027027027027,0.027027027027027,0.0,0.02803738317757,0,1,0
45053918|F|0-17:G>C-17:G>C,45053918,17:G>C,17,PTTO01001370.1_Contig26,29071040,NC_041734.1,7,autosome,1.0,1,1.7299999999999999e-28,0.99734,1.0,1,1,1,1,1,1,1,1,1,0.0045045045045045,0.0045045045045045,0.0,0.0046728971962616,0,1,0
45053921|F|0-10:C>G-10:C>G,45053921,10:C>G,10,PTTO01002476.1_Contig0,45439741,NC_041728.1,1,autosome,1.0,1,1.7299999999999999e-28,1.0,1.0,1,1,1,1,1,1,1,1,1,0.063063063063063,0.063063063063063,0.0,0.0654205607476635,0,1,0
45062284|F|0-66:G>A-66:G>A,45062284,66:G>A,66,PTTO01001696.1_Contig254,10353305,NC_041747.1,20,autosome,1.0,1,1.7299999999999999e-28,0.994681,1.0,1,1,1,1,1,1,1,1,0,0.054054054054054,0.054054054054054,0.0,0.0560747663551401,0,1,0
64973161|F|0-28:T>C-28:T>C,64973161,28:T>C,28,PTTO01002057.1_Contig2,14021263,NC_041730.1,3,autosome,1.0,1,1.7299999999999999e-28,0.99734,1.0,1,1,1,1,1,1,1,1,0,0.0,0.0,0.0,0.0,0,0,0
45062285|F|0-55:C>T-55:C>T,45062285,55:C>T,55,PTTO01003710.1_Contig217,15023514,NC_041733.1,6,autosome,1.0,1,1.7299999999999999e-28,0.99734,1.0,1,1,1,1,1,1,1,1,1,0.0067567567567567,0.0067567567567567,0.0,0.0070093457943925,0,1,0
45053980|F|0-61:C>G-61:C>G,45053980,61:C>G,61,PTTO01001370.1_Contig26,37219642,NC_041734.1,7,autosome,1.0,1,1.7299999999999999e-28,0.99734,1.0,1,1,1,1,1,1,1,1,1,0.0225225225225225,0.0225225225225225,0.0,0.0233644859813084,0,1,0
45054002|F|0-59:A>C-59:A>C,45054002,59:A>C,59,PTTO01000875.1_Contig31,2565898,NC_041730.1,3,autosome,1.0,1,1.7299999999999999e-28,0.989362,1.0,1,1,1,1,1,1,1,1,1,0.0202702702702702,0.0202702702702702,0.0,0.0210280373831775,0,1,0
45054003|F|0-50:G>A-50:G>A,45054003,50:G>A,50,PTTO01000376.1_Contig11,13133907,NC_041745.1,18,autosome,1.0,1,1.7299999999999999e-28,0.99734,1.0,1,1,1,1,1,1,1,1,1,0.0157657657657657,0.0157657657657657,0.0,0.0163551401869158,0,1,0
45054006|F|0-68:C>T-68:C>T,45054006,68:C>T,68,PTTO01000276.1_Contig319,6856438,NC_041737.1,10,autosome,1.0,1,1.7299999999999999e-28,1.0,1.0,1,1,1,1,1,1,1,1,1,0.2387387387387387,0.2387387387387387,0.0,0.2476635514018691,0,1,0
45062304|F|0-26:T>A-26:T>A,45062304,26:T>A,26,PTTO01000332.1_Contig333,7672732,NC_041729.1,2,autosome,1.0,1,1.7299999999999999e-28,0.99734,1.0,1,1,1,1,1,1,1,1,1,0.0945945945945946,0.0945945945945946,0.0,0.0981308411214953,0,1,0
45062307|F|0-53:A>G-53:A>G,45062307,53:A>G,53,PTTO01003425.1_Contig303,9755724,NC_041743.1,16,autosome,1.0,1,1.7299999999999999e-28,1.0,1.0,1,1,1,1,1,1,1,1,0,0.240990990990991,0.240990990990991,0.25,0.2406542056074766,1,1,0
45054018|F|0-62:T>C-62:T>C,45054018,62:T>C,62,PTTO01002104.1_Contig16,28594305,NC_041732.1,5,autosome,1.0,4,1.7299999999999999e-28,1.0,1.0,1,1,1,1,1,1,1,1,1,0.0337837837837837,0.0337837837837837,0.0625,0.0327102803738317,1,1,0
45062310|F|0-55:G>T-55:G>T,45062310,55:G>T,55,PTTO01003857.1_Contig1099,723321,NC_041732.1,5,autosome,1.0,1,1.7299999999999999e-28,0.994681,1.0,1,1,1,1,1,1,1,1,1,0.0135135135135135,0.0135135135135135,0.0,0.014018691588785,0,1,0
45054020|F|0-62:A>G-62:A>G,45054020,62:A>G,62,PTTO01000974.1_Contig37,19723912,NC_041741.1,14,autosome,1.0,1,1.7299999999999999e-28,1.0,1.0,1,1,1,1,1,1,1,1,1,0.1261261261261261,0.1261261261261261,0.1875,0.1238317757009345,1,1,0
45054026|F|0-47:G>T-47:G>T,45054026,47:G>T,47,PTTO01001940.1_Contig353,192817,NC_041731.1,4,autosome,1.0,1,1.7299999999999999e-28,1.0,1.0,1,1,1,1,1,1,1,1,1,0.1486486486486486,0.1486486486486486,0.0,0.1542056074766355,0,1,0
45054035|F|0-44:A>G-44:A>G,45054035,44:A>G,44,PTTO01003710.1_Contig217,3264323,NC_041733.1,6,autosome,1.0,1,1.7299999999999999e-28,0.99734,1.0,1,1,1,1,1,1,1,1,1,0.0045045045045045,0.0045045045045045,0.0,0.0046728971962616,0,1,0
45062329|F|0-24:C>T-24:C>T,45062329,24:C>T,24,PTTO01002473.1_Contig1,10082459,NC_041738.1,11,autosome,1.0,1,1.7299999999999999e-28,1.0,1.0,1,1,1,1,1,1,1,1,1,0.1418918918918918,0.1418918918918918,0.75,0.1191588785046729,1,1,0
45054060|F|0-55:A>G-55:A>G,45054060,55:A>G,55,PTTO01001425.1_Contig235,1329492,NW_021638079.1,unplaced,unplaced,1.0,1,1.7299999999999999e-28,0.957447,1.0,1,1,1,1,1,1,1,1,1,0.0337837837837837,0.0337837837837837,0.0,0.0350467289719626,0,1,0
45062331|F|0-63:C>T-63:C>T,45062331,63:C>T,63,PTTO01000276.1_Contig319,4149338,NC_041737.1,10,autosome,1.0,1,1.7299999999999999e-28,1.0,1.0,1,1,1,1,1,1,1,1,1,0.0225225225225225,0.0225225225225225,0.0,0.0233644859813084,0,1,0
45067743|F|0-29:C>T-29:C>T,45067743,29:C>T,29,PTTO01002501.1_Contig138,2225050,NC_041744.1,17,autosome,1.0,1,1.7299999999999999e-28,0.99734,1.0,1,1,1,1,1,1,1,1,1,0.1193693693693693,0.1193693693693693,0.0,0.1238317757009345,0,1,0
45062344|F|0-32:A>G-32:A>G,45062344,32:A>G,32,PTTO01002754.1_Contig2041,6197,NC_041731.1,4,autosome,1.0,2,1.7299999999999999e-28,0.994681,1.0,1,1,1,1,1,1,1,1,1,0.2657657657657657,0.2657657657657657,0.3125,0.264018691588785,1,1,0
45054102|F|0-55:C>A-55:C>A,45054102,55:C>A,55,PTTO01001296.1_Contig62,3295335,NC_041746.1,19,autosome,1.0,1,3.22e-25,1.0,1.0,1,1,1,1,1,1,1,1,1,0.0315315315315315,0.0315315315315315,0.125,0.02803738317757,1,1,0
45054126|F|0-32:G>A-32:G>A,45054126,32:G>A,32,PTTO01001556.1_Contig3,2878906,NC_041728.1,1,autosome,1.0,1,1.7299999999999999e-28,0.99734,1.0,1,1,1,1,1,1,1,1,1,0.2004504504504504,0.2004504504504504,0.125,0.2032710280373831,1,1,0
45054131|F|0-30:G>A-30:G>A,45054131,30:G>A,30,PTTO01002333.1_Contig372,450871,NC_041733.1,6,autosome,1.0,14,1.7299999999999999e-28,0.99734,1.0,1,1,1,1,1,1,1,1,1,0.4797297297297297,0.4797297297297297,0.125,0.4929906542056075,1,1,0
45054138|F|0-44:G>A-44:G>A,45054138,44:G>A,44,PTTO01001633.1_Contig312,339291,NC_041739.1,12,autosome,1.0,1,1.7299999999999999e-28,1.0,1.0,1,1,1,1,1,1,1,1,1,0.0247747747747747,0.0247747747747747,0.0,0.0257009345794392,0,1,0
100025364|F|0-8:G>T-8:G>T,100025364,8:G>T,8,PTTO01000408.1_Contig219,429176,NC_041728.1,1,autosome,1.0,1,1.7299999999999999e-28,0.976064,1.0,1,1,1,1,1,1,1,1,0,0.0,0.0,0.0,0.0,0,0,0
45062362|F|0-20:C>A-20:C>A,45062362,20:C>A,20,PTTO01004262.1_Contig52,4233581,NC_041731.1,4,autosome,1.0,1,1.7299999999999999e-28,0.99734,1.0,1,1,1,1,1,1,1,1,1,0.054054054054054,0.054054054054054,0.0,0.0560747663551401,0,1,0
45054151|F|0-29:A>T-29:A>T,45054151,29:A>T,29,PTTO01002104.1_Contig16,1534906,NC_041732.1,5,autosome,1.0,1,1.7299999999999999e-28,0.99734,1.0,1,1,1,1,1,1,1,1,1,0.054054054054054,0.054054054054054,0.25,0.0467289719626168,1,1,0
45062363|F|0-68:A>G-68:A>G,45062363,68:A>G,68,PTTO01001940.1_Contig353,20629761,NC_041731.1,4,autosome,1.0,1,1.7299999999999999e-28,1.0,1.0,1,1,1,1,1,1,1,1,1,0.0990990990990991,0.0990990990990991,0.0625,0.1004672897196261,1,1,0
45054159|F|0-50:A>C-50:A>C,45054159,50:A>C,50,PTTO01003857.1_Contig1099,1427884,NC_041732.1,5,autosome,1.0,1,1.7299999999999999e-28,0.99734,1.0,1,1,1,1,1,1,1,1,1,0.0135135135135135,0.0135135135135135,0.0625,0.0116822429906542,1,1,0
64972786|F|0-42:G>A-42:G>A,64972786,42:G>A,42,PTTO01000318.1_Contig139,4151655,NC_041730.1,3,autosome,1.0,1,1.7299999999999999e-28,0.99734,1.0,1,1,1,1,1,1,1,1,0,0.0,0.0,0.0,0.0,0,0,0
45062371|F|0-33:A>C-33:A>C,45062371,33:A>C,33,PTTO01001633.1_Contig312,19721078,NC_041739.1,12,autosome,1.0,1,1.7299999999999999e-28,0.994681,1.0,1,1,1,1,1,1,1,1,1,0.1554054054054054,0.1554054054054054,0.0,0.161214953271028,0,1,0
45062378|F|0-12:T>A-12:T>A,45062378,12:T>A,12,PTTO01003571.1_Contig67,15551856,NC_041736.1,9,autosome,1.0,1,1.7299999999999999e-28,0.99734,1.0,1,1,1,1,1,1,1,1,1,0.0022522522522522,0.0022522522522522,0.0,0.0023364485981308,0,1,0
45062379|F|0-13:T>C-13:T>C,45062379,13:T>C,13,PTTO01002545.1_Contig22,26565231,NC_041728.1,1,autosome,1.0,1,1.7299999999999999e-28,0.99734,1.0,1,1,1,1,1,1,1,1,1,0.2139639639639639,0.2139639639639639,0.5625,0.2009345794392523,1,1,0
64973373|F|0-55:C>T-55:C>T,64973373,55:C>T,55,PTTO01000875.1_Contig31,20696713,NC_041730.1,3,autosome,1.0,1,1.7299999999999999e-28,0.99734,1.0,1,1,1,1,1,1,1,1,0,0.0,0.0,0.0,0.0,0,0,0
45053881|F|0-7:C>T-7:C>T,45053881,7:C>T,7,PTTO01003695.1_Contig4240,2163094,NC_041733.1,6,autosome,1.0,1,8.05e-27,1.0,1.0,1,1,1,1,1,1,1,1,1,0.3918918918918919,0.3918918918918919,0.5,0.3878504672897196,1,1,0
45062390|F|0-12:G>A-12:G>A,45062390,12:G>A,12,PTTO01000974.1_Contig37,10266798,NC_041741.1,14,autosome,1.0,1,1.7299999999999999e-28,0.99734,1.0,1,1,1,1,1,1,1,1,1,0.036036036036036,0.036036036036036,0.0,0.0373831775700934,0,1,0
45054212|F|0-25:C>T-25:C>T,45054212,25:C>T,25,PTTO01000130.1_Contig4533,9111,NC_041748.1,21,autosome,1.0,5,1.7299999999999999e-28,0.992021,1.0,1,1,1,1,1,1,1,1,1,0.009009009009009,0.009009009009009,0.0,0.0093457943925233,0,1,0
45054213|F|0-60:G>A-60:G>A,45054213,60:G>A,60,PTTO01001241.1_Contig276,2571488,NC_041740.1,13,autosome,1.0,1,1.7299999999999999e-28,0.994681,1.0,1,1,1,1,1,1,1,1,1,0.2522522522522522,0.2522522522522522,0.0,0.2616822429906542,0,1,0
64973403|F|0-64:G>C-64:G>C,64973403,64:G>C,64,PTTO01000765.1_Contig334,17595224,NC_041729.1,2,autosome,1.0,1,1.7299999999999999e-28,0.994681,1.0,1,1,1,1,1,1,1,1,0,0.0,0.0,0.0,0.0,0,0,0
45054220|F|0-49:C>T-49:C>T,45054220,49:C>T,49,PTTO01002561.1_Contig143,548617,NC_041744.1,17,autosome,1.0,1,1.7299999999999999e-28,1.0,1.0,1,1,1,1,1,1,1,1,1,0.0112612612612612,0.0112612612612612,0.0,0.0116822429906542,0,1,0
45054237|F|0-16:T>A-16:T>A,45054237,16:T>A,16,PTTO01003882.1_Contig102,4109373,NC_041732.1,5,autosome,1.0,1,1.7299999999999999e-28,0.994681,1.0,1,1,1,1,1,1,1,1,1,0.0585585585585585,0.0585585585585585,0.0,0.0607476635514018,0,1,0
45054241|F|0-34:C>G-34:C>G,45054241,34:C>G,34,PTTO01000332.1_Contig333,7076258,NC_041729.1,2,autosome,1.0,1,1.7299999999999999e-28,0.994681,1.0,1,1,1,1,1,1,1,1,1,0.0045045045045045,0.0045045045045045,0.0,0.0046728971962616,0,1,0
45054242|F|0-59:G>A-59:G>A,45054242,59:G>A,59,PTTO01004189.1_Contig18,29485310,NC_041729.1,2,autosome,1.0,1,8.05e-27,0.99734,1.0,1,1,1,1,1,1,1,1,1,0.1914414414414414,0.1914414414414414,0.375,0.1845794392523364,1,1,0
45062408|F|0-14:G>T-14:G>T,45062408,14:G>T,14,PTTO01000659.1_Contig3311,12284349,NC_041731.1,4,autosome,1.0,1,8.05e-27,1.0,1.0,1,1,1,1,1,1,1,1,1,0.1711711711711711,0.1711711711711711,0.0,0.1775700934579439,0,1,0
45054256|F|0-30:G>T-30:G>T,45054256,30:G>T,30,PTTO01002793.1_Contig38,11806850,NC_041745.1,18,autosome,1.0,1,6.23e-28,0.99734,1.0,1,1,1,1,1,1,1,1,1,0.0067567567567567,0.0067567567567567,0.0,0.0070093457943925,0,1,0
45062411|F|0-34:G>A-34:G>A,45062411,34:G>A,34,PTTO01002476.1_Contig0,84375242,NC_041728.1,1,autosome,1.0,1,1.7299999999999999e-28,0.994681,1.0,1,1,1,1,1,1,1,1,1,0.045045045045045,0.045045045045045,0.0,0.0467289719626168,0,1,0
45054266|F|0-42:G>A-42:G>A,45054266,42:G>A,42,PTTO01001678.1_Contig35,13434703,NC_041737.1,10,autosome,1.0,1,1.7299999999999999e-28,0.994681,1.0,1,1,1,1,1,1,1,1,1,0.0698198198198198,0.0698198198198198,0.1875,0.0654205607476635,1,1,0
45066230|F|0-17:A>G-17:A>G,45066230,17:A>G,17,PTTO01002372.1_Contig5,2865779,NC_041730.1,3,autosome,1.0,4,1.7299999999999999e-28,0.99734,1.0,1,1,1,1,1,1,1,1,1,0.0990990990990991,0.0990990990990991,0.375,0.0887850467289719,1,1,0
64973469|F|0-56:A>T-56:A>T,64973469,56:A>T,56,PTTO01002057.1_Contig2,9875922,NC_041730.1,3,autosome,1.0,1,1.7299999999999999e-28,1.0,1.0,1,1,1,1,1,1,1,1,0,0.0,0.0,0.0,0.0,0,0,0
45054298|F|0-41:A>C-41:A>C,45054298,41:A>C,41,PTTO01002476.1_Contig0,39913906,NC_041728.1,1,autosome,1.0,1,1.7299999999999999e-28,0.994681,1.0,1,1,1,1,1,1,1,1,1,0.0045045045045045,0.0045045045045045,0.0,0.0046728971962616,0,1,0
45062435|F|0-46:C>T-46:C>T,45062435,46:C>T,46,PTTO01001370.1_Contig26,25254122,NC_041734.1,7,autosome,1.0,1,8.05e-27,0.99734,1.0,1,1,1,1,1,1,1,1,1,0.1283783783783783,0.1283783783783783,0.1875,0.1261682242990654,1,1,0
45062438|F|0-40:G>A-40:G>A,45062438,40:G>A,40,PTTO01002624.1_Contig32,31958573,NC_041728.1,1,autosome,1.0,1,1.7299999999999999e-28,0.994681,1.0,1,1,1,1,1,1,1,1,1,0.027027027027027,0.027027027027027,0.0,0.02803738317757,0,1,0
45054326|F|0-65:G>A-65:G>A,45054326,65:G>A,65,PTTO01004262.1_Contig52,40337794,NC_041731.1,4,autosome,1.0,1,1.7299999999999999e-28,0.986702,1.0,1,1,1,1,1,1,1,1,1,0.0112612612612612,0.0112612612612612,0.0,0.0116822429906542,0,1,0
45054330|F|0-22:T>A-22:T>A,45054330,22:T>A,22,PTTO01004189.1_Contig18,6765858,NC_041729.1,2,autosome,1.0,1,1.7299999999999999e-28,0.99734,1.0,1,1,1,1,1,1,1,1,1,0.0112612612612612,0.0112612612612612,0.0,0.0116822429906542,0,1,0
45062092|F|0-38:C>T-38:C>T,45062092,38:C>T,38,PTTO01001370.1_Contig26,6038770,NC_041734.1,7,autosome,1.0,1,1.7299999999999999e-28,0.99734,1.0,1,1,1,1,1,1,1,1,1,0.0157657657657657,0.0157657657657657,0.0,0.0163551401869158,0,1,0
45062450|F|0-19:C>T-19:C>T,45062450,19:C>T,19,PTTO01002057.1_Contig2,40636398,NC_041730.1,3,autosome,1.0,137,1.7299999999999999e-28,0.99734,1.0,1,1,1,1,1,1,1,1,1,0.0585585585585585,0.0585585585585585,0.1875,0.0537383177570093,1,1,0
45054355|F|0-37:A>T-37:A>T,45054355,37:A>T,37,PTTO01002793.1_Contig38,9931432,NC_041745.1,18,autosome,1.0,1,1.7299999999999999e-28,0.99734,1.0,1,1,1,1,1,1,1,1,1,0.009009009009009,0.009009009009009,0.0,0.0093457943925233,0,1,0
64973556|F|0-19:A>G-19:A>G,64973556,19:A>G,19,PTTO01002104.1_Contig16,5041475,NC_041732.1,5,autosome,1.0,1,1.7299999999999999e-28,1.0,1.0,1,1,1,1,1,1,1,1,0,0.0045045045045045,0.0045045045045045,0.0,0.0046728971962616,0,1,0
45054369|F|0-42:G>C-42:G>C,45054369,42:G>C,42,PTTO01003824.1_Contig115,149016,NC_041732.1,5,autosome,1.0,10,1.7299999999999999e-28,0.994681,1.0,1,1,1,1,1,1,1,1,1,0.0022522522522522,0.0022522522522522,0.0,0.0023364485981308,0,1,0
64973578|F|0-43:G>T-43:G>T,64973578,43:G>T,43,PTTO01002264.1_Contig200,1130930,NC_041732.1,5,autosome,1.0,824,1.7299999999999999e-28,0.994681,1.0,1,1,1,1,1,1,1,1,0,0.0,0.0,0.0,0.0,0,0,0
45062473|F|0-17:G>C-17:G>C,45062473,17:G>C,17,PTTO01004189.1_Contig18,15581356,NC_041729.1,2,autosome,1.0,679,1.7299999999999999e-28,0.99734,1.0,1,1,1,1,1,1,1,1,1,0.0202702702702702,0.0202702702702702,0.0,0.0210280373831775,0,1,0
45054376|F|0-64:G>T-64:G>T,45054376,64:G>T,64,PTTO01000659.1_Contig3311,23440738,NC_041731.1,4,autosome,1.0,2,8.05e-27,1.0,1.0,1,1,1,1,1,1,1,1,1,0.0022522522522522,0.0022522522522522,0.0,0.0023364485981308,0,1,0
45054380|F|0-20:G>A-20:G>A,45054380,20:G>A,20,PTTO01002261.1_Contig251,10458594,NC_041743.1,16,autosome,1.0,800,1.7299999999999999e-28,0.994681,1.0,1,1,1,1,1,1,1,1,1,0.009009009009009,0.009009009009009,0.0,0.0093457943925233,0,1,0
64981957|F|0-16:G>A-16:G>A,64981957,16:G>A,16,PTTO01001241.1_Contig276,4649362,NC_041740.1,13,autosome,1.0,123,1.7299999999999999e-28,1.0,1.0,1,1,1,1,1,1,1,1,0,0.0,0.0,0.0,0.0,0,0,0
45054385|F|0-6:C>T-6:C>T,45054385,6:C>T,6,PTTO01002545.1_Contig22,13375509,NC_041728.1,1,autosome,1.0,2,1.7299999999999999e-28,1.0,1.0,1,1,1,1,1,1,1,1,1,0.0765765765765765,0.0765765765765765,0.0,0.0794392523364486,0,1,0
45054392|F|0-6:C>A-6:C>A,45054392,6:C>A,6,PTTO01001839.1_Contig208,11282069,NC_041741.1,14,autosome,1.0,1,1.7299999999999999e-28,0.994681,1.0,1,1,1,1,1,1,1,1,1,0.0135135135135135,0.0135135135135135,0.0,0.014018691588785,0,1,0
45054399|F|0-26:C>T-26:C>T,45054399,26:C>T,26,PTTO01001633.1_Contig312,9768807,NC_041739.1,12,autosome,1.0,1,1.7299999999999999e-28,0.994681,1.0,1,1,1,1,1,1,1,1,1,0.0472972972972973,0.0472972972972973,0.0,0.0490654205607476,0,1,0
45054412|F|0-34:C>T-34:C>T,45054412,34:C>T,34,PTTO01001349.1_Contig23,862436,NC_041736.1,9,autosome,1.0,1,1.7299999999999999e-28,0.99734,1.0,1,1,1,1,1,1,1,1,1,0.0292792792792792,0.0292792792792792,0.0,0.0303738317757009,0,1,0
45054416|F|0-22:T>C-22:T>C,45054416,22:T>C,22,PTTO01002624.1_Contig32,11196178,NC_041728.1,1,autosome,1.0,1,1.7299999999999999e-28,1.0,1.0,1,1,1,1,1,1,1,1,1,0.2004504504504504,0.2004504504504504,0.0625,0.205607476635514,1,1,0
45054444|F|0-20:G>C-20:G>C,45054444,20:G>C,20,PTTO01003571.1_Contig67,21028486,NC_041736.1,9,autosome,1.0,1,1.7299999999999999e-28,1.0,1.0,1,1,1,1,1,1,1,1,1,0.0045045045045045,0.0045045045045045,0.0,0.0046728971962616,0,1,0
64973649|F|0-41:G>A-41:G>A,64973649,41:G>A,41,PTTO01004116.1_Contig362,1707544,NC_041729.1,2,autosome,1.0,1,1.7299999999999999e-28,0.989362,1.0,1,1,1,1,1,1,1,1,0,0.0,0.0,0.0,0.0,0,0,0
45062506|F|0-32:A>G-32:A>G,45062506,32:A>G,32,PTTO01001320.1_Contig70,92105,NC_041731.1,4,autosome,1.0,1,2.9000000000000004e-26,1.0,1.0,1,1,1,1,1,1,1,1,1,0.5022522522522522,0.4977477477477477,0.6875,0.4953271028037383,1,1,0
45054452|F|0-41:G>A-41:G>A,45054452,41:G>A,41,PTTO01001370.1_Contig26,32457249,NC_041734.1,7,autosome,1.0,12,1.7299999999999999e-28,0.994681,1.0,1,1,1,1,1,1,1,1,1,0.0855855855855855,0.0855855855855855,0.0,0.0887850467289719,0,1,0
45062510|F|0-43:C>T-43:C>T,45062510,43:C>T,43,PTTO01003889.1_Contig165,3018395,NC_041729.1,2,autosome,1.0,1,1.7299999999999999e-28,1.0,1.0,1,1,1,1,1,1,1,1,1,0.1013513513513513,0.1013513513513513,0.75,0.0771028037383177,1,1,0
45062512|F|0-64:C>T-64:C>T,45062512,64:C>T,64,PTTO01002476.1_Contig0,29063771,NC_041728.1,1,autosome,1.0,1,1.7299999999999999e-28,0.99734,1.0,1,1,1,1,1,1,1,1,1,0.054054054054054,0.054054054054054,0.0,0.0560747663551401,0,1,0
64981986|F|0-67:C>A-67:C>A,64981986,67:C>A,67,PTTO01003571.1_Contig67,2731660,NC_041736.1,9,autosome,1.0,1,1.7299999999999999e-28,0.989362,1.0,1,1,1,1,1,1,1,1,0,0.0,0.0,0.0,0.0,0,0,0
45062517|F|0-21:G>A-21:G>A,45062517,21:G>A,21,PTTO01002634.1_Contig60,4205179,NC_041732.1,5,autosome,1.0,1,1.7299999999999999e-28,0.994681,1.0,1,1,1,1,1,1,1,1,1,0.0743243243243243,0.0743243243243243,0.0,0.0771028037383177,0,1,0
100025783|F|0-66:C>T-66:C>T,100025783,66:C>T,66,PTTO01003889.1_Contig165,16726543,NC_041729.1,2,autosome,1.0,4,1.7299999999999999e-28,0.984043,1.0,1,1,1,1,1,1,1,1,0,0.0,0.0,0.0,0.0,0,0,0
45062519|F|0-22:A>C-22:A>C,45062519,22:A>C,22,PTTO01002057.1_Contig2,28074118,NC_041730.1,3,autosome,1.0,2,1.7299999999999999e-28,0.99734,1.0,1,1,1,1,1,1,1,1,1,0.036036036036036,0.036036036036036,0.3125,0.0257009345794392,1,1,0
45053571|F|0-64:C>T-64:C>T,45053571,64:C>T,64,PTTO01003005.1_Contig4265,5752310,NC_041740.1,13,autosome,1.0,1,1.7299999999999999e-28,1.0,1.0,1,1,1,1,1,1,1,1,1,0.018018018018018,0.018018018018018,0.0625,0.0163551401869158,1,1,0
45062520|F|0-27:T>G-27:T>G,45062520,27:T>G,27,PTTO01000571.1_Contig170,4362060,NC_041730.1,3,autosome,1.0,1,1.7299999999999999e-28,0.981383,1.0,1,1,1,1,1,1,1,1,1,0.0225225225225225,0.0225225225225225,0.0,0.0233644859813084,0,1,0
45054469|F|0-28:T>A-28:T>A,45054469,28:T>A,28,PTTO01000765.1_Contig334,11938967,NC_041729.1,2,autosome,1.0,1,1.7299999999999999e-28,0.99734,1.0,1,1,1,1,1,1,1,1,1,0.0022522522522522,0.0022522522522522,0.0,0.0023364485981308,0,1,0
45054480|F|0-17:G>A-17:G>A,45054480,17:G>A,17,PTTO01002476.1_Contig0,75160592,NC_041728.1,1,autosome,1.0,1,1.7299999999999999e-28,1.0,1.0,1,1,1,1,1,1,1,1,1,0.0135135135135135,0.0135135135135135,0.0,0.014018691588785,0,1,0
45054484|F|0-19:G>A-19:G>A,45054484,19:G>A,19,PTTO01001320.1_Contig70,16925721,NC_041731.1,4,autosome,1.0,1,1.7299999999999999e-28,0.994681,1.0,1,1,1,1,1,1,1,1,1,0.4121621621621621,0.4121621621621621,0.375,0.4135514018691589,1,1,0
45062530|F|0-55:C>T-55:C>T,45062530,55:C>T,55,PTTO01004189.1_Contig18,22617450,NC_041729.1,2,autosome,1.0,805,1.7299999999999999e-28,1.0,1.0,1,1,1,1,1,1,1,1,1,0.0653153153153153,0.0653153153153153,0.0,0.0677570093457943,0,1,0
45062531|F|0-60:T>G-60:T>G,45062531,60:T>G,60,PTTO01000729.1_Contig58,4075826,NC_041742.1,15,autosome,1.0,1,1.7299999999999999e-28,0.994681,1.0,1,1,1,1,1,1,1,1,0,0.0135135135135135,0.0135135135135135,0.0,0.014018691588785,0,1,0
45054494|F|0-6:C>T-6:C>T,45054494,6:C>T,6,PTTO01002822.1_Contig364,3608128,NC_041731.1,4,autosome,1.0,1,1.7299999999999999e-28,0.994681,1.0,1,1,1,1,1,1,1,1,1,0.0135135135135135,0.0135135135135135,0.0,0.014018691588785,0,1,0
45054504|F|0-63:G>C-63:G>C,45054504,63:G>C,63,PTTO01000318.1_Contig139,18818323,NC_041730.1,3,autosome,1.0,1,1.7299999999999999e-28,1.0,1.0,1,1,1,1,1,1,1,1,1,0.0225225225225225,0.0225225225225225,0.0,0.0233644859813084,0,1,0
45054507|F|0-53:A>T-53:A>T,45054507,53:A>T,53,PTTO01003710.1_Contig217,9202512,NC_041733.1,6,autosome,1.0,1,1.7299999999999999e-28,0.994681,1.0,1,1,1,1,1,1,1,1,1,0.0315315315315315,0.0315315315315315,0.0,0.0327102803738317,0,1,0
45054520|F|0-62:G>A-62:G>A,45054520,62:G>A,62,PTTO01000974.1_Contig37,20103336,NC_041741.1,14,autosome,1.0,1,1.7299999999999999e-28,0.99734,1.0,1,1,1,1,1,1,1,1,1,0.0135135135135135,0.0135135135135135,0.0,0.014018691588785,0,1,0
45054530|F|0-27:C>T-27:C>T,45054530,27:C>T,27,PTTO01004519.1_Contig1477,5274911,NC_041735.1,8,autosome,1.0,1,1.7299999999999999e-28,1.0,1.0,1,1,1,1,1,1,1,1,1,0.0,0.0,0.0,0.0,0,0,0
45062543|F|0-29:C>T-29:C>T,45062543,29:C>T,29,PTTO01002793.1_Contig38,4645951,NC_041745.1,18,autosome,1.0,1,1.7299999999999999e-28,1.0,1.0,1,1,1,1,1,1,1,1,1,0.0045045045045045,0.0045045045045045,0.0,0.0046728971962616,0,1,0
45062545|F|0-24:G>A-24:G>A,45062545,24:G>A,24,PTTO01003571.1_Contig67,26646826,NC_041736.1,9,autosome,1.0,1,1.7299999999999999e-28,0.99734,1.0,1,1,1,1,1,1,1,1,1,0.081081081081081,0.081081081081081,0.0,0.0841121495327102,0,1,0
45062565|F|0-10:T>A-10:T>A,45062565,10:T>A,10,PTTO01002104.1_Contig16,48825957,NC_041732.1,5,autosome,1.0,1,1.7299999999999999e-28,0.99734,1.0,1,1,1,1,1,1,1,1,1,0.0202702702702702,0.0202702702702702,0.0,0.0210280373831775,0,1,0
45054572|F|0-55:C>T-55:C>T,45054572,55:C>T,55,PTTO01002634.1_Contig60,12994342,NC_041732.1,5,autosome,1.0,537,1.7299999999999999e-28,0.992021,1.0,1,1,1,1,1,1,1,1,1,0.0405405405405405,0.0405405405405405,0.0,0.0420560747663551,0,1,0
100025925|F|0-67:T>C-67:T>C,100025925,67:T>C,67,PTTO01002057.1_Contig2,12208024,NC_041730.1,3,autosome,1.0,1,1.7299999999999999e-28,0.949468,1.0,1,1,1,1,1,1,1,1,0,0.0022522522522522,0.0022522522522522,0.0,0.0023364485981308,0,1,0
45062574|F|0-13:C>A-13:C>A,45062574,13:C>A,13,PTTO01004262.1_Contig52,5575107,NC_041731.1,4,autosome,1.0,1,1.7299999999999999e-28,0.99734,1.0,1,1,1,1,1,1,1,1,1,0.0202702702702702,0.0202702702702702,0.0,0.0210280373831775,0,1,0
45054597|F|0-7:C>T-7:C>T,45054597,7:C>T,7,PTTO01003889.1_Contig165,22095168,NC_041729.1,2,autosome,1.0,1,1.7299999999999999e-28,0.994681,1.0,1,1,1,1,1,1,1,1,1,0.0112612612612612,0.0112612612612612,0.0,0.0116822429906542,0,1,0
64973788|F|0-7:G>A-7:G>A,64973788,7:G>A,7,PTTO01000974.1_Contig37,11353898,NC_041741.1,14,autosome,1.0,1,1.7299999999999999e-28,0.994681,1.0,1,1,1,1,1,1,1,1,0,0.0,0.0,0.0,0.0,0,0,0
45062584|F|0-19:C>T-19:C>T,45062584,19:C>T,19,PTTO01001073.1_Contig8,2033708,NC_041748.1,21,autosome,1.0,1,1.7299999999999999e-28,0.99734,1.0,1,1,1,1,1,1,1,1,0,0.1689189189189189,0.1689189189189189,0.75,0.1471962616822429,1,1,0
100025953|F|0-11:T>C-11:T>C,100025953,11:T>C,11,PTTO01001241.1_Contig276,2595115,NC_041740.1,13,autosome,1.0,1,1.7299999999999999e-28,0.925532,1.0,1,1,1,1,1,1,1,1,0,0.0,0.0,0.0,0.0,0,0,0
100025954|F|0-56:G>A-56:G>A,100025954,56:G>A,56,PTTO01004194.1_Contig13,11206089,NC_041743.1,16,autosome,1.0,1,1.7299999999999999e-28,0.992021,1.0,1,1,1,1,1,1,1,1,0,0.0,0.0,0.0,0.0,0,0,0
45054613|F|0-58:C>G-58:C>G,45054613,58:C>G,58,PTTO01002057.1_Contig2,833648,NC_041730.1,3,autosome,1.0,1,1.7299999999999999e-28,0.99734,1.0,1,1,1,1,1,1,1,1,1,0.009009009009009,0.009009009009009,0.0,0.0093457943925233,0,1,0
45062597|F|0-50:G>C-50:G>C,45062597,50:G>C,50,PTTO01000947.1_Contig1049,5400167,NC_041739.1,12,autosome,1.0,1,1.7299999999999999e-28,1.0,1.0,1,1,1,1,1,1,1,1,1,0.054054054054054,0.054054054054054,0.0625,0.0537383177570093,1,1,0
45062599|F|0-16:T>G-16:T>G,45062599,16:T>G,16,PTTO01002476.1_Contig0,85541093,NC_041728.1,1,autosome,1.0,1,1.7299999999999999e-28,1.0,1.0,1,1,1,1,1,1,1,1,1,0.1779279279279279,0.1779279279279279,0.0625,0.1822429906542056,1,1,0
45054625|F|0-18:C>T-18:C>T,45054625,18:C>T,18,PTTO01003710.1_Contig217,16151901,NC_041733.1,6,autosome,1.0,1,1.7299999999999999e-28,1.0,1.0,1,1,1,1,1,1,1,1,1,0.0765765765765765,0.0765765765765765,0.0,0.0794392523364486,0,1,0
45054642|F|0-58:G>A-58:G>A,45054642,58:G>A,58,PTTO01002624.1_Contig32,30618427,NC_041728.1,1,autosome,1.0,1,1.7299999999999999e-28,0.99734,1.0,1,1,1,1,1,1,1,1,1,0.0563063063063063,0.0563063063063063,0.125,0.0537383177570093,1,1,0
45054650|F|0-40:G>A-40:G>A,45054650,40:G>A,40,PTTO01000230.1_Contig34,2335325,NC_041734.1,7,autosome,1.0,1,1.7299999999999999e-28,1.0,1.0,1,1,1,1,1,1,1,1,1,0.0157657657657657,0.0157657657657657,0.0,0.0163551401869158,0,1,0
45054656|F|0-49:T>G-49:T>G,45054656,49:T>G,49,PTTO01001696.1_Contig254,5092339,NC_041747.1,20,autosome,1.0,1,1.7299999999999999e-28,0.99734,1.0,1,1,1,1,1,1,1,1,1,0.0112612612612612,0.0112612612612612,0.125,0.0070093457943925,1,1,0
45066307|F|0-35:C>A-35:C>A,45066307,35:C>A,35,PTTO01001370.1_Contig26,14943992,NC_041734.1,7,autosome,1.0,1,1.7299999999999999e-28,1.0,1.0,1,1,1,1,1,1,1,1,0,0.1328828828828828,0.1328828828828828,0.125,0.1331775700934579,1,1,0
45066310|F|0-30:G>A-30:G>A,45066310,30:G>A,30,PTTO01000875.1_Contig31,10999383,NC_041730.1,3,autosome,1.0,1,2.24e-27,1.0,1.0,1,1,1,1,1,1,1,1,1,0.036036036036036,0.036036036036036,0.125,0.0327102803738317,1,1,0
45062628|F|0-55:A>T-55:A>T,45062628,55:A>T,55,PTTO01000659.1_Contig3311,15330448,NC_041731.1,4,autosome,1.0,23,1.7299999999999999e-28,0.99734,1.0,1,1,1,1,1,1,1,1,1,0.0337837837837837,0.0337837837837837,0.0,0.0350467289719626,0,1,0
45054680|F|0-31:G>A-31:G>A,45054680,31:G>A,31,PTTO01004519.1_Contig1477,4184889,NC_041735.1,8,autosome,1.0,1,1.7299999999999999e-28,0.99734,1.0,1,1,1,1,1,1,1,1,1,0.0135135135135135,0.0135135135135135,0.25,0.0046728971962616,1,1,0
45062622|F|0-9:A>T-9:A>T,45062622,9:A>T,9,PTTO01003256.1_Contig153,4679679,NC_041746.1,19,autosome,1.0,1,1.7299999999999999e-28,0.994681,1.0,1,1,1,1,1,1,1,1,1,0.2747747747747748,0.2747747747747748,0.125,0.2803738317757009,1,1,0
45054692|F|0-28:G>T-28:G>T,45054692,28:G>T,28,PTTO01000586.1_Contig1034,468681,NC_041728.1,1,autosome,1.0,1,1.7299999999999999e-28,1.0,1.0,1,1,1,1,1,1,1,1,1,0.0157657657657657,0.0157657657657657,0.0,0.0163551401869158,0,1,0
45062638|F|0-21:G>A-21:G>A,45062638,21:G>A,21,PTTO01003169.1_Contig274,747068,NC_041742.1,15,autosome,1.0,1,1.7299999999999999e-28,0.99734,1.0,1,1,1,1,1,1,1,1,1,0.027027027027027,0.027027027027027,0.125,0.0233644859813084,1,1,0
64982080|F|0-29:G>A-29:G>A,64982080,29:G>A,29,PTTO01000006.1_Contig148,13032851,NC_041734.1,7,autosome,1.0,1,1.7299999999999999e-28,0.99734,1.0,1,1,1,1,1,1,1,1,0,0.0,0.0,0.0,0.0,0,0,0
45062649|F|0-33:C>T-33:C>T,45062649,33:C>T,33,PTTO01003788.1_Contig2016,2156362,NC_041729.1,2,autosome,1.0,1,1.7299999999999999e-28,1.0,1.0,1,1,1,1,1,1,1,1,1,0.0225225225225225,0.0225225225225225,0.0,0.0233644859813084,0,1,0
64972753|F|0-14:G>A-14:G>A,64972753,14:G>A,14,PTTO01002476.1_Contig0,70959392,NC_041728.1,1,autosome,1.0,3,1.7299999999999999e-28,1.0,1.0,1,1,1,1,1,1,1,1,0,0.0,0.0,0.0,0.0,0,0,0
45054723|F|0-59:C>G-59:C>G,45054723,59:C>G,59,PTTO01003406.1_Contig1355,2067654,NC_041744.1,17,autosome,1.0,1,1.7299999999999999e-28,0.99734,1.0,1,1,1,1,1,1,1,1,1,0.0653153153153153,0.0653153153153153,0.0,0.0677570093457943,0,1,0
45062658|F|0-11:G>C-11:G>C,45062658,11:G>C,11,PTTO01004166.1_Contig299,299358,NC_041730.1,3,autosome,1.0,1,1.7299999999999999e-28,1.0,1.0,1,1,1,1,1,1,1,1,1,0.0653153153153153,0.0653153153153153,0.0,0.0677570093457943,0,1,0
45062661|F|0-15:T>G-15:T>G,45062661,15:T>G,15,PTTO01000230.1_Contig34,12003574,NC_041734.1,7,autosome,1.0,1,1.7299999999999999e-28,1.0,1.0,1,1,1,1,1,1,1,1,1,0.0045045045045045,0.0045045045045045,0.0625,0.0023364485981308,1,1,0
100026091|F|0-15:C>A-15:C>A,100026091,15:C>A,15,PTTO01002104.1_Contig16,44061627,NC_041732.1,5,autosome,1.0,1,1.7299999999999999e-28,1.0,1.0,1,1,1,1,1,1,1,1,0,0.0,0.0,0.0,0.0,0,0,0
45062663|F|0-31:G>A-31:G>A,45062663,31:G>A,31,PTTO01000376.1_Contig11,21013011,NC_041745.1,18,autosome,1.0,1,1.7299999999999999e-28,1.0,1.0,1,1,1,1,1,1,1,1,1,0.0518018018018018,0.0518018018018018,0.0,0.0537383177570093,0,1,0
45062664|F|0-37:C>T-37:C>T,45062664,37:C>T,37,PTTO01001610.1_Contig358,2984086,NC_041729.1,2,autosome,1.0,8,1.7299999999999999e-28,0.994681,1.0,1,1,1,1,1,1,1,1,1,0.4617117117117117,0.4617117117117117,0.5625,0.4579439252336448,1,1,0
45054745|F|0-19:G>T-19:G>T,45054745,19:G>T,19,PTTO01001244.1_Contig55,6537290,NC_041738.1,11,autosome,1.0,1,1.7299999999999999e-28,1.0,1.0,1,1,1,1,1,1,1,1,1,0.2545045045045045,0.2545045045045045,0.0,0.264018691588785,0,1,0
45054754|F|0-30:C>G-30:C>G,45054754,30:C>G,30,PTTO01000765.1_Contig334,2882709,NC_041729.1,2,autosome,1.0,1,1.7299999999999999e-28,0.952128,1.0,1,1,1,1,1,1,1,1,1,0.0112612612612612,0.0112612612612612,0.0,0.0116822429906542,0,1,0
45054764|F|0-47:T>C-47:T>C,45054764,47:T>C,47,PTTO01001633.1_Contig312,28434537,NC_041739.1,12,autosome,1.0,1,1.7299999999999999e-28,0.99734,1.0,1,1,1,1,1,1,1,1,1,0.0495495495495495,0.0495495495495495,0.0,0.0514018691588785,0,1,0
45054774|F|0-42:G>A-42:G>A,45054774,42:G>A,42,PTTO01002315.1_Contig12,5747762,NC_041729.1,2,autosome,1.0,131,1.7299999999999999e-28,1.0,1.0,1,1,1,1,1,1,1,1,1,0.0518018018018018,0.0518018018018018,0.0625,0.0514018691588785,1,1,0
45054776|F|0-10:G>A-10:G>A,45054776,10:G>A,10,PTTO01000765.1_Contig334,17968483,NC_041729.1,2,autosome,1.0,115,1.7299999999999999e-28,0.99734,1.0,1,1,1,1,1,1,1,1,1,0.0067567567567567,0.0067567567567567,0.0,0.0070093457943925,0,1,0
100026146|F|0-36:T>C-36:T>C,100026146,36:T>C,36,PTTO01004262.1_Contig52,5478904,NC_041731.1,4,autosome,1.0,4,1.7299999999999999e-28,1.0,1.0,1,1,1,1,1,1,1,1,0,0.0,0.0,0.0,0.0,0,0,0
45054777|F|0-41:G>A-41:G>A,45054777,41:G>A,41,PTTO01001244.1_Contig55,7736663,NC_041738.1,11,autosome,1.0,1,1.7299999999999999e-28,1.0,1.0,1,1,1,1,1,1,1,1,1,0.0022522522522522,0.0022522522522522,0.0,0.0023364485981308,0,1,0
45062674|F|0-64:C>A-64:C>A,45062674,64:C>A,64,PTTO01001633.1_Contig312,19544979,NC_041739.1,12,autosome,1.0,1,1.7299999999999999e-28,1.0,1.0,1,1,1,1,1,1,1,1,1,0.0202702702702702,0.0202702702702702,0.0,0.0210280373831775,0,1,0
64989201|F|0-44:A>T-44:A>T,64989201,44:A>T,44,PTTO01002104.1_Contig16,43765131,NC_041732.1,5,autosome,1.0,1,1.7299999999999999e-28,0.99734,1.0,1,1,1,1,1,1,1,1,0,0.0,0.0,0.0,0.0,0,0,0
45054781|F|0-19:T>A-19:T>A,45054781,19:T>A,19,PTTO01001051.1_Contig4,3784041,NC_041737.1,10,autosome,1.0,17,1.7299999999999999e-28,0.99734,1.0,1,1,1,1,1,1,1,1,1,0.1711711711711711,0.1711711711711711,0.0,0.1775700934579439,0,1,0
45067798|F|0-14:G>A-14:G>A,45067798,14:G>A,14,PTTO01003889.1_Contig165,24925780,NC_041729.1,2,autosome,1.0,3,1.7299999999999999e-28,1.0,1.0,1,1,1,1,1,1,1,1,1,0.2792792792792792,0.2792792792792792,0.375,0.2757009345794392,1,1,0
45062680|F|0-54:G>C-54:G>C,45062680,54:G>C,54,PTTO01001611.1_Contig3553,2193333,NC_041739.1,12,autosome,1.0,1,1.7299999999999999e-28,0.981383,1.0,1,1,1,1,1,1,1,1,1,0.0315315315315315,0.0315315315315315,0.0,0.0327102803738317,0,1,0
45054805|F|0-21:C>T-21:C>T,45054805,21:C>T,21,PTTO01002822.1_Contig364,2875958,NC_041731.1,4,autosome,1.0,1,1.7299999999999999e-28,0.994681,1.0,1,1,1,1,1,1,1,1,1,0.0337837837837837,0.0337837837837837,0.0,0.0350467289719626,0,1,0
45054811|F|0-52:G>A-52:G>A,45054811,52:G>A,52,PTTO01003671.1_Contig19,23984208,NC_041735.1,8,autosome,1.0,1,1.7299999999999999e-28,0.994681,1.0,1,1,1,1,1,1,1,1,1,0.0292792792792792,0.0292792792792792,0.0,0.0303738317757009,0,1,0
45062697|F|0-47:C>G-47:C>G,45062697,47:C>G,47,PTTO01002476.1_Contig0,51386557,NC_041728.1,1,autosome,1.0,1,1.7299999999999999e-28,0.99734,1.0,1,1,1,1,1,1,1,1,1,0.2207207207207207,0.2207207207207207,0.5625,0.2079439252336448,1,1,0
45062698|F|0-68:G>C-68:G>C,45062698,68:G>C,68,PTTO01003146.1_Contig77,17421,NC_041734.1,7,autosome,1.0,5,1.7299999999999999e-28,0.99734,1.0,1,1,1,1,1,1,1,1,1,0.009009009009009,0.009009009009009,0.0,0.0093457943925233,0,1,0
64987166|F|0-42:C>T-42:C>T,64987166,42:C>T,42,PTTO01004189.1_Contig18,14430164,NC_041729.1,2,autosome,1.0,1,1.7299999999999999e-28,1.0,1.0,1,1,1,1,1,1,1,1,0,0.0045045045045045,0.0045045045045045,0.0,0.0046728971962616,0,1,0
45054831|F|0-61:G>A-61:G>A,45054831,61:G>A,61,PTTO01001296.1_Contig62,4078419,NC_041746.1,19,autosome,1.0,1,1.7299999999999999e-28,0.99734,1.0,1,1,1,1,1,1,1,1,1,0.0472972972972973,0.0472972972972973,0.125,0.0443925233644859,1,1,0
45062705|F|0-56:C>T-56:C>T,45062705,56:C>T,56,PTTO01000974.1_Contig37,11311705,NC_041741.1,14,autosome,1.0,1,1.7299999999999999e-28,0.994681,1.0,1,1,1,1,1,1,1,1,0,0.0472972972972973,0.0472972972972973,0.0,0.0490654205607476,0,1,0
45062709|F|0-14:C>G-14:C>G,45062709,14:C>G,14,PTTO01003422.1_Contig3522,434929,NC_041738.1,11,autosome,1.0,1,1.7299999999999999e-28,1.0,1.0,1,1,1,1,1,1,1,1,1,0.1396396396396396,0.1396396396396396,0.0,0.1448598130841121,0,1,0
45062719|F|0-42:C>T-42:C>T,45062719,42:C>T,42,PTTO01002692.1_Contig2496,459689,NW_021638172.1,unplaced,unplaced,1.0,1,1.7299999999999999e-28,0.99734,1.0,1,1,1,1,1,1,1,1,1,0.1013513513513513,0.1013513513513513,0.5625,0.0841121495327102,1,1,0
45054869|F|0-62:G>A-62:G>A,45054869,62:G>A,62,PTTO01000006.1_Contig148,17005167,NC_041734.1,7,autosome,1.0,1,1.7299999999999999e-28,0.994681,1.0,1,1,1,1,1,1,1,1,1,0.0067567567567567,0.0067567567567567,0.0,0.0070093457943925,0,1,0
45054875|F|0-46:C>T-46:C>T,45054875,46:C>T,46,PTTO01001652.1_Contig209,1852244,NC_041739.1,12,autosome,1.0,1,8.05e-27,0.994681,1.0,1,1,1,1,1,1,1,1,1,0.3355855855855856,0.3355855855855856,0.125,0.3434579439252336,1,1,0
95138085|F|0-45:C>T-45:C>T,95138085,45:C>T,45,PTTO01001370.1_Contig26,6396190,NC_041734.1,7,autosome,1.0,1,1.7299999999999999e-28,1.0,1.0,1,1,1,1,1,1,1,1,0,0.0157657657657657,0.0157657657657657,0.4375,0.0,1,0,0
45054895|F|0-62:T>C-62:T>C,45054895,62:T>C,62,PTTO01001564.1_Contig1857,470900,NC_041746.1,19,autosome,1.0,1,1.7299999999999999e-28,0.99734,1.0,1,1,1,1,1,1,1,1,1,0.0135135135135135,0.0135135135135135,0.0,0.014018691588785,0,1,0
45062738|F|0-64:G>C-64:G>C,45062738,64:G>C,64,PTTO01002473.1_Contig1,10756050,NC_041738.1,11,autosome,1.0,1,1.7299999999999999e-28,0.99734,1.0,1,1,1,1,1,1,1,1,0,0.0225225225225225,0.0225225225225225,0.0,0.0233644859813084,0,1,0
45062749|F|0-7:A>C-7:A>C,45062749,7:A>C,7,PTTO01000765.1_Contig334,18519400,NC_041729.1,2,autosome,1.0,1,1.7299999999999999e-28,1.0,1.0,1,1,1,1,1,1,1,1,1,0.3445945945945945,0.3445945945945945,0.0,0.3574766355140187,0,1,0
45062752|F|0-23:T>G-23:T>G,45062752,23:T>G,23,PTTO01001241.1_Contig276,11809729,NC_041740.1,13,autosome,1.0,1,2.9000000000000004e-26,0.99734,1.0,1,1,1,1,1,1,1,1,1,0.2117117117117117,0.2117117117117117,0.0,0.219626168224299,0,1,0
45062754|F|0-50:G>T-50:G>T,45062754,50:G>T,50,PTTO01002315.1_Contig12,22486236,NC_041729.1,2,autosome,1.0,1,1.7299999999999999e-28,0.99734,1.0,1,1,1,1,1,1,1,1,1,0.009009009009009,0.009009009009009,0.0,0.0093457943925233,0,1,0
64982152|F|0-26:G>A-26:G>A,64982152,26:G>A,26,PTTO01003276.1_Contig54,11585742,NC_041738.1,11,autosome,1.0,1,1.7299999999999999e-28,0.99734,1.0,1,1,1,1,1,1,1,1,0,0.0045045045045045,0.0045045045045045,0.0,0.0046728971962616,0,1,0
45066358|F|0-48:C>A-48:C>A,45066358,48:C>A,48,PTTO01001696.1_Contig254,7494416,NC_041747.1,20,autosome,1.0,1,1.7299999999999999e-28,1.0,1.0,1,1,1,1,1,1,1,1,1,0.009009009009009,0.009009009009009,0.0,0.0093457943925233,0,1,0
45054961|F|0-6:G>C-6:G>C,45054961,6:G>C,6,PTTO01002057.1_Contig2,3947289,NC_041730.1,3,autosome,1.0,1,1.7299999999999999e-28,0.978723,1.0,1,1,1,1,1,1,1,1,1,0.0022522522522522,0.0022522522522522,0.0,0.0023364485981308,0,1,0
64987178|F|0-18:G>A-18:G>A,64987178,18:G>A,18,PTTO01002057.1_Contig2,32768562,NC_041730.1,3,autosome,1.0,1,1.7299999999999999e-28,0.99734,1.0,1,1,1,1,1,1,1,1,0,0.0,0.0,0.0,0.0,0,0,0
64982169|F|0-48:G>A-48:G>A,64982169,48:G>A,48,PTTO01001839.1_Contig208,8549568,NC_041741.1,14,autosome,1.0,1,1.7299999999999999e-28,0.978723,1.0,1,1,1,1,1,1,1,1,0,0.0,0.0,0.0,0.0,0,0,0
45054974|F|0-57:G>A-57:G>A,45054974,57:G>A,57,PTTO01001320.1_Contig70,2028880,NC_041731.1,4,autosome,1.0,1,1.7299999999999999e-28,0.99734,1.0,1,1,1,1,1,1,1,1,0,0.0202702702702702,0.0202702702702702,0.0,0.0210280373831775,0,1,0
45054975|F|0-9:C>T-9:C>T,45054975,9:C>T,9,PTTO01003824.1_Contig115,1832,NC_041732.1,5,autosome,1.0,1,1.7299999999999999e-28,0.99734,1.0,1,1,1,1,1,1,1,1,1,0.1599099099099099,0.1599099099099099,0.0,0.1658878504672897,0,1,0
45054989|F|0-11:G>A-11:G>A,45054989,11:G>A,11,PTTO01003710.1_Contig217,7122553,NC_041733.1,6,autosome,1.0,3,1.7299999999999999e-28,0.981383,1.0,1,1,1,1,1,1,1,1,1,0.0225225225225225,0.0225225225225225,0.0,0.0233644859813084,0,1,0
45054993|F|0-32:G>C-32:G>C,45054993,32:G>C,32,PTTO01000974.1_Contig37,22675005,NC_041741.1,14,autosome,1.0,1,8.05e-27,0.99734,1.0,1,1,1,1,1,1,1,1,1,0.2454954954954954,0.2454954954954954,0.0625,0.2523364485981308,1,1,0
45055008|F|0-38:G>A-38:G>A,45055008,38:G>A,38,PTTO01004194.1_Contig13,5214026,NC_041743.1,16,autosome,1.0,1,1.7299999999999999e-28,0.99734,1.0,1,1,1,1,1,1,1,1,1,0.0202702702702702,0.0202702702702702,0.0,0.0210280373831775,0,1,0
64985537|F|0-21:C>T-21:C>T,64985537,21:C>T,21,PTTO01002104.1_Contig16,35430978,NC_041732.1,5,autosome,1.0,1,9.21e-26,0.994681,1.0,1,1,1,1,1,1,1,1,0,0.0045045045045045,0.0045045045045045,0.0,0.0046728971962616,0,1,0
45055013|F|0-19:A>C-19:A>C,45055013,19:A>C,19,PTTO01003710.1_Contig217,9632944,NC_041733.1,6,autosome,1.0,2320,1.7299999999999999e-28,0.99734,1.0,1,1,1,1,1,1,1,1,1,0.0563063063063063,0.0563063063063063,0.0,0.058411214953271,0,1,0
64972810|F|0-14:G>C-14:G>C,64972810,14:G>C,14,PTTO01002967.1_Contig85,11626576,NC_041733.1,6,autosome,1.0,6,1.7299999999999999e-28,0.994681,1.0,1,1,1,1,1,1,1,1,0,0.0,0.0,0.0,0.0,0,0,0
45062783|F|0-63:C>T-63:C>T,45062783,63:C>T,63,PTTO01002104.1_Contig16,35860933,NC_041732.1,5,autosome,1.0,1,1.7299999999999999e-28,0.994681,1.0,1,1,1,1,1,1,1,1,0,0.0563063063063063,0.0563063063063063,0.0,0.058411214953271,0,1,0
45053575|F|0-54:G>A-54:G>A,45053575,54:G>A,54,PTTO01001370.1_Contig26,12564927,NC_041734.1,7,autosome,1.0,1,1.7299999999999999e-28,0.99734,1.0,1,1,1,1,1,1,1,1,1,0.0067567567567567,0.0067567567567567,0.0,0.0070093457943925,0,1,0
45062785|F|0-56:C>T-56:C>T,45062785,56:C>T,56,PTTO01000376.1_Contig11,9580587,NC_041745.1,18,autosome,1.0,1,1.7299999999999999e-28,0.986702,1.0,1,1,1,1,1,1,1,1,1,0.2747747747747748,0.2747747747747748,0.375,0.2710280373831775,1,1,0
45055043|F|0-28:C>G-28:C>G,45055043,28:C>G,28,PTTO01002057.1_Contig2,20216067,NC_041730.1,3,autosome,1.0,1,1.7299999999999999e-28,1.0,1.0,1,1,1,1,1,1,1,1,0,0.0292792792792792,0.0292792792792792,0.0,0.0303738317757009,0,1,0
45062794|F|0-45:G>T-45:G>T,45062794,45:G>T,45,PTTO01003788.1_Contig2016,1233117,NC_041729.1,2,autosome,1.0,1,1.7299999999999999e-28,0.99734,1.0,1,1,1,1,1,1,1,1,0,0.0788288288288288,0.0788288288288288,0.0,0.0817757009345794,0,1,0
45055056|F|0-21:G>C-21:G>C,45055056,21:G>C,21,PTTO01004446.1_Contig146,8259549,NC_041742.1,15,autosome,1.0,1,1.7299999999999999e-28,0.99734,1.0,1,1,1,1,1,1,1,1,1,0.0112612612612612,0.0112612612612612,0.0,0.0116822429906542,0,1,0
45062798|F|0-55:T>A-55:T>A,45062798,55:T>A,55,PTTO01002545.1_Contig22,32093801,NC_041728.1,1,autosome,1.0,1,8.05e-27,1.0,1.0,1,1,1,1,1,1,1,1,0,0.6981981981981982,0.3018018018018018,0.375,0.7102803738317757,1,1,0
45055082|F|0-18:C>T-18:C>T,45055082,18:C>T,18,PTTO01002501.1_Contig138,2352407,NC_041744.1,17,autosome,1.0,1,3.94e-24,0.994681,1.0,1,1,1,1,1,1,1,1,1,0.0202702702702702,0.0202702702702702,0.0,0.0210280373831775,0,1,0
45062812|F|0-52:A>T-52:A>T,45062812,52:A>T,52,PTTO01004262.1_Contig52,9887753,NC_041731.1,4,autosome,1.0,8,1.7299999999999999e-28,0.99734,1.0,1,1,1,1,1,1,1,1,1,0.009009009009009,0.009009009009009,0.0,0.0093457943925233,0,1,0
45062819|F|0-23:C>T-23:C>T,45062819,23:C>T,23,PTTO01002624.1_Contig32,27770533,NC_041728.1,1,autosome,1.0,1,1.7299999999999999e-28,0.99734,1.0,1,1,1,1,1,1,1,1,1,0.0202702702702702,0.0202702702702702,0.0,0.0210280373831775,0,1,0
45062820|F|0-17:G>A-17:G>A,45062820,17:G>A,17,PTTO01001051.1_Contig4,4021527,NC_041737.1,10,autosome,1.0,1,1.7299999999999999e-28,0.994681,1.0,1,1,1,1,1,1,1,1,1,0.0202702702702702,0.0202702702702702,0.0,0.0210280373831775,0,1,0
45055110|F|0-61:C>G-61:C>G,45055110,61:C>G,61,PTTO01002473.1_Contig1,9960447,NC_041738.1,11,autosome,1.0,37,1.7299999999999999e-28,0.99734,1.0,1,1,1,1,1,1,1,1,1,0.027027027027027,0.027027027027027,0.0,0.02803738317757,0,1,0
45062824|F|0-5:A>C-5:A>C,45062824,5:A>C,5,PTTO01001349.1_Contig23,29965319,NC_041736.1,9,autosome,1.0,5,1.7299999999999999e-28,0.994681,1.0,1,1,1,1,1,1,1,1,1,0.081081081081081,0.081081081081081,0.0,0.0841121495327102,0,1,0
45055114|F|0-26:C>G-26:C>G,45055114,26:C>G,26,PTTO01001370.1_Contig26,18766390,NC_041734.1,7,autosome,1.0,1,1.7299999999999999e-28,0.99734,1.0,1,1,1,1,1,1,1,1,1,0.1126126126126126,0.1126126126126126,0.0,0.116822429906542,0,1,0
45055120|F|0-32:G>A-32:G>A,45055120,32:G>A,32,PTTO01003889.1_Contig165,26927335,NC_041729.1,2,autosome,1.0,1,1.7299999999999999e-28,0.992021,1.0,1,1,1,1,1,1,1,1,1,0.0067567567567567,0.0067567567567567,0.0,0.0070093457943925,0,1,0
45062826|F|0-11:C>T-11:C>T,45062826,11:C>T,11,PTTO01003276.1_Contig54,2756553,NC_041738.1,11,autosome,1.0,5,1.68e-22,1.0,1.0,1,1,1,1,1,1,1,1,1,0.009009009009009,0.009009009009009,0.0,0.0093457943925233,0,1,0
45062830|F|0-43:G>A-43:G>A,45062830,43:G>A,43,PTTO01001349.1_Contig23,22572288,NC_041736.1,9,autosome,1.0,1,1.7299999999999999e-28,1.0,1.0,1,1,1,1,1,1,1,1,1,0.0675675675675675,0.0675675675675675,0.0,0.0700934579439252,0,1,0
45055134|F|0-46:G>A-46:G>A,45055134,46:G>A,46,PTTO01004262.1_Contig52,21823482,NC_041731.1,4,autosome,1.0,1,1.7299999999999999e-28,1.0,1.0,1,1,1,1,1,1,1,1,1,0.0788288288288288,0.0788288288288288,0.0,0.0817757009345794,0,1,0
45062832|F|0-62:G>T-62:G>T,45062832,62:G>T,62,PTTO01002476.1_Contig0,92235239,NC_041728.1,1,autosome,1.0,1,1.7299999999999999e-28,1.0,1.0,1,1,1,1,1,1,1,1,1,0.0968468468468468,0.0968468468468468,0.1875,0.0934579439252336,1,1,0
45062833|F|0-11:C>T-11:C>T,45062833,11:C>T,11,PTTO01000276.1_Contig319,7504271,NC_041737.1,10,autosome,1.0,1,1.7299999999999999e-28,0.99734,1.0,1,1,1,1,1,1,1,1,1,0.0157657657657657,0.0157657657657657,0.0,0.0163551401869158,0,1,0
45055144|F|0-14:C>G-14:C>G,45055144,14:C>G,14,PTTO01000748.1_Contig149,465554,NC_041748.1,21,autosome,1.0,1,1.7299999999999999e-28,1.0,1.0,1,1,1,1,1,1,1,1,1,0.1621621621621621,0.1621621621621621,0.5625,0.1471962616822429,1,1,0
45062842|F|0-54:A>C-54:A>C,45062842,54:A>C,54,PTTO01002476.1_Contig0,11112707,NC_041728.1,1,autosome,1.0,8,1.7299999999999999e-28,0.99734,1.0,1,1,1,1,1,1,1,1,0,0.0675675675675675,0.0675675675675675,0.25,0.0607476635514018,1,1,0
45055167|F|0-44:G>A-44:G>A,45055167,44:G>A,44,PTTO01001320.1_Contig70,751781,NC_041731.1,4,autosome,1.0,1,1.7299999999999999e-28,1.0,1.0,1,1,1,1,1,1,1,1,1,0.009009009009009,0.009009009009009,0.0,0.0093457943925233,0,1,0
64985560|F|0-10:G>T-10:G>T,64985560,10:G>T,10,PTTO01000318.1_Contig139,10278121,NC_041730.1,3,autosome,1.0,1,1.7299999999999999e-28,1.0,1.0,1,1,1,1,1,1,1,1,0,0.0022522522522522,0.0022522522522522,0.0625,0.0,1,0,0
45055175|F|0-65:G>A-65:G>A,45055175,65:G>A,65,PTTO01002815.1_Contig4081,1529746,NC_041744.1,17,autosome,1.0,1,1.7299999999999999e-28,0.978723,1.0,1,1,1,1,1,1,1,1,1,0.0,0.0,0.0,0.0,0,0,0
45055176|F|0-10:T>C-10:T>C,45055176,10:T>C,10,PTTO01000765.1_Contig334,30234991,NC_041729.1,2,autosome,1.0,1,1.7299999999999999e-28,1.0,1.0,1,1,1,1,1,1,1,1,1,0.0855855855855855,0.0855855855855855,0.0,0.0887850467289719,0,1,0
45055182|F|0-68:A>C-68:A>C,45055182,68:A>C,68,PTTO01001349.1_Contig23,10376211,NC_041736.1,9,autosome,1.0,1,6.23e-28,0.99734,1.0,1,1,1,1,1,1,1,1,1,0.9977477477477478,0.0022522522522522,1.0,0.9976635514018692,0,1,0
45055202|F|0-36:C>A-36:C>A,45055202,36:C>A,36,PTTO01000974.1_Contig37,1368257,NC_041741.1,14,autosome,1.0,1,1.7299999999999999e-28,1.0,1.0,1,1,1,1,1,1,1,1,1,0.009009009009009,0.009009009009009,0.0,0.0093457943925233,0,1,0
45055207|F|0-16:G>A-16:G>A,45055207,16:G>A,16,PTTO01004252.1_Contig68,1047005,NC_041728.1,1,autosome,1.0,1,1.7299999999999999e-28,0.99734,1.0,1,1,1,1,1,1,1,1,1,0.0135135135135135,0.0135135135135135,0.0,0.014018691588785,0,1,0
45055224|F|0-59:A>T-59:A>T,45055224,59:A>T,59,PTTO01000276.1_Contig319,4331890,NC_041737.1,10,autosome,1.0,1,1.7299999999999999e-28,1.0,1.0,1,1,1,1,1,1,1,1,1,0.0945945945945946,0.0945945945945946,0.0,0.0981308411214953,0,1,0
45062866|F|0-12:T>C-12:T>C,45062866,12:T>C,12,PTTO01000875.1_Contig31,16483916,NC_041730.1,3,autosome,1.0,1,8.05e-27,1.0,1.0,1,1,1,1,1,1,1,1,1,0.3896396396396396,0.3896396396396396,0.125,0.3995327102803738,1,1,0
45062869|F|0-18:G>A-18:G>A,45062869,18:G>A,18,PTTO01000166.1_Contig207,3899622,NC_041747.1,20,autosome,1.0,1,1.7299999999999999e-28,0.99734,1.0,1,1,1,1,1,1,1,1,1,0.2072072072072072,0.2072072072072072,0.5,0.1962616822429906,1,1,0
45062870|F|0-36:G>T-36:G>T,45062870,36:G>T,36,PTTO01002104.1_Contig16,44282676,NC_041732.1,5,autosome,1.0,1,6.23e-28,0.99734,1.0,1,1,1,1,1,1,1,1,1,0.3738738738738739,0.3738738738738739,0.5625,0.366822429906542,1,1,0
45062872|F|0-21:A>G-21:A>G,45062872,21:A>G,21,PTTO01003571.1_Contig67,11346904,NC_041736.1,9,autosome,1.0,1,1.7299999999999999e-28,1.0,1.0,1,1,1,1,1,1,1,1,1,0.0405405405405405,0.0405405405405405,0.0,0.0420560747663551,0,1,0
45066404|F|0-52:G>A-52:G>A,45066404,52:G>A,52,PTTO01001696.1_Contig254,12540318,NC_041747.1,20,autosome,1.0,1,1.7299999999999999e-28,1.0,1.0,1,1,1,1,1,1,1,1,1,0.0202702702702702,0.0202702702702702,0.0,0.0210280373831775,0,1,0
45055244|F|0-16:G>T-16:G>T,45055244,16:G>T,16,PTTO01003671.1_Contig19,21279298,NC_041735.1,8,autosome,1.0,1,1.7299999999999999e-28,1.0,1.0,1,1,1,1,1,1,1,1,1,0.0247747747747747,0.0247747747747747,0.0,0.0257009345794392,0,1,0
45062884|F|0-17:G>T-17:G>T,45062884,17:G>T,17,PTTO01001051.1_Contig4,13337987,NC_041737.1,10,autosome,1.0,1,1.7299999999999999e-28,0.99734,1.0,1,1,1,1,1,1,1,1,1,0.0563063063063063,0.0563063063063063,0.0,0.058411214953271,0,1,0
45062887|F|0-52:G>A-52:G>A,45062887,52:G>A,52,PTTO01004262.1_Contig52,3450212,NC_041731.1,4,autosome,1.0,1,8.05e-27,0.99734,1.0,1,1,1,1,1,1,1,1,1,0.4639639639639639,0.4639639639639639,0.625,0.4579439252336448,1,1,0
45062888|F|0-55:G>T-55:G>T,45062888,55:G>T,55,PTTO01002634.1_Contig60,3789367,NC_041732.1,5,autosome,1.0,1,1.7299999999999999e-28,0.994681,1.0,1,1,1,1,1,1,1,1,1,0.0427927927927927,0.0427927927927927,0.0,0.0443925233644859,0,1,0
45055280|F|0-63:T>C-63:T>C,45055280,63:T>C,63,PTTO01001241.1_Contig276,14441679,NC_041740.1,13,autosome,1.0,1,1.7299999999999999e-28,0.99734,1.0,1,1,1,1,1,1,1,1,1,0.1328828828828828,0.1328828828828828,0.0,0.1378504672897196,0,1,0
45062894|F|0-41:T>C-41:T>C,45062894,41:T>C,41,PTTO01003571.1_Contig67,21618806,NC_041736.1,9,autosome,1.0,1,2.9000000000000004e-26,1.0,1.0,1,1,1,1,1,1,1,1,1,0.5675675675675675,0.4324324324324324,0.75,0.5607476635514018,1,1,0
45055282|F|0-64:G>A-64:G>A,45055282,64:G>A,64,PTTO01001370.1_Contig26,4146179,NC_041734.1,7,autosome,1.0,1,1.7299999999999999e-28,1.0,1.0,1,1,1,1,1,1,1,1,1,0.0157657657657657,0.0157657657657657,0.0,0.0163551401869158,0,1,0
45055286|F|0-67:A>T-67:A>T,45055286,67:A>T,67,PTTO01004262.1_Contig52,30265308,NC_041731.1,4,autosome,1.0,1,2.24e-27,1.0,1.0,1,1,1,1,1,1,1,1,0,0.3513513513513513,0.3513513513513513,0.1875,0.3574766355140187,1,1,0
45067838|F|0-6:G>C-6:G>C,45067838,6:G>C,6,PTTO01004189.1_Contig18,21344112,NC_041729.1,2,autosome,1.0,1,1.68e-22,0.99734,1.0,1,1,1,1,1,1,1,1,1,0.0743243243243243,0.0743243243243243,0.0,0.0771028037383177,0,1,0
45054970|F|0-7:T>C-7:T>C,45054970,7:T>C,7,PTTO01004194.1_Contig13,29960,NC_041743.1,16,autosome,1.0,1,1.7299999999999999e-28,1.0,1.0,1,1,1,1,1,1,1,1,1,0.018018018018018,0.018018018018018,0.0,0.0186915887850467,0,1,0
45055321|F|0-34:G>T-34:G>T,45055321,34:G>T,34,PTTO01002476.1_Contig0,57379762,NC_041728.1,1,autosome,1.0,1,6.23e-28,0.99734,1.0,1,1,1,1,1,1,1,1,1,0.0382882882882882,0.0382882882882882,0.0,0.0397196261682243,0,1,0
45053632|F|0-37:C>G-37:C>G,45053632,37:C>G,37,PTTO01003671.1_Contig19,21998088,NC_041735.1,8,autosome,1.0,1,1.7299999999999999e-28,1.0,1.0,1,1,1,1,1,1,1,1,1,0.0022522522522522,0.0022522522522522,0.0,0.0023364485981308,0,1,0
45055334|F|0-49:C>T-49:C>T,45055334,49:C>T,49,PTTO01002476.1_Contig0,84534164,NC_041728.1,1,autosome,1.0,1,1.7299999999999999e-28,1.0,1.0,1,1,1,1,1,1,1,1,1,0.0157657657657657,0.0157657657657657,0.125,0.0116822429906542,1,1,0
45055337|F|0-30:C>T-30:C>T,45055337,30:C>T,30,PTTO01002476.1_Contig0,46649559,NC_041728.1,1,autosome,1.0,1,1.7299999999999999e-28,1.0,1.0,1,1,1,1,1,1,1,1,1,0.1418918918918918,0.1418918918918918,0.0625,0.1448598130841121,1,1,0
45055348|F|0-14:G>A-14:G>A,45055348,14:G>A,14,PTTO01004194.1_Contig13,5625811,NC_041743.1,16,autosome,1.0,1,1.7299999999999999e-28,1.0,1.0,1,1,1,1,1,1,1,1,1,0.009009009009009,0.009009009009009,0.0,0.0093457943925233,0,1,0
45055363|F|0-61:C>T-61:C>T,45055363,61:C>T,61,PTTO01002473.1_Contig1,10798537,NC_041738.1,11,autosome,1.0,1,8.05e-27,0.99734,1.0,1,1,1,1,1,1,1,1,1,0.3288288288288288,0.3288288288288288,0.9375,0.3060747663551402,1,1,0
45055370|F|0-53:A>T-53:A>T,45055370,53:A>T,53,PTTO01002793.1_Contig38,10166377,NC_041745.1,18,autosome,1.0,1,1.7299999999999999e-28,0.99734,1.0,1,1,1,1,1,1,1,1,1,0.0022522522522522,0.0022522522522522,0.0,0.0023364485981308,0,1,0
45055375|F|0-22:C>T-22:C>T,45055375,22:C>T,22,PTTO01003882.1_Contig102,13374807,NC_041732.1,5,autosome,1.0,1,1.7299999999999999e-28,0.994681,1.0,1,1,1,1,1,1,1,1,1,0.0202702702702702,0.0202702702702702,0.0,0.0210280373831775,0,1,0
45062928|F|0-31:C>T-31:C>T,45062928,31:C>T,31,PTTO01003889.1_Contig165,10057145,NC_041729.1,2,autosome,1.0,1,2.24e-27,0.989362,1.0,1,1,1,1,1,1,1,1,1,0.0292792792792792,0.0292792792792792,0.0,0.0303738317757009,0,1,0
45055380|F|0-44:G>C-44:G>C,45055380,44:G>C,44,PTTO01002057.1_Contig2,24421746,NC_041730.1,3,autosome,1.0,2,1.7299999999999999e-28,1.0,1.0,1,1,1,1,1,1,1,1,1,0.0135135135135135,0.0135135135135135,0.0,0.014018691588785,0,1,0
95140262|F|0-21:A>C-21:A>C,95140262,21:A>C,21,PTTO01000318.1_Contig139,3537838,NC_041730.1,3,autosome,1.0,1,1.7299999999999999e-28,1.0,1.0,1,1,1,1,1,1,1,1,0,0.009009009009009,0.009009009009009,0.1875,0.0023364485981308,1,1,0
45066429|F|0-51:C>T-51:C>T,45066429,51:C>T,51,PTTO01003710.1_Contig217,14343583,NC_041733.1,6,autosome,1.0,1,1.7299999999999999e-28,1.0,1.0,1,1,1,1,1,1,1,1,1,0.0608108108108108,0.0608108108108108,0.1875,0.0560747663551401,1,1,0
45062930|F|0-37:G>A-37:G>A,45062930,37:G>A,37,PTTO01001883.1_Contig281,6140908,NC_041729.1,2,autosome,1.0,1,6.23e-28,0.99734,1.0,1,1,1,1,1,1,1,1,1,0.4572072072072072,0.4572072072072072,0.4375,0.4579439252336448,1,1,0
45062931|F|0-33:G>C-33:G>C,45062931,33:G>C,33,PTTO01000659.1_Contig3311,23320123,NC_041731.1,4,autosome,1.0,1,1.7299999999999999e-28,0.99734,1.0,1,1,1,1,1,1,1,1,1,0.009009009009009,0.009009009009009,0.0,0.0093457943925233,0,1,0
45062932|F|0-48:G>T-48:G>T,45062932,48:G>T,48,PTTO01000376.1_Contig11,22008786,NC_041745.1,18,autosome,1.0,4,1.7299999999999999e-28,0.994681,1.0,1,1,1,1,1,1,1,1,1,0.3581081081081081,0.3581081081081081,0.0,0.3714953271028037,0,1,0
45055396|F|0-68:G>A-68:G>A,45055396,68:G>A,68,PTTO01001940.1_Contig353,5775947,NC_041731.1,4,autosome,1.0,1,6.23e-28,1.0,1.0,1,1,1,1,1,1,1,1,1,0.0202702702702702,0.0202702702702702,0.0,0.0210280373831775,0,1,0
45062907|F|0-8:G>A-8:G>A,45062907,8:G>A,8,PTTO01001678.1_Contig35,4602393,NC_041737.1,10,autosome,1.0,1,8.05e-27,1.0,1.0,1,1,1,1,1,1,1,1,1,0.2252252252252252,0.2252252252252252,0.0,0.2336448598130841,0,1,0
45062940|F|0-22:A>T-22:A>T,45062940,22:A>T,22,PTTO01003710.1_Contig217,641911,NC_041733.1,6,autosome,1.0,1,1.7299999999999999e-28,0.994681,1.0,1,1,1,1,1,1,1,1,1,0.081081081081081,0.081081081081081,0.3125,0.072429906542056,1,1,0
45055434|F|0-6:G>A-6:G>A,45055434,6:G>A,6,PTTO01004519.1_Contig1477,1733107,NC_041735.1,8,autosome,1.0,1,1.7299999999999999e-28,0.99734,1.0,1,1,1,1,1,1,1,1,1,0.0022522522522522,0.0022522522522522,0.0,0.0023364485981308,0,1,0
45062065|F|0-11:C>G-11:C>G,45062065,11:C>G,11,PTTO01003439.1_Contig986,33488,NW_021638269.1,unplaced,unplaced,1.0,11,1.7299999999999999e-28,0.99734,1.0,1,1,1,1,1,1,1,1,1,0.1013513513513513,0.1013513513513513,0.1875,0.0981308411214953,1,1,0
45066444|F|0-45:C>T-45:C>T,45066444,45:C>T,45,PTTO01002473.1_Contig1,6627068,NC_041738.1,11,autosome,1.0,1,1.7299999999999999e-28,0.99734,1.0,1,1,1,1,1,1,1,1,1,0.045045045045045,0.045045045045045,0.0,0.0467289719626168,0,1,0
45062963|F|0-40:G>A-40:G>A,45062963,40:G>A,40,PTTO01002476.1_Contig0,61825981,NC_041728.1,1,autosome,1.0,1,1.7299999999999999e-28,1.0,1.0,1,1,1,1,1,1,1,1,1,0.3581081081081081,0.3581081081081081,0.0,0.3714953271028037,0,1,0
64985589|F|0-13:C>A-13:C>A,64985589,13:C>A,13,PTTO01002057.1_Contig2,34327027,NC_041730.1,3,autosome,1.0,1,9.21e-26,1.0,1.0,1,1,1,1,1,1,1,1,0,0.0022522522522522,0.0022522522522522,0.0625,0.0,1,0,0
64974581|F|0-48:C>A-48:C>A,64974581,48:C>A,48,PTTO01001633.1_Contig312,17542180,NC_041739.1,12,autosome,1.0,1,1.7299999999999999e-28,0.99734,1.0,1,1,1,1,1,1,1,1,0,0.0,0.0,0.0,0.0,0,0,0
45062967|F|0-49:C>T-49:C>T,45062967,49:C>T,49,PTTO01001051.1_Contig4,4502458,NC_041737.1,10,autosome,1.0,1,1.7299999999999999e-28,1.0,1.0,1,1,1,1,1,1,1,1,1,0.0315315315315315,0.0315315315315315,0.0625,0.0303738317757009,1,1,0
45062067|F|0-22:A>T-22:A>T,45062067,22:A>T,22,PTTO01002057.1_Contig2,5562586,NC_041730.1,3,autosome,1.0,1,1.7299999999999999e-28,0.99734,1.0,1,1,1,1,1,1,1,1,1,0.0022522522522522,0.0022522522522522,0.0,0.0023364485981308,0,1,0
45062972|F|0-9:A>C-9:A>C,45062972,9:A>C,9,PTTO01002264.1_Contig200,2288172,NC_041732.1,5,autosome,1.0,1,1.7299999999999999e-28,1.0,1.0,1,1,1,1,1,1,1,1,1,0.1306306306306306,0.1306306306306306,0.0,0.1355140186915887,0,1,0
45055518|F|0-10:A>G-10:A>G,45055518,10:A>G,10,PTTO01000536.1_Contig98,6345555,NC_041735.1,8,autosome,1.0,3,1.7299999999999999e-28,1.0,1.0,1,1,1,1,1,1,1,1,1,0.0135135135135135,0.0135135135135135,0.0625,0.0116822429906542,1,1,0
45055520|F|0-38:T>A-38:T>A,45055520,38:T>A,38,PTTO01000700.1_Contig3723,3351499,NC_041730.1,3,autosome,1.0,1,8.05e-27,1.0,1.0,1,1,1,1,1,1,1,1,1,0.4977477477477477,0.4977477477477477,0.375,0.5023364485981309,1,1,0
45062993|F|0-23:T>A-23:T>A,45062993,23:T>A,23,PTTO01003671.1_Contig19,17528781,NC_041735.1,8,autosome,1.0,1,1.7299999999999999e-28,1.0,1.0,1,1,1,1,1,1,1,1,1,0.1216216216216216,0.1216216216216216,0.0625,0.1238317757009345,1,1,0
45055522|F|0-47:G>A-47:G>A,45055522,47:G>A,47,PTTO01001051.1_Contig4,25966508,NC_041737.1,10,autosome,1.0,1,1.7299999999999999e-28,0.99734,1.0,1,1,1,1,1,1,1,1,1,0.0157657657657657,0.0157657657657657,0.0,0.0163551401869158,0,1,0
45055529|F|0-67:A>C-67:A>C,45055529,67:A>C,67,PTTO01001051.1_Contig4,11985791,NC_041737.1,10,autosome,1.0,1,1.7299999999999999e-28,1.0,1.0,1,1,1,1,1,1,1,1,1,0.0427927927927927,0.0427927927927927,0.0,0.0443925233644859,0,1,0
45055538|F|0-10:A>C-10:A>C,45055538,10:A>C,10,PTTO01003256.1_Contig153,15872812,NC_041746.1,19,autosome,1.0,1,1.7299999999999999e-28,1.0,1.0,1,1,1,1,1,1,1,1,1,0.0135135135135135,0.0135135135135135,0.0625,0.0116822429906542,1,1,0
45055543|F|0-62:G>A-62:G>A,45055543,62:G>A,62,PTTO01002793.1_Contig38,6024558,NC_041745.1,18,autosome,1.0,1,1.7299999999999999e-28,0.994681,1.0,1,1,1,1,1,1,1,1,1,0.0157657657657657,0.0157657657657657,0.0,0.0163551401869158,0,1,0
45063002|F|0-16:C>T-16:C>T,45063002,16:C>T,16,PTTO01000974.1_Contig37,19459535,NC_041741.1,14,autosome,1.0,1,1.7299999999999999e-28,0.99734,1.0,1,1,1,1,1,1,1,1,1,0.1801801801801801,0.1801801801801801,0.0,0.1869158878504672,0,1,0
45055559|F|0-6:T>G-6:T>G,45055559,6:T>G,6,PTTO01000318.1_Contig139,20213851,NC_041730.1,3,autosome,1.0,689,1.7299999999999999e-28,1.0,1.0,1,1,1,1,1,1,1,1,1,0.1509009009009009,0.1509009009009009,0.75,0.1285046728971962,1,1,0
64982331|F|0-43:C>T-43:C>T,64982331,43:C>T,43,PTTO01002624.1_Contig32,38190895,NC_041728.1,1,autosome,1.0,1,1.7299999999999999e-28,0.99734,1.0,1,1,1,1,1,1,1,1,0,0.0,0.0,0.0,0.0,0,0,0
45063012|F|0-45:G>A-45:G>A,45063012,45:G>A,45,PTTO01002261.1_Contig251,12618345,NC_041743.1,16,autosome,1.0,1,1.7299999999999999e-28,0.99734,1.0,1,1,1,1,1,1,1,1,1,0.0157657657657657,0.0157657657657657,0.0,0.0163551401869158,0,1,0
45055568|F|0-11:T>G-11:T>G,45055568,11:T>G,11,PTTO01001244.1_Contig55,8375480,NC_041738.1,11,autosome,1.0,1,1.7299999999999999e-28,0.994681,1.0,1,1,1,1,1,1,1,1,1,0.0045045045045045,0.0045045045045045,0.0,0.0046728971962616,0,1,0
45055583|F|0-27:G>A-27:G>A,45055583,27:G>A,27,PTTO01001652.1_Contig209,2237758,NC_041739.1,12,autosome,1.0,1,2.9000000000000004e-26,0.99734,1.0,1,1,1,1,1,1,1,1,1,0.081081081081081,0.081081081081081,0.0,0.0841121495327102,0,1,0
64982342|F|0-9:G>T-9:G>T,64982342,9:G>T,9,PTTO01002715.1_Contig75,289370,NC_041730.1,3,autosome,1.0,5,1.7299999999999999e-28,1.0,1.0,1,1,1,1,1,1,1,1,0,0.0045045045045045,0.0045045045045045,0.0,0.0046728971962616,0,1,0
100027072|F|0-60:G>A-60:G>A,100027072,60:G>A,60,PTTO01001370.1_Contig26,18452077,NC_041734.1,7,autosome,1.0,1,1.7299999999999999e-28,0.99734,1.0,1,1,1,1,1,1,1,1,0,0.0,0.0,0.0,0.0,0,0,0
45055619|F|0-24:G>A-24:G>A,45055619,24:G>A,24,PTTO01002473.1_Contig1,11076662,NC_041738.1,11,autosome,1.0,1,1.7299999999999999e-28,0.99734,1.0,1,1,1,1,1,1,1,1,1,0.018018018018018,0.018018018018018,0.0,0.0186915887850467,0,1,0
45055642|F|0-49:G>T-49:G>T,45055642,49:G>T,49,PTTO01002967.1_Contig85,8516191,NC_041733.1,6,autosome,1.0,5,1.7299999999999999e-28,0.99734,1.0,1,1,1,1,1,1,1,1,0,0.0,0.0,0.0,0.0,0,0,0
45063041|F|0-25:A>G-25:A>G,45063041,25:A>G,25,PTTO01001349.1_Contig23,12195975,NC_041736.1,9,autosome,1.0,1,2.9000000000000004e-26,1.0,1.0,1,1,1,1,1,1,1,1,1,0.3716216216216216,0.3716216216216216,0.125,0.3808411214953271,1,1,0
45055651|F|0-17:G>A-17:G>A,45055651,17:G>A,17,PTTO01002104.1_Contig16,6392744,NC_041732.1,5,autosome,1.0,1,1.7299999999999999e-28,0.99734,1.0,1,1,1,1,1,1,1,1,1,0.0563063063063063,0.0563063063063063,0.375,0.0443925233644859,1,1,0
45055658|F|0-18:A>G-18:A>G,45055658,18:A>G,18,PTTO01001241.1_Contig276,17390557,NC_041740.1,13,autosome,1.0,1,1.7299999999999999e-28,0.99734,1.0,1,1,1,1,1,1,1,1,1,0.0135135135135135,0.0135135135135135,0.0,0.014018691588785,0,1,0
64974818|F|0-13:C>T-13:C>T,64974818,13:C>T,13,PTTO01003571.1_Contig67,23408529,NC_041736.1,9,autosome,1.0,1,1.7299999999999999e-28,1.0,1.0,1,1,1,1,1,1,1,1,0,0.009009009009009,0.009009009009009,0.125,0.0046728971962616,1,1,0
45063059|F|0-37:G>C-37:G>C,45063059,37:G>C,37,PTTO01002057.1_Contig2,9485774,NC_041730.1,3,autosome,1.0,1,1.7299999999999999e-28,0.994681,1.0,1,1,1,1,1,1,1,1,1,0.0067567567567567,0.0067567567567567,0.0,0.0070093457943925,0,1,0
45063060|F|0-48:G>A-48:G>A,45063060,48:G>A,48,PTTO01002057.1_Contig2,16919235,NC_041730.1,3,autosome,1.0,1,1.7299999999999999e-28,1.0,1.0,1,1,1,1,1,1,1,1,1,0.0382882882882882,0.0382882882882882,0.0,0.0397196261682243,0,1,0
45055679|F|0-17:A>T-17:A>T,45055679,17:A>T,17,PTTO01000276.1_Contig319,5357094,NC_041737.1,10,autosome,1.0,2,1.7299999999999999e-28,0.99734,1.0,1,1,1,1,1,1,1,1,1,0.0045045045045045,0.0045045045045045,0.0,0.0046728971962616,0,1,0
45055682|F|0-64:T>A-64:T>A,45055682,64:T>A,64,PTTO01000875.1_Contig31,2807920,NC_041730.1,3,autosome,1.0,1,1.7299999999999999e-28,0.99734,1.0,1,1,1,1,1,1,1,1,1,0.0022522522522522,0.0022522522522522,0.0,0.0023364485981308,0,1,0
45055694|F|0-64:C>G-64:C>G,45055694,64:C>G,64,PTTO01002476.1_Contig0,89820574,NC_041728.1,1,autosome,1.0,1,1.7299999999999999e-28,0.99734,1.0,1,1,1,1,1,1,1,1,1,0.0157657657657657,0.0157657657657657,0.0,0.0163551401869158,0,1,0
64974867|F|0-41:T>C-41:T>C,64974867,41:T>C,41,PTTO01001610.1_Contig358,2673308,NC_041729.1,2,autosome,1.0,1,1.7299999999999999e-28,0.992021,1.0,1,1,1,1,1,1,1,1,0,0.0022522522522522,0.0022522522522522,0.0,0.0023364485981308,0,1,0
45055705|F|0-31:A>G-31:A>G,45055705,31:A>G,31,PTTO01002545.1_Contig22,9899152,NC_041728.1,1,autosome,1.0,1,1.7299999999999999e-28,1.0,1.0,1,1,1,1,1,1,1,1,1,0.3783783783783784,0.3783783783783784,0.6875,0.366822429906542,1,1,0
45066493|F|0-24:G>T-24:G>T,45066493,24:G>T,24,PTTO01003425.1_Contig303,2788338,NC_041743.1,16,autosome,1.0,1,1.7299999999999999e-28,1.0,1.0,1,1,1,1,1,1,1,1,1,0.054054054054054,0.054054054054054,0.0,0.0560747663551401,0,1,0
64988109|F|0-10:T>G-10:T>G,64988109,10:T>G,10,PTTO01003671.1_Contig19,23797153,NC_041735.1,8,autosome,1.0,1,1.7299999999999999e-28,0.99734,1.0,1,1,1,1,1,1,1,1,0,0.0,0.0,0.0,0.0,0,0,0
45063072|F|0-58:G>A-58:G>A,45063072,58:G>A,58,PTTO01004519.1_Contig1477,7066946,NC_041735.1,8,autosome,1.0,1,1.7299999999999999e-28,0.994681,1.0,1,1,1,1,1,1,1,1,1,0.0022522522522522,0.0022522522522522,0.0,0.0023364485981308,0,1,0
45055596|F|0-7:G>C-7:G>C,45055596,7:G>C,7,PTTO01000974.1_Contig37,9883859,NC_041741.1,14,autosome,1.0,1,8.05e-27,0.99734,1.0,1,1,1,1,1,1,1,1,1,0.2297297297297297,0.2297297297297297,0.0,0.2383177570093458,0,1,0
45055713|F|0-23:A>G-23:A>G,45055713,23:A>G,23,PTTO01004262.1_Contig52,34275674,NC_041731.1,4,autosome,1.0,1,1.7299999999999999e-28,1.0,1.0,1,1,1,1,1,1,1,1,1,0.0405405405405405,0.0405405405405405,0.0,0.0420560747663551,0,1,0
45063077|F|0-54:G>A-54:G>A,45063077,54:G>A,54,PTTO01002476.1_Contig0,93909274,NC_041728.1,1,autosome,1.0,2,8.05e-27,1.0,1.0,1,1,1,1,1,1,1,1,1,0.4864864864864865,0.4864864864864865,0.0,0.5046728971962616,0,1,0
45063079|F|0-39:C>G-39:C>G,45063079,39:C>G,39,PTTO01002545.1_Contig22,6137358,NC_041728.1,1,autosome,1.0,4,1.7299999999999999e-28,1.0,1.0,1,1,1,1,1,1,1,1,1,0.2612612612612612,0.2612612612612612,0.625,0.2476635514018691,1,1,0
45055715|F|0-47:C>T-47:C>T,45055715,47:C>T,47,PTTO01002624.1_Contig32,13791741,NC_041728.1,1,autosome,1.0,1,1.7299999999999999e-28,0.99734,1.0,1,1,1,1,1,1,1,1,1,0.2454954954954954,0.2454954954954954,0.5,0.2359813084112149,1,1,0
45063084|F|0-35:T>A-35:T>A,45063084,35:T>A,35,PTTO01000947.1_Contig1049,1133728,NC_041739.1,12,autosome,1.0,14,1.7299999999999999e-28,0.99734,1.0,1,1,1,1,1,1,1,1,1,0.0315315315315315,0.0315315315315315,0.0,0.0327102803738317,0,1,0
45063087|F|0-35:A>G-35:A>G,45063087,35:A>G,35,PTTO01001696.1_Contig254,5392570,NC_041747.1,20,autosome,1.0,1,1.7299999999999999e-28,1.0,1.0,1,1,1,1,1,1,1,1,1,0.0495495495495495,0.0495495495495495,0.0,0.0514018691588785,0,1,0
64974907|F|0-9:G>T-9:G>T,64974907,9:G>T,9,PTTO01000885.1_Contig10,5848080,NC_041744.1,17,autosome,1.0,1,1.7299999999999999e-28,0.99734,1.0,1,1,1,1,1,1,1,1,0,0.0,0.0,0.0,0.0,0,0,0
45055741|F|0-63:C>T-63:C>T,45055741,63:C>T,63,PTTO01002473.1_Contig1,11829998,NC_041738.1,11,autosome,1.0,1,1.7299999999999999e-28,0.994681,1.0,1,1,1,1,1,1,1,1,1,0.1801801801801801,0.1801801801801801,0.0,0.1869158878504672,0,1,0
45055742|F|0-63:C>T-63:C>T,45055742,63:C>T,63,PTTO01002104.1_Contig16,65463511,NC_041732.1,5,autosome,1.0,1,1.7299999999999999e-28,0.99734,1.0,1,1,1,1,1,1,1,1,1,0.0608108108108108,0.0608108108108108,0.0,0.0630841121495327,0,1,0
45055745|F|0-22:C>G-22:C>G,45055745,22:C>G,22,PTTO01001241.1_Contig276,12749504,NC_041740.1,13,autosome,1.0,1,1.7299999999999999e-28,1.0,1.0,1,1,1,1,1,1,1,1,1,0.3265765765765765,0.3265765765765765,0.4375,0.322429906542056,1,1,0
45063095|F|0-62:T>C-62:T>C,45063095,62:T>C,62,PTTO01000098.1_Contig21,1920982,NC_041729.1,2,autosome,1.0,1,8.05e-27,1.0,1.0,1,1,1,1,1,1,1,1,1,0.4031531531531531,0.4031531531531531,0.5,0.3995327102803738,1,1,0
64988688|F|0-26:G>A-26:G>A,64988688,26:G>A,26,PTTO01002476.1_Contig0,22756637,NC_041728.1,1,autosome,1.0,1,1.7299999999999999e-28,1.0,1.0,1,1,1,1,1,1,1,1,0,0.0,0.0,0.0,0.0,0,0,0
64982412|F|0-38:C>T-38:C>T,64982412,38:C>T,38,PTTO01003275.1_Contig387,103709,NC_041741.1,14,autosome,1.0,1,1.7299999999999999e-28,0.994681,1.0,1,1,1,1,1,1,1,1,0,0.0,0.0,0.0,0.0,0,0,0
45055772|F|0-21:G>C-21:G>C,45055772,21:G>C,21,PTTO01000006.1_Contig148,7410926,NC_041734.1,7,autosome,1.0,1,1.7299999999999999e-28,1.0,1.0,1,1,1,1,1,1,1,1,1,0.0945945945945946,0.0945945945945946,0.0625,0.0957943925233644,1,1,0
45055793|F|0-60:T>C-60:T>C,45055793,60:T>C,60,PTTO01001748.1_Contig327,105291,NC_041734.1,7,autosome,1.0,1,1.7299999999999999e-28,0.99734,1.0,1,1,1,1,1,1,1,1,1,0.0,0.0,0.0,0.0,0,0,0
45063114|F|0-22:G>A-22:G>A,45063114,22:G>A,22,PTTO01000276.1_Contig319,11685353,NC_041737.1,10,autosome,1.0,1,8.05e-27,0.99734,1.0,1,1,1,1,1,1,1,1,1,0.4797297297297297,0.4797297297297297,0.5,0.4789719626168224,1,1,0
45055799|F|0-17:C>T-17:C>T,45055799,17:C>T,17,PTTO01001883.1_Contig281,5657539,NC_041729.1,2,autosome,1.0,1,1.7299999999999999e-28,0.99734,1.0,1,1,1,1,1,1,1,1,1,0.1463963963963964,0.1463963963963964,0.0625,0.1495327102803738,1,1,0
45063126|F|0-5:A>C-5:A>C,45063126,5:A>C,5,PTTO01001839.1_Contig208,11595881,NC_041741.1,14,autosome,1.0,1,1.7299999999999999e-28,0.99734,1.0,1,1,1,1,1,1,1,1,1,0.3108108108108108,0.3108108108108108,0.875,0.2897196261682243,1,1,0
45055813|F|0-58:G>A-58:G>A,45055813,58:G>A,58,PTTO01002634.1_Contig60,11717218,NC_041732.1,5,autosome,1.0,1,1.7299999999999999e-28,0.99734,1.0,1,1,1,1,1,1,1,1,1,0.2882882882882883,0.2882882882882883,0.6875,0.2733644859813084,1,1,0
45063127|F|0-8:C>T-8:C>T,45063127,8:C>T,8,PTTO01002057.1_Contig2,6069775,NC_041730.1,3,autosome,1.0,1,1.7299999999999999e-28,0.994681,1.0,1,1,1,1,1,1,1,1,1,0.1644144144144144,0.1644144144144144,0.1875,0.1635514018691588,1,1,0
45055819|F|0-46:C>T-46:C>T,45055819,46:C>T,46,PTTO01000974.1_Contig37,705329,NC_041741.1,14,autosome,1.0,1,1.7299999999999999e-28,0.99734,1.0,1,1,1,1,1,1,1,1,1,0.009009009009009,0.009009009009009,0.0,0.0093457943925233,0,1,0
45063131|F|0-19:A>C-19:A>C,45063131,19:A>C,19,PTTO01001940.1_Contig353,12361977,NC_041731.1,4,autosome,1.0,1,1.7299999999999999e-28,1.0,1.0,1,1,1,1,1,1,1,1,1,0.009009009009009,0.009009009009009,0.0,0.0093457943925233,0,1,0
45066520|F|0-36:C>G-36:C>G,45066520,36:C>G,36,PTTO01002057.1_Contig2,29038358,NC_041730.1,3,autosome,1.0,1,1.7299999999999999e-28,0.99734,1.0,1,1,1,1,1,1,1,1,1,0.0135135135135135,0.0135135135135135,0.0,0.014018691588785,0,1,0
45055828|F|0-12:C>T-12:C>T,45055828,12:C>T,12,PTTO01004262.1_Contig52,13527647,NC_041731.1,4,autosome,1.0,1,1.7299999999999999e-28,0.99734,1.0,1,1,1,1,1,1,1,1,1,0.0878378378378378,0.0878378378378378,0.0,0.0911214953271028,0,1,0
45063141|F|0-66:G>A-66:G>A,45063141,66:G>A,66,PTTO01000006.1_Contig148,14547828,NC_041734.1,7,autosome,1.0,1,1.7299999999999999e-28,1.0,1.0,1,1,1,1,1,1,1,1,1,0.0067567567567567,0.0067567567567567,0.0,0.0070093457943925,0,1,0
45063142|F|0-21:G>A-21:G>A,45063142,21:G>A,21,PTTO01000959.1_Contig66,800378,NC_041748.1,21,autosome,1.0,1,1.7299999999999999e-28,0.99734,1.0,1,1,1,1,1,1,1,1,1,0.3063063063063063,0.3063063063063063,0.0,0.3177570093457944,0,1,0
45055850|F|0-16:G>A-16:G>A,45055850,16:G>A,16,PTTO01000974.1_Contig37,11062663,NC_041741.1,14,autosome,1.0,1,1.7299999999999999e-28,0.99734,1.0,1,1,1,1,1,1,1,1,1,0.1261261261261261,0.1261261261261261,0.25,0.1214953271028037,1,1,0
45055854|F|0-49:T>C-49:T>C,45055854,49:T>C,49,PTTO01002104.1_Contig16,44117873,NC_041732.1,5,autosome,1.0,1,1.35e-24,0.99734,1.0,1,1,1,1,1,1,1,1,1,0.1981981981981982,0.1981981981981982,0.3125,0.1939252336448598,1,1,0
45055857|F|0-23:G>A-23:G>A,45055857,23:G>A,23,PTTO01001370.1_Contig26,8946947,NC_041734.1,7,autosome,1.0,1,1.7299999999999999e-28,0.994681,1.0,1,1,1,1,1,1,1,1,1,0.0135135135135135,0.0135135135135135,0.0,0.014018691588785,0,1,0
45055867|F|0-36:A>C-36:A>C,45055867,36:A>C,36,PTTO01001633.1_Contig312,11666608,NC_041739.1,12,autosome,1.0,1,8.05e-27,0.994681,1.0,1,1,1,1,1,1,1,1,1,0.3761261261261261,0.3761261261261261,0.6875,0.3644859813084112,1,1,0
45063153|F|0-58:G>A-58:G>A,45063153,58:G>A,58,PTTO01002476.1_Contig0,74684826,NC_041728.1,1,autosome,1.0,1,1.7299999999999999e-28,0.99734,1.0,1,1,1,1,1,1,1,1,1,0.1103603603603603,0.1103603603603603,0.0,0.1144859813084112,0,1,0
45055884|F|0-44:T>C-44:T>C,45055884,44:T>C,44,PTTO01000006.1_Contig148,12052758,NC_041734.1,7,autosome,1.0,1,1.7299999999999999e-28,0.99734,1.0,1,1,1,1,1,1,1,1,1,0.0427927927927927,0.0427927927927927,0.0,0.0443925233644859,0,1,0
45055886|F|0-30:T>G-30:T>G,45055886,30:T>G,30,PTTO01003671.1_Contig19,11935668,NC_041735.1,8,autosome,1.0,1,1.7299999999999999e-28,0.99734,1.0,1,1,1,1,1,1,1,1,1,0.0112612612612612,0.0112612612612612,0.125,0.0070093457943925,1,1,0
64975096|F|0-60:C>T-60:C>T,64975096,60:C>T,60,PTTO01004262.1_Contig52,31168980,NC_041731.1,4,autosome,1.0,1,1.7299999999999999e-28,0.99734,1.0,1,1,1,1,1,1,1,1,0,0.0,0.0,0.0,0.0,0,0,0
45063165|F|0-19:C>T-19:C>T,45063165,19:C>T,19,PTTO01004189.1_Contig18,3701377,NC_041729.1,2,autosome,1.0,1,1.7299999999999999e-28,1.0,1.0,1,1,1,1,1,1,1,1,1,0.018018018018018,0.018018018018018,0.1875,0.0116822429906542,1,1,0
45055896|F|0-49:G>A-49:G>A,45055896,49:G>A,49,PTTO01003276.1_Contig54,8341321,NC_041738.1,11,autosome,1.0,1,1.7299999999999999e-28,0.99734,1.0,1,1,1,1,1,1,1,1,1,0.045045045045045,0.045045045045045,0.0,0.0467289719626168,0,1,0
45063168|F|0-48:T>C-48:T>C,45063168,48:T>C,48,PTTO01001236.1_Contig336,11246385,NC_041746.1,19,autosome,1.0,1,1.7299999999999999e-28,1.0,1.0,1,1,1,1,1,1,1,1,1,0.0990990990990991,0.0990990990990991,0.4375,0.0864485981308411,1,1,0
45055898|F|0-31:C>T-31:C>T,45055898,31:C>T,31,PTTO01002624.1_Contig32,20381155,NC_041728.1,1,autosome,1.0,1,1.7299999999999999e-28,1.0,1.0,1,1,1,1,1,1,1,1,1,0.0608108108108108,0.0608108108108108,0.1875,0.0560747663551401,1,1,0
45055901|F|0-33:A>G-33:A>G,45055901,33:A>G,33,PTTO01001940.1_Contig353,19896966,NC_041731.1,4,autosome,1.0,1,1.7299999999999999e-28,0.99734,1.0,1,1,1,1,1,1,1,1,1,0.0315315315315315,0.0315315315315315,0.0,0.0327102803738317,0,1,0
100027460|F|0-17:A>C-17:A>C,100027460,17:A>C,17,PTTO01000376.1_Contig11,5699053,NC_041745.1,18,autosome,1.0,1,1.7299999999999999e-28,1.0,1.0,1,1,1,1,1,1,1,1,0,0.0,0.0,0.0,0.0,0,0,0
45055905|F|0-15:C>T-15:C>T,45055905,15:C>T,15,PTTO01003889.1_Contig165,5003311,NC_041729.1,2,autosome,1.0,1,1.7299999999999999e-28,1.0,1.0,1,1,1,1,1,1,1,1,1,0.0067567567567567,0.0067567567567567,0.0,0.0070093457943925,0,1,0
45055912|F|0-35:C>A-35:C>A,45055912,35:C>A,35,PTTO01001839.1_Contig208,4137335,NC_041741.1,14,autosome,1.0,1,1.7299999999999999e-28,0.99734,1.0,1,1,1,1,1,1,1,1,1,0.018018018018018,0.018018018018018,0.0,0.0186915887850467,0,1,0
45055921|F|0-13:G>C-13:G>C,45055921,13:G>C,13,PTTO01000875.1_Contig31,16888966,NC_041730.1,3,autosome,1.0,1,1.7299999999999999e-28,0.99734,1.0,1,1,1,1,1,1,1,1,1,0.0045045045045045,0.0045045045045045,0.0,0.0046728971962616,0,1,0
45063172|F|0-45:G>A-45:G>A,45063172,45:G>A,45,PTTO01003889.1_Contig165,2898875,NC_041729.1,2,autosome,1.0,1,1.7299999999999999e-28,1.0,1.0,1,1,1,1,1,1,1,1,1,0.054054054054054,0.054054054054054,0.0,0.0560747663551401,0,1,0
64985655|F|0-67:C>G-67:C>G,64985655,67:C>G,67,PTTO01000536.1_Contig98,5017066,NC_041735.1,8,autosome,1.0,1,1.7299999999999999e-28,0.99734,1.0,1,1,1,1,1,1,1,1,0,0.018018018018018,0.018018018018018,0.5,0.0,1,0,0
45055932|F|0-13:A>C-13:A>C,45055932,13:A>C,13,PTTO01002057.1_Contig2,22616385,NC_041730.1,3,autosome,1.0,1,1.7299999999999999e-28,0.99734,1.0,1,1,1,1,1,1,1,1,1,0.009009009009009,0.009009009009009,0.0,0.0093457943925233,0,1,0
45055937|F|0-51:G>C-51:G>C,45055937,51:G>C,51,PTTO01002261.1_Contig251,6097978,NC_041743.1,16,autosome,1.0,1,8.05e-27,0.99734,1.0,1,1,1,1,1,1,1,1,1,0.9932432432432432,0.0067567567567567,1.0,0.9929906542056076,0,1,0
45055942|F|0-6:A>G-6:A>G,45055942,6:A>G,6,PTTO01001320.1_Contig70,16915426,NC_041731.1,4,autosome,1.0,1,8.05e-27,0.994681,1.0,1,1,1,1,1,1,1,1,1,0.2139639639639639,0.2139639639639639,0.0,0.2219626168224299,0,1,0
45063193|F|0-55:C>T-55:C>T,45063193,55:C>T,55,PTTO01000875.1_Contig31,29507367,NC_041730.1,3,autosome,1.0,1,1.7299999999999999e-28,0.99734,1.0,1,1,1,1,1,1,1,1,1,0.0247747747747747,0.0247747747747747,0.0,0.0257009345794392,0,1,0
45055948|F|0-22:A>T-22:A>T,45055948,22:A>T,22,PTTO01003425.1_Contig303,317546,NC_041743.1,16,autosome,1.0,1,1.7299999999999999e-28,0.99734,1.0,1,1,1,1,1,1,1,1,1,0.0067567567567567,0.0067567567567567,0.0,0.0070093457943925,0,1,0
45067904|F|0-54:A>G-54:A>G,45067904,54:A>G,54,PTTO01001633.1_Contig312,18977250,NC_041739.1,12,autosome,1.0,1,6.27e-23,1.0,1.0,1,1,1,1,1,1,1,1,1,0.0608108108108108,0.0608108108108108,0.0,0.0630841121495327,0,1,0
45063197|F|0-49:G>A-49:G>A,45063197,49:G>A,49,PTTO01002473.1_Contig1,3021590,NC_041738.1,11,autosome,1.0,1,1.7299999999999999e-28,0.994681,1.0,1,1,1,1,1,1,1,1,1,0.081081081081081,0.081081081081081,0.5,0.0654205607476635,1,1,0
45055964|F|0-12:C>A-12:C>A,45055964,12:C>A,12,PTTO01000875.1_Contig31,18896242,NC_041730.1,3,autosome,1.0,1,1.7299999999999999e-28,0.976064,1.0,1,1,1,1,1,1,1,1,1,0.0067567567567567,0.0067567567567567,0.0,0.0070093457943925,0,1,0
100027549|F|0-53:C>T-53:C>T,100027549,53:C>T,53,PTTO01003671.1_Contig19,11235784,NC_041735.1,8,autosome,1.0,1,1.7299999999999999e-28,0.994681,1.0,1,1,1,1,1,1,1,1,0,0.0,0.0,0.0,0.0,0,0,0
45063208|F|0-19:C>T-19:C>T,45063208,19:C>T,19,PTTO01001611.1_Contig3553,3795192,NC_041739.1,12,autosome,1.0,1,1.7299999999999999e-28,1.0,1.0,1,1,1,1,1,1,1,1,1,0.0112612612612612,0.0112612612612612,0.0,0.0116822429906542,0,1,0
45055979|F|0-31:G>T-31:G>T,45055979,31:G>T,31,PTTO01003256.1_Contig153,13779701,NC_041746.1,19,autosome,1.0,1,2.9000000000000004e-26,0.99734,1.0,1,1,1,1,1,1,1,1,1,0.1509009009009009,0.1509009009009009,0.0,0.1565420560747663,0,1,0
64975208|F|0-67:T>G-67:T>G,64975208,67:T>G,67,PTTO01004189.1_Contig18,34612969,NC_041729.1,2,autosome,1.0,1,1.7299999999999999e-28,1.0,1.0,1,1,1,1,1,1,1,1,0,0.0,0.0,0.0,0.0,0,0,0
45055993|F|0-66:A>G-66:A>G,45055993,66:A>G,66,PTTO01002057.1_Contig2,38558700,NC_041730.1,3,autosome,1.0,2,1.7299999999999999e-28,0.992021,1.0,1,1,1,1,1,1,1,1,0,0.0135135135135135,0.0135135135135135,0.0,0.014018691588785,0,1,0
45063213|F|0-64:T>C-64:T>C,45063213,64:T>C,64,PTTO01004427.1_Contig106,6060643,NC_041739.1,12,autosome,1.0,1,1.7299999999999999e-28,1.0,1.0,1,1,1,1,1,1,1,1,0,0.0923423423423423,0.0923423423423423,0.1875,0.0887850467289719,1,1,0
45056009|F|0-39:C>A-39:C>A,45056009,39:C>A,39,PTTO01002634.1_Contig60,12528848,NC_041732.1,5,autosome,1.0,1,1.7299999999999999e-28,1.0,1.0,1,1,1,1,1,1,1,1,1,0.0112612612612612,0.0112612612612612,0.0,0.0116822429906542,0,1,0
45056010|F|0-45:G>T-45:G>T,45056010,45:G>T,45,PTTO01003788.1_Contig2016,1310157,NC_041729.1,2,autosome,1.0,1,1.7299999999999999e-28,0.99734,1.0,1,1,1,1,1,1,1,1,1,0.0698198198198198,0.0698198198198198,0.0,0.072429906542056,0,1,0
64982521|F|0-51:G>C-51:G>C,64982521,51:G>C,51,PTTO01001370.1_Contig26,25566210,NC_041734.1,7,autosome,1.0,646,1.7299999999999999e-28,0.994681,1.0,1,1,1,1,1,1,1,1,0,0.0,0.0,0.0,0.0,0,0,0
45063219|F|0-56:C>G-56:C>G,45063219,56:C>G,56,PTTO01001241.1_Contig276,16168486,NC_041740.1,13,autosome,1.0,1,1.7299999999999999e-28,1.0,1.0,1,1,1,1,1,1,1,1,1,0.0022522522522522,0.0022522522522522,0.0,0.0023364485981308,0,1,0
45063220|F|0-55:G>T-55:G>T,45063220,55:G>T,55,PTTO01000332.1_Contig333,1519633,NC_041729.1,2,autosome,1.0,1,1.7299999999999999e-28,0.994681,1.0,1,1,1,1,1,1,1,1,1,0.0833333333333333,0.0833333333333333,0.0,0.0864485981308411,0,1,0
45066558|F|0-50:A>T-50:A>T,45066558,50:A>T,50,PTTO01000875.1_Contig31,27694011,NC_041730.1,3,autosome,1.0,1,8.05e-27,1.0,1.0,1,1,1,1,1,1,1,1,1,0.3918918918918919,0.3918918918918919,0.4375,0.3901869158878505,1,1,0
100027588|F|0-53:T>C-53:T>C,100027588,53:T>C,53,PTTO01001370.1_Contig26,6199816,NC_041734.1,7,autosome,1.0,1,1.7299999999999999e-28,0.99734,1.0,1,1,1,1,1,1,1,1,0,0.0022522522522522,0.0022522522522522,0.0625,0.0,1,0,0
45056016|F|0-19:T>C-19:T>C,45056016,19:T>C,19,PTTO01003454.1_Contig230,1075063,NC_041744.1,17,autosome,1.0,1,1.7299999999999999e-28,0.994681,1.0,1,1,1,1,1,1,1,1,1,0.036036036036036,0.036036036036036,0.0,0.0373831775700934,0,1,0
45056018|F|0-39:G>A-39:G>A,45056018,39:G>A,39,PTTO01002473.1_Contig1,11931709,NC_041738.1,11,autosome,1.0,1,8.05e-27,1.0,1.0,1,1,1,1,1,1,1,1,1,0.4572072072072072,0.4572072072072072,0.375,0.4602803738317757,1,1,0
45056024|F|0-9:C>T-9:C>T,45056024,9:C>T,9,PTTO01000006.1_Contig148,15648435,NC_041734.1,7,autosome,1.0,1,1.7299999999999999e-28,0.99734,1.0,1,1,1,1,1,1,1,1,1,0.0788288288288288,0.0788288288288288,0.0625,0.0794392523364486,1,1,0
45056025|F|0-9:C>T-9:C>T,45056025,9:C>T,9,PTTO01002793.1_Contig38,8494157,NC_041745.1,18,autosome,1.0,1,1.7299999999999999e-28,0.99734,1.0,1,1,1,1,1,1,1,1,1,0.3108108108108108,0.3108108108108108,0.3125,0.3107476635514019,1,1,0
45063221|F|0-18:G>T-18:G>T,45063221,18:G>T,18,PTTO01002539.1_Contig4094,1948391,NC_041739.1,12,autosome,1.0,41,1.7299999999999999e-28,0.99734,1.0,1,1,1,1,1,1,1,1,1,0.0157657657657657,0.0157657657657657,0.0,0.0163551401869158,0,1,0
45056029|F|0-7:C>A-7:C>A,45056029,7:C>A,7,PTTO01000765.1_Contig334,9848909,NC_041729.1,2,autosome,1.0,1,1.7299999999999999e-28,0.99734,1.0,1,1,1,1,1,1,1,1,1,0.1463963963963964,0.1463963963963964,0.0,0.1518691588785046,0,1,0
45056035|F|0-8:A>G-8:A>G,45056035,8:A>G,8,PTTO01000318.1_Contig139,18422781,NC_041730.1,3,autosome,1.0,1,8.05e-27,0.99734,1.0,1,1,1,1,1,1,1,1,1,0.3738738738738739,0.3738738738738739,0.375,0.3738317757009345,1,1,0
45056036|F|0-26:A>G-26:A>G,45056036,26:A>G,26,PTTO01004563.1_Contig4450,1308022,NC_041742.1,15,autosome,1.0,378,1.7299999999999999e-28,1.0,1.0,1,1,1,1,1,1,1,1,1,0.3963963963963964,0.3963963963963964,0.3125,0.3995327102803738,1,1,0
45056040|F|0-7:C>G-7:C>G,45056040,7:C>G,7,PTTO01003889.1_Contig165,21582460,NC_041729.1,2,autosome,1.0,1,1.7299999999999999e-28,1.0,1.0,1,1,1,1,1,1,1,1,1,0.0563063063063063,0.0563063063063063,0.0,0.058411214953271,0,1,0
64975270|F|0-16:C>T-16:C>T,64975270,16:C>T,16,PTTO01004446.1_Contig146,3810291,NC_041742.1,15,autosome,1.0,1,1.7299999999999999e-28,1.0,1.0,1,1,1,1,1,1,1,1,0,0.0022522522522522,0.0022522522522522,0.0,0.0023364485981308,0,1,0
45063229|F|0-45:G>C-45:G>C,45063229,45:G>C,45,PTTO01004505.1_Contig79,1067094,NC_041731.1,4,autosome,1.0,1,1.7299999999999999e-28,0.99734,1.0,1,1,1,1,1,1,1,1,1,0.0157657657657657,0.0157657657657657,0.0,0.0163551401869158,0,1,0
45063232|F|0-7:C>T-7:C>T,45063232,7:C>T,7,PTTO01003889.1_Contig165,22764221,NC_041729.1,2,autosome,1.0,1,1.7299999999999999e-28,1.0,1.0,1,1,1,1,1,1,1,1,1,0.0405405405405405,0.0405405405405405,0.0,0.0420560747663551,0,1,0
45066567|F|0-50:A>T-50:A>T,45066567,50:A>T,50,PTTO01000875.1_Contig31,2702818,NC_041730.1,3,autosome,1.0,1,6.23e-28,1.0,1.0,1,1,1,1,1,1,1,1,1,0.0608108108108108,0.0608108108108108,0.375,0.0490654205607476,1,1,0
45056052|F|0-25:G>A-25:G>A,45056052,25:G>A,25,PTTO01000006.1_Contig148,11652782,NC_041734.1,7,autosome,1.0,1,1.7299999999999999e-28,0.984043,1.0,1,1,1,1,1,1,1,1,1,0.0112612612612612,0.0112612612612612,0.125,0.0070093457943925,1,1,0
45056056|F|0-62:C>T-62:C>T,45056056,62:C>T,62,PTTO01001370.1_Contig26,29360671,NC_041734.1,7,autosome,1.0,1,1.7299999999999999e-28,0.99734,1.0,1,1,1,1,1,1,1,1,1,0.0405405405405405,0.0405405405405405,0.1875,0.0350467289719626,1,1,0
45063246|F|0-31:G>A-31:G>A,45063246,31:G>A,31,PTTO01000318.1_Contig139,15493037,NC_041730.1,3,autosome,1.0,1,1.7299999999999999e-28,0.99734,1.0,1,1,1,1,1,1,1,1,1,0.2342342342342342,0.2342342342342342,0.0,0.2429906542056074,0,1,0
45056067|F|0-68:C>T-68:C>T,45056067,68:C>T,68,PTTO01001349.1_Contig23,32421538,NC_041736.1,9,autosome,1.0,1,2.9000000000000004e-26,1.0,1.0,1,1,1,1,1,1,1,1,1,0.1036036036036036,0.1036036036036036,0.0,0.1074766355140186,0,1,0
64982550|F|0-33:G>C-33:G>C,64982550,33:G>C,33,PTTO01002476.1_Contig0,37989333,NC_041728.1,1,autosome,1.0,1,1.7299999999999999e-28,0.99734,1.0,1,1,1,1,1,1,1,1,0,0.0,0.0,0.0,0.0,0,0,0
45066572|F|0-32:A>T-32:A>T,45066572,32:A>T,32,PTTO01002715.1_Contig75,1380387,NC_041730.1,3,autosome,1.0,1,1.7299999999999999e-28,0.994681,1.0,1,1,1,1,1,1,1,1,1,0.1554054054054054,0.1554054054054054,0.0,0.161214953271028,0,1,0
100027679|F|0-27:T>G-27:T>G,100027679,27:T>G,27,PTTO01002057.1_Contig2,27779226,NC_041730.1,3,autosome,1.0,1,1.7299999999999999e-28,0.994681,1.0,1,1,1,1,1,1,1,1,0,0.0,0.0,0.0,0.0,0,0,0
45056084|F|0-46:G>A-46:G>A,45056084,46:G>A,46,PTTO01000006.1_Contig148,5477162,NC_041734.1,7,autosome,1.0,1,1.7299999999999999e-28,1.0,1.0,1,1,1,1,1,1,1,1,1,0.0608108108108108,0.0608108108108108,0.0,0.0630841121495327,0,1,0
64972632|F|0-20:C>A-20:C>A,64972632,20:C>A,20,PTTO01002476.1_Contig0,21617453,NC_041728.1,1,autosome,1.0,1,1.7299999999999999e-28,0.99734,1.0,1,1,1,1,1,1,1,1,0,0.0,0.0,0.0,0.0,0,0,0
45063260|F|0-55:G>A-55:G>A,45063260,55:G>A,55,PTTO01002473.1_Contig1,9103029,NC_041738.1,11,autosome,1.0,1,1.7299999999999999e-28,1.0,1.0,1,1,1,1,1,1,1,1,1,0.0495495495495495,0.0495495495495495,0.0,0.0514018691588785,0,1,0
45063262|F|0-5:C>T-5:C>T,45063262,5:C>T,5,PTTO01000318.1_Contig139,3905332,NC_041730.1,3,autosome,1.0,1,1.7299999999999999e-28,1.0,1.0,1,1,1,1,1,1,1,1,1,0.0315315315315315,0.0315315315315315,0.0,0.0327102803738317,0,1,0
45063263|F|0-48:C>A-48:C>A,45063263,48:C>A,48,PTTO01002075.1_Contig88,2254004,NC_041735.1,8,autosome,1.0,266,2.9000000000000004e-26,0.994681,1.0,1,1,1,1,1,1,1,1,1,0.1554054054054054,0.1554054054054054,0.0,0.161214953271028,0,1,0
45056105|F|0-41:C>G-41:C>G,45056105,41:C>G,41,PTTO01001696.1_Contig254,8710819,NC_041747.1,20,autosome,1.0,1,1.7299999999999999e-28,0.994681,1.0,1,1,1,1,1,1,1,1,1,0.0067567567567567,0.0067567567567567,0.0,0.0070093457943925,0,1,0
45056107|F|0-60:C>T-60:C>T,45056107,60:C>T,60,PTTO01001244.1_Contig55,667455,NC_041738.1,11,autosome,1.0,1,1.7299999999999999e-28,0.994681,1.0,1,1,1,1,1,1,1,1,1,0.0653153153153153,0.0653153153153153,0.375,0.0537383177570093,1,1,0
64975347|F|0-48:G>C-48:G>C,64975347,48:G>C,48,PTTO01001315.1_Contig92,3575416,NC_041742.1,15,autosome,1.0,1,1.7299999999999999e-28,0.99734,1.0,1,1,1,1,1,1,1,1,0,0.0,0.0,0.0,0.0,0,0,0
45056118|F|0-60:G>A-60:G>A,45056118,60:G>A,60,PTTO01000765.1_Contig334,495171,NC_041729.1,2,autosome,1.0,14,1.7299999999999999e-28,0.99734,1.0,1,1,1,1,1,1,1,1,1,0.0585585585585585,0.0585585585585585,0.0,0.0607476635514018,0,1,0
45056124|F|0-17:G>C-17:G>C,45056124,17:G>C,17,PTTO01003710.1_Contig217,1914149,NC_041733.1,6,autosome,1.0,1,1.7299999999999999e-28,1.0,1.0,1,1,1,1,1,1,1,1,1,0.0202702702702702,0.0202702702702702,0.0,0.0210280373831775,0,1,0
45056140|F|0-53:G>A-53:G>A,45056140,53:G>A,53,PTTO01002545.1_Contig22,20989220,NC_041728.1,1,autosome,1.0,1,1.7299999999999999e-28,1.0,1.0,1,1,1,1,1,1,1,1,1,0.0202702702702702,0.0202702702702702,0.0,0.0210280373831775,0,1,0
45063311|F|0-32:T>C-32:T>C,45063311,32:T>C,32,PTTO01002539.1_Contig4094,1978736,NC_041739.1,12,autosome,1.0,1,1.7299999999999999e-28,0.99734,1.0,1,1,1,1,1,1,1,1,1,0.0225225225225225,0.0225225225225225,0.0625,0.0210280373831775,1,1,0
45056165|F|0-19:G>T-19:G>T,45056165,19:G>T,19,PTTO01002315.1_Contig12,21909918,NC_041729.1,2,autosome,1.0,1,1.7299999999999999e-28,0.99734,1.0,1,1,1,1,1,1,1,1,1,0.045045045045045,0.045045045045045,0.0625,0.0443925233644859,1,1,0
45056171|F|0-46:T>C-46:T>C,45056171,46:T>C,46,PTTO01001320.1_Contig70,7147701,NC_041731.1,4,autosome,1.0,1,8.05e-27,1.0,1.0,1,1,1,1,1,1,1,1,1,0.3558558558558558,0.3558558558558558,0.875,0.3364485981308411,1,1,0
45056180|F|0-33:A>C-33:A>C,45056180,33:A>C,33,PTTO01003571.1_Contig67,16524144,NC_041736.1,9,autosome,1.0,1,1.7299999999999999e-28,1.0,1.0,1,1,1,1,1,1,1,1,0,0.0,0.0,0.0,0.0,0,0,0
64975423|F|0-44:A>G-44:A>G,64975423,44:A>G,44,PTTO01002473.1_Contig1,191409,NC_041738.1,11,autosome,1.0,1,1.7299999999999999e-28,0.994681,1.0,1,1,1,1,1,1,1,1,0,0.0067567567567567,0.0067567567567567,0.0625,0.0046728971962616,1,1,0
45063323|F|0-62:G>A-62:G>A,45063323,62:G>A,62,PTTO01001051.1_Contig4,19716791,NC_041737.1,10,autosome,1.0,1,1.7299999999999999e-28,0.99734,1.0,1,1,1,1,1,1,1,1,1,0.0698198198198198,0.0698198198198198,0.0,0.072429906542056,0,1,0
45056185|F|0-6:A>G-6:A>G,45056185,6:A>G,6,PTTO01000872.1_Contig82,2337887,NC_041729.1,2,autosome,1.0,1,1.7299999999999999e-28,0.994681,1.0,1,1,1,1,1,1,1,1,1,0.0202702702702702,0.0202702702702702,0.0625,0.0186915887850467,1,1,0
100027820|F|0-24:T>C-24:T>C,100027820,24:T>C,24,PTTO01003425.1_Contig303,11516573,NC_041743.1,16,autosome,1.0,1,1.7299999999999999e-28,0.994681,1.0,1,1,1,1,1,1,1,1,0,0.0,0.0,0.0,0.0,0,0,0
45056204|F|0-53:C>T-53:C>T,45056204,53:C>T,53,PTTO01004194.1_Contig13,11217565,NC_041743.1,16,autosome,1.0,1,1.7299999999999999e-28,0.994681,1.0,1,1,1,1,1,1,1,1,1,0.0225225225225225,0.0225225225225225,0.25,0.014018691588785,1,1,0
64972635|F|0-7:G>A-7:G>A,64972635,7:G>A,7,PTTO01004116.1_Contig362,785645,NC_041729.1,2,autosome,1.0,2,1.7299999999999999e-28,1.0,1.0,1,1,1,1,1,1,1,1,0,0.0045045045045045,0.0045045045045045,0.0,0.0046728971962616,0,1,0
45056210|F|0-48:G>A-48:G>A,45056210,48:G>A,48,PTTO01000885.1_Contig10,196945,NC_041744.1,17,autosome,1.0,1,1.7299999999999999e-28,0.984043,1.0,1,1,1,1,1,1,1,1,1,0.009009009009009,0.009009009009009,0.0,0.0093457943925233,0,1,0
45063339|F|0-22:A>G-22:A>G,45063339,22:A>G,22,PTTO01000318.1_Contig139,19346590,NC_041730.1,3,autosome,1.0,1,1.7299999999999999e-28,0.99734,1.0,1,1,1,1,1,1,1,1,1,0.1621621621621621,0.1621621621621621,0.0,0.1682242990654205,0,1,0
45056213|F|0-36:G>A-36:G>A,45056213,36:G>A,36,PTTO01000006.1_Contig148,15012587,NC_041734.1,7,autosome,1.0,1,8.05e-27,1.0,1.0,1,1,1,1,1,1,1,1,1,0.3490990990990991,0.3490990990990991,0.0,0.3621495327102804,0,1,0
45063343|F|0-37:T>A-37:T>A,45063343,37:T>A,37,PTTO01001940.1_Contig353,7349100,NC_041731.1,4,autosome,1.0,1,1.7299999999999999e-28,0.994681,1.0,1,1,1,1,1,1,1,1,1,0.009009009009009,0.009009009009009,0.0,0.0093457943925233,0,1,0
45063346|F|0-40:T>C-40:T>C,45063346,40:T>C,40,PTTO01002473.1_Contig1,17296762,NC_041738.1,11,autosome,1.0,1,2.2400000000000003e-21,0.99734,1.0,1,1,1,1,1,1,1,1,1,0.3490990990990991,0.3490990990990991,0.0625,0.3598130841121495,1,1,0
45063355|F|0-21:G>A-21:G>A,45063355,21:G>A,21,PTTO01001320.1_Contig70,1085908,NC_041731.1,4,autosome,1.0,1,1.7299999999999999e-28,1.0,1.0,1,1,1,1,1,1,1,1,1,0.0202702702702702,0.0202702702702702,0.0,0.0210280373831775,0,1,0
45056248|F|0-52:T>C-52:T>C,45056248,52:T>C,52,PTTO01001349.1_Contig23,4454146,NC_041736.1,9,autosome,1.0,1,1.7299999999999999e-28,0.99734,1.0,1,1,1,1,1,1,1,1,1,0.0157657657657657,0.0157657657657657,0.0,0.0163551401869158,0,1,0
95139081|F|0-49:A>T-49:A>T,95139081,49:A>T,49,PTTO01001236.1_Contig336,10293573,NC_041746.1,19,autosome,1.0,1,1.7299999999999999e-28,0.99734,1.0,1,1,1,1,1,1,1,1,0,0.0,0.0,0.0,0.0,0,0,0
45056255|F|0-30:C>T-30:C>T,45056255,30:C>T,30,PTTO01004427.1_Contig106,2183450,NC_041739.1,12,autosome,1.0,1,1.7299999999999999e-28,0.99734,1.0,1,1,1,1,1,1,1,1,1,0.1779279279279279,0.1779279279279279,0.0625,0.1822429906542056,1,1,0
45056256|F|0-55:G>A-55:G>A,45056256,55:G>A,55,PTTO01001349.1_Contig23,16880003,NC_041736.1,9,autosome,1.0,1,1.7299999999999999e-28,0.99734,1.0,1,1,1,1,1,1,1,1,1,0.0833333333333333,0.0833333333333333,0.0,0.0864485981308411,0,1,0
45063363|F|0-13:C>A-13:C>A,45063363,13:C>A,13,PTTO01003671.1_Contig19,13959721,NC_041735.1,8,autosome,1.0,1,8.05e-27,1.0,1.0,1,1,1,1,1,1,1,1,1,0.509009009009009,0.4909909909909909,0.5625,0.5070093457943925,1,1,0
45056262|F|0-11:G>T-11:G>T,45056262,11:G>T,11,PTTO01002476.1_Contig0,55443537,NC_041728.1,1,autosome,1.0,1,1.7299999999999999e-28,1.0,1.0,1,1,1,1,1,1,1,1,1,0.0067567567567567,0.0067567567567567,0.0,0.0070093457943925,0,1,0
45063367|F|0-34:C>A-34:C>A,45063367,34:C>A,34,PTTO01000006.1_Contig148,5332596,NC_041734.1,7,autosome,1.0,1,1.7299999999999999e-28,0.986702,1.0,1,1,1,1,1,1,1,1,1,0.036036036036036,0.036036036036036,0.0,0.0373831775700934,0,1,0
45056270|F|0-38:G>T-38:G>T,45056270,38:G>T,38,PTTO01002501.1_Contig138,1001142,NC_041744.1,17,autosome,1.0,1,1.7299999999999999e-28,1.0,1.0,1,1,1,1,1,1,1,1,1,0.0135135135135135,0.0135135135135135,0.0,0.014018691588785,0,1,0
100027932|F|0-47:C>T-47:C>T,100027932,47:C>T,47,PTTO01000765.1_Contig334,23834556,NC_041729.1,2,autosome,1.0,1,1.7299999999999999e-28,0.99734,1.0,1,1,1,1,1,1,1,1,0,0.0,0.0,0.0,0.0,0,0,0
45063371|F|0-48:C>T-48:C>T,45063371,48:C>T,48,PTTO01000006.1_Contig148,12577594,NC_041734.1,7,autosome,1.0,1,6.23e-28,0.99734,1.0,1,1,1,1,1,1,1,1,1,0.0225225225225225,0.0225225225225225,0.0,0.0233644859813084,0,1,0
64985379|F|0-63:G>A-63:G>A,64985379,63:G>A,63,PTTO01002104.1_Contig16,59240388,NC_041732.1,5,autosome,1.0,1,1.7299999999999999e-28,1.0,1.0,1,1,1,1,1,1,1,1,0,0.0,0.0,0.0,0.0,0,0,0
45063380|F|0-65:A>T-65:A>T,45063380,65:A>T,65,PTTO01001839.1_Contig208,4484324,NC_041741.1,14,autosome,1.0,1,1.7299999999999999e-28,1.0,1.0,1,1,1,1,1,1,1,1,0,0.0472972972972973,0.0472972972972973,0.0625,0.0467289719626168,1,1,0
64982633|F|0-30:C>A-30:C>A,64982633,30:C>A,30,PTTO01000659.1_Contig3311,12525723,NC_041731.1,4,autosome,1.0,9,8.05e-27,0.986702,1.0,1,1,1,1,1,1,1,1,0,0.0,0.0,0.0,0.0,0,0,0
45063389|F|0-64:T>G-64:T>G,45063389,64:T>G,64,PTTO01002545.1_Contig22,8492585,NC_041728.1,1,autosome,1.0,1,1.7299999999999999e-28,1.0,1.0,1,1,1,1,1,1,1,1,1,0.759009009009009,0.2409909909909909,0.75,0.7593457943925234,1,1,0
45056311|F|0-5:C>A-5:C>A,45056311,5:C>A,5,PTTO01000006.1_Contig148,9553830,NC_041734.1,7,autosome,1.0,1,1.7299999999999999e-28,0.99734,1.0,1,1,1,1,1,1,1,1,1,0.1328828828828828,0.1328828828828828,0.1875,0.1308411214953271,1,1,0
45063396|F|0-64:G>T-64:G>T,45063396,64:G>T,64,PTTO01003701.1_Contig73,348602,NW_021638271.1,unplaced,unplaced,1.0,1,1.7299999999999999e-28,0.994681,1.0,1,1,1,1,1,1,1,1,0,0.0022522522522522,0.0022522522522522,0.0,0.0023364485981308,0,1,0
64975586|F|0-51:C>T-51:C>T,64975586,51:C>T,51,PTTO01000974.1_Contig37,13784680,NC_041741.1,14,autosome,1.0,1,1.7299999999999999e-28,0.99734,1.0,1,1,1,1,1,1,1,1,0,0.0,0.0,0.0,0.0,0,0,0
45056335|F|0-37:C>A-37:C>A,45056335,37:C>A,37,PTTO01002261.1_Contig251,219502,NC_041743.1,16,autosome,1.0,1,1.7299999999999999e-28,0.994681,1.0,1,1,1,1,1,1,1,1,1,0.054054054054054,0.054054054054054,0.0,0.0560747663551401,0,1,0
45056342|F|0-18:G>A-18:G>A,45056342,18:G>A,18,PTTO01002057.1_Contig2,14700303,NC_041730.1,3,autosome,1.0,195,1.7299999999999999e-28,0.989362,1.0,1,1,1,1,1,1,1,1,1,0.0067567567567567,0.0067567567567567,0.0,0.0070093457943925,0,1,0
45066624|F|0-41:G>A-41:G>A,45066624,41:G>A,41,PTTO01003722.1_Contig1147,94643,NC_041748.1,21,autosome,1.0,2,1.7299999999999999e-28,0.994681,1.0,1,1,1,1,1,1,1,1,1,0.0135135135135135,0.0135135135135135,0.0,0.014018691588785,0,1,0
64987283|F|0-50:C>T-50:C>T,64987283,50:C>T,50,PTTO01003722.1_Contig1147,102608,NC_041748.1,21,autosome,1.0,2,1.7299999999999999e-28,0.99734,1.0,1,1,1,1,1,1,1,1,0,0.0135135135135135,0.0135135135135135,0.0,0.014018691588785,0,1,0
45056366|F|0-46:C>T-46:C>T,45056366,46:C>T,46,PTTO01002820.1_Contig359,697559,NC_041729.1,2,autosome,1.0,1,1.7299999999999999e-28,1.0,1.0,1,1,1,1,1,1,1,1,1,0.0112612612612612,0.0112612612612612,0.0,0.0116822429906542,0,1,0
64987286|F|0-10:C>T-10:C>T,64987286,10:C>T,10,PTTO01002476.1_Contig0,46940163,NC_041728.1,1,autosome,1.0,1,1.7299999999999999e-28,1.0,1.0,1,1,1,1,1,1,1,1,0,0.0,0.0,0.0,0.0,0,0,0
100028054|F|0-6:A>C-6:A>C,100028054,6:A>C,6,PTTO01004189.1_Contig18,35777190,NC_041729.1,2,autosome,1.0,1,1.7299999999999999e-28,0.99734,1.0,1,1,1,1,1,1,1,1,0,0.0,0.0,0.0,0.0,0,0,0
45056373|F|0-11:C>T-11:C>T,45056373,11:C>T,11,PTTO01002634.1_Contig60,1550449,NC_041732.1,5,autosome,1.0,1,1.7299999999999999e-28,1.0,1.0,1,1,1,1,1,1,1,1,1,0.1599099099099099,0.1599099099099099,0.0,0.1658878504672897,0,1,0
64975634|F|0-8:T>G-8:T>G,64975634,8:T>G,8,PTTO01002104.1_Contig16,57073483,NC_041732.1,5,autosome,1.0,1,1.7299999999999999e-28,0.99734,1.0,1,1,1,1,1,1,1,1,0,0.0,0.0,0.0,0.0,0,0,0
45063427|F|0-12:G>T-12:G>T,45063427,12:G>T,12,PTTO01001241.1_Contig276,17730989,NC_041740.1,13,autosome,1.0,1,8.05e-27,0.994681,1.0,1,1,1,1,1,1,1,1,1,0.4189189189189189,0.4189189189189189,0.5625,0.4135514018691589,1,1,0
45053588|F|0-28:G>C-28:G>C,45053588,28:G>C,28,PTTO01004535.1_Contig9,598714,NC_041731.1,4,autosome,1.0,6,1.7299999999999999e-28,0.99734,1.0,1,1,1,1,1,1,1,1,1,0.1644144144144144,0.1644144144144144,0.125,0.1658878504672897,1,1,0
100028121|F|0-43:A>G-43:A>G,100028121,43:A>G,43,PTTO01002315.1_Contig12,22086833,NC_041729.1,2,autosome,1.0,1,1.7299999999999999e-28,0.989362,1.0,1,1,1,1,1,1,1,1,0,0.0022522522522522,0.0022522522522522,0.0625,0.0,1,0,0
45066641|F|0-37:C>T-37:C>T,45066641,37:C>T,37,PTTO01002057.1_Contig2,48605984,NC_041730.1,3,autosome,1.0,1,1.7299999999999999e-28,1.0,1.0,1,1,1,1,1,1,1,1,1,0.036036036036036,0.036036036036036,0.0,0.0373831775700934,0,1,0
45056427|F|0-18:G>A-18:G>A,45056427,18:G>A,18,PTTO01000006.1_Contig148,15028492,NC_041734.1,7,autosome,1.0,1,1.7299999999999999e-28,0.994681,1.0,1,1,1,1,1,1,1,1,1,0.0202702702702702,0.0202702702702702,0.0,0.0210280373831775,0,1,0
45056433|F|0-32:A>T-32:A>T,45056433,32:A>T,32,PTTO01000875.1_Contig31,12862409,NC_041730.1,3,autosome,1.0,1,8.05e-27,0.99734,1.0,1,1,1,1,1,1,1,1,1,0.0112612612612612,0.0112612612612612,0.0,0.0116822429906542,0,1,0
45056436|F|0-11:T>G-11:T>G,45056436,11:T>G,11,PTTO01001940.1_Contig353,13763947,NC_041731.1,4,autosome,1.0,1,3.22e-25,1.0,1.0,1,1,1,1,1,1,1,1,1,0.009009009009009,0.009009009009009,0.0,0.0093457943925233,0,1,0
45056437|F|0-47:C>T-47:C>T,45056437,47:C>T,47,PTTO01000974.1_Contig37,18131498,NC_041741.1,14,autosome,1.0,1,1.7299999999999999e-28,1.0,1.0,1,1,1,1,1,1,1,1,1,0.1756756756756756,0.1756756756756756,0.1875,0.175233644859813,1,1,0
95139006|F|0-28:G>A-28:G>A,95139006,28:G>A,28,PTTO01000376.1_Contig11,23403547,NC_041745.1,18,autosome,1.0,1,1.7299999999999999e-28,0.99734,1.0,1,1,1,1,1,1,1,1,0,0.0022522522522522,0.0022522522522522,0.0,0.0023364485981308,0,1,0
45063452|F|0-47:C>A-47:C>A,45063452,47:C>A,47,PTTO01001940.1_Contig353,9407061,NC_041731.1,4,autosome,1.0,1,1.7299999999999999e-28,1.0,1.0,1,1,1,1,1,1,1,1,1,0.3873873873873873,0.3873873873873873,0.0,0.4018691588785046,0,1,0
45056444|F|0-33:G>A-33:G>A,45056444,33:G>A,33,PTTO01000230.1_Contig34,1841310,NC_041734.1,7,autosome,1.0,1,1.7299999999999999e-28,0.989362,1.0,1,1,1,1,1,1,1,1,0,0.0022522522522522,0.0022522522522522,0.0,0.0023364485981308,0,1,0
45063458|F|0-55:C>T-55:C>T,45063458,55:C>T,55,PTTO01001051.1_Contig4,16881195,NC_041737.1,10,autosome,1.0,1,8.05e-27,0.99734,1.0,1,1,1,1,1,1,1,1,1,0.0427927927927927,0.0427927927927927,0.0,0.0443925233644859,0,1,0
45063460|F|0-56:T>A-56:T>A,45063460,56:T>A,56,PTTO01002476.1_Contig0,6772613,NC_041728.1,1,autosome,1.0,1,1.7299999999999999e-28,0.994681,1.0,1,1,1,1,1,1,1,1,1,0.0788288288288288,0.0788288288288288,0.0,0.0817757009345794,0,1,0
45063465|F|0-59:G>T-59:G>T,45063465,59:G>T,59,PTTO01003857.1_Contig1099,1785179,NC_041732.1,5,autosome,1.0,1,1.7299999999999999e-28,0.994681,1.0,1,1,1,1,1,1,1,1,1,0.1891891891891892,0.1891891891891892,0.0625,0.1939252336448598,1,1,0
45056461|F|0-60:C>T-60:C>T,45056461,60:C>T,60,PTTO01001370.1_Contig26,23263171,NC_041734.1,7,autosome,1.0,1,1.7299999999999999e-28,1.0,1.0,1,1,1,1,1,1,1,1,1,0.0990990990990991,0.0990990990990991,0.0,0.102803738317757,0,1,0
45063476|F|0-31:G>C-31:G>C,45063476,31:G>C,31,PTTO01002815.1_Contig4081,5941232,NC_041744.1,17,autosome,1.0,1,8.05e-27,0.99734,1.0,1,1,1,1,1,1,1,1,0,0.8626126126126126,0.1373873873873874,1.0,0.8574766355140186,0,1,0
45063478|F|0-8:G>C-8:G>C,45063478,8:G>C,8,PTTO01002473.1_Contig1,21743900,NC_041738.1,11,autosome,1.0,1,1.7299999999999999e-28,0.994681,1.0,1,1,1,1,1,1,1,1,1,0.0112612612612612,0.0112612612612612,0.1875,0.0046728971962616,1,1,0
45056481|F|0-56:C>A-56:C>A,45056481,56:C>A,56,PTTO01001244.1_Contig55,283733,NC_041738.1,11,autosome,1.0,1,8.05e-27,0.99734,1.0,1,1,1,1,1,1,1,1,1,0.2207207207207207,0.2207207207207207,0.0,0.2289719626168224,0,1,0
45056491|F|0-30:C>G-30:C>G,45056491,30:C>G,30,PTTO01000659.1_Contig3311,21809413,NC_041731.1,4,autosome,1.0,1,1.7299999999999999e-28,1.0,1.0,1,1,1,1,1,1,1,1,1,0.1171171171171171,0.1171171171171171,0.5625,0.1004672897196261,1,1,0
45056501|F|0-38:T>C-38:T>C,45056501,38:T>C,38,PTTO01002501.1_Contig138,2163589,NC_041744.1,17,autosome,1.0,1,1.7299999999999999e-28,0.994681,1.0,1,1,1,1,1,1,1,1,1,0.0585585585585585,0.0585585585585585,0.0,0.0607476635514018,0,1,0
45063490|F|0-47:G>A-47:G>A,45063490,47:G>A,47,PTTO01004189.1_Contig18,29410551,NC_041729.1,2,autosome,1.0,1,1.13e-24,0.99734,1.0,1,1,1,1,1,1,1,1,1,0.0585585585585585,0.0585585585585585,0.0,0.0607476635514018,0,1,0
45063497|F|0-68:G>T-68:G>T,45063497,68:G>T,68,PTTO01001370.1_Contig26,29155641,NC_041734.1,7,autosome,1.0,1,6.23e-28,0.994681,1.0,1,1,1,1,1,1,1,1,1,0.0878378378378378,0.0878378378378378,0.1875,0.0841121495327102,1,1,0
64982710|F|0-50:C>T-50:C>T,64982710,50:C>T,50,PTTO01000659.1_Contig3311,86495,NC_041731.1,4,autosome,1.0,1,1.7299999999999999e-28,0.99734,1.0,1,1,1,1,1,1,1,1,0,0.0,0.0,0.0,0.0,0,0,0
45063502|F|0-67:G>A-67:G>A,45063502,67:G>A,67,PTTO01001633.1_Contig312,7275362,NC_041739.1,12,autosome,1.0,1,1.7299999999999999e-28,0.99734,1.0,1,1,1,1,1,1,1,1,0,0.0225225225225225,0.0225225225225225,0.0,0.0233644859813084,0,1,0
45056542|F|0-61:G>A-61:G>A,45056542,61:G>A,61,PTTO01001940.1_Contig353,12502048,NC_041731.1,4,autosome,1.0,1,8.05e-27,0.994681,1.0,1,1,1,1,1,1,1,1,1,0.2252252252252252,0.2252252252252252,0.0625,0.2313084112149532,1,1,0
45066671|F|0-13:C>G-13:C>G,45066671,13:C>G,13,PTTO01000765.1_Contig334,2181373,NC_041729.1,2,autosome,1.0,1,1.7299999999999999e-28,0.99734,1.0,1,1,1,1,1,1,1,1,1,0.0045045045045045,0.0045045045045045,0.0,0.0046728971962616,0,1,0
45056550|F|0-43:A>G-43:A>G,45056550,43:A>G,43,PTTO01003256.1_Contig153,12663560,NC_041746.1,19,autosome,1.0,1,1.7299999999999999e-28,0.99734,1.0,1,1,1,1,1,1,1,1,0,0.0,0.0,0.0,0.0,0,0,0
45056560|F|0-58:T>G-58:T>G,45056560,58:T>G,58,PTTO01004262.1_Contig52,364422,NC_041731.1,4,autosome,1.0,1,1.7299999999999999e-28,0.99734,1.0,1,1,1,1,1,1,1,1,1,0.0518018018018018,0.0518018018018018,0.0,0.0537383177570093,0,1,0
45056562|F|0-68:A>G-68:A>G,45056562,68:A>G,68,PTTO01002624.1_Contig32,13588274,NC_041728.1,1,autosome,1.0,1,1.7299999999999999e-28,0.994681,1.0,1,1,1,1,1,1,1,1,1,0.063063063063063,0.063063063063063,0.25,0.0560747663551401,1,1,0
45056563|F|0-57:G>A-57:G>A,45056563,57:G>A,57,PTTO01004481.1_Contig260,6289858,NC_041730.1,3,autosome,1.0,1,1.7299999999999999e-28,0.99734,1.0,1,1,1,1,1,1,1,1,0,0.0,0.0,0.0,0.0,0,0,0
45066680|F|0-35:T>C-35:T>C,45066680,35:T>C,35,PTTO01002624.1_Contig32,23737632,NC_041728.1,1,autosome,1.0,1,1.7299999999999999e-28,0.99734,1.0,1,1,1,1,1,1,1,1,1,0.054054054054054,0.054054054054054,0.0,0.0560747663551401,0,1,0
45063530|F|0-37:A>T-37:A>T,45063530,37:A>T,37,PTTO01000765.1_Contig334,13361514,NC_041729.1,2,autosome,1.0,1,8.05e-27,0.994681,1.0,1,1,1,1,1,1,1,1,1,0.0495495495495495,0.0495495495495495,0.0,0.0514018691588785,0,1,0
45056597|F|0-38:A>G-38:A>G,45056597,38:A>G,38,PTTO01004262.1_Contig52,11024704,NC_041731.1,4,autosome,1.0,1,1.7299999999999999e-28,1.0,1.0,1,1,1,1,1,1,1,1,1,0.0405405405405405,0.0405405405405405,0.0,0.0420560747663551,0,1,0
45056610|F|0-27:C>T-27:C>T,45056610,27:C>T,27,PTTO01000765.1_Contig334,4431154,NC_041729.1,2,autosome,1.0,1,1.7299999999999999e-28,0.99734,1.0,1,1,1,1,1,1,1,1,1,0.0157657657657657,0.0157657657657657,0.125,0.0116822429906542,1,1,0
45063535|F|0-21:C>G-21:C>G,45063535,21:C>G,21,PTTO01004194.1_Contig13,11531966,NC_041743.1,16,autosome,1.0,1,1.7299999999999999e-28,0.994681,1.0,1,1,1,1,1,1,1,1,1,0.0382882882882882,0.0382882882882882,0.0,0.0397196261682243,0,1,0
45066091|F|0-53:A>G-53:A>G,45066091,53:A>G,53,PTTO01002104.1_Contig16,10029394,NC_041732.1,5,autosome,1.0,1,1.7299999999999999e-28,1.0,1.0,1,1,1,1,1,1,1,1,1,0.0135135135135135,0.0135135135135135,0.0,0.014018691588785,0,1,0
45063538|F|0-21:G>A-21:G>A,45063538,21:G>A,21,PTTO01001696.1_Contig254,9489529,NC_041747.1,20,autosome,1.0,1,1.7299999999999999e-28,1.0,1.0,1,1,1,1,1,1,1,1,1,0.09009009009009,0.09009009009009,0.0,0.0934579439252336,0,1,0
45056628|F|0-50:C>T-50:C>T,45056628,50:C>T,50,PTTO01002476.1_Contig0,89270962,NC_041728.1,1,autosome,1.0,1,3.22e-25,0.994681,1.0,1,1,1,1,1,1,1,1,0,0.054054054054054,0.054054054054054,0.125,0.0514018691588785,1,1,0
95138126|F|0-62:C>T-62:C>T,95138126,62:C>T,62,PTTO01001244.1_Contig55,2474997,NC_041738.1,11,autosome,1.0,1,1.7299999999999999e-28,1.0,1.0,1,1,1,1,1,1,1,1,0,0.0,0.0,0.0,0.0,0,0,0
45056638|F|0-33:T>C-33:T>C,45056638,33:T>C,33,PTTO01002967.1_Contig85,4724592,NC_041733.1,6,autosome,1.0,1,1.7299999999999999e-28,0.994681,1.0,1,1,1,1,1,1,1,1,1,0.0157657657657657,0.0157657657657657,0.0,0.0163551401869158,0,1,0
45056640|F|0-25:G>A-25:G>A,45056640,25:G>A,25,PTTO01003671.1_Contig19,14320957,NC_041735.1,8,autosome,1.0,1,6.23e-28,0.99734,1.0,1,1,1,1,1,1,1,1,1,0.0135135135135135,0.0135135135135135,0.0,0.014018691588785,0,1,0
45056645|F|0-29:C>T-29:C>T,45056645,29:C>T,29,PTTO01002057.1_Contig2,13126287,NC_041730.1,3,autosome,1.0,1,1.7299999999999999e-28,0.994681,1.0,1,1,1,1,1,1,1,1,1,0.1621621621621621,0.1621621621621621,0.0,0.1682242990654205,0,1,0
45056646|F|0-64:C>A-64:C>A,45056646,64:C>A,64,PTTO01001283.1_Contig4384,585180,NC_041746.1,19,autosome,1.0,1,1.7299999999999999e-28,0.949468,1.0,1,1,1,1,1,1,1,1,1,0.0382882882882882,0.0382882882882882,0.0,0.0397196261682243,0,1,0
45063562|F|0-41:C>T-41:C>T,45063562,41:C>T,41,PTTO01004189.1_Contig18,18088853,NC_041729.1,2,autosome,1.0,1,1.7299999999999999e-28,1.0,1.0,1,1,1,1,1,1,1,1,1,0.0247747747747747,0.0247747747747747,0.0,0.0257009345794392,0,1,0
45056667|F|0-23:C>T-23:C>T,45056667,23:C>T,23,PTTO01004189.1_Contig18,33484036,NC_041729.1,2,autosome,1.0,1,1.7299999999999999e-28,0.994681,1.0,1,1,1,1,1,1,1,1,1,0.0045045045045045,0.0045045045045045,0.0625,0.0023364485981308,1,1,0
45063564|F|0-38:C>T-38:C>T,45063564,38:C>T,38,PTTO01001320.1_Contig70,561627,NC_041731.1,4,autosome,1.0,1,1.7299999999999999e-28,0.994681,1.0,1,1,1,1,1,1,1,1,1,0.0112612612612612,0.0112612612612612,0.0,0.0116822429906542,0,1,0
45056674|F|0-7:C>T-7:C>T,45056674,7:C>T,7,PTTO01000765.1_Contig334,20753227,NC_041729.1,2,autosome,1.0,5,8.05e-27,0.99734,1.0,1,1,1,1,1,1,1,1,1,0.1283783783783783,0.1283783783783783,0.0,0.1331775700934579,0,1,0
45063577|F|0-58:C>T-58:C>T,45063577,58:C>T,58,PTTO01002473.1_Contig1,5344715,NC_041738.1,11,autosome,1.0,1,1.7299999999999999e-28,1.0,1.0,1,1,1,1,1,1,1,1,1,0.0653153153153153,0.0653153153153153,0.0,0.0677570093457943,0,1,0
45067985|F|0-27:C>G-27:C>G,45067985,27:C>G,27,PTTO01000974.1_Contig37,30294232,NC_041741.1,14,autosome,1.0,1,3.22e-25,0.994681,1.0,1,1,1,1,1,1,1,1,1,0.0427927927927927,0.0427927927927927,0.3125,0.0327102803738317,1,1,0
45056699|F|0-33:G>A-33:G>A,45056699,33:G>A,33,PTTO01000885.1_Contig10,5529223,NC_041744.1,17,autosome,1.0,2,1.7299999999999999e-28,0.992021,1.0,1,1,1,1,1,1,1,1,1,0.0382882882882882,0.0382882882882882,0.0,0.0397196261682243,0,1,0
45056706|F|0-43:C>A-43:C>A,45056706,43:C>A,43,PTTO01001051.1_Contig4,13330239,NC_041737.1,10,autosome,1.0,1,1.7299999999999999e-28,1.0,1.0,1,1,1,1,1,1,1,1,1,0.0337837837837837,0.0337837837837837,0.0,0.0350467289719626,0,1,0
45063580|F|0-65:T>A-65:T>A,45063580,65:T>A,65,PTTO01001839.1_Contig208,92188,NC_041741.1,14,autosome,1.0,1,1.7299999999999999e-28,0.99734,1.0,1,1,1,1,1,1,1,1,1,0.0157657657657657,0.0157657657657657,0.0,0.0163551401869158,0,1,0
45063584|F|0-38:T>C-38:T>C,45063584,38:T>C,38,PTTO01002967.1_Contig85,534754,NC_041733.1,6,autosome,1.0,1,8.05e-27,0.99734,1.0,1,1,1,1,1,1,1,1,1,0.1621621621621621,0.1621621621621621,0.0,0.1682242990654205,0,1,0
45063592|F|0-37:A>C-37:A>C,45063592,37:A>C,37,PTTO01004189.1_Contig18,9230540,NC_041729.1,2,autosome,1.0,1,1.7299999999999999e-28,0.99734,1.0,1,1,1,1,1,1,1,1,1,0.0135135135135135,0.0135135135135135,0.0,0.014018691588785,0,1,0
45063596|F|0-54:G>C-54:G>C,45063596,54:G>C,54,PTTO01001296.1_Contig62,1130725,NC_041746.1,19,autosome,1.0,1,8.05e-27,0.99734,1.0,1,1,1,1,1,1,1,1,1,0.4099099099099099,0.4099099099099099,0.875,0.3925233644859813,1,1,0
45056731|F|0-26:G>C-26:G>C,45056731,26:G>C,26,PTTO01002104.1_Contig16,36038431,NC_041732.1,5,autosome,1.0,1,1.7299999999999999e-28,0.984043,1.0,1,1,1,1,1,1,1,1,1,0.0202702702702702,0.0202702702702702,0.0,0.0210280373831775,0,1,0
45056732|F|0-56:G>A-56:G>A,45056732,56:G>A,56,PTTO01002057.1_Contig2,14656315,NC_041730.1,3,autosome,1.0,1,1.7299999999999999e-28,0.994681,1.0,1,1,1,1,1,1,1,1,1,0.304054054054054,0.304054054054054,0.0,0.3154205607476635,0,1,0
45063602|F|0-59:G>A-59:G>A,45063602,59:G>A,59,PTTO01003276.1_Contig54,5112920,NC_041738.1,11,autosome,1.0,11,1.7299999999999999e-28,1.0,1.0,1,1,1,1,1,1,1,1,1,0.0022522522522522,0.0022522522522522,0.0,0.0023364485981308,0,1,0
45056742|F|0-33:A>T-33:A>T,45056742,33:A>T,33,PTTO01001839.1_Contig208,8311423,NC_041741.1,14,autosome,1.0,1,1.7299999999999999e-28,0.994681,1.0,1,1,1,1,1,1,1,1,1,0.0202702702702702,0.0202702702702702,0.0,0.0210280373831775,0,1,0
45056746|F|0-45:G>A-45:G>A,45056746,45:G>A,45,PTTO01002476.1_Contig0,32264345,NC_041728.1,1,autosome,1.0,1,1.7299999999999999e-28,1.0,1.0,1,1,1,1,1,1,1,1,1,0.009009009009009,0.009009009009009,0.0,0.0093457943925233,0,1,0
45056748|F|0-64:A>T-64:A>T,45056748,64:A>T,64,PTTO01002815.1_Contig4081,3772190,NC_041744.1,17,autosome,1.0,1,1.7299999999999999e-28,0.994681,1.0,1,1,1,1,1,1,1,1,1,0.0788288288288288,0.0788288288288288,0.0,0.0817757009345794,0,1,0
45056752|F|0-24:G>T-24:G>T,45056752,24:G>T,24,PTTO01000318.1_Contig139,14009578,NC_041730.1,3,autosome,1.0,1,1.7299999999999999e-28,1.0,1.0,1,1,1,1,1,1,1,1,1,0.0405405405405405,0.0405405405405405,0.0,0.0420560747663551,0,1,0
45066720|F|0-44:C>A-44:C>A,45066720,44:C>A,44,PTTO01004189.1_Contig18,27454042,NC_041729.1,2,autosome,1.0,1,1.7299999999999999e-28,0.99734,1.0,1,1,1,1,1,1,1,1,1,0.0698198198198198,0.0698198198198198,0.0,0.072429906542056,0,1,0
45056769|F|0-21:G>A-21:G>A,45056769,21:G>A,21,PTTO01002104.1_Contig16,38235192,NC_041732.1,5,autosome,1.0,1,1.7299999999999999e-28,1.0,1.0,1,1,1,1,1,1,1,1,1,0.0698198198198198,0.0698198198198198,0.0,0.072429906542056,0,1,0
45056776|F|0-19:T>C-19:T>C,45056776,19:T>C,19,PTTO01002634.1_Contig60,16793492,NC_041732.1,5,autosome,1.0,1,1.7299999999999999e-28,0.994681,1.0,1,1,1,1,1,1,1,1,1,0.0563063063063063,0.0563063063063063,0.0,0.058411214953271,0,1,0
45056789|F|0-59:G>A-59:G>A,45056789,59:G>A,59,PTTO01002104.1_Contig16,40774337,NC_041732.1,5,autosome,1.0,1,1.7299999999999999e-28,0.99734,1.0,1,1,1,1,1,1,1,1,1,0.0112612612612612,0.0112612612612612,0.0,0.0116822429906542,0,1,0
100028504|F|0-52:C>T-52:C>T,100028504,52:C>T,52,PTTO01002057.1_Contig2,44011945,NC_041730.1,3,autosome,1.0,3,1.7299999999999999e-28,0.981383,1.0,1,1,1,1,1,1,1,1,0,0.0,0.0,0.0,0.0,0,0,0
100028541|F|0-19:G>A-19:G>A,100028541,19:G>A,19,PTTO01003671.1_Contig19,8960507,NC_041735.1,8,autosome,1.0,1,1.7299999999999999e-28,1.0,1.0,1,1,1,1,1,1,1,1,0,0.0,0.0,0.0,0.0,0,0,0
45066739|F|0-50:G>T-50:G>T,45066739,50:G>T,50,PTTO01003571.1_Contig67,12740944,NC_041736.1,9,autosome,1.0,1,1.7299999999999999e-28,1.0,1.0,1,1,1,1,1,1,1,1,1,0.0135135135135135,0.0135135135135135,0.0,0.014018691588785,0,1,1
45063656|F|0-49:G>A-49:G>A,45063656,49:G>A,49,PTTO01002545.1_Contig22,3206859,NC_041728.1,1,autosome,1.0,1,1.7299999999999999e-28,1.0,1.0,1,1,1,1,1,1,1,1,1,0.1058558558558558,0.1058558558558558,0.0,0.1098130841121495,0,1,0
45056851|F|0-62:G>A-62:G>A,45056851,62:G>A,62,PTTO01002473.1_Contig1,21126112,NC_041738.1,11,autosome,1.0,1,1.7299999999999999e-28,1.0,1.0,1,1,1,1,1,1,1,1,1,0.0405405405405405,0.0405405405405405,0.0,0.0420560747663551,0,1,0
45056857|F|0-28:C>A-28:C>A,45056857,28:C>A,28,PTTO01000230.1_Contig34,12158676,NC_041734.1,7,autosome,1.0,1,1.7299999999999999e-28,0.99734,1.0,1,1,1,1,1,1,1,1,1,0.3513513513513513,0.3513513513513513,0.5,0.3457943925233644,1,1,0
45063661|F|0-42:T>G-42:T>G,45063661,42:T>G,42,PTTO01000729.1_Contig58,2661905,NC_041742.1,15,autosome,1.0,1,1.7299999999999999e-28,1.0,1.0,1,1,1,1,1,1,1,1,1,0.0698198198198198,0.0698198198198198,0.0,0.072429906542056,0,1,0
45063665|F|0-39:C>T-39:C>T,45063665,39:C>T,39,PTTO01004262.1_Contig52,23025783,NC_041731.1,4,autosome,1.0,1,1.3799999999999998e-23,0.994681,1.0,1,1,1,1,1,1,1,1,1,0.027027027027027,0.027027027027027,0.0,0.02803738317757,0,1,0
45063666|F|0-16:C>T-16:C>T,45063666,16:C>T,16,PTTO01001633.1_Contig312,2517806,NC_041739.1,12,autosome,1.0,1,1.7299999999999999e-28,0.994681,1.0,1,1,1,1,1,1,1,1,1,0.0833333333333333,0.0833333333333333,0.0,0.0864485981308411,0,1,0
45056865|F|0-15:C>T-15:C>T,45056865,15:C>T,15,PTTO01001839.1_Contig208,313525,NC_041741.1,14,autosome,1.0,1,9.21e-26,0.994681,1.0,1,1,1,1,1,1,1,1,1,0.027027027027027,0.027027027027027,0.0,0.02803738317757,0,1,0
45063671|F|0-67:C>T-67:C>T,45063671,67:C>T,67,PTTO01004189.1_Contig18,1642560,NC_041729.1,2,autosome,1.0,1,1.7299999999999999e-28,0.99734,1.0,1,1,1,1,1,1,1,1,1,0.0292792792792792,0.0292792792792792,0.0,0.0303738317757009,0,1,0
45056876|F|0-26:C>T-26:C>T,45056876,26:C>T,26,PTTO01003889.1_Contig165,6121645,NC_041729.1,2,autosome,1.0,1,1.7299999999999999e-28,0.99734,1.0,1,1,1,1,1,1,1,1,1,0.0135135135135135,0.0135135135135135,0.0,0.014018691588785,0,1,0
45063678|F|0-22:G>A-22:G>A,45063678,22:G>A,22,PTTO01003276.1_Contig54,3731664,NC_041738.1,11,autosome,1.0,1,1.7299999999999999e-28,0.994681,1.0,1,1,1,1,1,1,1,1,1,0.0563063063063063,0.0563063063063063,0.0,0.058411214953271,0,1,0
45056897|F|0-41:C>T-41:C>T,45056897,41:C>T,41,PTTO01000376.1_Contig11,8156440,NC_041745.1,18,autosome,1.0,1,1.7299999999999999e-28,1.0,1.0,1,1,1,1,1,1,1,1,1,0.0135135135135135,0.0135135135135135,0.0,0.014018691588785,0,1,0
45063681|F|0-60:C>T-60:C>T,45063681,60:C>T,60,PTTO01003256.1_Contig153,15587351,NC_041746.1,19,autosome,1.0,1,1.7299999999999999e-28,0.994681,1.0,1,1,1,1,1,1,1,1,1,0.0112612612612612,0.0112612612612612,0.0,0.0116822429906542,0,1,0
45063684|F|0-41:G>T-41:G>T,45063684,41:G>T,41,PTTO01001839.1_Contig208,1385497,NC_041741.1,14,autosome,1.0,1,1.7299999999999999e-28,0.99734,1.0,1,1,1,1,1,1,1,1,1,0.063063063063063,0.063063063063063,0.0,0.0654205607476635,0,1,0
45056903|F|0-20:T>A-20:T>A,45056903,20:T>A,20,PTTO01000318.1_Contig139,18399971,NC_041730.1,3,autosome,1.0,1,1.7299999999999999e-28,0.99734,1.0,1,1,1,1,1,1,1,1,1,0.0563063063063063,0.0563063063063063,0.0,0.058411214953271,0,1,0
45063687|F|0-48:C>A-48:C>A,45063687,48:C>A,48,PTTO01002104.1_Contig16,32367517,NC_041732.1,5,autosome,1.0,1,2.24e-27,0.994681,1.0,1,1,1,1,1,1,1,1,1,0.0337837837837837,0.0337837837837837,0.0,0.0350467289719626,0,1,0
45056908|F|0-27:G>A-27:G>A,45056908,27:G>A,27,PTTO01002057.1_Contig2,40360644,NC_041730.1,3,autosome,1.0,1,1.7299999999999999e-28,1.0,1.0,1,1,1,1,1,1,1,1,1,0.0923423423423423,0.0923423423423423,0.0625,0.0934579439252336,1,1,0
45056910|F|0-22:T>A-22:T>A,45056910,22:T>A,22,PTTO01002634.1_Contig60,3567774,NC_041732.1,5,autosome,1.0,1,1.7299999999999999e-28,0.99734,1.0,1,1,1,1,1,1,1,1,1,0.0698198198198198,0.0698198198198198,0.0,0.072429906542056,0,1,0
95138130|F|0-24:G>A-24:G>A,95138130,24:G>A,24,PTTO01001839.1_Contig208,10240855,NC_041741.1,14,autosome,1.0,1,1.7299999999999999e-28,0.992021,1.0,1,1,1,1,1,1,1,1,0,0.0022522522522522,0.0022522522522522,0.0625,0.0,1,0,0
45066755|F|0-41:A>T-41:A>T,45066755,41:A>T,41,PTTO01002473.1_Contig1,9453518,NC_041738.1,11,autosome,1.0,1,8.05e-27,0.99734,1.0,1,1,1,1,1,1,1,1,1,0.3108108108108108,0.3108108108108108,0.75,0.2943925233644859,1,1,0
64982844|F|0-13:A>G-13:A>G,64982844,13:A>G,13,PTTO01001349.1_Contig23,11240758,NC_041736.1,9,autosome,1.0,1,8.05e-27,0.99734,1.0,1,1,1,1,1,1,1,1,0,0.9932432432432432,0.0067567567567567,0.875,0.9976635514018692,1,1,0
45063302|F|0-6:G>A-6:G>A,45063302,6:G>A,6,PTTO01002476.1_Contig0,97824260,NC_041728.1,1,autosome,1.0,1,1.7299999999999999e-28,0.994681,1.0,1,1,1,1,1,1,1,1,1,0.5495495495495496,0.4504504504504504,0.8125,0.5397196261682243,1,1,0
45056960|F|0-24:C>A-24:C>A,45056960,24:C>A,24,PTTO01003425.1_Contig303,8497495,NC_041743.1,16,autosome,1.0,1,1.7299999999999999e-28,0.99734,1.0,1,1,1,1,1,1,1,1,1,0.0202702702702702,0.0202702702702702,0.0,0.0210280373831775,0,1,0
45063729|F|0-17:G>A-17:G>A,45063729,17:G>A,17,PTTO01001940.1_Contig353,13082671,NC_041731.1,4,autosome,1.0,1,1.7299999999999999e-28,1.0,1.0,1,1,1,1,1,1,1,1,1,0.0067567567567567,0.0067567567567567,0.0,0.0070093457943925,0,1,0
45063732|F|0-6:G>A-6:G>A,45063732,6:G>A,6,PTTO01002634.1_Contig60,15169678,NC_041732.1,5,autosome,1.0,1,1.7299999999999999e-28,0.99734,1.0,1,1,1,1,1,1,1,1,1,0.0427927927927927,0.0427927927927927,0.0,0.0443925233644859,0,1,0
45063737|F|0-22:A>G-22:A>G,45063737,22:A>G,22,PTTO01002551.1_Contig1866,34221,NC_041729.1,2,autosome,1.0,1,1.7299999999999999e-28,0.99734,1.0,1,1,1,1,1,1,1,1,1,0.0292792792792792,0.0292792792792792,0.0,0.0303738317757009,0,1,0
45056982|F|0-43:G>T-43:G>T,45056982,43:G>T,43,PTTO01002800.1_Contig42,1630265,NC_041732.1,5,autosome,1.0,1,1.7299999999999999e-28,0.989362,1.0,1,1,1,1,1,1,1,1,1,0.0157657657657657,0.0157657657657657,0.1875,0.0093457943925233,1,1,0
45057000|F|0-20:C>A-20:C>A,45057000,20:C>A,20,PTTO01001571.1_Contig3472,404303,NC_041729.1,2,autosome,1.0,1,1.7299999999999999e-28,0.99734,1.0,1,1,1,1,1,1,1,1,1,0.0157657657657657,0.0157657657657657,0.0,0.0163551401869158,0,1,0
45057011|F|0-24:G>A-24:G>A,45057011,24:G>A,24,PTTO01004148.1_Contig220,1616408,NC_041738.1,11,autosome,1.0,1,2.9000000000000004e-26,0.994681,1.0,1,1,1,1,1,1,1,1,1,0.0045045045045045,0.0045045045045045,0.0,0.0046728971962616,0,1,0
45063759|F|0-34:G>A-34:G>A,45063759,34:G>A,34,PTTO01001370.1_Contig26,20808082,NC_041734.1,7,autosome,1.0,1,8.05e-27,0.99734,1.0,1,1,1,1,1,1,1,1,1,0.481981981981982,0.481981981981982,0.25,0.4906542056074766,1,1,0
45063760|F|0-48:A>T-48:A>T,45063760,48:A>T,48,PTTO01004262.1_Contig52,835256,NC_041731.1,4,autosome,1.0,1,1.7299999999999999e-28,0.99734,1.0,1,1,1,1,1,1,1,1,1,0.027027027027027,0.027027027027027,0.0,0.02803738317757,0,1,0
45053540|F|0-47:G>A-47:G>A,45053540,47:G>A,47,PTTO01000376.1_Contig11,8420294,NC_041745.1,18,autosome,1.0,1,1.7299999999999999e-28,1.0,1.0,1,1,1,1,1,1,1,1,1,0.0743243243243243,0.0743243243243243,0.0,0.0771028037383177,0,1,0
64976172|F|0-37:G>T-37:G>T,64976172,37:G>T,37,PTTO01004189.1_Contig18,22991563,NC_041729.1,2,autosome,1.0,1,1.7299999999999999e-28,0.99734,1.0,1,1,1,1,1,1,1,1,0,0.0,0.0,0.0,0.0,0,0,0
100028779|F|0-8:A>G-8:A>G,100028779,8:A>G,8,PTTO01002104.1_Contig16,22078086,NC_041732.1,5,autosome,1.0,1,1.7299999999999999e-28,0.989362,1.0,1,1,1,1,1,1,1,1,0,0.0,0.0,0.0,0.0,0,0,0
45063771|F|0-58:G>A-58:G>A,45063771,58:G>A,58,PTTO01004446.1_Contig146,4028406,NC_041742.1,15,autosome,1.0,1,2.63e-26,0.99734,1.0,1,1,1,1,1,1,1,1,1,0.036036036036036,0.036036036036036,0.0,0.0373831775700934,0,1,0
95139569|F|0-60:T>C-60:T>C,95139569,60:T>C,60,PTTO01001940.1_Contig353,6441310,NC_041731.1,4,autosome,1.0,1,1.7299999999999999e-28,1.0,1.0,1,1,1,1,1,1,1,1,0,0.0,0.0,0.0,0.0,0,0,0
45063773|F|0-46:A>G-46:A>G,45063773,46:A>G,46,PTTO01003710.1_Contig217,19391464,NC_041733.1,6,autosome,1.0,1,1.7299999999999999e-28,0.994681,1.0,1,1,1,1,1,1,1,1,1,0.0855855855855855,0.0855855855855855,0.0,0.0887850467289719,0,1,0
45067691|F|0-47:A>T-47:A>T,45067691,47:A>T,47,PTTO01000659.1_Contig3311,16911091,NC_041731.1,4,autosome,1.0,1,4.8100000000000006e-23,0.994681,1.0,1,1,1,1,1,1,1,1,0,0.0427927927927927,0.0427927927927927,0.0,0.0443925233644859,0,1,0
100028804|F|0-59:A>G-59:A>G,100028804,59:A>G,59,PTTO01001320.1_Contig70,12815488,NC_041731.1,4,autosome,1.0,1,1.7299999999999999e-28,0.973404,1.0,1,1,1,1,1,1,1,1,0,0.0022522522522522,0.0022522522522522,0.0625,0.0,1,0,0
45057081|F|0-25:C>G-25:C>G,45057081,25:C>G,25,PTTO01003256.1_Contig153,7794624,NC_041746.1,19,autosome,1.0,1,1.7299999999999999e-28,0.99734,1.0,1,1,1,1,1,1,1,1,1,0.0585585585585585,0.0585585585585585,0.0,0.0607476635514018,0,1,0
64976216|F|0-29:T>C-29:T>C,64976216,29:T>C,29,PTTO01000276.1_Contig319,8620860,NC_041737.1,10,autosome,1.0,1,1.7299999999999999e-28,0.992021,1.0,1,1,1,1,1,1,1,1,0,0.0,0.0,0.0,0.0,0,0,0
45057089|F|0-30:G>A-30:G>A,45057089,30:G>A,30,PTTO01000974.1_Contig37,14631978,NC_041741.1,14,autosome,1.0,1,1.7299999999999999e-28,0.99734,1.0,1,1,1,1,1,1,1,1,1,0.0788288288288288,0.0788288288288288,0.0,0.0817757009345794,0,1,0
45057091|F|0-65:G>C-65:G>C,45057091,65:G>C,65,PTTO01001320.1_Contig70,10199796,NC_041731.1,4,autosome,1.0,1,1.7299999999999999e-28,0.99734,1.0,1,1,1,1,1,1,1,1,0,0.0157657657657657,0.0157657657657657,0.0,0.0163551401869158,0,1,0
45063786|F|0-63:C>T-63:C>T,45063786,63:C>T,63,PTTO01001678.1_Contig35,4441614,NC_041737.1,10,autosome,1.0,1,1.7299999999999999e-28,0.994681,1.0,1,1,1,1,1,1,1,1,1,0.0495495495495495,0.0495495495495495,0.0,0.0514018691588785,0,1,0
45063791|F|0-55:C>A-55:C>A,45063791,55:C>A,55,PTTO01000332.1_Contig333,5688008,NC_041729.1,2,autosome,1.0,1,1.7299999999999999e-28,0.99734,1.0,1,1,1,1,1,1,1,1,1,0.0022522522522522,0.0022522522522522,0.0,0.0023364485981308,0,1,0
45057115|F|0-57:A>T-57:A>T,45057115,57:A>T,57,PTTO01000230.1_Contig34,395936,NC_041734.1,7,autosome,1.0,1,1.7299999999999999e-28,0.984043,1.0,1,1,1,1,1,1,1,1,1,0.0225225225225225,0.0225225225225225,0.0,0.0233644859813084,0,1,0
45068034|F|0-53:C>T-53:C>T,45068034,53:C>T,53,PTTO01002561.1_Contig143,92787,NC_041744.1,17,autosome,1.0,1,1.7299999999999999e-28,0.994681,1.0,1,1,1,1,1,1,1,1,1,0.0427927927927927,0.0427927927927927,0.125,0.0397196261682243,1,1,0
64976242|F|0-15:A>G-15:A>G,64976242,15:A>G,15,PTTO01004189.1_Contig18,31321195,NC_041729.1,2,autosome,1.0,1,1.7299999999999999e-28,0.992021,1.0,1,1,1,1,1,1,1,1,0,0.0,0.0,0.0,0.0,0,0,0
64982911|F|0-48:G>A-48:G>A,64982911,48:G>A,48,PTTO01000376.1_Contig11,15236959,NC_041745.1,18,autosome,1.0,1,1.7299999999999999e-28,0.994681,1.0,1,1,1,1,1,1,1,1,0,0.0022522522522522,0.0022522522522522,0.0625,0.0,1,0,0
45063803|F|0-30:C>T-30:C>T,45063803,30:C>T,30,PTTO01003671.1_Contig19,4832328,NC_041735.1,8,autosome,1.0,1,1.7299999999999999e-28,1.0,1.0,1,1,1,1,1,1,1,1,1,0.1126126126126126,0.1126126126126126,0.0625,0.1144859813084112,1,1,0
45057137|F|0-68:C>T-68:C>T,45057137,68:C>T,68,PTTO01001244.1_Contig55,8855840,NC_041738.1,11,autosome,1.0,50,6.23e-28,0.99734,1.0,1,1,1,1,1,1,1,1,1,0.4549549549549549,0.4549549549549549,0.9375,0.4369158878504673,1,1,0
45057138|F|0-20:T>A-20:T>A,45057138,20:T>A,20,PTTO01002624.1_Contig32,12873045,NC_041728.1,1,autosome,1.0,1,1.7299999999999999e-28,0.994681,1.0,1,1,1,1,1,1,1,1,1,0.0045045045045045,0.0045045045045045,0.0,0.0046728971962616,0,1,0
100028858|F|0-20:C>T-20:C>T,100028858,20:C>T,20,PTTO01004519.1_Contig1477,1102087,NC_041735.1,8,autosome,1.0,1,1.7299999999999999e-28,0.989362,1.0,1,1,1,1,1,1,1,1,0,0.0,0.0,0.0,0.0,0,0,0
45063804|F|0-29:G>T-29:G>T,45063804,29:G>T,29,PTTO01000947.1_Contig1049,1431809,NC_041739.1,12,autosome,1.0,1,1.7299999999999999e-28,0.99734,1.0,1,1,1,1,1,1,1,1,1,0.054054054054054,0.054054054054054,0.0,0.0560747663551401,0,1,0
45057149|F|0-37:C>T-37:C>T,45057149,37:C>T,37,PTTO01002104.1_Contig16,4490470,NC_041732.1,5,autosome,1.0,1,1.7299999999999999e-28,0.960106,1.0,1,1,1,1,1,1,1,1,1,0.0315315315315315,0.0315315315315315,0.0,0.0327102803738317,0,1,0
45057158|F|0-51:C>G-51:C>G,45057158,51:C>G,51,PTTO01002104.1_Contig16,903543,NC_041732.1,5,autosome,1.0,1,1.7299999999999999e-28,1.0,1.0,1,1,1,1,1,1,1,1,1,0.0112612612612612,0.0112612612612612,0.0,0.0116822429906542,0,1,0
45057162|F|0-55:C>G-55:C>G,45057162,55:C>G,55,PTTO01002539.1_Contig4094,1618234,NC_041739.1,12,autosome,1.0,1,1.7299999999999999e-28,0.99734,1.0,1,1,1,1,1,1,1,1,0,0.0225225225225225,0.0225225225225225,0.0,0.0233644859813084,0,1,0
100028883|F|0-22:C>T-22:C>T,100028883,22:C>T,22,PTTO01001696.1_Contig254,294409,NC_041747.1,20,autosome,1.0,1,1.7299999999999999e-28,0.994681,1.0,1,1,1,1,1,1,1,1,0,0.0,0.0,0.0,0.0,0,0,0
45063817|F|0-64:C>G-64:C>G,45063817,64:C>G,64,PTTO01000230.1_Contig34,1197257,NC_041734.1,7,autosome,1.0,1,1.7299999999999999e-28,1.0,1.0,1,1,1,1,1,1,1,1,1,0.0157657657657657,0.0157657657657657,0.0,0.0163551401869158,0,1,0
45057189|F|0-7:C>T-7:C>T,45057189,7:C>T,7,PTTO01000748.1_Contig149,445111,NC_041748.1,21,autosome,1.0,1,1.7299999999999999e-28,0.99734,1.0,1,1,1,1,1,1,1,1,1,0.0112612612612612,0.0112612612612612,0.0,0.0116822429906542,0,1,0
45057198|F|0-8:C>A-8:C>A,45057198,8:C>A,8,PTTO01001678.1_Contig35,4168850,NC_041737.1,10,autosome,1.0,1,1.7299999999999999e-28,0.99734,1.0,1,1,1,1,1,1,1,1,1,0.0743243243243243,0.0743243243243243,0.3125,0.0654205607476635,1,1,0
45063828|F|0-50:G>C-50:G>C,45063828,50:G>C,50,PTTO01000700.1_Contig3723,2137744,NC_041730.1,3,autosome,1.0,1,1.7299999999999999e-28,0.99734,1.0,1,1,1,1,1,1,1,1,1,0.036036036036036,0.036036036036036,0.0,0.0373831775700934,0,1,0
45063829|F|0-36:A>T-36:A>T,45063829,36:A>T,36,PTTO01002057.1_Contig2,25654283,NC_041730.1,3,autosome,1.0,1,1.7299999999999999e-28,0.99734,1.0,1,1,1,1,1,1,1,1,1,0.0022522522522522,0.0022522522522522,0.0,0.0023364485981308,0,1,0
45057208|F|0-26:G>A-26:G>A,45057208,26:G>A,26,PTTO01003276.1_Contig54,11385005,NC_041738.1,11,autosome,1.0,1,9.21e-26,1.0,1.0,1,1,1,1,1,1,1,1,1,0.063063063063063,0.063063063063063,0.0625,0.0630841121495327,1,1,0
45057211|F|0-39:G>T-39:G>T,45057211,39:G>T,39,PTTO01000659.1_Contig3311,14539149,NC_041731.1,4,autosome,1.0,1,1.7299999999999999e-28,1.0,1.0,1,1,1,1,1,1,1,1,0,0.0247747747747747,0.0247747747747747,0.0,0.0257009345794392,0,1,0
45063837|F|0-17:T>C-17:T>C,45063837,17:T>C,17,PTTO01000311.1_Contig4505,206596,NC_041731.1,4,autosome,1.0,1,1.7299999999999999e-28,0.99734,1.0,1,1,1,1,1,1,1,1,1,0.509009009009009,0.4909909909909909,1.0,0.4906542056074766,0,1,0
45057220|F|0-8:G>A-8:G>A,45057220,8:G>A,8,PTTO01004519.1_Contig1477,4716057,NC_041735.1,8,autosome,1.0,1,1.7299999999999999e-28,0.99734,1.0,1,1,1,1,1,1,1,1,1,0.1171171171171171,0.1171171171171171,0.3125,0.1098130841121495,1,1,0
45057223|F|0-46:T>G-46:T>G,45057223,46:T>G,46,PTTO01001320.1_Contig70,14512920,NC_041731.1,4,autosome,1.0,1,8.05e-27,0.99734,1.0,1,1,1,1,1,1,1,1,1,0.4256756756756756,0.4256756756756756,0.625,0.4182242990654206,1,1,0
45063839|F|0-23:G>A-23:G>A,45063839,23:G>A,23,PTTO01002815.1_Contig4081,8648144,NC_041744.1,17,autosome,1.0,2,1.7299999999999999e-28,0.992021,1.0,1,1,1,1,1,1,1,1,1,0.018018018018018,0.018018018018018,0.0,0.0186915887850467,0,1,0
45057240|F|0-7:C>T-7:C>T,45057240,7:C>T,7,PTTO01002315.1_Contig12,5422152,NC_041729.1,2,autosome,1.0,1,1.7299999999999999e-28,0.994681,1.0,1,1,1,1,1,1,1,1,1,0.1396396396396396,0.1396396396396396,0.0,0.1448598130841121,0,1,0
45057241|F|0-63:A>C-63:A>C,45057241,63:A>C,63,PTTO01000276.1_Contig319,7661943,NC_041737.1,10,autosome,1.0,1,8.05e-27,0.994681,1.0,1,1,1,1,1,1,1,1,1,0.1869369369369369,0.1869369369369369,0.125,0.1892523364485981,1,1,0
45063845|F|0-65:G>A-65:G>A,45063845,65:G>A,65,PTTO01004194.1_Contig13,3717184,NC_041743.1,16,autosome,1.0,1,2.9000000000000004e-26,1.0,1.0,1,1,1,1,1,1,1,1,1,0.9617117117117115,0.0382882882882883,1.0,0.9602803738317756,0,1,0
45063847|F|0-58:C>T-58:C>T,45063847,58:C>T,58,PTTO01001349.1_Contig23,31268016,NC_041736.1,9,autosome,1.0,1,1.7299999999999999e-28,0.992021,1.0,1,1,1,1,1,1,1,1,0,0.063063063063063,0.063063063063063,0.125,0.0607476635514018,1,1,0
45057250|F|0-57:G>T-57:G>T,45057250,57:G>T,57,PTTO01000765.1_Contig334,13163023,NC_041729.1,2,autosome,1.0,1,1.7299999999999999e-28,0.994681,1.0,1,1,1,1,1,1,1,1,1,0.0202702702702702,0.0202702702702702,0.0,0.0210280373831775,0,1,0
45063848|F|0-5:C>T-5:C>T,45063848,5:C>T,5,PTTO01002634.1_Contig60,17486519,NC_041732.1,5,autosome,1.0,1,1.7299999999999999e-28,1.0,1.0,1,1,1,1,1,1,1,1,1,0.2477477477477477,0.2477477477477477,0.6875,0.2313084112149532,1,1,0
45063850|F|0-10:G>A-10:G>A,45063850,10:G>A,10,PTTO01000873.1_Contig3269,541977,NC_041729.1,2,autosome,1.0,1,1.7299999999999999e-28,1.0,1.0,1,1,1,1,1,1,1,1,1,0.054054054054054,0.054054054054054,0.125,0.0514018691588785,1,1,0
45063851|F|0-18:T>A-18:T>A,45063851,18:T>A,18,PTTO01002057.1_Contig2,12785643,NC_041730.1,3,autosome,1.0,1,1.7299999999999999e-28,0.99734,1.0,1,1,1,1,1,1,1,1,1,0.3265765765765765,0.3265765765765765,0.25,0.3294392523364486,1,1,0
45057254|F|0-17:G>A-17:G>A,45057254,17:G>A,17,PTTO01001678.1_Contig35,7579394,NC_041737.1,10,autosome,1.0,1,1.7299999999999999e-28,1.0,1.0,1,1,1,1,1,1,1,1,1,0.0472972972972973,0.0472972972972973,0.0,0.0490654205607476,0,1,0
45068608|F|0-43:A>G-43:A>G,45068608,43:A>G,43,PTTO01002476.1_Contig0,93337602,NC_041728.1,1,autosome,1.0,1,7.080000000000001e-21,0.99734,1.0,1,1,1,1,1,1,1,1,0,0.1103603603603603,0.1103603603603603,0.0,0.1144859813084112,0,1,0
45063852|F|0-57:A>T-57:A>T,45063852,57:A>T,57,PTTO01002501.1_Contig138,1956318,NC_041744.1,17,autosome,1.0,1,1.7299999999999999e-28,0.99734,1.0,1,1,1,1,1,1,1,1,1,0.0788288288288288,0.0788288288288288,0.25,0.072429906542056,1,1,0
45057276|F|0-40:G>A-40:G>A,45057276,40:G>A,40,PTTO01004262.1_Contig52,18577182,NC_041731.1,4,autosome,1.0,1,1.7299999999999999e-28,0.99734,1.0,1,1,1,1,1,1,1,1,1,0.0067567567567567,0.0067567567567567,0.0,0.0070093457943925,0,1,0
45057277|F|0-28:C>T-28:C>T,45057277,28:C>T,28,PTTO01001236.1_Contig336,7104405,NC_041746.1,19,autosome,1.0,1,8.05e-27,1.0,1.0,1,1,1,1,1,1,1,1,1,0.045045045045045,0.045045045045045,0.0,0.0467289719626168,0,1,0
45057288|F|0-23:T>G-23:T>G,45057288,23:T>G,23,PTTO01002332.1_Contig346,819578,NC_041732.1,5,autosome,1.0,1,1.7299999999999999e-28,1.0,1.0,1,1,1,1,1,1,1,1,1,0.054054054054054,0.054054054054054,0.0625,0.0537383177570093,1,1,0
45063875|F|0-54:C>T-54:C>T,45063875,54:C>T,54,PTTO01000536.1_Contig98,6042342,NC_041735.1,8,autosome,1.0,1,1.7299999999999999e-28,0.99734,1.0,1,1,1,1,1,1,1,1,1,0.1216216216216216,0.1216216216216216,0.3125,0.1144859813084112,1,1,0
45063877|F|0-29:C>T-29:C>T,45063877,29:C>T,29,PTTO01001940.1_Contig353,19814644,NC_041731.1,4,autosome,1.0,1,1.7299999999999999e-28,0.994681,1.0,1,1,1,1,1,1,1,1,1,0.0495495495495495,0.0495495495495495,0.0,0.0514018691588785,0,1,0
64976464|F|0-49:C>T-49:C>T,64976464,49:C>T,49,PTTO01002104.1_Contig16,46983713,NC_041732.1,5,autosome,1.0,1,1.7299999999999999e-28,0.99734,1.0,1,1,1,1,1,1,1,1,0,0.0,0.0,0.0,0.0,0,0,0
45057314|F|0-65:T>C-65:T>C,45057314,65:T>C,65,PTTO01002104.1_Contig16,31972804,NC_041732.1,5,autosome,1.0,1,1.7299999999999999e-28,1.0,1.0,1,1,1,1,1,1,1,1,0,0.2454954954954954,0.2454954954954954,0.0,0.2546728971962617,0,1,0
45057315|F|0-64:C>T-64:C>T,45057315,64:C>T,64,PTTO01000257.1_Contig57,1711524,NC_041740.1,13,autosome,1.0,2,1.7299999999999999e-28,1.0,1.0,1,1,1,1,1,1,1,1,1,0.0518018018018018,0.0518018018018018,0.0,0.0537383177570093,0,1,0
64976473|F|0-55:C>G-55:C>G,64976473,55:C>G,55,PTTO01001241.1_Contig276,16179741,NC_041740.1,13,autosome,1.0,1,1.7299999999999999e-28,1.0,1.0,1,1,1,1,1,1,1,1,0,0.0,0.0,0.0,0.0,0,0,0
45057330|F|0-67:C>T-67:C>T,45057330,67:C>T,67,PTTO01003256.1_Contig153,5596356,NC_041746.1,19,autosome,1.0,1,1.7299999999999999e-28,0.994681,1.0,1,1,1,1,1,1,1,1,1,0.0292792792792792,0.0292792792792792,0.0,0.0303738317757009,0,1,0
45063892|F|0-29:G>A-29:G>A,45063892,29:G>A,29,PTTO01001349.1_Contig23,14927925,NC_041736.1,9,autosome,1.0,1,1.7299999999999999e-28,1.0,1.0,1,1,1,1,1,1,1,1,1,0.1509009009009009,0.1509009009009009,0.0,0.1565420560747663,0,1,0
45053554|F|0-5:G>C-5:G>C,45053554,5:G>C,5,PTTO01004189.1_Contig18,34314924,NC_041729.1,2,autosome,1.0,1,1.7299999999999999e-28,1.0,1.0,1,1,1,1,1,1,1,1,1,0.2725225225225225,0.2725225225225225,0.1875,0.2757009345794392,1,1,0
64986677|F|0-28:G>A-28:G>A,64986677,28:G>A,28,PTTO01002476.1_Contig0,16412197,NC_041728.1,1,autosome,1.0,1,1.3799999999999998e-23,0.994681,1.0,1,1,1,1,1,1,1,1,0,0.0135135135135135,0.0135135135135135,0.3125,0.0023364485981308,1,1,0
45063895|F|0-20:C>T-20:C>T,45063895,20:C>T,20,PTTO01003710.1_Contig217,14956590,NC_041733.1,6,autosome,1.0,1,1.7299999999999999e-28,0.994681,1.0,1,1,1,1,1,1,1,1,1,0.2882882882882883,0.2882882882882883,0.5625,0.2780373831775701,1,1,0
45057347|F|0-25:G>A-25:G>A,45057347,25:G>A,25,PTTO01004194.1_Contig13,11625768,NC_041743.1,16,autosome,1.0,1,1.7299999999999999e-28,1.0,1.0,1,1,1,1,1,1,1,1,1,0.027027027027027,0.027027027027027,0.0,0.02803738317757,0,1,0
45057354|F|0-58:A>C-58:A>C,45057354,58:A>C,58,PTTO01000974.1_Contig37,2946970,NC_041741.1,14,autosome,1.0,1,1.7299999999999999e-28,0.994681,1.0,1,1,1,1,1,1,1,1,1,0.0315315315315315,0.0315315315315315,0.0,0.0327102803738317,0,1,0
64976502|F|0-14:G>A-14:G>A,64976502,14:G>A,14,PTTO01003882.1_Contig102,6205844,NC_041732.1,5,autosome,1.0,1,1.7299999999999999e-28,0.99734,1.0,1,1,1,1,1,1,1,1,0,0.0022522522522522,0.0022522522522522,0.0,0.0023364485981308,0,1,0
45063908|F|0-67:C>T-67:C>T,45063908,67:C>T,67,PTTO01002634.1_Contig60,19392576,NC_041732.1,5,autosome,1.0,1,1.7299999999999999e-28,0.99734,1.0,1,1,1,1,1,1,1,1,1,0.4391891891891892,0.4391891891891892,0.9375,0.4205607476635514,1,1,0
45057359|F|0-28:T>G-28:T>G,45057359,28:T>G,28,PTTO01002104.1_Contig16,32398692,NC_041732.1,5,autosome,1.0,1,8.05e-27,1.0,1.0,1,1,1,1,1,1,1,1,1,0.0743243243243243,0.0743243243243243,0.0,0.0771028037383177,0,1,0
45057363|F|0-29:C>T-29:C>T,45057363,29:C>T,29,PTTO01002476.1_Contig0,32087160,NC_041728.1,1,autosome,1.0,1,1.7299999999999999e-28,0.99734,1.0,1,1,1,1,1,1,1,1,1,0.009009009009009,0.009009009009009,0.0,0.0093457943925233,0,1,0
45057367|F|0-42:C>G-42:C>G,45057367,42:C>G,42,PTTO01001370.1_Contig26,6155378,NC_041734.1,7,autosome,1.0,1,1.7299999999999999e-28,0.994681,1.0,1,1,1,1,1,1,1,1,1,0.0427927927927927,0.0427927927927927,0.0,0.0443925233644859,0,1,0
45066842|F|0-38:C>A-38:C>A,45066842,38:C>A,38,PTTO01003256.1_Contig153,6533687,NC_041746.1,19,autosome,1.0,1,1.13e-24,0.994681,1.0,1,1,1,1,1,1,1,1,0,0.4797297297297297,0.4797297297297297,0.625,0.4742990654205608,1,1,0
45063927|F|0-29:C>G-29:C>G,45063927,29:C>G,29,PTTO01004446.1_Contig146,2260723,NC_041742.1,15,autosome,1.0,1,1.7299999999999999e-28,1.0,1.0,1,1,1,1,1,1,1,1,1,0.0202702702702702,0.0202702702702702,0.0,0.0210280373831775,0,1,0
64976541|F|0-12:G>A-12:G>A,64976541,12:G>A,12,PTTO01001940.1_Contig353,19129746,NC_041731.1,4,autosome,1.0,1,1.7299999999999999e-28,0.994681,1.0,1,1,1,1,1,1,1,1,0,0.0,0.0,0.0,0.0,0,0,0
45063933|F|0-44:T>A-44:T>A,45063933,44:T>A,44,PTTO01002822.1_Contig364,10407485,NC_041731.1,4,autosome,1.0,1,1.7299999999999999e-28,1.0,1.0,1,1,1,1,1,1,1,1,0,0.0337837837837837,0.0337837837837837,0.125,0.0303738317757009,1,1,0
45057409|F|0-21:G>C-21:G>C,45057409,21:G>C,21,PTTO01001320.1_Contig70,14995390,NC_041731.1,4,autosome,1.0,1,1.7299999999999999e-28,1.0,1.0,1,1,1,1,1,1,1,1,1,0.0608108108108108,0.0608108108108108,0.0,0.0630841121495327,0,1,0
45057410|F|0-56:C>T-56:C>T,45057410,56:C>T,56,PTTO01000875.1_Contig31,29173709,NC_041730.1,3,autosome,1.0,1,2.9000000000000004e-26,0.99734,1.0,1,1,1,1,1,1,1,1,0,0.1599099099099099,0.1599099099099099,0.0,0.1658878504672897,0,1,0
100029176|F|0-27:G>A-27:G>A,100029176,27:G>A,27,PTTO01002624.1_Contig32,1677720,NC_041728.1,1,autosome,1.0,1,1.7299999999999999e-28,0.992021,1.0,1,1,1,1,1,1,1,1,0,0.0022522522522522,0.0022522522522522,0.0,0.0023364485981308,0,1,0
45063935|F|0-65:T>C-65:T>C,45063935,65:T>C,65,PTTO01001241.1_Contig276,3049153,NC_041740.1,13,autosome,1.0,1,1.7299999999999999e-28,1.0,1.0,1,1,1,1,1,1,1,1,1,0.4617117117117117,0.4617117117117117,1.0,0.441588785046729,0,1,0
45063937|F|0-22:C>T-22:C>T,45063937,22:C>T,22,PTTO01003882.1_Contig102,4907283,NC_041732.1,5,autosome,1.0,1,1.7299999999999999e-28,0.992021,1.0,1,1,1,1,1,1,1,1,1,0.0135135135135135,0.0135135135135135,0.0,0.014018691588785,0,1,0
45063938|F|0-37:G>C-37:G>C,45063938,37:G>C,37,PTTO01004189.1_Contig18,31095292,NC_041729.1,2,autosome,1.0,1,1.7299999999999999e-28,0.994681,1.0,1,1,1,1,1,1,1,1,1,0.0157657657657657,0.0157657657657657,0.0,0.0163551401869158,0,1,0
64976554|F|0-59:C>T-59:C>T,64976554,59:C>T,59,PTTO01003882.1_Contig102,5809167,NC_041732.1,5,autosome,1.0,1,1.7299999999999999e-28,0.994681,1.0,1,1,1,1,1,1,1,1,0,0.009009009009009,0.009009009009009,0.0,0.0093457943925233,0,1,0
45057443|F|0-68:G>A-68:G>A,45057443,68:G>A,68,PTTO01002104.1_Contig16,45119422,NC_041732.1,5,autosome,1.0,1,6.23e-28,1.0,1.0,1,1,1,1,1,1,1,1,1,0.0923423423423423,0.0923423423423423,0.0625,0.0934579439252336,1,1,0
45066093|F|0-38:C>T-38:C>T,45066093,38:C>T,38,PTTO01004194.1_Contig13,11585424,NC_041743.1,16,autosome,1.0,1,1.7299999999999999e-28,0.99734,1.0,1,1,1,1,1,1,1,1,1,0.0202702702702702,0.0202702702702702,0.0,0.0210280373831775,0,1,0
45063954|F|0-46:C>T-46:C>T,45063954,46:C>T,46,PTTO01000376.1_Contig11,8053296,NC_041745.1,18,autosome,1.0,1,1.7299999999999999e-28,0.99734,1.0,1,1,1,1,1,1,1,1,1,0.0563063063063063,0.0563063063063063,0.0,0.058411214953271,0,1,0
45057473|F|0-45:C>A-45:C>A,45057473,45:C>A,45,PTTO01002057.1_Contig2,1296387,NC_041730.1,3,autosome,1.0,1,1.7299999999999999e-28,1.0,1.0,1,1,1,1,1,1,1,1,1,0.0427927927927927,0.0427927927927927,0.0,0.0443925233644859,0,1,0
45053532|F|0-7:G>C-7:G>C,45053532,7:G>C,7,PTTO01000765.1_Contig334,29048073,NC_041729.1,2,autosome,1.0,1,1.7299999999999999e-28,1.0,1.0,1,1,1,1,1,1,1,1,1,0.0067567567567567,0.0067567567567567,0.0,0.0070093457943925,0,1,0
45057479|F|0-66:G>A-66:G>A,45057479,66:G>A,66,PTTO01002057.1_Contig2,21650369,NC_041730.1,3,autosome,1.0,1,8.05e-27,1.0,1.0,1,1,1,1,1,1,1,1,0,0.3310810810810811,0.3310810810810811,0.0625,0.3411214953271028,1,1,0
100029266|F|0-27:C>T-27:C>T,100029266,27:C>T,27,PTTO01001244.1_Contig55,7674747,NC_041738.1,11,autosome,1.0,1,1.7299999999999999e-28,0.992021,1.0,1,1,1,1,1,1,1,1,0,0.0022522522522522,0.0022522522522522,0.0,0.0023364485981308,0,1,0
64976641|F|0-65:G>A-65:G>A,64976641,65:G>A,65,PTTO01000276.1_Contig319,7878306,NC_041737.1,10,autosome,1.0,1,1.7299999999999999e-28,1.0,1.0,1,1,1,1,1,1,1,1,0,0.0,0.0,0.0,0.0,0,0,0
64976648|F|0-45:A>C-45:A>C,64976648,45:A>C,45,PTTO01003571.1_Contig67,8112621,NC_041736.1,9,autosome,1.0,1,1.7299999999999999e-28,0.994681,1.0,1,1,1,1,1,1,1,1,0,0.0,0.0,0.0,0.0,0,0,0
45062094|F|0-57:G>A-57:G>A,45062094,57:G>A,57,PTTO01000765.1_Contig334,3831314,NC_041729.1,2,autosome,1.0,1,1.7299999999999999e-28,1.0,1.0,1,1,1,1,1,1,1,1,1,0.0225225225225225,0.0225225225225225,0.0,0.0233644859813084,0,1,0
45057507|F|0-33:G>A-33:G>A,45057507,33:G>A,33,PTTO01000812.1_Contig368,115432,NC_041748.1,21,autosome,1.0,1,1.7299999999999999e-28,0.970745,1.0,1,1,1,1,1,1,1,1,1,0.018018018018018,0.018018018018018,0.0,0.0186915887850467,0,1,0
45066854|F|0-26:C>T-26:C>T,45066854,26:C>T,26,PTTO01002473.1_Contig1,25908966,NC_041738.1,11,autosome,1.0,1,1.7299999999999999e-28,0.994681,1.0,1,1,1,1,1,1,1,1,1,0.0135135135135135,0.0135135135135135,0.0,0.014018691588785,0,1,0
100029299|F|0-12:C>A-12:C>A,100029299,12:C>A,12,PTTO01003925.1_Contig3008,448817,NC_041729.1,2,autosome,1.0,2,1.7299999999999999e-28,0.989362,1.0,1,1,1,1,1,1,1,1,0,0.0,0.0,0.0,0.0,0,0,0
45057534|F|0-44:A>T-44:A>T,45057534,44:A>T,44,PTTO01001678.1_Contig35,1582167,NC_041737.1,10,autosome,1.0,1,1.7299999999999999e-28,0.99734,1.0,1,1,1,1,1,1,1,1,1,0.0765765765765765,0.0765765765765765,0.0,0.0794392523364486,0,1,0
64976693|F|0-36:G>T-36:G>T,64976693,36:G>T,36,PTTO01003275.1_Contig387,483836,NC_041741.1,14,autosome,1.0,1,2.9000000000000004e-26,1.0,1.0,1,1,1,1,1,1,1,1,0,0.0,0.0,0.0,0.0,0,0,0
45063995|F|0-33:T>C-33:T>C,45063995,33:T>C,33,PTTO01002476.1_Contig0,27762018,NC_041728.1,1,autosome,1.0,1,8.05e-27,0.99734,1.0,1,1,1,1,1,1,1,1,0,0.740990990990991,0.259009009009009,1.0,0.7313084112149533,0,1,0
45063996|F|0-28:A>C-28:A>C,45063996,28:A>C,28,PTTO01000376.1_Contig11,19837234,NC_041745.1,18,autosome,1.0,1,1.7299999999999999e-28,0.99734,1.0,1,1,1,1,1,1,1,1,1,0.009009009009009,0.009009009009009,0.0,0.0093457943925233,0,1,0
45066862|F|0-41:T>G-41:T>G,45066862,41:T>G,41,PTTO01002624.1_Contig32,37317440,NC_041728.1,1,autosome,1.0,1,1.7299999999999999e-28,0.99734,1.0,1,1,1,1,1,1,1,1,1,0.0045045045045045,0.0045045045045045,0.0,0.0046728971962616,0,1,0
45057562|F|0-54:A>T-54:A>T,45057562,54:A>T,54,PTTO01001839.1_Contig208,7709194,NC_041741.1,14,autosome,1.0,1,1.7299999999999999e-28,1.0,1.0,1,1,1,1,1,1,1,1,1,0.009009009009009,0.009009009009009,0.0,0.0093457943925233,0,1,0
45064001|F|0-55:G>A-55:G>A,45064001,55:G>A,55,PTTO01002473.1_Contig1,9761818,NC_041738.1,11,autosome,1.0,1,1.7299999999999999e-28,0.99734,1.0,1,1,1,1,1,1,1,1,1,0.0135135135135135,0.0135135135135135,0.125,0.0093457943925233,1,1,0
45064002|F|0-19:C>G-19:C>G,45064002,19:C>G,19,PTTO01004189.1_Contig18,18104648,NC_041729.1,2,autosome,1.0,1,8.05e-27,0.994681,1.0,1,1,1,1,1,1,1,1,1,0.3783783783783784,0.3783783783783784,0.4375,0.3761682242990654,1,1,0
45057570|F|0-17:C>T-17:C>T,45057570,17:C>T,17,PTTO01002187.1_Contig64,1416252,NC_041747.1,20,autosome,1.0,1,1.7299999999999999e-28,1.0,1.0,1,1,1,1,1,1,1,1,1,0.0202702702702702,0.0202702702702702,0.0,0.0210280373831775,0,1,0
45064005|F|0-30:C>T-30:C>T,45064005,30:C>T,30,PTTO01001370.1_Contig26,18129204,NC_041734.1,7,autosome,1.0,1,1.7299999999999999e-28,1.0,1.0,1,1,1,1,1,1,1,1,1,0.0743243243243243,0.0743243243243243,0.0,0.0771028037383177,0,1,0
45066864|F|0-35:T>C-35:T>C,45066864,35:T>C,35,PTTO01000166.1_Contig207,6226689,NC_041747.1,20,autosome,1.0,1,8.05e-27,0.99734,1.0,1,1,1,1,1,1,1,1,0,0.8941441441441441,0.1058558558558558,1.0,0.8901869158878505,0,1,0
45057576|F|0-60:T>G-60:T>G,45057576,60:T>G,60,PTTO01000408.1_Contig219,492643,NC_041728.1,1,autosome,1.0,1,1.7299999999999999e-28,1.0,1.0,1,1,1,1,1,1,1,1,1,0.0045045045045045,0.0045045045045045,0.0,0.0046728971962616,0,1,0
100029367|F|0-17:C>T-17:C>T,100029367,17:C>T,17,PTTO01002624.1_Contig32,1596454,NC_041728.1,1,autosome,1.0,1,1.7299999999999999e-28,0.989362,1.0,1,1,1,1,1,1,1,1,0,0.0022522522522522,0.0022522522522522,0.0,0.0023364485981308,0,1,0
45057582|F|0-48:A>C-48:A>C,45057582,48:A>C,48,PTTO01003256.1_Contig153,7605968,NC_041746.1,19,autosome,1.0,1,1.7299999999999999e-28,1.0,1.0,1,1,1,1,1,1,1,1,1,0.1666666666666666,0.1666666666666666,0.0,0.1728971962616822,0,1,0
45064011|F|0-46:C>T-46:C>T,45064011,46:C>T,46,PTTO01001421.1_Contig177,853320,NC_041730.1,3,autosome,1.0,1,1.7299999999999999e-28,0.994681,1.0,1,1,1,1,1,1,1,1,1,0.0337837837837837,0.0337837837837837,0.0,0.0350467289719626,0,1,0
45057591|F|0-59:G>A-59:G>A,45057591,59:G>A,59,PTTO01004262.1_Contig52,32011642,NC_041731.1,4,autosome,1.0,1,1.7299999999999999e-28,1.0,1.0,1,1,1,1,1,1,1,1,1,0.1441441441441441,0.1441441441441441,0.1875,0.1425233644859813,1,1,0
45053599|F|0-61:G>A-61:G>A,45053599,61:G>A,61,PTTO01001349.1_Contig23,1417931,NC_041736.1,9,autosome,1.0,1,1.7299999999999999e-28,0.99734,1.0,1,1,1,1,1,1,1,1,1,0.054054054054054,0.054054054054054,0.0,0.0560747663551401,0,1,0
45064019|F|0-50:A>G-50:A>G,45064019,50:A>G,50,PTTO01000318.1_Contig139,18261437,NC_041730.1,3,autosome,1.0,1,1.7299999999999999e-28,1.0,1.0,1,1,1,1,1,1,1,1,1,0.6509009009009009,0.3490990990990991,0.25,0.6658878504672897,1,1,0
45057607|F|0-13:A>C-13:A>C,45057607,13:A>C,13,PTTO01003882.1_Contig102,5846188,NC_041732.1,5,autosome,1.0,1,1.7299999999999999e-28,0.99734,1.0,1,1,1,1,1,1,1,1,1,0.1171171171171171,0.1171171171171171,0.3125,0.1098130841121495,1,1,0
45057622|F|0-57:G>A-57:G>A,45057622,57:G>A,57,PTTO01000230.1_Contig34,14700486,NC_041734.1,7,autosome,1.0,1,1.7299999999999999e-28,1.0,1.0,1,1,1,1,1,1,1,1,1,0.3310810810810811,0.3310810810810811,0.1875,0.3364485981308411,1,1,0
45057627|F|0-40:G>A-40:G>A,45057627,40:G>A,40,PTTO01004116.1_Contig362,180699,NC_041729.1,2,autosome,1.0,1,1.7299999999999999e-28,0.99734,1.0,1,1,1,1,1,1,1,1,1,0.0292792792792792,0.0292792792792792,0.0,0.0303738317757009,0,1,0
45057650|F|0-7:A>T-7:A>T,45057650,7:A>T,7,PTTO01002476.1_Contig0,80414398,NC_041728.1,1,autosome,1.0,1,1.7299999999999999e-28,1.0,1.0,1,1,1,1,1,1,1,1,1,0.027027027027027,0.027027027027027,0.0,0.02803738317757,0,1,0
64987365|F|0-17:C>T-17:C>T,64987365,17:C>T,17,PTTO01000006.1_Contig148,12196814,NC_041734.1,7,autosome,1.0,1,1.7299999999999999e-28,0.99734,1.0,1,1,1,1,1,1,1,1,0,0.0022522522522522,0.0022522522522522,0.0,0.0023364485981308,0,1,0
45057656|F|0-65:A>G-65:A>G,45057656,65:A>G,65,PTTO01001241.1_Contig276,16365736,NC_041740.1,13,autosome,1.0,1,1.7299999999999999e-28,1.0,1.0,1,1,1,1,1,1,1,1,1,0.0405405405405405,0.0405405405405405,0.0625,0.0397196261682243,1,1,0
45057675|F|0-21:G>A-21:G>A,45057675,21:G>A,21,PTTO01000376.1_Contig11,7939032,NC_041745.1,18,autosome,1.0,1,8.05e-27,0.994681,1.0,1,1,1,1,1,1,1,1,1,0.0112612612612612,0.0112612612612612,0.0,0.0116822429906542,0,1,0
64985335|F|0-59:G>A-59:G>A,64985335,59:G>A,59,PTTO01001320.1_Contig70,9327867,NC_041731.1,4,autosome,1.0,1,1.7299999999999999e-28,1.0,1.0,1,1,1,1,1,1,1,1,0,0.0,0.0,0.0,0.0,0,0,0
45064058|F|0-34:A>T-34:A>T,45064058,34:A>T,34,PTTO01004262.1_Contig52,1513965,NC_041731.1,4,autosome,1.0,1,1.7299999999999999e-28,0.99734,1.0,1,1,1,1,1,1,1,1,1,0.0247747747747747,0.0247747747747747,0.0,0.0257009345794392,0,1,0
45057687|F|0-68:C>A-68:C>A,45057687,68:C>A,68,PTTO01000006.1_Contig148,6335191,NC_041734.1,7,autosome,1.0,1,1.7299999999999999e-28,0.994681,1.0,1,1,1,1,1,1,1,1,1,0.0315315315315315,0.0315315315315315,0.5625,0.0116822429906542,1,1,0
45057701|F|0-10:G>A-10:G>A,45057701,10:G>A,10,PTTO01000276.1_Contig319,9706876,NC_041737.1,10,autosome,1.0,1,1.7299999999999999e-28,0.99734,1.0,1,1,1,1,1,1,1,1,1,0.0472972972972973,0.0472972972972973,0.0,0.0490654205607476,0,1,0
45064062|F|0-64:G>A-64:G>A,45064062,64:G>A,64,PTTO01003571.1_Contig67,8387140,NC_041736.1,9,autosome,1.0,1,1.7299999999999999e-28,0.99734,1.0,1,1,1,1,1,1,1,1,1,0.0608108108108108,0.0608108108108108,0.125,0.058411214953271,1,1,0
45057709|F|0-44:G>T-44:G>T,45057709,44:G>T,44,PTTO01002476.1_Contig0,89564965,NC_041728.1,1,autosome,1.0,2,1.7299999999999999e-28,0.99734,1.0,1,1,1,1,1,1,1,1,1,0.0945945945945946,0.0945945945945946,0.0,0.0981308411214953,0,1,0
45057714|F|0-11:G>C-11:G>C,45057714,11:G>C,11,PTTO01002104.1_Contig16,49932836,NC_041732.1,5,autosome,1.0,1,1.7299999999999999e-28,0.99734,1.0,1,1,1,1,1,1,1,1,1,0.0202702702702702,0.0202702702702702,0.0,0.0210280373831775,0,1,0
45057718|F|0-40:C>T-40:C>T,45057718,40:C>T,40,PTTO01003425.1_Contig303,148009,NC_041743.1,16,autosome,1.0,1,1.7299999999999999e-28,0.99734,1.0,1,1,1,1,1,1,1,1,1,0.0135135135135135,0.0135135135135135,0.0,0.014018691588785,0,1,0
45062095|F|0-10:T>A-10:T>A,45062095,10:T>A,10,PTTO01002815.1_Contig4081,8678090,NC_041744.1,17,autosome,1.0,2,1.7299999999999999e-28,1.0,1.0,1,1,1,1,1,1,1,1,1,0.0923423423423423,0.0923423423423423,0.3125,0.0841121495327102,1,1,0
45057726|F|0-14:G>T-14:G>T,45057726,14:G>T,14,PTTO01001244.1_Contig55,9110824,NC_041738.1,11,autosome,1.0,1,1.7299999999999999e-28,0.99734,1.0,1,1,1,1,1,1,1,1,1,0.0788288288288288,0.0788288288288288,0.1875,0.0747663551401869,1,1,0
45057729|F|0-47:G>A-47:G>A,45057729,47:G>A,47,PTTO01000947.1_Contig1049,978591,NC_041739.1,12,autosome,1.0,1,1.7299999999999999e-28,0.99734,1.0,1,1,1,1,1,1,1,1,1,0.2027027027027027,0.2027027027027027,0.0625,0.2079439252336448,1,1,0
45057731|F|0-50:A>T-50:A>T,45057731,50:A>T,50,PTTO01004262.1_Contig52,22253954,NC_041731.1,4,autosome,1.0,1,1.7299999999999999e-28,1.0,1.0,1,1,1,1,1,1,1,1,1,0.0135135135135135,0.0135135135135135,0.0,0.014018691588785,0,1,0
45064091|F|0-41:G>A-41:G>A,45064091,41:G>A,41,PTTO01001633.1_Contig312,12906621,NC_041739.1,12,autosome,1.0,1,1.7299999999999999e-28,0.989362,1.0,1,1,1,1,1,1,1,1,1,0.1779279279279279,0.1779279279279279,0.0,0.1845794392523364,0,1,0
45053513|F|0-30:C>A-30:C>A,45053513,30:C>A,30,PTTO01002545.1_Contig22,12662554,NC_041728.1,1,autosome,1.0,1,1.7299999999999999e-28,0.99734,1.0,1,1,1,1,1,1,1,1,0,0.0,0.0,0.0,0.0,0,0,0
45057780|F|0-36:C>T-36:C>T,45057780,36:C>T,36,PTTO01001320.1_Contig70,6923867,NC_041731.1,4,autosome,1.0,1,1.7299999999999999e-28,0.99734,1.0,1,1,1,1,1,1,1,1,1,0.0022522522522522,0.0022522522522522,0.0,0.0023364485981308,0,1,0
45064103|F|0-29:G>T-29:G>T,45064103,29:G>T,29,PTTO01001236.1_Contig336,4620293,NC_041746.1,19,autosome,1.0,1,1.7299999999999999e-28,0.99734,1.0,1,1,1,1,1,1,1,1,1,0.3671171171171171,0.3671171171171171,0.3125,0.3691588785046729,1,1,0
45057790|F|0-47:C>T-47:C>T,45057790,47:C>T,47,PTTO01000765.1_Contig334,2960989,NC_041729.1,2,autosome,1.0,1,1.7299999999999999e-28,1.0,1.0,1,1,1,1,1,1,1,1,1,0.0833333333333333,0.0833333333333333,0.0,0.0864485981308411,0,1,0
45057801|F|0-49:A>C-49:A>C,45057801,49:A>C,49,PTTO01000700.1_Contig3723,3819189,NC_041730.1,3,autosome,1.0,1,1.7299999999999999e-28,1.0,1.0,1,1,1,1,1,1,1,1,1,0.0135135135135135,0.0135135135135135,0.0,0.014018691588785,0,1,0
45057802|F|0-29:T>G-29:T>G,45057802,29:T>G,29,PTTO01004262.1_Contig52,1875353,NC_041731.1,4,autosome,1.0,1,1.7299999999999999e-28,0.994681,1.0,1,1,1,1,1,1,1,1,1,0.0855855855855855,0.0855855855855855,0.0,0.0887850467289719,0,1,0
45057804|F|0-51:A>G-51:A>G,45057804,51:A>G,51,PTTO01001633.1_Contig312,13716469,NC_041739.1,12,autosome,1.0,1,1.7299999999999999e-28,0.99734,1.0,1,1,1,1,1,1,1,1,1,0.1531531531531531,0.1531531531531531,0.25,0.1495327102803738,1,1,0
45064113|F|0-24:C>T-24:C>T,45064113,24:C>T,24,PTTO01001051.1_Contig4,4263112,NC_041737.1,10,autosome,1.0,1,1.7299999999999999e-28,0.99734,1.0,1,1,1,1,1,1,1,1,1,0.0472972972972973,0.0472972972972973,0.0,0.0490654205607476,0,1,0
45057805|F|0-67:C>T-67:C>T,45057805,67:C>T,67,PTTO01004189.1_Contig18,1296199,NC_041729.1,2,autosome,1.0,1,2.24e-27,0.99734,1.0,1,1,1,1,1,1,1,1,1,0.0765765765765765,0.0765765765765765,0.0,0.0794392523364486,0,1,0
45057825|F|0-42:G>A-42:G>A,45057825,42:G>A,42,PTTO01001571.1_Contig3472,528702,NC_041729.1,2,autosome,1.0,1,1.7299999999999999e-28,0.994681,1.0,1,1,1,1,1,1,1,1,1,0.045045045045045,0.045045045045045,0.0,0.0467289719626168,0,1,0
45057827|F|0-7:C>T-7:C>T,45057827,7:C>T,7,PTTO01001315.1_Contig92,3576701,NC_041742.1,15,autosome,1.0,1,1.7299999999999999e-28,0.994681,1.0,1,1,1,1,1,1,1,1,1,0.0743243243243243,0.0743243243243243,0.0,0.0771028037383177,0,1,0
45064129|F|0-28:G>C-28:G>C,45064129,28:G>C,28,PTTO01003571.1_Contig67,27438847,NC_041736.1,9,autosome,1.0,1,1.7299999999999999e-28,0.992021,1.0,1,1,1,1,1,1,1,1,1,0.0022522522522522,0.0022522522522522,0.0,0.0023364485981308,0,1,0
45064133|F|0-32:C>T-32:C>T,45064133,32:C>T,32,PTTO01002476.1_Contig0,82286931,NC_041728.1,1,autosome,1.0,1,1.7299999999999999e-28,0.994681,1.0,1,1,1,1,1,1,1,1,1,0.0135135135135135,0.0135135135135135,0.0,0.014018691588785,0,1,0
45064135|F|0-23:C>T-23:C>T,45064135,23:C>T,23,PTTO01000257.1_Contig57,1422210,NC_041740.1,13,autosome,1.0,1,1.7299999999999999e-28,0.99734,1.0,1,1,1,1,1,1,1,1,1,0.0878378378378378,0.0878378378378378,0.8125,0.0607476635514018,1,1,0
45057837|F|0-43:C>T-43:C>T,45057837,43:C>T,43,PTTO01003671.1_Contig19,14537321,NC_041735.1,8,autosome,1.0,1,1.7299999999999999e-28,0.99734,1.0,1,1,1,1,1,1,1,1,1,0.018018018018018,0.018018018018018,0.0,0.0186915887850467,0,1,0
45057838|F|0-56:A>T-56:A>T,45057838,56:A>T,56,PTTO01002624.1_Contig32,32620636,NC_041728.1,1,autosome,1.0,1,1.7299999999999999e-28,1.0,1.0,1,1,1,1,1,1,1,1,1,0.1351351351351351,0.1351351351351351,0.9375,0.1051401869158878,1,1,0
45057843|F|0-55:G>A-55:G>A,45057843,55:G>A,55,PTTO01001241.1_Contig276,14136645,NC_041740.1,13,autosome,1.0,1,1.7299999999999999e-28,0.99734,1.0,1,1,1,1,1,1,1,1,0,0.2004504504504504,0.2004504504504504,0.0,0.2079439252336448,0,1,0
64976992|F|0-68:T>G-68:T>G,64976992,68:T>G,68,PTTO01003454.1_Contig230,582218,NC_041744.1,17,autosome,1.0,1,1.7299999999999999e-28,0.99734,1.0,1,1,1,1,1,1,1,1,0,0.0,0.0,0.0,0.0,0,0,0
45057853|F|0-23:C>T-23:C>T,45057853,23:C>T,23,PTTO01002261.1_Contig251,5689257,NC_041743.1,16,autosome,1.0,1,8.05e-27,0.994681,1.0,1,1,1,1,1,1,1,1,1,0.1644144144144144,0.1644144144144144,0.0,0.1705607476635514,0,1,0
45064150|F|0-54:T>G-54:T>G,45064150,54:T>G,54,PTTO01003889.1_Contig165,28076452,NC_041729.1,2,autosome,1.0,1,1.7299999999999999e-28,0.994681,1.0,1,1,1,1,1,1,1,1,1,0.0225225225225225,0.0225225225225225,0.0,0.0233644859813084,0,1,0
45057863|F|0-67:G>T-67:G>T,45057863,67:G>T,67,PTTO01001349.1_Contig23,11678778,NC_041736.1,9,autosome,1.0,1,1.7299999999999999e-28,0.994681,1.0,1,1,1,1,1,1,1,1,0,0.5067567567567568,0.4932432432432432,0.6875,0.5,1,1,0
45057868|F|0-21:G>C-21:G>C,45057868,21:G>C,21,PTTO01001315.1_Contig92,5201366,NC_041742.1,15,autosome,1.0,1,1.7299999999999999e-28,0.99734,1.0,1,1,1,1,1,1,1,1,1,0.0022522522522522,0.0022522522522522,0.0,0.0023364485981308,0,1,0
45064156|F|0-24:C>T-24:C>T,45064156,24:C>T,24,PTTO01004262.1_Contig52,5844936,NC_041731.1,4,autosome,1.0,1,1.7299999999999999e-28,0.99734,1.0,1,1,1,1,1,1,1,1,1,0.2117117117117117,0.2117117117117117,0.125,0.2149532710280373,1,1,0
45057897|F|0-29:G>A-29:G>A,45057897,29:G>A,29,PTTO01000875.1_Contig31,910344,NC_041730.1,3,autosome,1.0,1,1.7299999999999999e-28,0.994681,1.0,1,1,1,1,1,1,1,1,1,0.2725225225225225,0.2725225225225225,0.0,0.2827102803738318,0,1,0
45064162|F|0-62:C>T-62:C>T,45064162,62:C>T,62,PTTO01001904.1_Contig289,31085,NC_041744.1,17,autosome,1.0,1,1.7299999999999999e-28,0.994681,1.0,1,1,1,1,1,1,1,1,1,0.0225225225225225,0.0225225225225225,0.0,0.0233644859813084,0,1,0
45057910|F|0-15:C>A-15:C>A,45057910,15:C>A,15,PTTO01002624.1_Contig32,3992256,NC_041728.1,1,autosome,1.0,1,1.7299999999999999e-28,0.99734,1.0,1,1,1,1,1,1,1,1,1,0.0022522522522522,0.0022522522522522,0.0,0.0023364485981308,0,1,0
100029703|F|0-40:T>G-40:T>G,100029703,40:T>G,40,PTTO01003571.1_Contig67,9749892,NC_041736.1,9,autosome,1.0,91,1.7299999999999999e-28,0.994681,1.0,1,1,1,1,1,1,1,1,0,0.0022522522522522,0.0022522522522522,0.0,0.0023364485981308,0,1,0
45057933|F|0-35:G>A-35:G>A,45057933,35:G>A,35,PTTO01001633.1_Contig312,1420416,NC_041739.1,12,autosome,1.0,1,1.7299999999999999e-28,0.994681,1.0,1,1,1,1,1,1,1,1,1,0.072072072072072,0.072072072072072,0.0,0.0747663551401869,0,1,0
45064182|F|0-24:G>T-24:G>T,45064182,24:G>T,24,PTTO01003882.1_Contig102,10190719,NC_041732.1,5,autosome,1.0,1,3.22e-25,0.99734,1.0,1,1,1,1,1,1,1,1,1,0.2162162162162162,0.2162162162162162,0.3125,0.2126168224299065,1,1,0
45064185|F|0-66:G>T-66:G>T,45064185,66:G>T,66,PTTO01003882.1_Contig102,9951662,NC_041732.1,5,autosome,1.0,1,1.7299999999999999e-28,1.0,1.0,1,1,1,1,1,1,1,1,1,0.1081081081081081,0.1081081081081081,0.25,0.102803738317757,1,1,0
45057951|F|0-51:C>T-51:C>T,45057951,51:C>T,51,PTTO01001296.1_Contig62,3306430,NC_041746.1,19,autosome,1.0,1,1.7299999999999999e-28,0.99734,1.0,1,1,1,1,1,1,1,1,1,0.1103603603603603,0.1103603603603603,0.3125,0.102803738317757,1,1,0
45064188|F|0-15:G>A-15:G>A,45064188,15:G>A,15,PTTO01002473.1_Contig1,23041918,NC_041738.1,11,autosome,1.0,1,1.7299999999999999e-28,0.946809,1.0,1,1,1,1,1,1,1,1,0,0.009009009009009,0.009009009009009,0.0625,0.0070093457943925,1,1,0
45064199|F|0-58:A>C-58:A>C,45064199,58:A>C,58,PTTO01001315.1_Contig92,1979006,NC_041742.1,15,autosome,1.0,1,1.7299999999999999e-28,0.99734,1.0,1,1,1,1,1,1,1,1,1,0.0765765765765765,0.0765765765765765,0.0,0.0794392523364486,0,1,0
45064200|F|0-67:T>C-67:T>C,45064200,67:T>C,67,PTTO01002793.1_Contig38,9618203,NC_041745.1,18,autosome,1.0,1,2.24e-27,1.0,1.0,1,1,1,1,1,1,1,1,1,0.259009009009009,0.259009009009009,0.0,0.2686915887850467,0,1,0
45064213|F|0-23:G>A-23:G>A,45064213,23:G>A,23,PTTO01000765.1_Contig334,20073481,NC_041729.1,2,autosome,1.0,128,1.7299999999999999e-28,0.99734,1.0,1,1,1,1,1,1,1,1,1,0.0675675675675675,0.0675675675675675,0.0,0.0700934579439252,0,1,0
45058010|F|0-62:A>T-62:A>T,45058010,62:A>T,62,PTTO01003882.1_Contig102,13986967,NC_041732.1,5,autosome,1.0,1,1.7299999999999999e-28,0.994681,1.0,1,1,1,1,1,1,1,1,1,0.0022522522522522,0.0022522522522522,0.0,0.0023364485981308,0,1,0
45064216|F|0-15:T>A-15:T>A,45064216,15:T>A,15,PTTO01000006.1_Contig148,2053694,NC_041734.1,7,autosome,1.0,1,1.68e-22,0.994681,1.0,1,1,1,1,1,1,1,1,1,0.0405405405405405,0.0405405405405405,0.0,0.0420560747663551,0,1,0
45058016|F|0-13:C>T-13:C>T,45058016,13:C>T,13,PTTO01000765.1_Contig334,2290717,NC_041729.1,2,autosome,1.0,1,1.7299999999999999e-28,0.992021,1.0,1,1,1,1,1,1,1,1,1,0.0495495495495495,0.0495495495495495,0.0,0.0514018691588785,0,1,0
45064225|F|0-32:G>A-32:G>A,45064225,32:G>A,32,PTTO01000318.1_Contig139,5913655,NC_041730.1,3,autosome,1.0,1,1.7299999999999999e-28,0.99734,1.0,1,1,1,1,1,1,1,1,1,0.0202702702702702,0.0202702702702702,0.0,0.0210280373831775,0,1,0
45058051|F|0-20:G>A-20:G>A,45058051,20:G>A,20,PTTO01001236.1_Contig336,8673055,NC_041746.1,19,autosome,1.0,1,1.7299999999999999e-28,0.99734,1.0,1,1,1,1,1,1,1,1,1,0.0135135135135135,0.0135135135135135,0.0,0.014018691588785,0,1,0
100029833|F|0-46:A>G-46:A>G,100029833,46:A>G,46,PTTO01003671.1_Contig19,20469890,NC_041735.1,8,autosome,1.0,1,1.7299999999999999e-28,0.973404,1.0,1,1,1,1,1,1,1,1,0,0.0022522522522522,0.0022522522522522,0.0,0.0023364485981308,0,1,0
64983197|F|0-60:G>A-60:G>A,64983197,60:G>A,60,PTTO01001678.1_Contig35,4714085,NC_041737.1,10,autosome,1.0,1,1.7299999999999999e-28,0.99734,1.0,1,1,1,1,1,1,1,1,0,0.0022522522522522,0.0022522522522522,0.0,0.0023364485981308,0,1,0
64983198|F|0-17:G>A-17:G>A,64983198,17:G>A,17,PTTO01004262.1_Contig52,17522074,NC_041731.1,4,autosome,1.0,1,1.7299999999999999e-28,0.994681,1.0,1,1,1,1,1,1,1,1,0,0.0,0.0,0.0,0.0,0,0,0
45058066|F|0-13:C>G-13:C>G,45058066,13:C>G,13,PTTO01003571.1_Contig67,9741117,NC_041736.1,9,autosome,1.0,1,8.05e-27,0.973404,1.0,1,1,1,1,1,1,1,1,1,0.9797297297297296,0.0202702702702702,0.5625,0.9953271028037384,1,1,0
45058071|F|0-25:G>A-25:G>A,45058071,25:G>A,25,PTTO01002104.1_Contig16,39525940,NC_041732.1,5,autosome,1.0,1,1.7299999999999999e-28,1.0,1.0,1,1,1,1,1,1,1,1,1,0.0112612612612612,0.0112612612612612,0.0,0.0116822429906542,0,1,0
45058082|F|0-20:A>G-20:A>G,45058082,20:A>G,20,PTTO01002187.1_Contig64,1448289,NC_041747.1,20,autosome,1.0,1,1.7299999999999999e-28,0.994681,1.0,1,1,1,1,1,1,1,1,1,0.2432432432432432,0.2432432432432432,0.5,0.2336448598130841,1,1,0
64989390|F|0-34:G>C-34:G>C,64989390,34:G>C,34,PTTO01003882.1_Contig102,11625733,NC_041732.1,5,autosome,1.0,61,4.8100000000000006e-23,0.99734,1.0,1,1,1,1,1,1,1,1,0,0.0022522522522522,0.0022522522522522,0.0,0.0023364485981308,0,1,0
64983207|F|0-31:T>C-31:T>C,64983207,31:T>C,31,PTTO01003710.1_Contig217,7994434,NC_041733.1,6,autosome,1.0,1,1.7299999999999999e-28,0.99734,1.0,1,1,1,1,1,1,1,1,0,0.0022522522522522,0.0022522522522522,0.0,0.0023364485981308,0,1,0
45064258|F|0-50:C>A-50:C>A,45064258,50:C>A,50,PTTO01002104.1_Contig16,37598120,NC_041732.1,5,autosome,1.0,1,1.7299999999999999e-28,0.994681,1.0,1,1,1,1,1,1,1,1,1,0.1914414414414414,0.1914414414414414,0.0,0.1985981308411215,0,1,0
45064259|F|0-9:C>T-9:C>T,45064259,9:C>T,9,PTTO01003788.1_Contig2016,1351200,NC_041729.1,2,autosome,1.0,1,1.7299999999999999e-28,0.992021,1.0,1,1,1,1,1,1,1,1,1,0.1779279279279279,0.1779279279279279,0.0,0.1845794392523364,0,1,0
64983212|F|0-25:C>T-25:C>T,64983212,25:C>T,25,PTTO01003882.1_Contig102,9003374,NC_041732.1,5,autosome,1.0,1,1.7299999999999999e-28,0.99734,1.0,1,1,1,1,1,1,1,1,0,0.0067567567567567,0.0067567567567567,0.1875,0.0,1,0,0
45064266|F|0-56:C>A-56:C>A,45064266,56:C>A,56,PTTO01004262.1_Contig52,7276276,NC_041731.1,4,autosome,1.0,1,1.7299999999999999e-28,0.994681,1.0,1,1,1,1,1,1,1,1,1,0.0833333333333333,0.0833333333333333,0.25,0.0771028037383177,1,1,0
45058111|F|0-65:G>A-65:G>A,45058111,65:G>A,65,PTTO01001678.1_Contig35,11280496,NC_041737.1,10,autosome,1.0,1,8.05e-27,0.986702,1.0,1,1,1,1,1,1,1,1,0,0.045045045045045,0.045045045045045,0.25,0.0373831775700934,1,1,0
45064271|F|0-13:G>C-13:G>C,45064271,13:G>C,13,PTTO01000765.1_Contig334,19995956,NC_041729.1,2,autosome,1.0,1,1.7299999999999999e-28,0.99734,1.0,1,1,1,1,1,1,1,1,1,0.3063063063063063,0.3063063063063063,0.625,0.2943925233644859,1,1,0
45058118|F|0-16:G>T-16:G>T,45058118,16:G>T,16,PTTO01001633.1_Contig312,9335156,NC_041739.1,12,autosome,1.0,1,1.7299999999999999e-28,0.99734,1.0,1,1,1,1,1,1,1,1,1,0.018018018018018,0.018018018018018,0.0,0.0186915887850467,0,1,0
45064273|F|0-13:G>A-13:G>A,45064273,13:G>A,13,PTTO01003571.1_Contig67,20952646,NC_041736.1,9,autosome,1.0,1,8.05e-27,0.994681,1.0,1,1,1,1,1,1,1,1,1,0.0022522522522522,0.0022522522522522,0.0,0.0023364485981308,0,1,0
64983218|F|0-67:C>G-67:C>G,64983218,67:C>G,67,PTTO01004492.1_Contig25,3800394,NC_041732.1,5,autosome,1.0,2,1.7299999999999999e-28,0.99734,1.0,1,1,1,1,1,1,1,1,0,0.0,0.0,0.0,0.0,0,0,0
45064288|F|0-16:G>A-16:G>A,45064288,16:G>A,16,PTTO01001051.1_Contig4,18286860,NC_041737.1,10,autosome,1.0,1,8.05e-27,0.989362,1.0,1,1,1,1,1,1,1,1,1,0.0225225225225225,0.0225225225225225,0.1875,0.0163551401869158,1,1,0
45064290|F|0-6:A>C-6:A>C,45064290,6:A>C,6,PTTO01001370.1_Contig26,21046199,NC_041734.1,7,autosome,1.0,1,8.05e-27,0.99734,1.0,1,1,1,1,1,1,1,1,1,0.027027027027027,0.027027027027027,0.0625,0.0257009345794392,1,1,0
45062096|F|0-25:A>T-25:A>T,45062096,25:A>T,25,PTTO01001051.1_Contig4,17041928,NC_041737.1,10,autosome,1.0,1,1.7299999999999999e-28,0.99734,1.0,1,1,1,1,1,1,1,1,1,0.2882882882882883,0.2882882882882883,0.1875,0.2920560747663551,1,1,0
45058151|F|0-44:G>C-44:G>C,45058151,44:G>C,44,PTTO01002476.1_Contig0,8125538,NC_041728.1,1,autosome,1.0,1,1.7299999999999999e-28,0.99734,1.0,1,1,1,1,1,1,1,1,1,0.018018018018018,0.018018018018018,0.0,0.0186915887850467,0,1,0
45053515|F|0-20:C>T-20:C>T,45053515,20:C>T,20,PTTO01000765.1_Contig334,17067205,NC_041729.1,2,autosome,1.0,1,1.7299999999999999e-28,0.99734,1.0,1,1,1,1,1,1,1,1,1,0.1103603603603603,0.1103603603603603,0.0,0.1144859813084112,0,1,0
45064296|F|0-18:A>G-18:A>G,45064296,18:A>G,18,PTTO01001349.1_Contig23,31624853,NC_041736.1,9,autosome,1.0,1,8.05e-27,0.99734,1.0,1,1,1,1,1,1,1,1,1,0.3130630630630631,0.3130630630630631,0.375,0.3107476635514019,1,1,0
45058155|F|0-42:C>T-42:C>T,45058155,42:C>T,42,PTTO01003788.1_Contig2016,3772052,NC_041729.1,2,autosome,1.0,1,1.7299999999999999e-28,0.99734,1.0,1,1,1,1,1,1,1,1,1,0.1666666666666666,0.1666666666666666,0.8125,0.1425233644859813,1,1,0
45064297|F|0-60:G>T-60:G>T,45064297,60:G>T,60,PTTO01000875.1_Contig31,6000484,NC_041730.1,3,autosome,1.0,1,1.7299999999999999e-28,0.994681,1.0,1,1,1,1,1,1,1,1,1,0.045045045045045,0.045045045045045,0.1875,0.0397196261682243,1,1,0
45058181|F|0-38:C>T-38:C>T,45058181,38:C>T,38,PTTO01001051.1_Contig4,6997427,NC_041737.1,10,autosome,1.0,1,1.7299999999999999e-28,0.994681,1.0,1,1,1,1,1,1,1,1,1,0.018018018018018,0.018018018018018,0.0,0.0186915887850467,0,1,0
45064312|F|0-68:G>A-68:G>A,45064312,68:G>A,68,PTTO01002822.1_Contig364,3545043,NC_041731.1,4,autosome,1.0,1,1.7299999999999999e-28,0.99734,1.0,1,1,1,1,1,1,1,1,1,0.4842342342342342,0.4842342342342342,0.4375,0.4859813084112149,1,1,0
100029986|F|0-60:G>A-60:G>A,100029986,60:G>A,60,PTTO01001839.1_Contig208,10092659,NC_041741.1,14,autosome,1.0,1,1.7299999999999999e-28,1.0,1.0,1,1,1,1,1,1,1,1,0,0.0,0.0,0.0,0.0,0,0,0
45058188|F|0-6:C>A-6:C>A,45058188,6:C>A,6,PTTO01004262.1_Contig52,20709843,NC_041731.1,4,autosome,1.0,1,1.7299999999999999e-28,0.994681,1.0,1,1,1,1,1,1,1,1,1,0.0337837837837837,0.0337837837837837,0.0,0.0350467289719626,0,1,0
45058199|F|0-62:G>T-62:G>T,45058199,62:G>T,62,PTTO01004189.1_Contig18,7628670,NC_041729.1,2,autosome,1.0,1,1.7299999999999999e-28,1.0,1.0,1,1,1,1,1,1,1,1,1,0.063063063063063,0.063063063063063,0.0,0.0654205607476635,0,1,0
45058200|F|0-54:C>A-54:C>A,45058200,54:C>A,54,PTTO01000276.1_Contig319,1814874,NC_041737.1,10,autosome,1.0,1,1.7299999999999999e-28,0.99734,1.0,1,1,1,1,1,1,1,1,1,0.0405405405405405,0.0405405405405405,0.0,0.0420560747663551,0,1,0
45064321|F|0-45:G>A-45:G>A,45064321,45:G>A,45,PTTO01001349.1_Contig23,21967762,NC_041736.1,9,autosome,1.0,1,1.7299999999999999e-28,1.0,1.0,1,1,1,1,1,1,1,1,1,0.1418918918918918,0.1418918918918918,0.125,0.1425233644859813,1,1,0
45058204|F|0-32:G>T-32:G>T,45058204,32:G>T,32,PTTO01001051.1_Contig4,12647897,NC_041737.1,10,autosome,1.0,1,1.7299999999999999e-28,1.0,1.0,1,1,1,1,1,1,1,1,1,0.0382882882882882,0.0382882882882882,0.0,0.0397196261682243,0,1,0
45064326|F|0-62:A>G-62:A>G,45064326,62:A>G,62,PTTO01003256.1_Contig153,3967092,NC_041746.1,19,autosome,1.0,1,1.22e-24,0.994681,1.0,1,1,1,1,1,1,1,1,1,0.963963963963964,0.036036036036036,1.0,0.9626168224299064,0,1,0
64987392|F|0-28:C>A-28:C>A,64987392,28:C>A,28,PTTO01003571.1_Contig67,19591003,NC_041736.1,9,autosome,1.0,1,1.7299999999999999e-28,0.99734,1.0,1,1,1,1,1,1,1,1,0,0.0,0.0,0.0,0.0,0,0,0
45058229|F|0-10:G>A-10:G>A,45058229,10:G>A,10,PTTO01004262.1_Contig52,20057715,NC_041731.1,4,autosome,1.0,1,1.7299999999999999e-28,0.994681,1.0,1,1,1,1,1,1,1,1,1,0.0405405405405405,0.0405405405405405,0.0,0.0420560747663551,0,1,0
64983275|F|0-22:C>T-22:C>T,64983275,22:C>T,22,PTTO01001678.1_Contig35,13061272,NC_041737.1,10,autosome,1.0,1,1.7299999999999999e-28,0.99734,1.0,1,1,1,1,1,1,1,1,0,0.0112612612612612,0.0112612612612612,0.0,0.0116822429906542,0,1,0
45058243|F|0-41:A>C-41:A>C,45058243,41:A>C,41,PTTO01002476.1_Contig0,61155743,NC_041728.1,1,autosome,1.0,1,1.7299999999999999e-28,0.994681,1.0,1,1,1,1,1,1,1,1,1,0.0067567567567567,0.0067567567567567,0.0,0.0070093457943925,0,1,0
45053602|F|0-66:C>T-66:C>T,45053602,66:C>T,66,PTTO01001678.1_Contig35,13172545,NC_041737.1,10,autosome,1.0,1,8.05e-27,0.99734,1.0,1,1,1,1,1,1,1,1,1,0.4752252252252252,0.4752252252252252,0.25,0.4836448598130841,1,1,0
100030060|F|0-13:G>T-13:G>T,100030060,13:G>T,13,PTTO01004189.1_Contig18,19136349,NC_041729.1,2,autosome,1.0,1,1.7299999999999999e-28,0.944149,1.0,1,1,1,1,1,1,1,1,0,0.0,0.0,0.0,0.0,0,0,0
45058252|F|0-17:G>A-17:G>A,45058252,17:G>A,17,PTTO01000700.1_Contig3723,875999,NC_041730.1,3,autosome,1.0,1,1.7299999999999999e-28,1.0,1.0,1,1,1,1,1,1,1,1,1,0.2635135135135135,0.2635135135135135,0.625,0.25,1,1,0
45064349|F|0-40:C>G-40:C>G,45064349,40:C>G,40,PTTO01002476.1_Contig0,90230801,NC_041728.1,1,autosome,1.0,1,1.7299999999999999e-28,0.99734,1.0,1,1,1,1,1,1,1,1,1,0.322072072072072,0.322072072072072,0.5625,0.3130841121495327,1,1,0
45058277|F|0-47:T>A-47:T>A,45058277,47:T>A,47,PTTO01000376.1_Contig11,1186439,NC_041745.1,18,autosome,1.0,1,8.05e-27,0.99734,1.0,1,1,1,1,1,1,1,1,1,0.3693693693693693,0.3693693693693693,0.25,0.3738317757009345,1,1,0
45058288|F|0-8:T>G-8:T>G,45058288,8:T>G,8,PTTO01000493.1_Contig1165,299104,NC_041744.1,17,autosome,1.0,1,1.74e-23,0.99734,1.0,1,1,1,1,1,1,1,1,1,0.3963963963963964,0.3963963963963964,0.0,0.411214953271028,0,1,0
45058294|F|0-48:G>A-48:G>A,45058294,48:G>A,48,PTTO01002315.1_Contig12,1611780,NC_041729.1,2,autosome,1.0,1,1.7299999999999999e-28,0.99734,1.0,1,1,1,1,1,1,1,1,1,0.1576576576576576,0.1576576576576576,0.0625,0.161214953271028,1,1,0
45064354|F|0-27:C>T-27:C>T,45064354,27:C>T,27,PTTO01002104.1_Contig16,15232421,NC_041732.1,5,autosome,1.0,1,9.21e-26,0.99734,1.0,1,1,1,1,1,1,1,1,1,0.036036036036036,0.036036036036036,0.0,0.0373831775700934,0,1,0
45058309|F|0-61:T>A-61:T>A,45058309,61:T>A,61,PTTO01002822.1_Contig364,3623911,NC_041731.1,4,autosome,1.0,1,1.7299999999999999e-28,1.0,1.0,1,1,1,1,1,1,1,1,1,0.0608108108108108,0.0608108108108108,0.0,0.0630841121495327,0,1,0
45058330|F|0-31:T>A-31:T>A,45058330,31:T>A,31,PTTO01003256.1_Contig153,13843659,NC_041746.1,19,autosome,1.0,1,1.7299999999999999e-28,0.99734,1.0,1,1,1,1,1,1,1,1,1,0.0337837837837837,0.0337837837837837,0.0,0.0350467289719626,0,1,0
45064366|F|0-61:T>C-61:T>C,45064366,61:T>C,61,PTTO01003882.1_Contig102,12709620,NC_041732.1,5,autosome,1.0,1,1.7299999999999999e-28,0.99734,1.0,1,1,1,1,1,1,1,1,1,0.027027027027027,0.027027027027027,0.25,0.0186915887850467,1,1,0
45058333|F|0-23:C>T-23:C>T,45058333,23:C>T,23,PTTO01001370.1_Contig26,4506907,NC_041734.1,7,autosome,1.0,1,1.7299999999999999e-28,1.0,1.0,1,1,1,1,1,1,1,1,1,0.063063063063063,0.063063063063063,0.5,0.0467289719626168,1,1,0
45064367|F|0-63:G>A-63:G>A,45064367,63:G>A,63,PTTO01003005.1_Contig4265,796704,NC_041740.1,13,autosome,1.0,1,1.7299999999999999e-28,0.99734,1.0,1,1,1,1,1,1,1,1,0,0.0923423423423423,0.0923423423423423,0.0,0.0957943925233644,0,1,0
45058334|F|0-58:C>T-58:C>T,45058334,58:C>T,58,PTTO01001051.1_Contig4,15257705,NC_041737.1,10,autosome,1.0,1,1.7299999999999999e-28,0.99734,1.0,1,1,1,1,1,1,1,1,1,0.036036036036036,0.036036036036036,0.0,0.0373831775700934,0,1,0
45064370|F|0-63:A>T-63:A>T,45064370,63:A>T,63,PTTO01002793.1_Contig38,4126626,NC_041745.1,18,autosome,1.0,1,1.7299999999999999e-28,1.0,1.0,1,1,1,1,1,1,1,1,1,0.2725225225225225,0.2725225225225225,0.5,0.264018691588785,1,1,0
45053517|F|0-32:C>T-32:C>T,45053517,32:C>T,32,PTTO01000536.1_Contig98,2960294,NC_041735.1,8,autosome,1.0,5,1.7299999999999999e-28,0.994681,1.0,1,1,1,1,1,1,1,1,1,0.0337837837837837,0.0337837837837837,0.125,0.0303738317757009,1,1,0
45068107|F|0-37:G>A-37:G>A,45068107,37:G>A,37,PTTO01002315.1_Contig12,10824140,NC_041729.1,2,autosome,1.0,1,1.7299999999999999e-28,1.0,1.0,1,1,1,1,1,1,1,1,1,0.1148648648648648,0.1148648648648648,0.0,0.1191588785046729,0,1,0
64977449|F|0-33:G>A-33:G>A,64977449,33:G>A,33,PTTO01001635.1_Contig17,80291,NC_041748.1,21,autosome,1.0,1,1.7299999999999999e-28,1.0,1.0,1,1,1,1,1,1,1,1,0,0.0112612612612612,0.0112612612612612,0.0,0.0116822429906542,0,1,0
64977453|F|0-6:C>A-6:C>A,64977453,6:C>A,6,PTTO01001940.1_Contig353,8544197,NC_041731.1,4,autosome,1.0,1,1.7299999999999999e-28,0.994681,1.0,1,1,1,1,1,1,1,1,0,0.0,0.0,0.0,0.0,0,0,0
64983315|F|0-5:G>T-5:G>T,64983315,5:G>T,5,PTTO01000765.1_Contig334,13277045,NC_041729.1,2,autosome,1.0,1,1.7299999999999999e-28,0.994681,1.0,1,1,1,1,1,1,1,1,0,0.0067567567567567,0.0067567567567567,0.125,0.0023364485981308,1,1,0
45064376|F|0-25:C>T-25:C>T,45064376,25:C>T,25,PTTO01004194.1_Contig13,6945028,NC_041743.1,16,autosome,1.0,1,1.7299999999999999e-28,1.0,1.0,1,1,1,1,1,1,1,1,1,0.027027027027027,0.027027027027027,0.0,0.02803738317757,0,1,0
45064380|F|0-10:G>A-10:G>A,45064380,10:G>A,10,PTTO01003671.1_Contig19,13228992,NC_041735.1,8,autosome,1.0,1,1.7299999999999999e-28,0.99734,1.0,1,1,1,1,1,1,1,1,1,0.509009009009009,0.4909909909909909,0.875,0.4953271028037383,1,1,0
45058377|F|0-22:T>C-22:T>C,45058377,22:T>C,22,PTTO01002822.1_Contig364,9216607,NC_041731.1,4,autosome,1.0,1,1.3799999999999998e-23,0.99734,1.0,1,1,1,1,1,1,1,1,1,0.0112612612612612,0.0112612612612612,0.0,0.0116822429906542,0,1,0
45064393|F|0-64:A>G-64:A>G,45064393,64:A>G,64,PTTO01002057.1_Contig2,9411919,NC_041730.1,3,autosome,1.0,46,1.7299999999999999e-28,1.0,1.0,1,1,1,1,1,1,1,1,1,0.0653153153153153,0.0653153153153153,0.0,0.0677570093457943,0,1,0
45064394|F|0-17:T>A-17:T>A,45064394,17:T>A,17,PTTO01001114.1_Contig282,568435,NC_041740.1,13,autosome,1.0,1,8.05e-27,0.99734,1.0,1,1,1,1,1,1,1,1,1,0.0045045045045045,0.0045045045045045,0.0,0.0046728971962616,0,1,0
45064403|F|0-7:C>T-7:C>T,45064403,7:C>T,7,PTTO01003571.1_Contig67,5184239,NC_041736.1,9,autosome,1.0,1,1.7299999999999999e-28,1.0,1.0,1,1,1,1,1,1,1,1,1,0.1013513513513513,0.1013513513513513,0.0,0.1051401869158878,0,1,0
45067010|F|0-5:G>C-5:G>C,45067010,5:G>C,5,PTTO01001110.1_Contig192,23774,NC_041731.1,4,autosome,1.0,7,1.7299999999999999e-28,0.992021,1.0,1,1,1,1,1,1,1,1,1,0.0067567567567567,0.0067567567567567,0.0,0.0070093457943925,0,1,0
45064409|F|0-62:G>C-62:G>C,45064409,62:G>C,62,PTTO01000230.1_Contig34,1923429,NC_041734.1,7,autosome,1.0,1,1.7299999999999999e-28,0.99734,1.0,1,1,1,1,1,1,1,1,1,0.1193693693693693,0.1193693693693693,0.1875,0.116822429906542,1,1,0
64985966|F|0-43:C>T-43:C>T,64985966,43:C>T,43,PTTO01000812.1_Contig368,3243912,NC_041748.1,21,autosome,1.0,1,1.7299999999999999e-28,0.994681,1.0,1,1,1,1,1,1,1,1,0,0.0022522522522522,0.0022522522522522,0.0,0.0023364485981308,0,1,0
45067019|F|0-25:C>A-25:C>A,45067019,25:C>A,25,PTTO01002793.1_Contig38,38236,NC_041745.1,18,autosome,1.0,2,1.7299999999999999e-28,0.99734,1.0,1,1,1,1,1,1,1,1,1,0.0653153153153153,0.0653153153153153,0.0,0.0677570093457943,0,1,0
45058432|F|0-43:C>T-43:C>T,45058432,43:C>T,43,PTTO01002815.1_Contig4081,7507013,NC_041744.1,17,autosome,1.0,1,1.7299999999999999e-28,0.994681,1.0,1,1,1,1,1,1,1,1,1,0.2432432432432432,0.2432432432432432,0.1875,0.2453271028037383,1,1,0
45058442|F|0-67:C>T-67:C>T,45058442,67:C>T,67,PTTO01002473.1_Contig1,17207203,NC_041738.1,11,autosome,1.0,1,2.63e-26,0.994681,1.0,1,1,1,1,1,1,1,1,1,0.0225225225225225,0.0225225225225225,0.0,0.0233644859813084,0,1,0
45058444|F|0-17:G>T-17:G>T,45058444,17:G>T,17,PTTO01003889.1_Contig165,16286717,NC_041729.1,2,autosome,1.0,1,1.7299999999999999e-28,1.0,1.0,1,1,1,1,1,1,1,1,1,0.1058558558558558,0.1058558558558558,0.625,0.0864485981308411,1,1,0
45064364|F|0-7:G>A-7:G>A,45064364,7:G>A,7,PTTO01000974.1_Contig37,13241461,NC_041741.1,14,autosome,1.0,1,1.7299999999999999e-28,0.99734,1.0,1,1,1,1,1,1,1,1,1,0.2139639639639639,0.2139639639639639,0.1875,0.2149532710280373,1,1,0
95139788|F|0-16:G>A-16:G>A,95139788,16:G>A,16,PTTO01004446.1_Contig146,4020583,NC_041742.1,15,autosome,1.0,1,1.7299999999999999e-28,0.99734,1.0,1,1,1,1,1,1,1,1,0,0.0135135135135135,0.0135135135135135,0.25,0.0046728971962616,1,1,0
45064448|F|0-15:C>T-15:C>T,45064448,15:C>T,15,PTTO01001940.1_Contig353,14582842,NC_041731.1,4,autosome,1.0,1,1.7299999999999999e-28,1.0,1.0,1,1,1,1,1,1,1,1,1,0.0968468468468468,0.0968468468468468,0.0,0.1004672897196261,0,1,0
45064451|F|0-65:G>A-65:G>A,45064451,65:G>A,65,PTTO01002624.1_Contig32,6772178,NC_041728.1,1,autosome,1.0,1,1.7299999999999999e-28,0.99734,1.0,1,1,1,1,1,1,1,1,1,0.0292792792792792,0.0292792792792792,0.1875,0.0233644859813084,1,1,0
64983361|F|0-33:G>T-33:G>T,64983361,33:G>T,33,PTTO01000230.1_Contig34,7820644,NC_041734.1,7,autosome,1.0,1,1.7299999999999999e-28,0.99734,1.0,1,1,1,1,1,1,1,1,0,0.0,0.0,0.0,0.0,0,0,0
45058490|F|0-64:C>T-64:C>T,45058490,64:C>T,64,PTTO01000659.1_Contig3311,6720712,NC_041731.1,4,autosome,1.0,1,1.7299999999999999e-28,0.99734,1.0,1,1,1,1,1,1,1,1,1,0.0563063063063063,0.0563063063063063,0.0,0.058411214953271,0,1,0
45058505|F|0-16:G>A-16:G>A,45058505,16:G>A,16,PTTO01000885.1_Contig10,7489664,NC_041744.1,17,autosome,1.0,1,1.7299999999999999e-28,1.0,1.0,1,1,1,1,1,1,1,1,1,0.0067567567567567,0.0067567567567567,0.0,0.0070093457943925,0,1,0
45064463|F|0-19:T>C-19:T>C,45064463,19:T>C,19,PTTO01000230.1_Contig34,8664316,NC_041734.1,7,autosome,1.0,1,1.7299999999999999e-28,0.99734,1.0,1,1,1,1,1,1,1,1,1,0.4076576576576576,0.4076576576576576,0.0,0.4228971962616822,0,1,0
45058511|F|0-61:C>T-61:C>T,45058511,61:C>T,61,PTTO01003857.1_Contig1099,1358613,NC_041732.1,5,autosome,1.0,1,1.7299999999999999e-28,1.0,1.0,1,1,1,1,1,1,1,1,1,0.0112612612612612,0.0112612612612612,0.0,0.0116822429906542,0,1,0
45062132|F|0-30:G>A-30:G>A,45062132,30:G>A,30,PTTO01004189.1_Contig18,5788737,NC_041729.1,2,autosome,1.0,1,1.7299999999999999e-28,0.99734,1.0,1,1,1,1,1,1,1,1,1,0.0608108108108108,0.0608108108108108,0.0,0.0630841121495327,0,1,0
100030370|F|0-13:T>C-13:T>C,100030370,13:T>C,13,PTTO01002104.1_Contig16,43764692,NC_041732.1,5,autosome,1.0,1,1.7299999999999999e-28,1.0,1.0,1,1,1,1,1,1,1,1,0,0.0,0.0,0.0,0.0,0,0,0
45064472|F|0-57:G>A-57:G>A,45064472,57:G>A,57,PTTO01001421.1_Contig177,827607,NC_041730.1,3,autosome,1.0,1,8.05e-27,0.994681,1.0,1,1,1,1,1,1,1,1,1,0.2792792792792792,0.2792792792792792,0.125,0.2850467289719626,1,1,0
100030380|F|0-15:A>G-15:A>G,100030380,15:A>G,15,PTTO01001940.1_Contig353,11973848,NC_041731.1,4,autosome,1.0,1,1.7299999999999999e-28,0.965426,1.0,1,1,1,1,1,1,1,1,0,0.0022522522522522,0.0022522522522522,0.0,0.0023364485981308,0,1,0
64977651|F|0-47:C>G-47:C>G,64977651,47:C>G,47,PTTO01000885.1_Contig10,2373575,NC_041744.1,17,autosome,1.0,1,1.7299999999999999e-28,0.99734,1.0,1,1,1,1,1,1,1,1,0,0.0225225225225225,0.0225225225225225,0.5,0.0046728971962616,1,1,0
45058545|F|0-64:G>A-64:G>A,45058545,64:G>A,64,PTTO01002104.1_Contig16,61167443,NC_041732.1,5,autosome,1.0,1,8.05e-27,0.99734,1.0,1,1,1,1,1,1,1,1,1,0.1734234234234234,0.1734234234234234,0.1875,0.1728971962616822,1,1,0
45058551|F|0-10:C>T-10:C>T,45058551,10:C>T,10,PTTO01000257.1_Contig57,1253752,NC_041740.1,13,autosome,1.0,1,1.7299999999999999e-28,1.0,1.0,1,1,1,1,1,1,1,1,1,0.1463963963963964,0.1463963963963964,0.0,0.1518691588785046,0,1,0
45064484|F|0-36:T>G-36:T>G,45064484,36:T>G,36,PTTO01001349.1_Contig23,17744644,NC_041736.1,9,autosome,1.0,1,1.7299999999999999e-28,0.99734,1.0,1,1,1,1,1,1,1,1,1,0.2117117117117117,0.2117117117117117,0.0625,0.2172897196261682,1,1,0
45058555|F|0-16:G>A-16:G>A,45058555,16:G>A,16,PTTO01001241.1_Contig276,5295328,NC_041740.1,13,autosome,1.0,1,1.7299999999999999e-28,0.994681,1.0,1,1,1,1,1,1,1,1,1,0.063063063063063,0.063063063063063,0.0,0.0654205607476635,0,1,0
45058561|F|0-32:G>T-32:G>T,45058561,32:G>T,32,PTTO01000875.1_Contig31,16831993,NC_041730.1,3,autosome,1.0,1,8.05e-27,1.0,1.0,1,1,1,1,1,1,1,1,1,0.2387387387387387,0.2387387387387387,0.625,0.2242990654205607,1,1,0
45058563|F|0-49:G>T-49:G>T,45058563,49:G>T,49,PTTO01002476.1_Contig0,69463146,NC_041728.1,1,autosome,1.0,1,1.7299999999999999e-28,1.0,1.0,1,1,1,1,1,1,1,1,1,0.0202702702702702,0.0202702702702702,0.0,0.0210280373831775,0,1,0
45064492|F|0-32:G>T-32:G>T,45064492,32:G>T,32,PTTO01004262.1_Contig52,12654263,NC_041731.1,4,autosome,1.0,1,1.7299999999999999e-28,0.99734,1.0,1,1,1,1,1,1,1,1,1,0.0518018018018018,0.0518018018018018,0.0625,0.0514018691588785,1,1,0
45058589|F|0-41:C>T-41:C>T,45058589,41:C>T,41,PTTO01000974.1_Contig37,19766355,NC_041741.1,14,autosome,1.0,1,1.7299999999999999e-28,1.0,1.0,1,1,1,1,1,1,1,1,1,0.0112612612612612,0.0112612612612612,0.1875,0.0046728971962616,1,1,0
45058590|F|0-30:C>G-30:C>G,45058590,30:C>G,30,PTTO01003454.1_Contig230,3517272,NC_041744.1,17,autosome,1.0,3,1.7299999999999999e-28,0.99734,1.0,1,1,1,1,1,1,1,1,1,0.0833333333333333,0.0833333333333333,0.0,0.0864485981308411,0,1,0
45058615|F|0-48:G>A-48:G>A,45058615,48:G>A,48,PTTO01002815.1_Contig4081,2891144,NC_041744.1,17,autosome,1.0,1,1.7299999999999999e-28,0.99734,1.0,1,1,1,1,1,1,1,1,1,0.1283783783783783,0.1283783783783783,0.4375,0.116822429906542,1,1,0
45064520|F|0-63:C>T-63:C>T,45064520,63:C>T,63,PTTO01004262.1_Contig52,30204883,NC_041731.1,4,autosome,1.0,1,1.7299999999999999e-28,1.0,1.0,1,1,1,1,1,1,1,1,1,0.2995495495495495,0.2995495495495495,0.0,0.3107476635514019,0,1,0
45064521|F|0-31:C>T-31:C>T,45064521,31:C>T,31,PTTO01000659.1_Contig3311,19634586,NC_041731.1,4,autosome,1.0,1,1.7299999999999999e-28,0.99734,1.0,1,1,1,1,1,1,1,1,1,0.0472972972972973,0.0472972972972973,0.0,0.0490654205607476,0,1,0
45064531|F|0-24:C>T-24:C>T,45064531,24:C>T,24,PTTO01003422.1_Contig3522,2935497,NC_041738.1,11,autosome,1.0,1,1.7299999999999999e-28,0.981383,1.0,1,1,1,1,1,1,1,1,1,0.0135135135135135,0.0135135135135135,0.0,0.014018691588785,0,1,0
45064534|F|0-40:G>T-40:G>T,45064534,40:G>T,40,PTTO01002634.1_Contig60,15609178,NC_041732.1,5,autosome,1.0,1,1.7299999999999999e-28,0.99734,1.0,1,1,1,1,1,1,1,1,1,0.009009009009009,0.009009009009009,0.0,0.0093457943925233,0,1,0
45058667|F|0-6:G>A-6:G>A,45058667,6:G>A,6,PTTO01001241.1_Contig276,2742235,NC_041740.1,13,autosome,1.0,1,4.8100000000000006e-23,0.99734,1.0,1,1,1,1,1,1,1,1,0,0.0,0.0,0.0,0.0,0,0,0
64987433|F|0-43:C>G-43:C>G,64987433,43:C>G,43,PTTO01000394.1_Contig225,559803,NC_041730.1,3,autosome,1.0,1,1.7299999999999999e-28,0.99734,1.0,1,1,1,1,1,1,1,1,0,0.0,0.0,0.0,0.0,0,0,0
45064546|F|0-25:G>A-25:G>A,45064546,25:G>A,25,PTTO01002545.1_Contig22,7817497,NC_041728.1,1,autosome,1.0,1,1.7299999999999999e-28,1.0,1.0,1,1,1,1,1,1,1,1,1,0.0112612612612612,0.0112612612612612,0.0,0.0116822429906542,0,1,0
45064561|F|0-17:C>T-17:C>T,45064561,17:C>T,17,PTTO01001236.1_Contig336,9391803,NC_041746.1,19,autosome,1.0,1,1.7299999999999999e-28,0.994681,1.0,1,1,1,1,1,1,1,1,1,0.0315315315315315,0.0315315315315315,0.0625,0.0303738317757009,1,1,0
45058703|F|0-13:A>T-13:A>T,45058703,13:A>T,13,PTTO01003925.1_Contig3008,31525,NC_041729.1,2,autosome,1.0,1,1.7299999999999999e-28,0.981383,1.0,1,1,1,1,1,1,1,1,1,0.0833333333333333,0.0833333333333333,0.0,0.0864485981308411,0,1,0
45058707|F|0-26:C>A-26:C>A,45058707,26:C>A,26,PTTO01000318.1_Contig139,10139500,NC_041730.1,3,autosome,1.0,1,1.7299999999999999e-28,0.99734,1.0,1,1,1,1,1,1,1,1,1,0.0112612612612612,0.0112612612612612,0.0,0.0116822429906542,0,1,0
45064579|F|0-30:G>A-30:G>A,45064579,30:G>A,30,PTTO01002473.1_Contig1,9861257,NC_041738.1,11,autosome,1.0,1,1.7299999999999999e-28,0.994681,1.0,1,1,1,1,1,1,1,1,1,0.0923423423423423,0.0923423423423423,0.125,0.0911214953271028,1,1,0
45064588|F|0-53:G>T-53:G>T,45064588,53:G>T,53,PTTO01001370.1_Contig26,18149680,NC_041734.1,7,autosome,1.0,2,8.05e-27,0.994681,1.0,1,1,1,1,1,1,1,1,1,0.5337837837837838,0.4662162162162162,0.6875,0.5280373831775701,1,1,0
45064589|F|0-61:C>T-61:C>T,45064589,61:C>T,61,PTTO01002315.1_Contig12,15276916,NC_041729.1,2,autosome,1.0,1,1.7299999999999999e-28,0.99734,1.0,1,1,1,1,1,1,1,1,1,0.0292792792792792,0.0292792792792792,0.0,0.0303738317757009,0,1,0
45058737|F|0-33:G>A-33:G>A,45058737,33:G>A,33,PTTO01001320.1_Contig70,7082904,NC_041731.1,4,autosome,1.0,1,1.7299999999999999e-28,0.994681,1.0,1,1,1,1,1,1,1,1,1,0.0765765765765765,0.0765765765765765,0.125,0.0747663551401869,1,1,0
45058742|F|0-27:T>C-27:T>C,45058742,27:T>C,27,PTTO01001236.1_Contig336,12287350,NC_041746.1,19,autosome,1.0,1,8.05e-27,0.994681,1.0,1,1,1,1,1,1,1,1,1,0.3828828828828828,0.3828828828828828,0.125,0.3925233644859813,1,1,0
45058748|F|0-54:C>T-54:C>T,45058748,54:C>T,54,PTTO01000318.1_Contig139,9109360,NC_041730.1,3,autosome,1.0,1,1.7299999999999999e-28,0.99734,1.0,1,1,1,1,1,1,1,1,1,0.0247747747747747,0.0247747747747747,0.0,0.0257009345794392,0,1,0
45058794|F|0-33:C>T-33:C>T,45058794,33:C>T,33,PTTO01004519.1_Contig1477,4691886,NC_041735.1,8,autosome,1.0,1,1.7299999999999999e-28,0.99734,1.0,1,1,1,1,1,1,1,1,1,0.0247747747747747,0.0247747747747747,0.0,0.0257009345794392,0,1,0
45058795|F|0-42:A>G-42:A>G,45058795,42:A>G,42,PTTO01000885.1_Contig10,2339711,NC_041744.1,17,autosome,1.0,1,8.05e-27,0.968085,1.0,1,1,1,1,1,1,1,1,1,0.9932432432432432,0.0067567567567567,1.0,0.9929906542056076,0,1,0
100030668|F|0-46:C>G-46:C>G,100030668,46:C>G,46,PTTO01004292.1_Contig45,219230,,unanchored,unanchored,1.0,7,1.7299999999999999e-28,0.986702,1.0,1,1,1,1,1,1,1,1,0,0.0,0.0,0.0,0.0,0,0,0
45064612|F|0-17:G>A-17:G>A,45064612,17:G>A,17,PTTO01001349.1_Contig23,12399444,NC_041736.1,9,autosome,1.0,1,1.7299999999999999e-28,1.0,1.0,1,1,1,1,1,1,1,1,1,0.0112612612612612,0.0112612612612612,0.0,0.0116822429906542,0,1,0
45058801|F|0-8:G>A-8:G>A,45058801,8:G>A,8,PTTO01002128.1_Contig236,675655,NC_041729.1,2,autosome,1.0,1,1.7299999999999999e-28,0.992021,1.0,1,1,1,1,1,1,1,1,1,0.0608108108108108,0.0608108108108108,0.6875,0.0373831775700934,1,1,0
45064615|F|0-65:G>A-65:G>A,45064615,65:G>A,65,PTTO01002315.1_Contig12,20194410,NC_041729.1,2,autosome,1.0,1,1.7299999999999999e-28,0.99734,1.0,1,1,1,1,1,1,1,1,1,0.2364864864864864,0.2364864864864864,0.4375,0.2289719626168224,1,1,0
45064617|F|0-24:A>G-24:A>G,45064617,24:A>G,24,PTTO01003463.1_Contig1111,4492,,unanchored,unanchored,1.0,1,8.05e-27,0.994681,1.0,1,1,1,1,1,1,1,1,1,0.1373873873873874,0.1373873873873874,0.0,0.1425233644859813,0,1,1
45064618|F|0-36:T>A-36:T>A,45064618,36:T>A,36,PTTO01003889.1_Contig165,12505420,NC_041729.1,2,autosome,1.0,1,1.7299999999999999e-28,0.994681,1.0,1,1,1,1,1,1,1,1,1,0.0472972972972973,0.0472972972972973,0.0,0.0490654205607476,0,1,0
100030689|F|0-61:A>G-61:A>G,100030689,61:A>G,61,PTTO01000006.1_Contig148,10003132,NC_041734.1,7,autosome,1.0,1,1.7299999999999999e-28,0.99734,1.0,1,1,1,1,1,1,1,1,0,0.0,0.0,0.0,0.0,0,0,0
45064631|F|0-57:C>A-57:C>A,45064631,57:C>A,57,PTTO01002624.1_Contig32,27929695,NC_041728.1,1,autosome,1.0,9,1.7299999999999999e-28,1.0,1.0,1,1,1,1,1,1,1,1,1,0.0563063063063063,0.0563063063063063,0.0625,0.0560747663551401,1,1,0
100030713|F|0-17:T>G-17:T>G,100030713,17:T>G,17,PTTO01004427.1_Contig106,7306246,NC_041739.1,12,autosome,1.0,1,1.7299999999999999e-28,0.989362,1.0,1,1,1,1,1,1,1,1,0,0.0,0.0,0.0,0.0,0,0,0
45058852|F|0-17:A>C-17:A>C,45058852,17:A>C,17,PTTO01003889.1_Contig165,25563698,NC_041729.1,2,autosome,1.0,1,1.7299999999999999e-28,1.0,1.0,1,1,1,1,1,1,1,1,1,0.072072072072072,0.072072072072072,0.0625,0.072429906542056,1,1,0
45064641|F|0-22:G>A-22:G>A,45064641,22:G>A,22,PTTO01002501.1_Contig138,1054946,NC_041744.1,17,autosome,1.0,1,1.7299999999999999e-28,0.994681,1.0,1,1,1,1,1,1,1,1,1,0.0135135135135135,0.0135135135135135,0.0,0.014018691588785,0,1,0
45064642|F|0-12:T>A-12:T>A,45064642,12:T>A,12,PTTO01002476.1_Contig0,24851593,NC_041728.1,1,autosome,1.0,1,1.7299999999999999e-28,0.994681,1.0,1,1,1,1,1,1,1,1,1,0.027027027027027,0.027027027027027,0.0,0.02803738317757,0,1,0
45064643|F|0-30:G>A-30:G>A,45064643,30:G>A,30,PTTO01004262.1_Contig52,15397448,NC_041731.1,4,autosome,1.0,1,1.7299999999999999e-28,0.994681,1.0,1,1,1,1,1,1,1,1,1,0.0698198198198198,0.0698198198198198,0.0,0.072429906542056,0,1,0
45062134|F|0-65:G>A-65:G>A,45062134,65:G>A,65,PTTO01002793.1_Contig38,10331499,NC_041745.1,18,autosome,1.0,1,1.7299999999999999e-28,0.99734,1.0,1,1,1,1,1,1,1,1,1,0.1531531531531531,0.1531531531531531,0.0,0.1588785046728972,0,1,0
45058875|F|0-58:T>C-58:T>C,45058875,58:T>C,58,PTTO01001696.1_Contig254,1905357,NC_041747.1,20,autosome,1.0,1,1.7299999999999999e-28,0.989362,1.0,1,1,1,1,1,1,1,1,0,0.3851351351351351,0.3851351351351351,0.6875,0.3738317757009345,1,1,0
45064655|F|0-54:C>A-54:C>A,45064655,54:C>A,54,PTTO01003710.1_Contig217,9482756,NC_041733.1,6,autosome,1.0,1,1.7299999999999999e-28,0.99734,1.0,1,1,1,1,1,1,1,1,1,0.0045045045045045,0.0045045045045045,0.0,0.0046728971962616,0,1,0
45064661|F|0-48:G>A-48:G>A,45064661,48:G>A,48,PTTO01003256.1_Contig153,15639315,NC_041746.1,19,autosome,1.0,1,1.13e-24,0.99734,1.0,1,1,1,1,1,1,1,1,1,0.009009009009009,0.009009009009009,0.0,0.0093457943925233,0,1,0
64983491|F|0-31:G>C-31:G>C,64983491,31:G>C,31,PTTO01002261.1_Contig251,12328286,NC_041743.1,16,autosome,1.0,1,1.7299999999999999e-28,0.994681,1.0,1,1,1,1,1,1,1,1,0,0.0,0.0,0.0,0.0,0,0,0
45058897|F|0-40:G>A-40:G>A,45058897,40:G>A,40,PTTO01003788.1_Contig2016,1644393,NC_041729.1,2,autosome,1.0,2,1.7299999999999999e-28,0.99734,1.0,1,1,1,1,1,1,1,1,1,0.1306306306306306,0.1306306306306306,0.375,0.1214953271028037,1,1,0
45058901|F|0-18:C>G-18:C>G,45058901,18:C>G,18,PTTO01000376.1_Contig11,13961111,NC_041745.1,18,autosome,1.0,1,1.7299999999999999e-28,0.994681,1.0,1,1,1,1,1,1,1,1,1,0.0315315315315315,0.0315315315315315,0.0625,0.0303738317757009,1,1,0
45064665|F|0-17:C>T-17:C>T,45064665,17:C>T,17,PTTO01003276.1_Contig54,10254160,NC_041738.1,11,autosome,1.0,1,2.24e-27,0.994681,1.0,1,1,1,1,1,1,1,1,1,0.027027027027027,0.027027027027027,0.0,0.02803738317757,0,1,0
45064666|F|0-57:G>A-57:G>A,45064666,57:G>A,57,PTTO01002057.1_Contig2,7497790,NC_041730.1,3,autosome,1.0,1,1.7299999999999999e-28,0.99734,1.0,1,1,1,1,1,1,1,1,1,0.0112612612612612,0.0112612612612612,0.0,0.0116822429906542,0,1,0
45064669|F|0-14:T>A-14:T>A,45064669,14:T>A,14,PTTO01003256.1_Contig153,9031053,NC_041746.1,19,autosome,1.0,1,1.7299999999999999e-28,0.99734,1.0,1,1,1,1,1,1,1,1,1,0.0292792792792792,0.0292792792792792,0.0,0.0303738317757009,0,1,0
45064672|F|0-8:C>T-8:C>T,45064672,8:C>T,8,PTTO01000659.1_Contig3311,16771419,NC_041731.1,4,autosome,1.0,1,1.7299999999999999e-28,0.992021,1.0,1,1,1,1,1,1,1,1,1,0.1689189189189189,0.1689189189189189,0.0,0.175233644859813,0,1,0
45058918|F|0-7:G>A-7:G>A,45058918,7:G>A,7,PTTO01001839.1_Contig208,2059690,NC_041741.1,14,autosome,1.0,1,1.7299999999999999e-28,1.0,1.0,1,1,1,1,1,1,1,1,1,0.009009009009009,0.009009009009009,0.0,0.0093457943925233,0,1,0
45058924|F|0-45:T>C-45:T>C,45058924,45:T>C,45,PTTO01003671.1_Contig19,11957914,NC_041735.1,8,autosome,1.0,1,1.7299999999999999e-28,0.99734,1.0,1,1,1,1,1,1,1,1,1,0.2229729729729729,0.2229729729729729,0.125,0.2266355140186916,1,1,0
45064690|F|0-30:C>T-30:C>T,45064690,30:C>T,30,PTTO01004492.1_Contig25,10009715,NC_041732.1,5,autosome,1.0,1,1.7299999999999999e-28,0.99734,1.0,1,1,1,1,1,1,1,1,1,0.2545045045045045,0.2545045045045045,0.0,0.264018691588785,0,1,0
45067140|F|0-20:T>A-20:T>A,45067140,20:T>A,20,PTTO01001051.1_Contig4,4338436,NC_041737.1,10,autosome,1.0,1,1.3799999999999998e-23,0.99734,1.0,1,1,1,1,1,1,1,1,1,0.1013513513513513,0.1013513513513513,0.0,0.1051401869158878,0,1,0
45058949|F|0-9:T>G-9:T>G,45058949,9:T>G,9,PTTO01001114.1_Contig282,5868108,NC_041740.1,13,autosome,1.0,1,1.7299999999999999e-28,0.994681,1.0,1,1,1,1,1,1,1,1,1,0.0067567567567567,0.0067567567567567,0.0,0.0070093457943925,0,1,0
45058962|F|0-44:G>A-44:G>A,45058962,44:G>A,44,PTTO01000006.1_Contig148,8763548,NC_041734.1,7,autosome,1.0,1,1.7299999999999999e-28,0.99734,1.0,1,1,1,1,1,1,1,1,1,0.0135135135135135,0.0135135135135135,0.0,0.014018691588785,0,1,0
64983513|F|0-7:G>A-7:G>A,64983513,7:G>A,7,PTTO01002315.1_Contig12,21600565,NC_041729.1,2,autosome,1.0,1,1.7299999999999999e-28,0.994681,1.0,1,1,1,1,1,1,1,1,0,0.0,0.0,0.0,0.0,0,0,0
45058972|F|0-67:A>G-67:A>G,45058972,67:A>G,67,PTTO01000230.1_Contig34,5545618,NC_041734.1,7,autosome,1.0,1,1.7299999999999999e-28,0.994681,1.0,1,1,1,1,1,1,1,1,1,0.2342342342342342,0.2342342342342342,0.0625,0.2406542056074766,1,1,0
45064704|F|0-62:C>T-62:C>T,45064704,62:C>T,62,PTTO01001236.1_Contig336,6584855,NC_041746.1,19,autosome,1.0,1,1.7299999999999999e-28,1.0,1.0,1,1,1,1,1,1,1,1,1,0.036036036036036,0.036036036036036,0.0,0.0373831775700934,0,1,0
45058981|F|0-22:G>A-22:G>A,45058981,22:G>A,22,PTTO01003889.1_Contig165,8290231,NC_041729.1,2,autosome,1.0,1,1.7299999999999999e-28,0.99734,1.0,1,1,1,1,1,1,1,1,1,0.0315315315315315,0.0315315315315315,0.0,0.0327102803738317,0,1,0
64978057|F|0-55:G>C-55:G>C,64978057,55:G>C,55,PTTO01001244.1_Contig55,10048985,NC_041738.1,11,autosome,1.0,2,1.7299999999999999e-28,0.962766,1.0,1,1,1,1,1,1,1,1,0,0.0,0.0,0.0,0.0,0,0,0
45064714|F|0-44:T>C-44:T>C,45064714,44:T>C,44,PTTO01000408.1_Contig219,1759482,NC_041728.1,1,autosome,1.0,7,1.7299999999999999e-28,0.994681,1.0,1,1,1,1,1,1,1,1,1,0.0112612612612612,0.0112612612612612,0.0625,0.0093457943925233,1,1,0
45058997|F|0-53:C>A-53:C>A,45058997,53:C>A,53,PTTO01001349.1_Contig23,16795275,NC_041736.1,9,autosome,1.0,1,8.05e-27,0.994681,1.0,1,1,1,1,1,1,1,1,1,0.286036036036036,0.286036036036036,0.0,0.2967289719626168,0,1,0
45064718|F|0-17:T>G-17:T>G,45064718,17:T>G,17,PTTO01004121.1_Contig440,11726,NW_021638271.1,unplaced,unplaced,1.0,8,8.05e-27,0.99734,1.0,1,1,1,1,1,1,1,1,0,0.990990990990991,0.009009009009009,1.0,0.9906542056074766,0,1,0
45059004|F|0-41:G>A-41:G>A,45059004,41:G>A,41,PTTO01002315.1_Contig12,21506179,NC_041729.1,2,autosome,1.0,1,3.22e-25,1.0,1.0,1,1,1,1,1,1,1,1,1,0.1036036036036036,0.1036036036036036,0.125,0.102803738317757,1,1,0
45059016|F|0-44:G>A-44:G>A,45059016,44:G>A,44,PTTO01002476.1_Contig0,82353749,NC_041728.1,1,autosome,1.0,1,1.7299999999999999e-28,0.99734,1.0,1,1,1,1,1,1,1,1,1,0.1238738738738738,0.1238738738738738,0.0,0.1285046728971962,0,1,0
45064610|F|0-7:C>T-7:C>T,45064610,7:C>T,7,PTTO01002476.1_Contig0,72798841,NC_041728.1,1,autosome,1.0,1,2.9000000000000004e-26,0.99734,1.0,1,1,1,1,1,1,1,1,1,0.481981981981982,0.481981981981982,0.1875,0.4929906542056075,1,1,0
45064732|F|0-45:C>T-45:C>T,45064732,45:C>T,45,PTTO01003425.1_Contig303,4205715,NC_041743.1,16,autosome,1.0,1,1.7299999999999999e-28,0.994681,1.0,1,1,1,1,1,1,1,1,1,0.072072072072072,0.072072072072072,0.0,0.0747663551401869,0,1,0
64986049|F|0-8:G>A-8:G>A,64986049,8:G>A,8,PTTO01004189.1_Contig18,33881518,NC_041729.1,2,autosome,1.0,1,1.7299999999999999e-28,0.99734,1.0,1,1,1,1,1,1,1,1,0,0.0045045045045045,0.0045045045045045,0.0,0.0046728971962616,0,1,0
45059045|F|0-53:G>C-53:G>C,45059045,53:G>C,53,PTTO01003671.1_Contig19,18199591,NC_041735.1,8,autosome,1.0,1,1.7299999999999999e-28,1.0,1.0,1,1,1,1,1,1,1,1,1,0.0698198198198198,0.0698198198198198,0.3125,0.0607476635514018,1,1,0
64978126|F|0-6:G>T-6:G>T,64978126,6:G>T,6,PTTO01000705.1_Contig20,129518,NC_041743.1,16,autosome,1.0,1,1.7299999999999999e-28,0.99734,1.0,1,1,1,1,1,1,1,1,0,0.0045045045045045,0.0045045045045045,0.125,0.0,1,0,0
45059064|F|0-24:A>T-24:A>T,45059064,24:A>T,24,PTTO01003710.1_Contig217,62949,NC_041733.1,6,autosome,1.0,1,1.7299999999999999e-28,0.99734,1.0,1,1,1,1,1,1,1,1,1,0.0135135135135135,0.0135135135135135,0.0,0.014018691588785,0,1,0
95136759|F|0-10:A>C-10:A>C,95136759,10:A>C,10,PTTO01002793.1_Contig38,9261160,NC_041745.1,18,autosome,1.0,1,1.7299999999999999e-28,0.99734,1.0,1,1,1,1,1,1,1,1,0,0.0,0.0,0.0,0.0,0,0,0
45064757|F|0-46:T>C-46:T>C,45064757,46:T>C,46,PTTO01002634.1_Contig60,2859534,NC_041732.1,5,autosome,1.0,1,1.7299999999999999e-28,0.994681,1.0,1,1,1,1,1,1,1,1,1,0.0135135135135135,0.0135135135135135,0.0625,0.0116822429906542,1,1,0
45064761|F|0-26:T>C-26:T>C,45064761,26:T>C,26,PTTO01001370.1_Contig26,7321239,NC_041734.1,7,autosome,1.0,1,1.7299999999999999e-28,0.99734,1.0,1,1,1,1,1,1,1,1,1,0.009009009009009,0.009009009009009,0.0,0.0093457943925233,0,1,0
64978149|F|0-52:C>T-52:C>T,64978149,52:C>T,52,PTTO01001689.1_Contig41,92805,NC_041740.1,13,autosome,1.0,1,1.7299999999999999e-28,0.99734,1.0,1,1,1,1,1,1,1,1,0,0.0,0.0,0.0,0.0,0,0,0
45064765|F|0-66:C>T-66:C>T,45064765,66:C>T,66,PTTO01003256.1_Contig153,11769370,NC_041746.1,19,autosome,1.0,1,1.7299999999999999e-28,1.0,1.0,1,1,1,1,1,1,1,1,1,0.0067567567567567,0.0067567567567567,0.0,0.0070093457943925,0,1,0
45059088|F|0-62:G>T-62:G>T,45059088,62:G>T,62,PTTO01001051.1_Contig4,8555468,NC_041737.1,10,autosome,1.0,1,1.7299999999999999e-28,0.99734,1.0,1,1,1,1,1,1,1,1,1,0.009009009009009,0.009009009009009,0.0,0.0093457943925233,0,1,0
45062101|F|0-54:G>A-54:G>A,45062101,54:G>A,54,PTTO01004446.1_Contig146,3314925,NC_041742.1,15,autosome,1.0,1,1.7299999999999999e-28,1.0,1.0,1,1,1,1,1,1,1,1,1,0.0743243243243243,0.0743243243243243,0.1875,0.0700934579439252,1,1,0
64978163|F|0-39:T>C-39:T>C,64978163,39:T>C,39,PTTO01004189.1_Contig18,4821882,NC_041729.1,2,autosome,1.0,1,1.7299999999999999e-28,1.0,1.0,1,1,1,1,1,1,1,1,0,0.0,0.0,0.0,0.0,0,0,0
45059108|F|0-35:G>C-35:G>C,45059108,35:G>C,35,PTTO01002473.1_Contig1,7877750,NC_041738.1,11,autosome,1.0,1,1.7299999999999999e-28,0.99734,1.0,1,1,1,1,1,1,1,1,1,0.1283783783783783,0.1283783783783783,0.25,0.1238317757009345,1,1,0
45059123|F|0-49:C>G-49:C>G,45059123,49:C>G,49,PTTO01002624.1_Contig32,20323008,NC_041728.1,1,autosome,1.0,1,8.05e-27,0.99734,1.0,1,1,1,1,1,1,1,1,1,0.09009009009009,0.09009009009009,0.0,0.0934579439252336,0,1,0
45064776|F|0-21:G>A-21:G>A,45064776,21:G>A,21,PTTO01002104.1_Contig16,28659942,NC_041732.1,5,autosome,1.0,1,1.7299999999999999e-28,0.99734,1.0,1,1,1,1,1,1,1,1,1,0.0135135135135135,0.0135135135135135,0.0,0.014018691588785,0,1,0
45064779|F|0-9:C>T-9:C>T,45064779,9:C>T,9,PTTO01002793.1_Contig38,8419800,NC_041745.1,18,autosome,1.0,1,8.05e-27,0.994681,1.0,1,1,1,1,1,1,1,1,1,0.0945945945945946,0.0945945945945946,0.0,0.0981308411214953,0,1,0
45059136|F|0-26:A>G-26:A>G,45059136,26:A>G,26,PTTO01003571.1_Contig67,25142277,NC_041736.1,9,autosome,1.0,1,8.05e-27,1.0,1.0,1,1,1,1,1,1,1,1,1,0.9932432432432432,0.0067567567567567,1.0,0.9929906542056076,0,1,0
45059137|F|0-31:G>A-31:G>A,45059137,31:G>A,31,PTTO01003882.1_Contig102,5009993,NC_041732.1,5,autosome,1.0,1,1.7299999999999999e-28,1.0,1.0,1,1,1,1,1,1,1,1,1,0.0427927927927927,0.0427927927927927,0.0,0.0443925233644859,0,1,0
45059140|F|0-35:C>A-35:C>A,45059140,35:C>A,35,PTTO01001241.1_Contig276,15602163,NC_041740.1,13,autosome,1.0,1,1.7299999999999999e-28,0.99734,1.0,1,1,1,1,1,1,1,1,1,0.0923423423423423,0.0923423423423423,0.0,0.0957943925233644,0,1,0
45059142|F|0-18:C>T-18:C>T,45059142,18:C>T,18,PTTO01001051.1_Contig4,11983524,NC_041737.1,10,autosome,1.0,1,1.7299999999999999e-28,1.0,1.0,1,1,1,1,1,1,1,1,1,0.0045045045045045,0.0045045045045045,0.0,0.0046728971962616,0,1,0
45059150|F|0-17:G>A-17:G>A,45059150,17:G>A,17,PTTO01002476.1_Contig0,75794158,NC_041728.1,1,autosome,1.0,1,1.7299999999999999e-28,1.0,1.0,1,1,1,1,1,1,1,1,1,0.0225225225225225,0.0225225225225225,0.0,0.0233644859813084,0,1,0
45064788|F|0-53:C>A-53:C>A,45064788,53:C>A,53,PTTO01000875.1_Contig31,21777230,NC_041730.1,3,autosome,1.0,1,1.7299999999999999e-28,0.994681,1.0,1,1,1,1,1,1,1,1,0,0.0,0.0,0.0,0.0,0,0,0
45059158|F|0-26:C>T-26:C>T,45059158,26:C>T,26,PTTO01001241.1_Contig276,3441597,NC_041740.1,13,autosome,1.0,1,1.7299999999999999e-28,1.0,1.0,1,1,1,1,1,1,1,1,1,0.0135135135135135,0.0135135135135135,0.0,0.014018691588785,0,1,0
45064791|F|0-48:C>T-48:C>T,45064791,48:C>T,48,PTTO01000812.1_Contig368,1517735,NC_041748.1,21,autosome,1.0,1,2.24e-27,1.0,1.0,1,1,1,1,1,1,1,1,1,0.0743243243243243,0.0743243243243243,0.25,0.0677570093457943,1,1,0
45059163|F|0-7:C>A-7:C>A,45059163,7:C>A,7,PTTO01002476.1_Contig0,72601799,NC_041728.1,1,autosome,1.0,1,1.7299999999999999e-28,0.99734,1.0,1,1,1,1,1,1,1,1,1,0.0112612612612612,0.0112612612612612,0.0,0.0116822429906542,0,1,0
64983578|F|0-9:C>T-9:C>T,64983578,9:C>T,9,PTTO01002057.1_Contig2,31405071,NC_041730.1,3,autosome,1.0,1,1.7299999999999999e-28,1.0,1.0,1,1,1,1,1,1,1,1,0,0.0022522522522522,0.0022522522522522,0.0,0.0023364485981308,0,1,0
45064801|F|0-67:C>T-67:C>T,45064801,67:C>T,67,PTTO01000376.1_Contig11,2076767,NC_041745.1,18,autosome,1.0,1,1.7299999999999999e-28,0.99734,1.0,1,1,1,1,1,1,1,1,1,0.036036036036036,0.036036036036036,0.0,0.0373831775700934,0,1,0
45064802|F|0-38:T>C-38:T>C,45064802,38:T>C,38,PTTO01001349.1_Contig23,31967509,NC_041736.1,9,autosome,1.0,1,1.7299999999999999e-28,0.99734,1.0,1,1,1,1,1,1,1,1,1,0.0112612612612612,0.0112612612612612,0.0,0.0116822429906542,0,1,0
45059192|F|0-49:C>T-49:C>T,45059192,49:C>T,49,PTTO01000765.1_Contig334,9244569,NC_041729.1,2,autosome,1.0,1,8.05e-27,0.99734,1.0,1,1,1,1,1,1,1,1,1,0.0337837837837837,0.0337837837837837,0.0,0.0350467289719626,0,1,0
45059194|F|0-13:C>T-13:C>T,45059194,13:C>T,13,PTTO01000765.1_Contig334,5981379,NC_041729.1,2,autosome,1.0,2,1.7299999999999999e-28,1.0,1.0,1,1,1,1,1,1,1,1,1,0.4076576576576576,0.4076576576576576,0.5,0.4042056074766355,1,1,0
64983589|F|0-63:C>T-63:C>T,64983589,63:C>T,63,PTTO01002057.1_Contig2,14421937,NC_041730.1,3,autosome,1.0,1,1.7299999999999999e-28,0.994681,1.0,1,1,1,1,1,1,1,1,0,0.0,0.0,0.0,0.0,0,0,0
45059198|F|0-33:G>C-33:G>C,45059198,33:G>C,33,PTTO01002624.1_Contig32,23379244,NC_041728.1,1,autosome,1.0,1,1.7299999999999999e-28,0.994681,1.0,1,1,1,1,1,1,1,1,0,0.0,0.0,0.0,0.0,0,0,0
45064809|F|0-24:C>T-24:C>T,45064809,24:C>T,24,PTTO01002104.1_Contig16,10413478,NC_041732.1,5,autosome,1.0,2,1.7299999999999999e-28,1.0,1.0,1,1,1,1,1,1,1,1,1,0.0608108108108108,0.0608108108108108,0.0,0.0630841121495327,0,1,0
45059203|F|0-14:G>A-14:G>A,45059203,14:G>A,14,PTTO01002545.1_Contig22,21591520,NC_041728.1,1,autosome,1.0,1,1.7299999999999999e-28,0.99734,1.0,1,1,1,1,1,1,1,1,1,0.1328828828828828,0.1328828828828828,0.375,0.1238317757009345,1,1,0
45064814|F|0-41:A>T-41:A>T,45064814,41:A>T,41,PTTO01003889.1_Contig165,22350876,NC_041729.1,2,autosome,1.0,1,1.7299999999999999e-28,0.99734,1.0,1,1,1,1,1,1,1,1,1,0.0112612612612612,0.0112612612612612,0.0,0.0116822429906542,0,1,0
45059213|F|0-62:A>G-62:A>G,45059213,62:A>G,62,PTTO01002634.1_Contig60,8658879,NC_041732.1,5,autosome,1.0,1,1.7299999999999999e-28,0.99734,1.0,1,1,1,1,1,1,1,1,1,0.036036036036036,0.036036036036036,0.0625,0.0350467289719626,1,1,0
100031086|F|0-57:G>T-57:G>T,100031086,57:G>T,57,PTTO01000197.1_Contig3104,394764,NC_041729.1,2,autosome,1.0,1,1.7299999999999999e-28,0.99734,1.0,1,1,1,1,1,1,1,1,0,0.0,0.0,0.0,0.0,0,0,0
45059219|F|0-9:C>T-9:C>T,45059219,9:C>T,9,PTTO01003425.1_Contig303,4389646,NC_041743.1,16,autosome,1.0,1,1.7299999999999999e-28,0.984043,1.0,1,1,1,1,1,1,1,1,1,0.0022522522522522,0.0022522522522522,0.0,0.0023364485981308,0,1,0
45064825|F|0-53:C>A-53:C>A,45064825,53:C>A,53,PTTO01000115.1_Contig24,1036629,NC_041745.1,18,autosome,1.0,1,4.8100000000000006e-23,0.994681,1.0,1,1,1,1,1,1,1,1,1,0.0337837837837837,0.0337837837837837,0.375,0.0210280373831775,1,1,0
45064831|F|0-19:C>T-19:C>T,45064831,19:C>T,19,PTTO01001236.1_Contig336,10154232,NC_041746.1,19,autosome,1.0,5,8.05e-27,1.0,1.0,1,1,1,1,1,1,1,1,0,0.2995495495495495,0.2995495495495495,0.5,0.2920560747663551,1,1,0
45059248|F|0-11:C>T-11:C>T,45059248,11:C>T,11,PTTO01001349.1_Contig23,6868479,NC_041736.1,9,autosome,1.0,1,1.7299999999999999e-28,0.99734,1.0,1,1,1,1,1,1,1,1,1,0.0045045045045045,0.0045045045045045,0.0,0.0046728971962616,0,1,0
64978346|F|0-23:G>A-23:G>A,64978346,23:G>A,23,PTTO01001635.1_Contig17,2075267,NC_041748.1,21,autosome,1.0,1,1.7299999999999999e-28,1.0,1.0,1,1,1,1,1,1,1,1,0,0.0,0.0,0.0,0.0,0,0,0
45067218|F|0-68:G>A-68:G>A,45067218,68:G>A,68,PTTO01002473.1_Contig1,23012872,NC_041738.1,11,autosome,1.0,1,1.7299999999999999e-28,0.99734,1.0,1,1,1,1,1,1,1,1,1,0.063063063063063,0.063063063063063,0.3125,0.0537383177570093,1,1,0
45064856|F|0-44:G>A-44:G>A,45064856,44:G>A,44,PTTO01002372.1_Contig5,1906838,NC_041730.1,3,autosome,1.0,2,1.7299999999999999e-28,0.99734,1.0,1,1,1,1,1,1,1,1,1,0.009009009009009,0.009009009009009,0.0,0.0093457943925233,0,1,0
45064858|F|0-65:C>G-65:C>G,45064858,65:C>G,65,PTTO01001320.1_Contig70,795292,NC_041731.1,4,autosome,1.0,1,1.7299999999999999e-28,0.99734,1.0,1,1,1,1,1,1,1,1,1,0.0022522522522522,0.0022522522522522,0.0,0.0023364485981308,0,1,0
45059275|F|0-11:C>T-11:C>T,45059275,11:C>T,11,PTTO01002473.1_Contig1,4000029,NC_041738.1,11,autosome,1.0,1,1.7299999999999999e-28,0.99734,1.0,1,1,1,1,1,1,1,1,1,0.1959459459459459,0.1959459459459459,0.0625,0.2009345794392523,1,1,0
45059282|F|0-54:G>T-54:G>T,45059282,54:G>T,54,PTTO01001564.1_Contig1857,635706,NC_041746.1,19,autosome,1.0,1,1.7299999999999999e-28,0.992021,1.0,1,1,1,1,1,1,1,1,1,0.0315315315315315,0.0315315315315315,0.0,0.0327102803738317,0,1,0
64986090|F|0-58:C>A-58:C>A,64986090,58:C>A,58,PTTO01002315.1_Contig12,23007755,NC_041729.1,2,autosome,1.0,2,1.7299999999999999e-28,1.0,1.0,1,1,1,1,1,1,1,1,0,0.0067567567567567,0.0067567567567567,0.0,0.0070093457943925,0,1,0
45064871|F|0-26:G>T-26:G>T,45064871,26:G>T,26,PTTO01001370.1_Contig26,13420360,NC_041734.1,7,autosome,1.0,1,1.3799999999999998e-23,1.0,1.0,1,1,1,1,1,1,1,1,1,0.1824324324324324,0.1824324324324324,0.1875,0.1822429906542056,1,1,0
45064875|F|0-35:G>A-35:G>A,45064875,35:G>A,35,PTTO01001051.1_Contig4,21311023,NC_041737.1,10,autosome,1.0,1,3.22e-25,1.0,1.0,1,1,1,1,1,1,1,1,1,0.0653153153153153,0.0653153153153153,0.0,0.0677570093457943,0,1,0
45059318|F|0-17:A>T-17:A>T,45059318,17:A>T,17,PTTO01000276.1_Contig319,4875505,NC_041737.1,10,autosome,1.0,1,1.7299999999999999e-28,1.0,1.0,1,1,1,1,1,1,1,1,0,0.1666666666666666,0.1666666666666666,0.0,0.1728971962616822,0,1,0
45059321|F|0-60:A>G-60:A>G,45059321,60:A>G,60,PTTO01002624.1_Contig32,31379264,NC_041728.1,1,autosome,1.0,1,1.7299999999999999e-28,0.994681,1.0,1,1,1,1,1,1,1,1,1,0.0675675675675675,0.0675675675675675,0.0,0.0700934579439252,0,1,0
45059323|F|0-12:T>A-12:T>A,45059323,12:T>A,12,PTTO01003788.1_Contig2016,3403676,NC_041729.1,2,autosome,1.0,1,1.7299999999999999e-28,0.99734,1.0,1,1,1,1,1,1,1,1,1,0.0405405405405405,0.0405405405405405,0.0,0.0420560747663551,0,1,0
45064886|F|0-16:C>T-16:C>T,45064886,16:C>T,16,PTTO01003671.1_Contig19,1866870,NC_041735.1,8,autosome,1.0,1,1.7299999999999999e-28,0.99734,1.0,1,1,1,1,1,1,1,1,1,0.0608108108108108,0.0608108108108108,0.0,0.0630841121495327,0,1,0
64978413|F|0-44:C>T-44:C>T,64978413,44:C>T,44,PTTO01003671.1_Contig19,19484546,NC_041735.1,8,autosome,1.0,1,1.7299999999999999e-28,0.99734,1.0,1,1,1,1,1,1,1,1,0,0.0,0.0,0.0,0.0,0,0,0
45059336|F|0-62:C>T-62:C>T,45059336,62:C>T,62,PTTO01001839.1_Contig208,13864027,NC_041741.1,14,autosome,1.0,1,1.7299999999999999e-28,0.99734,1.0,1,1,1,1,1,1,1,1,1,0.0585585585585585,0.0585585585585585,0.0,0.0607476635514018,0,1,0
45064890|F|0-34:T>C-34:T>C,45064890,34:T>C,34,PTTO01002057.1_Contig2,496301,NC_041730.1,3,autosome,1.0,1,1.7299999999999999e-28,1.0,1.0,1,1,1,1,1,1,1,1,1,0.1486486486486486,0.1486486486486486,0.25,0.1448598130841121,1,1,0
45064895|F|0-38:G>C-38:G>C,45064895,38:G>C,38,PTTO01000376.1_Contig11,2334384,NC_041745.1,18,autosome,1.0,1,1.7299999999999999e-28,1.0,1.0,1,1,1,1,1,1,1,1,1,0.0405405405405405,0.0405405405405405,0.0,0.0420560747663551,0,1,0
45059349|F|0-45:G>A-45:G>A,45059349,45:G>A,45,PTTO01001241.1_Contig276,15278107,NC_041740.1,13,autosome,1.0,1,1.7299999999999999e-28,0.994681,1.0,1,1,1,1,1,1,1,1,1,0.0247747747747747,0.0247747747747747,0.0,0.0257009345794392,0,1,0
64988277|F|0-66:C>G-66:C>G,64988277,66:C>G,66,PTTO01000875.1_Contig31,2967379,NC_041730.1,3,autosome,1.0,1,1.7299999999999999e-28,0.99734,1.0,1,1,1,1,1,1,1,1,0,0.0,0.0,0.0,0.0,0,0,0
64978440|F|0-28:G>A-28:G>A,64978440,28:G>A,28,PTTO01002634.1_Contig60,7572644,NC_041732.1,5,autosome,1.0,1,1.7299999999999999e-28,0.994681,1.0,1,1,1,1,1,1,1,1,0,0.0045045045045045,0.0045045045045045,0.0,0.0046728971962616,0,1,0
45064898|F|0-54:C>A-54:C>A,45064898,54:C>A,54,PTTO01001947.1_Contig1761,684795,NC_041748.1,21,autosome,1.0,1,1.7299999999999999e-28,0.99734,1.0,1,1,1,1,1,1,1,1,1,0.0157657657657657,0.0157657657657657,0.0,0.0163551401869158,0,1,0
45064901|F|0-20:G>A-20:G>A,45064901,20:G>A,20,PTTO01002815.1_Contig4081,7232562,NC_041744.1,17,autosome,1.0,1,1.7299999999999999e-28,0.978723,1.0,1,1,1,1,1,1,1,1,1,0.0855855855855855,0.0855855855855855,0.0,0.0887850467289719,0,1,0
64986101|F|0-48:T>G-48:T>G,64986101,48:T>G,48,PTTO01002261.1_Contig251,11926540,NC_041743.1,16,autosome,1.0,1,1.7299999999999999e-28,1.0,1.0,1,1,1,1,1,1,1,1,0,0.0,0.0,0.0,0.0,0,0,0
45064905|F|0-66:G>C-66:G>C,45064905,66:G>C,66,PTTO01002476.1_Contig0,55872374,NC_041728.1,1,autosome,1.0,1,1.7299999999999999e-28,1.0,1.0,1,1,1,1,1,1,1,1,1,0.0112612612612612,0.0112612612612612,0.0,0.0116822429906542,0,1,0
64978452|F|0-18:A>G-18:A>G,64978452,18:A>G,18,PTTO01003710.1_Contig217,3887740,NC_041733.1,6,autosome,1.0,1,1.7299999999999999e-28,0.986702,1.0,1,1,1,1,1,1,1,1,0,0.0,0.0,0.0,0.0,0,0,0
45059378|F|0-52:A>C-52:A>C,45059378,52:A>C,52,PTTO01002315.1_Contig12,14346340,NC_041729.1,2,autosome,1.0,1,1.7299999999999999e-28,0.99734,1.0,1,1,1,1,1,1,1,1,1,0.0067567567567567,0.0067567567567567,0.0,0.0070093457943925,0,1,0
45057478|F|0-5:G>C-5:G>C,45057478,5:G>C,5,PTTO01001689.1_Contig41,1212200,NC_041740.1,13,autosome,1.0,1,1.7299999999999999e-28,0.99734,1.0,1,1,1,1,1,1,1,1,1,0.2792792792792792,0.2792792792792792,0.375,0.2757009345794392,1,1,0
45059381|F|0-36:G>T-36:G>T,45059381,36:G>T,36,PTTO01002967.1_Contig85,7610499,NC_041733.1,6,autosome,1.0,1,1.7299999999999999e-28,0.99734,1.0,1,1,1,1,1,1,1,1,1,0.0225225225225225,0.0225225225225225,0.0,0.0233644859813084,0,1,0
45059389|F|0-46:C>T-46:C>T,45059389,46:C>T,46,PTTO01004492.1_Contig25,11404611,NC_041732.1,5,autosome,1.0,1,1.7299999999999999e-28,0.99734,1.0,1,1,1,1,1,1,1,1,0,0.0112612612612612,0.0112612612612612,0.0,0.0116822429906542,0,1,0
45064911|F|0-15:G>A-15:G>A,45064911,15:G>A,15,PTTO01001051.1_Contig4,20560177,NC_041737.1,10,autosome,1.0,1,1.7299999999999999e-28,0.994681,1.0,1,1,1,1,1,1,1,1,1,0.0563063063063063,0.0563063063063063,0.0,0.058411214953271,0,1,0
64983663|F|0-48:T>G-48:T>G,64983663,48:T>G,48,PTTO01003710.1_Contig217,8805323,NC_041733.1,6,autosome,1.0,1,1.7299999999999999e-28,0.99734,1.0,1,1,1,1,1,1,1,1,0,0.0,0.0,0.0,0.0,0,0,0
45064921|F|0-26:G>A-26:G>A,45064921,26:G>A,26,PTTO01004519.1_Contig1477,4758350,NC_041735.1,8,autosome,1.0,1,1.7299999999999999e-28,1.0,1.0,1,1,1,1,1,1,1,1,1,0.1486486486486486,0.1486486486486486,0.1875,0.1471962616822429,1,1,0
45064927|F|0-43:G>C-43:G>C,45064927,43:G>C,43,PTTO01003422.1_Contig3522,739072,NC_041738.1,11,autosome,1.0,1,1.7299999999999999e-28,0.994681,1.0,1,1,1,1,1,1,1,1,0,0.0472972972972973,0.0472972972972973,0.0,0.0490654205607476,0,1,0
45059462|F|0-9:G>A-9:G>A,45059462,9:G>A,9,PTTO01004492.1_Contig25,3768897,NC_041732.1,5,autosome,1.0,1,1.3799999999999998e-23,0.994681,1.0,1,1,1,1,1,1,1,1,1,0.2094594594594594,0.2094594594594594,0.0,0.2172897196261682,0,1,0
64987483|F|0-38:A>G-38:A>G,64987483,38:A>G,38,PTTO01001315.1_Contig92,2106704,NC_041742.1,15,autosome,1.0,1,1.7299999999999999e-28,0.99734,1.0,1,1,1,1,1,1,1,1,0,0.0022522522522522,0.0022522522522522,0.0,0.0023364485981308,0,1,0
45059454|F|0-59:C>G-59:C>G,45059454,59:C>G,59,PTTO01001633.1_Contig312,23263489,NC_041739.1,12,autosome,1.0,1,2.9000000000000004e-26,0.99734,1.0,1,1,1,1,1,1,1,1,1,0.1599099099099099,0.1599099099099099,0.25,0.1565420560747663,1,1,0
45053612|F|0-32:A>G-32:A>G,45053612,32:A>G,32,PTTO01002315.1_Contig12,21150310,NC_041729.1,2,autosome,1.0,1,1.7299999999999999e-28,0.99734,1.0,1,1,1,1,1,1,1,1,1,0.2792792792792792,0.2792792792792792,0.125,0.2850467289719626,1,1,0
45059464|F|0-24:G>C-24:G>C,45059464,24:G>C,24,PTTO01002315.1_Contig12,5729892,NC_041729.1,2,autosome,1.0,1,1.7299999999999999e-28,0.99734,1.0,1,1,1,1,1,1,1,1,1,0.0112612612612612,0.0112612612612612,0.0,0.0116822429906542,0,1,0
45064939|F|0-26:G>T-26:G>T,45064939,26:G>T,26,PTTO01000586.1_Contig1034,302813,NC_041728.1,1,autosome,1.0,1,1.7299999999999999e-28,1.0,1.0,1,1,1,1,1,1,1,1,1,0.054054054054054,0.054054054054054,0.0,0.0560747663551401,0,1,0
45064940|F|0-16:C>G-16:C>G,45064940,16:C>G,16,PTTO01003671.1_Contig19,18317552,NC_041735.1,8,autosome,1.0,2,1.7299999999999999e-28,0.99734,1.0,1,1,1,1,1,1,1,1,1,0.0045045045045045,0.0045045045045045,0.0,0.0046728971962616,0,1,0
45064943|F|0-66:T>C-66:T>C,45064943,66:T>C,66,PTTO01002057.1_Contig2,2531483,NC_041730.1,3,autosome,1.0,1,1.7299999999999999e-28,0.99734,1.0,1,1,1,1,1,1,1,1,1,0.0675675675675675,0.0675675675675675,0.0,0.0700934579439252,0,1,0
45067673|F|0-11:G>T-11:G>T,45067673,11:G>T,11,PTTO01003671.1_Contig19,20168532,NC_041735.1,8,autosome,1.0,1,1.7299999999999999e-28,1.0,1.0,1,1,1,1,1,1,1,1,1,0.1891891891891892,0.1891891891891892,0.0,0.1962616822429906,0,1,0
45067260|F|0-66:A>G-66:A>G,45067260,66:A>G,66,PTTO01003671.1_Contig19,13849105,NC_041735.1,8,autosome,1.0,1,1.7299999999999999e-28,1.0,1.0,1,1,1,1,1,1,1,1,1,0.0112612612612612,0.0112612612612612,0.0,0.0116822429906542,0,1,0
45059498|F|0-18:C>A-18:C>A,45059498,18:C>A,18,PTTO01002104.1_Contig16,19621489,NC_041732.1,5,autosome,1.0,1,1.7299999999999999e-28,0.99734,1.0,1,1,1,1,1,1,1,1,1,0.0382882882882882,0.0382882882882882,0.0,0.0397196261682243,0,1,0
45059503|F|0-17:G>A-17:G>A,45059503,17:G>A,17,PTTO01000006.1_Contig148,5432299,NC_041734.1,7,autosome,1.0,1,1.7299999999999999e-28,1.0,1.0,1,1,1,1,1,1,1,1,1,0.0878378378378378,0.0878378378378378,0.0625,0.0887850467289719,1,1,0
45059512|F|0-60:G>A-60:G>A,45059512,60:G>A,60,PTTO01002793.1_Contig38,5943993,NC_041745.1,18,autosome,1.0,1,1.7299999999999999e-28,1.0,1.0,1,1,1,1,1,1,1,1,1,0.018018018018018,0.018018018018018,0.0,0.0186915887850467,0,1,0
45059519|F|0-49:G>A-49:G>A,45059519,49:G>A,49,PTTO01001236.1_Contig336,11680065,NC_041746.1,19,autosome,1.0,2,1.7299999999999999e-28,1.0,1.0,1,1,1,1,1,1,1,1,1,0.036036036036036,0.036036036036036,0.0,0.0373831775700934,0,1,0
45059527|F|0-59:C>T-59:C>T,45059527,59:C>T,59,PTTO01001940.1_Contig353,1462797,NC_041731.1,4,autosome,1.0,1,1.7299999999999999e-28,1.0,1.0,1,1,1,1,1,1,1,1,1,0.0563063063063063,0.0563063063063063,0.0,0.058411214953271,0,1,0
45059531|F|0-66:A>G-66:A>G,45059531,66:A>G,66,PTTO01002057.1_Contig2,31439836,NC_041730.1,3,autosome,1.0,1,1.7299999999999999e-28,0.994681,1.0,1,1,1,1,1,1,1,1,1,0.036036036036036,0.036036036036036,0.0,0.0373831775700934,0,1,0
45059532|F|0-6:A>C-6:A>C,45059532,6:A>C,6,PTTO01001678.1_Contig35,2019999,NC_041737.1,10,autosome,1.0,1,8.05e-27,0.99734,1.0,1,1,1,1,1,1,1,1,1,0.0608108108108108,0.0608108108108108,0.0,0.0630841121495327,0,1,0
64978613|F|0-22:C>A-22:C>A,64978613,22:C>A,22,PTTO01002624.1_Contig32,6985318,NC_041728.1,1,autosome,1.0,1,1.7299999999999999e-28,1.0,1.0,1,1,1,1,1,1,1,1,0,0.0,0.0,0.0,0.0,0,0,0
45064967|F|0-68:C>T-68:C>T,45064967,68:C>T,68,PTTO01002476.1_Contig0,69854350,NC_041728.1,1,autosome,1.0,1,1.7299999999999999e-28,0.99734,1.0,1,1,1,1,1,1,1,1,1,0.0698198198198198,0.0698198198198198,0.0,0.072429906542056,0,1,0
45067270|F|0-19:A>C-19:A>C,45067270,19:A>C,19,PTTO01002715.1_Contig75,382965,NC_041730.1,3,autosome,1.0,1,1.7299999999999999e-28,1.0,1.0,1,1,1,1,1,1,1,1,1,0.1531531531531531,0.1531531531531531,0.125,0.1542056074766355,1,1,0
45064975|F|0-43:G>A-43:G>A,45064975,43:G>A,43,PTTO01004446.1_Contig146,4387939,NC_041742.1,15,autosome,1.0,1,1.7299999999999999e-28,0.99734,1.0,1,1,1,1,1,1,1,1,1,0.018018018018018,0.018018018018018,0.0,0.0186915887850467,0,1,0
45059559|F|0-16:C>T-16:C>T,45059559,16:C>T,16,PTTO01001370.1_Contig26,17562942,NC_041734.1,7,autosome,1.0,1,1.7299999999999999e-28,1.0,1.0,1,1,1,1,1,1,1,1,1,0.0067567567567567,0.0067567567567567,0.0,0.0070093457943925,0,1,0
45059563|F|0-64:C>T-64:C>T,45059563,64:C>T,64,PTTO01000376.1_Contig11,24931146,NC_041745.1,18,autosome,1.0,1,1.7299999999999999e-28,0.99734,1.0,1,1,1,1,1,1,1,1,1,0.0112612612612612,0.0112612612612612,0.0,0.0116822429906542,0,1,0
45059564|F|0-38:G>A-38:G>A,45059564,38:G>A,38,PTTO01001940.1_Contig353,5442498,NC_041731.1,4,autosome,1.0,1,1.7299999999999999e-28,0.99734,1.0,1,1,1,1,1,1,1,1,1,0.0382882882882882,0.0382882882882882,0.25,0.0303738317757009,1,1,0
45064979|F|0-30:G>C-30:G>C,45064979,30:G>C,30,PTTO01001370.1_Contig26,32249402,NC_041734.1,7,autosome,1.0,1,1.7299999999999999e-28,1.0,1.0,1,1,1,1,1,1,1,1,1,0.2635135135135135,0.2635135135135135,0.375,0.2593457943925233,1,1,0
45059570|F|0-22:A>G-22:A>G,45059570,22:A>G,22,PTTO01002372.1_Contig5,4514762,NC_041730.1,3,autosome,1.0,1,8.05e-27,0.99734,1.0,1,1,1,1,1,1,1,1,1,0.3828828828828828,0.3828828828828828,0.1875,0.3901869158878505,1,1,0
45064980|F|0-15:G>C-15:G>C,45064980,15:G>C,15,PTTO01001370.1_Contig26,19106921,NC_041734.1,7,autosome,1.0,1,1.7299999999999999e-28,0.994681,1.0,1,1,1,1,1,1,1,1,0,0.6058558558558559,0.3941441441441441,0.4375,0.6121495327102804,1,1,0
45059571|F|0-66:G>A-66:G>A,45059571,66:G>A,66,PTTO01002822.1_Contig364,4814890,NC_041731.1,4,autosome,1.0,1,1.7299999999999999e-28,0.99734,1.0,1,1,1,1,1,1,1,1,1,0.1126126126126126,0.1126126126126126,0.3125,0.1051401869158878,1,1,0
45059587|F|0-25:C>T-25:C>T,45059587,25:C>T,25,PTTO01004535.1_Contig9,5234900,NC_041731.1,4,autosome,1.0,1,1.7299999999999999e-28,1.0,1.0,1,1,1,1,1,1,1,1,1,0.1486486486486486,0.1486486486486486,0.5,0.1355140186915887,1,1,0
45059588|F|0-34:G>A-34:G>A,45059588,34:G>A,34,PTTO01002967.1_Contig85,7617176,NC_041733.1,6,autosome,1.0,1,1.7299999999999999e-28,0.99734,1.0,1,1,1,1,1,1,1,1,1,0.0315315315315315,0.0315315315315315,0.0,0.0327102803738317,0,1,0
45059589|F|0-30:G>T-30:G>T,45059589,30:G>T,30,PTTO01003571.1_Contig67,2829192,NC_041736.1,9,autosome,1.0,1,1.7299999999999999e-28,1.0,1.0,1,1,1,1,1,1,1,1,1,0.1936936936936936,0.1936936936936936,0.1875,0.1939252336448598,1,1,0
45062103|F|0-57:C>T-57:C>T,45062103,57:C>T,57,PTTO01004446.1_Contig146,4209693,NC_041742.1,15,autosome,1.0,1,1.7299999999999999e-28,0.99734,1.0,1,1,1,1,1,1,1,1,1,0.0675675675675675,0.0675675675675675,0.0,0.0700934579439252,0,1,0
45059594|F|0-65:G>A-65:G>A,45059594,65:G>A,65,PTTO01002624.1_Contig32,23087574,NC_041728.1,1,autosome,1.0,901,1.7299999999999999e-28,0.99734,1.0,1,1,1,1,1,1,1,1,1,0.0112612612612612,0.0112612612612612,0.0,0.0116822429906542,0,1,0
45059599|F|0-20:A>G-20:A>G,45059599,20:A>G,20,PTTO01003695.1_Contig4240,2772760,NC_041733.1,6,autosome,1.0,1,1.7299999999999999e-28,0.99734,1.0,1,1,1,1,1,1,1,1,1,0.0585585585585585,0.0585585585585585,0.0,0.0607476635514018,0,1,0
45064998|F|0-12:G>C-12:G>C,45064998,12:G>C,12,PTTO01002476.1_Contig0,19182317,NC_041728.1,1,autosome,1.0,1,1.7299999999999999e-28,1.0,1.0,1,1,1,1,1,1,1,1,1,0.0022522522522522,0.0022522522522522,0.0,0.0023364485981308,0,1,0
45059610|F|0-32:T>A-32:T>A,45059610,32:T>A,32,PTTO01000376.1_Contig11,10491320,NC_041745.1,18,autosome,1.0,1,1.7299999999999999e-28,1.0,1.0,1,1,1,1,1,1,1,1,1,0.0743243243243243,0.0743243243243243,0.0,0.0771028037383177,0,1,0
45059612|F|0-50:G>A-50:G>A,45059612,50:G>A,50,PTTO01004262.1_Contig52,10413893,NC_041731.1,4,autosome,1.0,1,1.7299999999999999e-28,0.99734,1.0,1,1,1,1,1,1,1,1,1,0.0968468468468468,0.0968468468468468,0.0,0.1004672897196261,0,1,0
45064999|F|0-63:G>A-63:G>A,45064999,63:G>A,63,PTTO01000705.1_Contig20,900587,NC_041743.1,16,autosome,1.0,1,8.05e-27,1.0,1.0,1,1,1,1,1,1,1,1,0,0.5135135135135135,0.4864864864864865,1.0,0.4953271028037383,0,1,0
45059630|F|0-62:A>C-62:A>C,45059630,62:A>C,62,PTTO01002822.1_Contig364,3535255,NC_041731.1,4,autosome,1.0,1,1.7299999999999999e-28,0.99734,1.0,1,1,1,1,1,1,1,1,1,0.0202702702702702,0.0202702702702702,0.0,0.0210280373831775,0,1,0
45059632|F|0-29:C>A-29:C>A,45059632,29:C>A,29,PTTO01002057.1_Contig2,28961082,NC_041730.1,3,autosome,1.0,1,1.7299999999999999e-28,0.994681,1.0,1,1,1,1,1,1,1,1,1,0.0112612612612612,0.0112612612612612,0.0,0.0116822429906542,0,1,0
64987017|F|0-10:C>T-10:C>T,64987017,10:C>T,10,PTTO01001349.1_Contig23,12698511,NC_041736.1,9,autosome,1.0,1,1.7299999999999999e-28,1.0,1.0,1,1,1,1,1,1,1,1,0,0.0,0.0,0.0,0.0,0,0,0
45065011|F|0-21:C>T-21:C>T,45065011,21:C>T,21,PTTO01002634.1_Contig60,12814719,NC_041732.1,5,autosome,1.0,1,1.7299999999999999e-28,1.0,1.0,1,1,1,1,1,1,1,1,1,0.009009009009009,0.009009009009009,0.0,0.0093457943925233,0,1,0
45059647|F|0-59:C>T-59:C>T,45059647,59:C>T,59,PTTO01001633.1_Contig312,3597673,NC_041739.1,12,autosome,1.0,1,1.7299999999999999e-28,0.99734,1.0,1,1,1,1,1,1,1,1,1,0.3536036036036036,0.3536036036036036,0.4375,0.3504672897196261,1,1,0
45059649|F|0-16:A>C-16:A>C,45059649,16:A>C,16,PTTO01002261.1_Contig251,9417966,NC_041743.1,16,autosome,1.0,1,1.7299999999999999e-28,1.0,1.0,1,1,1,1,1,1,1,1,1,0.1126126126126126,0.1126126126126126,0.0,0.116822429906542,0,1,0
45059654|F|0-22:A>C-22:A>C,45059654,22:A>C,22,PTTO01000166.1_Contig207,2136346,NC_041747.1,20,autosome,1.0,1,1.7299999999999999e-28,1.0,1.0,1,1,1,1,1,1,1,1,1,0.09009009009009,0.09009009009009,0.0,0.0934579439252336,0,1,0
100031567|F|0-34:G>A-34:G>A,100031567,34:G>A,34,PTTO01001349.1_Contig23,16702800,NC_041736.1,9,autosome,1.0,1,1.7299999999999999e-28,0.99734,1.0,1,1,1,1,1,1,1,1,0,0.0,0.0,0.0,0.0,0,0,0
45059663|F|0-10:C>T-10:C>T,45059663,10:C>T,10,PTTO01001320.1_Contig70,15217711,NC_041731.1,4,autosome,1.0,1,1.7299999999999999e-28,0.994681,1.0,1,1,1,1,1,1,1,1,1,0.1711711711711711,0.1711711711711711,0.1875,0.1705607476635514,1,1,0
45059667|F|0-23:G>C-23:G>C,45059667,23:G>C,23,PTTO01002476.1_Contig0,63147972,NC_041728.1,1,autosome,1.0,1,1.7299999999999999e-28,0.99734,1.0,1,1,1,1,1,1,1,1,1,0.027027027027027,0.027027027027027,0.0,0.02803738317757,0,1,0
45059686|F|0-20:G>C-20:G>C,45059686,20:G>C,20,PTTO01003005.1_Contig4265,4524197,NC_041740.1,13,autosome,1.0,1,1.7299999999999999e-28,1.0,1.0,1,1,1,1,1,1,1,1,1,0.0022522522522522,0.0022522522522522,0.0,0.0023364485981308,0,1,0
45065040|F|0-14:G>T-14:G>T,45065040,14:G>T,14,PTTO01002967.1_Contig85,6180228,NC_041733.1,6,autosome,1.0,1,1.7299999999999999e-28,1.0,1.0,1,1,1,1,1,1,1,1,1,0.018018018018018,0.018018018018018,0.0,0.0186915887850467,0,1,0
45065043|F|0-68:T>A-68:T>A,45065043,68:T>A,68,PTTO01000115.1_Contig24,1937220,NC_041745.1,18,autosome,1.0,1,1.7299999999999999e-28,1.0,1.0,1,1,1,1,1,1,1,1,1,0.0022522522522522,0.0022522522522522,0.0,0.0023364485981308,0,1,0
45065044|F|0-35:A>T-35:A>T,45065044,35:A>T,35,PTTO01000765.1_Contig334,2035182,NC_041729.1,2,autosome,1.0,1,1.7299999999999999e-28,0.992021,1.0,1,1,1,1,1,1,1,1,1,0.0157657657657657,0.0157657657657657,0.0,0.0163551401869158,0,1,0
45059726|F|0-60:G>A-60:G>A,45059726,60:G>A,60,PTTO01000959.1_Contig66,169007,NC_041748.1,21,autosome,1.0,1,1.7299999999999999e-28,0.994681,1.0,1,1,1,1,1,1,1,1,1,0.0518018018018018,0.0518018018018018,0.0,0.0537383177570093,0,1,0
64978860|F|0-36:T>G-36:T>G,64978860,36:T>G,36,PTTO01002476.1_Contig0,59830071,NC_041728.1,1,autosome,1.0,14,1.7299999999999999e-28,0.99734,1.0,1,1,1,1,1,1,1,1,0,0.0,0.0,0.0,0.0,0,0,0
64983785|F|0-33:C>T-33:C>T,64983785,33:C>T,33,PTTO01003671.1_Contig19,22638812,NC_041735.1,8,autosome,1.0,1,1.7299999999999999e-28,0.99734,1.0,1,1,1,1,1,1,1,1,0,0.0247747747747747,0.0247747747747747,0.5,0.0070093457943925,1,1,0
45065065|F|0-16:G>A-16:G>A,45065065,16:G>A,16,PTTO01002476.1_Contig0,88289176,NC_041728.1,1,autosome,1.0,1,1.7299999999999999e-28,0.99734,1.0,1,1,1,1,1,1,1,1,1,0.027027027027027,0.027027027027027,0.0,0.02803738317757,0,1,0
64978893|F|0-33:A>G-33:A>G,64978893,33:A>G,33,PTTO01000765.1_Contig334,22521537,NC_041729.1,2,autosome,1.0,1,1.7299999999999999e-28,1.0,1.0,1,1,1,1,1,1,1,1,0,0.0157657657657657,0.0157657657657657,0.0,0.0163551401869158,0,1,0
45059757|F|0-63:G>A-63:G>A,45059757,63:G>A,63,PTTO01001320.1_Contig70,14129533,NC_041731.1,4,autosome,1.0,1,1.7299999999999999e-28,0.99734,1.0,1,1,1,1,1,1,1,1,1,0.1283783783783783,0.1283783783783783,0.0625,0.1308411214953271,1,1,0
45065074|F|0-53:C>G-53:C>G,45065074,53:C>G,53,PTTO01002624.1_Contig32,5051024,NC_041728.1,1,autosome,1.0,19,1.7299999999999999e-28,1.0,1.0,1,1,1,1,1,1,1,1,1,0.081081081081081,0.081081081081081,0.0625,0.0817757009345794,1,1,0
64978941|F|0-50:C>T-50:C>T,64978941,50:C>T,50,PTTO01000318.1_Contig139,11784574,NC_041730.1,3,autosome,1.0,1,1.7299999999999999e-28,1.0,1.0,1,1,1,1,1,1,1,1,0,0.0,0.0,0.0,0.0,0,0,0
64978942|F|0-61:G>A-61:G>A,64978942,61:G>A,61,PTTO01000197.1_Contig3104,2207684,NC_041729.1,2,autosome,1.0,1,1.7299999999999999e-28,0.994681,1.0,1,1,1,1,1,1,1,1,0,0.0,0.0,0.0,0.0,0,0,0
64978943|F|0-22:T>C-22:T>C,64978943,22:T>C,22,PTTO01001610.1_Contig358,2672657,NC_041729.1,2,autosome,1.0,1,1.7299999999999999e-28,0.99734,1.0,1,1,1,1,1,1,1,1,0,0.0,0.0,0.0,0.0,0,0,0
45065096|F|0-38:C>T-38:C>T,45065096,38:C>T,38,PTTO01001370.1_Contig26,7212778,NC_041734.1,7,autosome,1.0,1,1.7299999999999999e-28,0.99734,1.0,1,1,1,1,1,1,1,1,1,0.0382882882882882,0.0382882882882882,0.0,0.0397196261682243,0,1,0
45065099|F|0-55:A>T-55:A>T,45065099,55:A>T,55,PTTO01000974.1_Contig37,17498512,NC_041741.1,14,autosome,1.0,1,1.7299999999999999e-28,0.99734,1.0,1,1,1,1,1,1,1,1,1,0.0112612612612612,0.0112612612612612,0.0,0.0116822429906542,0,1,0
45059834|F|0-64:C>A-64:C>A,45059834,64:C>A,64,PTTO01002261.1_Contig251,6476805,NC_041743.1,16,autosome,1.0,1,1.7299999999999999e-28,0.99734,1.0,1,1,1,1,1,1,1,1,1,0.1666666666666666,0.1666666666666666,0.125,0.1682242990654205,1,1,0
45059835|F|0-42:C>A-42:C>A,45059835,42:C>A,42,PTTO01002476.1_Contig0,24405465,NC_041728.1,1,autosome,1.0,1,1.7299999999999999e-28,1.0,1.0,1,1,1,1,1,1,1,1,1,0.0157657657657657,0.0157657657657657,0.0,0.0163551401869158,0,1,0
64983830|F|0-66:C>G-66:C>G,64983830,66:C>G,66,PTTO01002624.1_Contig32,12438411,NC_041728.1,1,autosome,1.0,4,1.7299999999999999e-28,0.99734,1.0,1,1,1,1,1,1,1,1,0,0.018018018018018,0.018018018018018,0.5,0.0,1,0,0
64978994|F|0-36:A>G-36:A>G,64978994,36:A>G,36,PTTO01001320.1_Contig70,1754106,NC_041731.1,4,autosome,1.0,1,1.7299999999999999e-28,0.99734,1.0,1,1,1,1,1,1,1,1,0,0.0,0.0,0.0,0.0,0,0,0
100031788|F|0-43:G>A-43:G>A,100031788,43:G>A,43,PTTO01001696.1_Contig254,6782401,NC_041747.1,20,autosome,1.0,1,1.7299999999999999e-28,0.986702,1.0,1,1,1,1,1,1,1,1,0,0.0022522522522522,0.0022522522522522,0.0,0.0023364485981308,0,1,0
45065109|F|0-67:C>T-67:C>T,45065109,67:C>T,67,PTTO01001421.1_Contig177,948762,NC_041730.1,3,autosome,1.0,1,2.24e-27,0.99734,1.0,1,1,1,1,1,1,1,1,1,0.322072072072072,0.322072072072072,0.1875,0.3271028037383177,1,1,0
64983836|F|0-59:T>C-59:T>C,64983836,59:T>C,59,PTTO01002104.1_Contig16,9857206,NC_041732.1,5,autosome,1.0,1,1.7299999999999999e-28,1.0,1.0,1,1,1,1,1,1,1,1,0,0.0315315315315315,0.0315315315315315,0.625,0.0093457943925233,1,1,0
45059849|F|0-32:T>A-32:T>A,45059849,32:T>A,32,PTTO01001940.1_Contig353,7883719,NC_041731.1,4,autosome,1.0,1,1.7299999999999999e-28,1.0,1.0,1,1,1,1,1,1,1,1,1,0.0202702702702702,0.0202702702702702,0.0,0.0210280373831775,0,1,0
64988307|F|0-44:G>C-44:G>C,64988307,44:G>C,44,PTTO01002476.1_Contig0,38011155,NC_041728.1,1,autosome,1.0,2,1.7299999999999999e-28,1.0,1.0,1,1,1,1,1,1,1,1,0,0.0,0.0,0.0,0.0,0,0,0
45059858|F|0-54:C>T-54:C>T,45059858,54:C>T,54,PTTO01001940.1_Contig353,8547880,NC_041731.1,4,autosome,1.0,1,1.7299999999999999e-28,0.99734,1.0,1,1,1,1,1,1,1,1,1,0.0968468468468468,0.0968468468468468,0.0,0.1004672897196261,0,1,0
64986175|F|0-28:G>T-28:G>T,64986175,28:G>T,28,PTTO01003710.1_Contig217,5729011,NC_041733.1,6,autosome,1.0,414,1.7299999999999999e-28,1.0,1.0,1,1,1,1,1,1,1,1,0,0.0,0.0,0.0,0.0,0,0,0
64979031|F|0-61:C>G-61:C>G,64979031,61:C>G,61,PTTO01000006.1_Contig148,16342267,NC_041734.1,7,autosome,1.0,1,1.7299999999999999e-28,1.0,1.0,1,1,1,1,1,1,1,1,0,0.0,0.0,0.0,0.0,0,0,0
45059871|F|0-66:T>G-66:T>G,45059871,66:T>G,66,PTTO01000765.1_Contig334,16546323,NC_041729.1,2,autosome,1.0,1,1.7299999999999999e-28,1.0,1.0,1,1,1,1,1,1,1,1,1,0.9504504504504504,0.0495495495495496,1.0,0.9485981308411215,0,1,0
45065118|F|0-59:G>A-59:G>A,45065118,59:G>A,59,PTTO01004492.1_Contig25,11745947,NC_041732.1,5,autosome,1.0,1,1.7299999999999999e-28,0.994681,1.0,1,1,1,1,1,1,1,1,1,0.0990990990990991,0.0990990990990991,0.0,0.102803738317757,0,1,0
45067338|F|0-65:G>A-65:G>A,45067338,65:G>A,65,PTTO01003857.1_Contig1099,1254578,NC_041732.1,5,autosome,1.0,1,1.7299999999999999e-28,1.0,1.0,1,1,1,1,1,1,1,1,1,0.1756756756756756,0.1756756756756756,0.25,0.1728971962616822,1,1,0
45059876|F|0-48:A>C-48:A>C,45059876,48:A>C,48,PTTO01001315.1_Contig92,3373884,NC_041742.1,15,autosome,1.0,1,1.7299999999999999e-28,0.99734,1.0,1,1,1,1,1,1,1,1,1,0.0247747747747747,0.0247747747747747,0.0,0.0257009345794392,0,1,0
45059883|F|0-64:G>C-64:G>C,45059883,64:G>C,64,PTTO01001652.1_Contig209,2914109,NC_041739.1,12,autosome,1.0,1,1.7299999999999999e-28,1.0,1.0,1,1,1,1,1,1,1,1,1,0.0247747747747747,0.0247747747747747,0.0,0.0257009345794392,0,1,0
45059890|F|0-37:T>A-37:T>A,45059890,37:T>A,37,PTTO01003454.1_Contig230,3220707,NC_041744.1,17,autosome,1.0,1,1.7299999999999999e-28,0.989362,1.0,1,1,1,1,1,1,1,1,1,0.0022522522522522,0.0022522522522522,0.0,0.0023364485981308,0,1,0
45059894|F|0-18:A>C-18:A>C,45059894,18:A>C,18,PTTO01001349.1_Contig23,13186755,NC_041736.1,9,autosome,1.0,1,1.7299999999999999e-28,0.99734,1.0,1,1,1,1,1,1,1,1,1,0.0112612612612612,0.0112612612612612,0.0,0.0116822429906542,0,1,0
64989068|F|0-8:G>T-8:G>T,64989068,8:G>T,8,PTTO01000659.1_Contig3311,7231374,NC_041731.1,4,autosome,1.0,2,9.21e-26,1.0,1.0,1,1,1,1,1,1,1,1,0,0.0022522522522522,0.0022522522522522,0.0,0.0023364485981308,0,1,0
45065135|F|0-54:C>T-54:C>T,45065135,54:C>T,54,PTTO01002104.1_Contig16,736578,NC_041732.1,5,autosome,1.0,1,1.7299999999999999e-28,0.994681,1.0,1,1,1,1,1,1,1,1,1,0.0518018018018018,0.0518018018018018,0.0,0.0537383177570093,0,1,0
64979084|F|0-5:T>C-5:T>C,64979084,5:T>C,5,PTTO01003571.1_Contig67,13285206,NC_041736.1,9,autosome,1.0,1,1.7299999999999999e-28,0.99734,1.0,1,1,1,1,1,1,1,1,0,0.0045045045045045,0.0045045045045045,0.0,0.0046728971962616,0,1,0
100031891|F|0-9:T>A-9:T>A,100031891,9:T>A,9,PTTO01000700.1_Contig3723,4728192,NC_041730.1,3,autosome,1.0,4481,1.7299999999999999e-28,0.994681,1.0,1,1,1,1,1,1,1,1,0,0.0,0.0,0.0,0.0,0,0,0
45065139|F|0-50:G>A-50:G>A,45065139,50:G>A,50,PTTO01002501.1_Contig138,424084,NC_041744.1,17,autosome,1.0,1,1.7299999999999999e-28,1.0,1.0,1,1,1,1,1,1,1,1,1,0.0608108108108108,0.0608108108108108,0.0,0.0630841121495327,0,1,0
45059919|F|0-23:G>A-23:G>A,45059919,23:G>A,23,PTTO01000318.1_Contig139,18101503,NC_041730.1,3,autosome,1.0,1,1.7299999999999999e-28,0.99734,1.0,1,1,1,1,1,1,1,1,1,0.0337837837837837,0.0337837837837837,0.0,0.0350467289719626,0,1,0
100031908|F|0-48:C>A-48:C>A,100031908,48:C>A,48,PTTO01003276.1_Contig54,6475820,NC_041738.1,11,autosome,1.0,1,1.7299999999999999e-28,0.989362,1.0,1,1,1,1,1,1,1,1,0,0.0,0.0,0.0,0.0,0,0,0
45059922|F|0-23:C>A-23:C>A,45059922,23:C>A,23,PTTO01001320.1_Contig70,929091,NC_041731.1,4,autosome,1.0,1,1.7299999999999999e-28,0.994681,1.0,1,1,1,1,1,1,1,1,1,0.0045045045045045,0.0045045045045045,0.0,0.0046728971962616,0,1,0
100031914|F|0-26:A>T-26:A>T,100031914,26:A>T,26,PTTO01003710.1_Contig217,5001231,NC_041733.1,6,autosome,1.0,1,1.7299999999999999e-28,1.0,1.0,1,1,1,1,1,1,1,1,0,0.0,0.0,0.0,0.0,0,0,0
45059926|F|0-5:T>A-5:T>A,45059926,5:T>A,5,PTTO01000376.1_Contig11,14735809,NC_041745.1,18,autosome,1.0,1,1.7299999999999999e-28,0.986702,1.0,1,1,1,1,1,1,1,1,1,0.0022522522522522,0.0022522522522522,0.0,0.0023364485981308,0,1,0
45059928|F|0-54:C>T-54:C>T,45059928,54:C>T,54,PTTO01002967.1_Contig85,9258292,NC_041733.1,6,autosome,1.0,1,1.7299999999999999e-28,1.0,1.0,1,1,1,1,1,1,1,1,1,0.0247747747747747,0.0247747747747747,0.0,0.0257009345794392,0,1,0
45059933|F|0-15:C>T-15:C>T,45059933,15:C>T,15,PTTO01000947.1_Contig1049,4512119,NC_041739.1,12,autosome,1.0,1,1.7299999999999999e-28,1.0,1.0,1,1,1,1,1,1,1,1,1,0.0653153153153153,0.0653153153153153,0.0,0.0677570093457943,0,1,0
45059942|F|0-48:A>C-48:A>C,45059942,48:A>C,48,PTTO01001051.1_Contig4,18019457,NC_041737.1,10,autosome,1.0,1,1.7299999999999999e-28,0.99734,1.0,1,1,1,1,1,1,1,1,1,0.0022522522522522,0.0022522522522522,0.0,0.0023364485981308,0,1,0
45059945|F|0-56:G>T-56:G>T,45059945,56:G>T,56,PTTO01000376.1_Contig11,17815750,NC_041745.1,18,autosome,1.0,1,1.7299999999999999e-28,1.0,1.0,1,1,1,1,1,1,1,1,1,0.0067567567567567,0.0067567567567567,0.0,0.0070093457943925,0,1,0
64979135|F|0-18:A>G-18:A>G,64979135,18:A>G,18,PTTO01004492.1_Contig25,7584363,NC_041732.1,5,autosome,1.0,1,1.7299999999999999e-28,1.0,1.0,1,1,1,1,1,1,1,1,0,0.0,0.0,0.0,0.0,0,0,0
64983890|F|0-31:C>T-31:C>T,64983890,31:C>T,31,PTTO01000276.1_Contig319,11771046,NC_041737.1,10,autosome,1.0,1,1.7299999999999999e-28,0.99734,1.0,1,1,1,1,1,1,1,1,0,0.0,0.0,0.0,0.0,0,0,0
45065161|F|0-17:A>T-17:A>T,45065161,17:A>T,17,PTTO01001051.1_Contig4,15292654,NC_041737.1,10,autosome,1.0,1,1.7299999999999999e-28,0.994681,1.0,1,1,1,1,1,1,1,1,1,0.045045045045045,0.045045045045045,0.0,0.0467289719626168,0,1,0
45059959|F|0-21:T>C-21:T>C,45059959,21:T>C,21,PTTO01004189.1_Contig18,2337348,NC_041729.1,2,autosome,1.0,1,8.05e-27,0.994681,1.0,1,1,1,1,1,1,1,1,1,0.3018018018018018,0.3018018018018018,0.0,0.3130841121495327,0,1,0
64979165|F|0-35:C>T-35:C>T,64979165,35:C>T,35,PTTO01002057.1_Contig2,30314417,NC_041730.1,3,autosome,1.0,1,1.7299999999999999e-28,1.0,1.0,1,1,1,1,1,1,1,1,0,0.0045045045045045,0.0045045045045045,0.0,0.0046728971962616,0,1,0
45059963|F|0-58:C>T-58:C>T,45059963,58:C>T,58,PTTO01001940.1_Contig353,7557626,NC_041731.1,4,autosome,1.0,1,1.7299999999999999e-28,0.99734,1.0,1,1,1,1,1,1,1,1,1,0.1554054054054054,0.1554054054054054,0.0,0.161214953271028,0,1,0
45059973|F|0-59:C>T-59:C>T,45059973,59:C>T,59,PTTO01000376.1_Contig11,20972274,NC_041745.1,18,autosome,1.0,1,1.7299999999999999e-28,0.99734,1.0,1,1,1,1,1,1,1,1,1,0.0788288288288288,0.0788288288288288,0.0,0.0817757009345794,0,1,0
45059979|F|0-49:C>T-49:C>T,45059979,49:C>T,49,PTTO01000700.1_Contig3723,101845,NC_041730.1,3,autosome,1.0,1,1.7299999999999999e-28,0.99734,1.0,1,1,1,1,1,1,1,1,1,0.3603603603603603,0.3603603603603603,0.25,0.3644859813084112,1,1,0
45062556|F|0-5:T>A-5:T>A,45062556,5:T>A,5,PTTO01002104.1_Contig16,39818105,NC_041732.1,5,autosome,1.0,1,3.75e-25,0.994681,1.0,1,1,1,1,1,1,1,1,1,0.545045045045045,0.4549549549549549,1.0,0.5280373831775701,0,1,0
45059982|F|0-42:A>C-42:A>C,45059982,42:A>C,42,PTTO01002624.1_Contig32,14835666,NC_041728.1,1,autosome,1.0,1,8.05e-27,0.994681,1.0,1,1,1,1,1,1,1,1,1,0.0653153153153153,0.0653153153153153,0.0,0.0677570093457943,0,1,0
45059990|F|0-64:T>C-64:T>C,45059990,64:T>C,64,PTTO01001470.1_Contig295,203740,NC_041729.1,2,autosome,1.0,1,8.05e-27,0.99734,1.0,1,1,1,1,1,1,1,1,1,0.4459459459459459,0.4459459459459459,0.6875,0.4369158878504673,1,1,0
45059991|F|0-18:C>G-18:C>G,45059991,18:C>G,18,PTTO01001940.1_Contig353,16766713,NC_041731.1,4,autosome,1.0,1,1.7299999999999999e-28,0.994681,1.0,1,1,1,1,1,1,1,1,1,0.0315315315315315,0.0315315315315315,0.0,0.0327102803738317,0,1,0
45065190|F|0-40:C>A-40:C>A,45065190,40:C>A,40,PTTO01001633.1_Contig312,27298323,NC_041739.1,12,autosome,1.0,1,6.23e-28,0.99734,1.0,1,1,1,1,1,1,1,1,1,0.1711711711711711,0.1711711711711711,0.0,0.1775700934579439,0,1,0
45065195|F|0-64:A>G-64:A>G,45065195,64:A>G,64,PTTO01000974.1_Contig37,14531964,NC_041741.1,14,autosome,1.0,1,1.7299999999999999e-28,0.99734,1.0,1,1,1,1,1,1,1,1,1,0.3918918918918919,0.3918918918918919,0.6875,0.3808411214953271,1,1,0
45067355|F|0-51:G>T-51:G>T,45067355,51:G>T,51,PTTO01001370.1_Contig26,4538378,NC_041734.1,7,autosome,1.0,1,2.9000000000000004e-26,0.99734,1.0,1,1,1,1,1,1,1,1,1,0.4707207207207207,0.4707207207207207,0.3125,0.4766355140186916,1,1,0
100032053|F|0-56:C>T-56:C>T,100032053,56:C>T,56,PTTO01002384.1_Contig2752,918264,NC_041745.1,18,autosome,1.0,1,1.7299999999999999e-28,0.99734,1.0,1,1,1,1,1,1,1,1,0,0.0,0.0,0.0,0.0,0,0,0
45060024|F|0-51:C>G-51:C>G,45060024,51:C>G,51,PTTO01000332.1_Contig333,6718316,NC_041729.1,2,autosome,1.0,1,1.7299999999999999e-28,0.99734,1.0,1,1,1,1,1,1,1,1,1,0.018018018018018,0.018018018018018,0.0,0.0186915887850467,0,1,0
45060027|F|0-59:G>A-59:G>A,45060027,59:G>A,59,PTTO01002501.1_Contig138,3080147,NC_041744.1,17,autosome,1.0,1,1.7299999999999999e-28,0.994681,1.0,1,1,1,1,1,1,1,1,1,0.0833333333333333,0.0833333333333333,0.0,0.0864485981308411,0,1,0
45065214|F|0-40:C>T-40:C>T,45065214,40:C>T,40,PTTO01001114.1_Contig282,3735285,NC_041740.1,13,autosome,1.0,1,1.7299999999999999e-28,0.99734,1.0,1,1,1,1,1,1,1,1,1,0.0427927927927927,0.0427927927927927,0.0625,0.0420560747663551,1,1,0
64986213|F|0-41:G>C-41:G>C,64986213,41:G>C,41,PTTO01002261.1_Contig251,11297646,NC_041743.1,16,autosome,1.0,1,1.7299999999999999e-28,1.0,1.0,1,1,1,1,1,1,1,1,0,0.0,0.0,0.0,0.0,0,0,0
45060049|F|0-8:T>G-8:T>G,45060049,8:T>G,8,PTTO01002545.1_Contig22,6681009,NC_041728.1,1,autosome,1.0,1,1.7299999999999999e-28,1.0,1.0,1,1,1,1,1,1,1,1,1,0.0495495495495495,0.0495495495495495,0.0,0.0514018691588785,0,1,0
45060066|F|0-13:C>A-13:C>A,45060066,13:C>A,13,PTTO01004481.1_Contig260,6586605,NC_041730.1,3,autosome,1.0,1,1.7299999999999999e-28,1.0,1.0,1,1,1,1,1,1,1,1,1,0.0022522522522522,0.0022522522522522,0.0,0.0023364485981308,0,1,0
45060073|F|0-56:C>G-56:C>G,45060073,56:C>G,56,PTTO01003710.1_Contig217,7891622,NC_041733.1,6,autosome,1.0,1,2.9000000000000004e-26,0.99734,1.0,1,1,1,1,1,1,1,1,1,0.4324324324324324,0.4324324324324324,0.0,0.4485981308411215,0,1,0
64985369|F|0-48:G>A-48:G>A,64985369,48:G>A,48,PTTO01003882.1_Contig102,4481951,NC_041732.1,5,autosome,1.0,1,1.7299999999999999e-28,0.99734,1.0,1,1,1,1,1,1,1,1,0,0.0,0.0,0.0,0.0,0,0,0
64979346|F|0-42:G>A-42:G>A,64979346,42:G>A,42,PTTO01002822.1_Contig364,9325946,NC_041731.1,4,autosome,1.0,1,1.7299999999999999e-28,1.0,1.0,1,1,1,1,1,1,1,1,0,0.0,0.0,0.0,0.0,0,0,0
45065244|F|0-54:T>C-54:T>C,45065244,54:T>C,54,PTTO01000812.1_Contig368,2113475,NC_041748.1,21,autosome,1.0,692,1.7299999999999999e-28,1.0,1.0,1,1,1,1,1,1,1,1,1,0.2995495495495495,0.2995495495495495,0.8125,0.2803738317757009,1,1,0
45060121|F|0-16:G>A-16:G>A,45060121,16:G>A,16,PTTO01003005.1_Contig4265,1201555,NC_041740.1,13,autosome,1.0,1,1.7299999999999999e-28,0.99734,1.0,1,1,1,1,1,1,1,1,1,0.1171171171171171,0.1171171171171171,0.0625,0.1191588785046729,1,1,0
45060125|F|0-15:A>T-15:A>T,45060125,15:A>T,15,PTTO01004563.1_Contig4450,2248497,NC_041742.1,15,autosome,1.0,1,1.7299999999999999e-28,1.0,1.0,1,1,1,1,1,1,1,1,1,0.0968468468468468,0.0968468468468468,0.0625,0.0981308411214953,1,1,0
64981626|F|0-31:G>A-31:G>A,64981626,31:G>A,31,PTTO01003571.1_Contig67,19489904,NC_041736.1,9,autosome,1.0,1,1.7299999999999999e-28,1.0,1.0,1,1,1,1,1,1,1,1,0,0.0112612612612612,0.0112612612612612,0.0,0.0116822429906542,0,1,0
64979375|F|0-66:G>A-66:G>A,64979375,66:G>A,66,PTTO01002476.1_Contig0,72589034,NC_041728.1,1,autosome,1.0,1,1.7299999999999999e-28,1.0,1.0,1,1,1,1,1,1,1,1,0,0.0,0.0,0.0,0.0,0,0,0
45060135|F|0-49:T>C-49:T>C,45060135,49:T>C,49,PTTO01002715.1_Contig75,704760,NC_041730.1,3,autosome,1.0,1,1.7299999999999999e-28,1.0,1.0,1,1,1,1,1,1,1,1,1,0.0405405405405405,0.0405405405405405,0.0,0.0420560747663551,0,1,0
45065261|F|0-47:A>C-47:A>C,45065261,47:A>C,47,PTTO01003710.1_Contig217,9605193,NC_041733.1,6,autosome,1.0,1,1.7299999999999999e-28,1.0,1.0,1,1,1,1,1,1,1,1,1,0.1666666666666666,0.1666666666666666,0.0,0.1728971962616822,0,1,0
45065268|F|0-62:C>G-62:C>G,45065268,62:C>G,62,PTTO01002624.1_Contig32,27440783,NC_041728.1,1,autosome,1.0,1,8.05e-27,0.99734,1.0,1,1,1,1,1,1,1,1,1,0.1576576576576576,0.1576576576576576,0.125,0.1588785046728972,1,1,0
45060168|F|0-24:T>G-24:T>G,45060168,24:T>G,24,PTTO01004427.1_Contig106,8059625,NC_041739.1,12,autosome,1.0,1,1.7299999999999999e-28,0.994681,1.0,1,1,1,1,1,1,1,1,1,0.0945945945945946,0.0945945945945946,0.0,0.0981308411214953,0,1,0
45060175|F|0-55:C>T-55:C>T,45060175,55:C>T,55,PTTO01001940.1_Contig353,18945985,NC_041731.1,4,autosome,1.0,1,1.7299999999999999e-28,1.0,1.0,1,1,1,1,1,1,1,1,1,0.0608108108108108,0.0608108108108108,0.0,0.0630841121495327,0,1,0
45065283|F|0-64:A>T-64:A>T,45065283,64:A>T,64,PTTO01000875.1_Contig31,31537613,NC_041730.1,3,autosome,1.0,1,1.7299999999999999e-28,1.0,1.0,1,1,1,1,1,1,1,1,1,0.0427927927927927,0.0427927927927927,0.0,0.0443925233644859,0,1,0
45053620|F|0-25:C>G-25:C>G,45053620,25:C>G,25,PTTO01004262.1_Contig52,28479191,NC_041731.1,4,autosome,1.0,1,1.7299999999999999e-28,1.0,1.0,1,1,1,1,1,1,1,1,1,0.0585585585585585,0.0585585585585585,0.0,0.0607476635514018,0,1,0
45065295|F|0-55:A>C-55:A>C,45065295,55:A>C,55,PTTO01002967.1_Contig85,5497785,NC_041733.1,6,autosome,1.0,1,1.7299999999999999e-28,0.99734,1.0,1,1,1,1,1,1,1,1,1,0.0247747747747747,0.0247747747747747,0.0625,0.0233644859813084,1,1,0
45060219|F|0-40:T>C-40:T>C,45060219,40:T>C,40,PTTO01002476.1_Contig0,94305731,NC_041728.1,1,autosome,1.0,1,8.05e-27,0.994681,1.0,1,1,1,1,1,1,1,1,1,0.2387387387387387,0.2387387387387387,0.0,0.2476635514018691,0,1,0
45065303|F|0-38:G>A-38:G>A,45065303,38:G>A,38,PTTO01001051.1_Contig4,13173483,NC_041737.1,10,autosome,1.0,1,1.7299999999999999e-28,0.99734,1.0,1,1,1,1,1,1,1,1,1,0.3873873873873873,0.3873873873873873,0.125,0.397196261682243,1,1,0
45060228|F|0-31:G>C-31:G>C,45060228,31:G>C,31,PTTO01001696.1_Contig254,8206476,NC_041747.1,20,autosome,1.0,1,1.7299999999999999e-28,0.99734,1.0,1,1,1,1,1,1,1,1,0,0.0202702702702702,0.0202702702702702,0.0,0.0210280373831775,0,1,0
45065304|F|0-43:T>A-43:T>A,45065304,43:T>A,43,PTTO01002551.1_Contig1866,1005755,NC_041729.1,2,autosome,1.0,1,1.7299999999999999e-28,0.992021,1.0,1,1,1,1,1,1,1,1,1,0.0518018018018018,0.0518018018018018,0.0,0.0537383177570093,0,1,0
45065314|F|0-60:T>C-60:T>C,45065314,60:T>C,60,PTTO01000571.1_Contig170,1785482,NC_041730.1,3,autosome,1.0,1,1.7299999999999999e-28,0.99734,1.0,1,1,1,1,1,1,1,1,1,0.2882882882882883,0.2882882882882883,0.25,0.2897196261682243,1,1,0
64981629|F|0-17:C>A-17:C>A,64981629,17:C>A,17,PTTO01000276.1_Contig319,4725197,NC_041737.1,10,autosome,1.0,1,1.7299999999999999e-28,1.0,1.0,1,1,1,1,1,1,1,1,0,0.0022522522522522,0.0022522522522522,0.0,0.0023364485981308,0,1,0
45065319|F|0-20:T>C-20:T>C,45065319,20:T>C,20,PTTO01002815.1_Contig4081,6996866,NC_041744.1,17,autosome,1.0,1,1.7299999999999999e-28,1.0,1.0,1,1,1,1,1,1,1,1,1,0.2747747747747748,0.2747747747747748,0.1875,0.2780373831775701,1,1,0
45060253|F|0-41:G>A-41:G>A,45060253,41:G>A,41,PTTO01002476.1_Contig0,11405663,NC_041728.1,1,autosome,1.0,1,1.7299999999999999e-28,1.0,1.0,1,1,1,1,1,1,1,1,1,0.0405405405405405,0.0405405405405405,0.5625,0.0210280373831775,1,1,0
45065321|F|0-44:A>G-44:A>G,45065321,44:A>G,44,PTTO01003276.1_Contig54,8432495,NC_041738.1,11,autosome,1.0,1,8.05e-27,1.0,1.0,1,1,1,1,1,1,1,1,1,0.7972972972972973,0.2027027027027027,0.6875,0.8014018691588785,1,1,0
45060270|F|0-51:T>G-51:T>G,45060270,51:T>G,51,PTTO01002744.1_Contig343,31186,NW_021638270.1,unplaced,unplaced,1.0,2,1.7299999999999999e-28,0.99734,1.0,1,1,1,1,1,1,1,1,1,0.3243243243243243,0.3243243243243243,0.1875,0.3294392523364486,1,1,0
45065332|F|0-12:G>C-12:G>C,45065332,12:G>C,12,PTTO01002104.1_Contig16,65151144,NC_041732.1,5,autosome,1.0,1,2.63e-26,0.99734,1.0,1,1,1,1,1,1,1,1,1,0.0157657657657657,0.0157657657657657,0.0,0.0163551401869158,0,1,0
45065335|F|0-23:G>T-23:G>T,45065335,23:G>T,23,PTTO01002104.1_Contig16,60678424,NC_041732.1,5,autosome,1.0,1,1.7299999999999999e-28,0.99734,1.0,1,1,1,1,1,1,1,1,1,0.0022522522522522,0.0022522522522522,0.0,0.0023364485981308,0,1,0
64987549|F|0-24:G>A-24:G>A,64987549,24:G>A,24,PTTO01000659.1_Contig3311,4244036,NC_041731.1,4,autosome,1.0,1,1.7299999999999999e-28,0.99734,1.0,1,1,1,1,1,1,1,1,0,0.0022522522522522,0.0022522522522522,0.0,0.0023364485981308,0,1,0
45060289|F|0-47:A>C-47:A>C,45060289,47:A>C,47,PTTO01002104.1_Contig16,17817235,NC_041732.1,5,autosome,1.0,1,1.7299999999999999e-28,0.994681,1.0,1,1,1,1,1,1,1,1,1,0.0563063063063063,0.0563063063063063,0.0,0.058411214953271,0,1,0
45065357|F|0-23:G>T-23:G>T,45065357,23:G>T,23,PTTO01003571.1_Contig67,907427,NC_041736.1,9,autosome,1.0,1,1.7299999999999999e-28,0.994681,1.0,1,1,1,1,1,1,1,1,1,0.0315315315315315,0.0315315315315315,0.3125,0.0210280373831775,1,1,0
64979588|F|0-59:T>C-59:T>C,64979588,59:T>C,59,PTTO01001696.1_Contig254,1296212,NC_041747.1,20,autosome,1.0,1,1.7299999999999999e-28,0.99734,1.0,1,1,1,1,1,1,1,1,0,0.0022522522522522,0.0022522522522522,0.0,0.0023364485981308,0,1,0
45060313|F|0-43:C>T-43:C>T,45060313,43:C>T,43,PTTO01002624.1_Contig32,24690924,NC_041728.1,1,autosome,1.0,1,1.7299999999999999e-28,1.0,1.0,1,1,1,1,1,1,1,1,1,0.1576576576576576,0.1576576576576576,0.0,0.1635514018691588,0,1,0
45060315|F|0-60:T>G-60:T>G,45060315,60:T>G,60,PTTO01001349.1_Contig23,12189256,NC_041736.1,9,autosome,1.0,1,1.7299999999999999e-28,0.99734,1.0,1,1,1,1,1,1,1,1,1,0.0427927927927927,0.0427927927927927,0.0,0.0443925233644859,0,1,0
45060317|F|0-67:G>A-67:G>A,45060317,67:G>A,67,PTTO01001320.1_Contig70,1193441,NC_041731.1,4,autosome,1.0,1,1.7299999999999999e-28,1.0,1.0,1,1,1,1,1,1,1,1,1,0.1576576576576576,0.1576576576576576,0.0625,0.161214953271028,1,1,0
45060333|F|0-14:G>A-14:G>A,45060333,14:G>A,14,PTTO01004262.1_Contig52,17587326,NC_041731.1,4,autosome,1.0,1,1.7299999999999999e-28,0.99734,1.0,1,1,1,1,1,1,1,1,1,0.036036036036036,0.036036036036036,0.0,0.0373831775700934,0,1,0
64984054|F|0-40:C>T-40:C>T,64984054,40:C>T,40,PTTO01001241.1_Contig276,12715101,NC_041740.1,13,autosome,1.0,1,1.7299999999999999e-28,0.99734,1.0,1,1,1,1,1,1,1,1,0,0.0,0.0,0.0,0.0,0,0,0
45065377|F|0-60:G>A-60:G>A,45065377,60:G>A,60,PTTO01002793.1_Contig38,13725009,NC_041745.1,18,autosome,1.0,1,1.7299999999999999e-28,1.0,1.0,1,1,1,1,1,1,1,1,0,0.0022522522522522,0.0022522522522522,0.0,0.0023364485981308,0,1,0
45060358|F|0-6:G>A-6:G>A,45060358,6:G>A,6,PTTO01000318.1_Contig139,9751431,NC_041730.1,3,autosome,1.0,1,1.7299999999999999e-28,0.99734,1.0,1,1,1,1,1,1,1,1,1,0.1081081081081081,0.1081081081081081,0.0,0.1121495327102803,0,1,0
45060364|F|0-56:C>G-56:C>G,45060364,56:C>G,56,PTTO01002104.1_Contig16,12693004,NC_041732.1,5,autosome,1.0,1,1.7299999999999999e-28,0.99734,1.0,1,1,1,1,1,1,1,1,1,0.1081081081081081,0.1081081081081081,0.0,0.1121495327102803,0,1,0
45060366|F|0-53:G>T-53:G>T,45060366,53:G>T,53,PTTO01001947.1_Contig1761,631576,NC_041748.1,21,autosome,1.0,1,1.7299999999999999e-28,1.0,1.0,1,1,1,1,1,1,1,1,1,0.0202702702702702,0.0202702702702702,0.0,0.0210280373831775,0,1,0
45060374|F|0-56:A>C-56:A>C,45060374,56:A>C,56,PTTO01002545.1_Contig22,7618734,NC_041728.1,1,autosome,1.0,1,1.7299999999999999e-28,0.994681,1.0,1,1,1,1,1,1,1,1,1,0.0045045045045045,0.0045045045045045,0.0,0.0046728971962616,0,1,0
45060388|F|0-46:G>A-46:G>A,45060388,46:G>A,46,PTTO01003256.1_Contig153,14452567,NC_041746.1,19,autosome,1.0,1,1.7299999999999999e-28,1.0,1.0,1,1,1,1,1,1,1,1,1,0.2117117117117117,0.2117117117117117,0.1875,0.2126168224299065,1,1,0
45065394|F|0-54:C>G-54:C>G,45065394,54:C>G,54,PTTO01004340.1_Contig74,2766214,NC_041733.1,6,autosome,1.0,1,1.7299999999999999e-28,0.99734,1.0,1,1,1,1,1,1,1,1,1,0.009009009009009,0.009009009009009,0.0,0.0093457943925233,0,1,0
64986263|F|0-57:T>G-57:T>G,64986263,57:T>G,57,PTTO01002057.1_Contig2,4609698,NC_041730.1,3,autosome,1.0,1,1.7299999999999999e-28,0.99734,1.0,1,1,1,1,1,1,1,1,0,0.0,0.0,0.0,0.0,0,0,0
64979700|F|0-43:C>A-43:C>A,64979700,43:C>A,43,PTTO01002057.1_Contig2,2625983,NC_041730.1,3,autosome,1.0,1,1.7299999999999999e-28,1.0,1.0,1,1,1,1,1,1,1,1,0,0.0,0.0,0.0,0.0,0,0,0
45065405|F|0-27:T>G-27:T>G,45065405,27:T>G,27,PTTO01002332.1_Contig346,1368346,NC_041732.1,5,autosome,1.0,1,1.7299999999999999e-28,1.0,1.0,1,1,1,1,1,1,1,1,1,0.1126126126126126,0.1126126126126126,0.0,0.116822429906542,0,1,0
45060414|F|0-24:C>T-24:C>T,45060414,24:C>T,24,PTTO01000276.1_Contig319,3597852,NC_041737.1,10,autosome,1.0,1,1.7299999999999999e-28,0.99734,1.0,1,1,1,1,1,1,1,1,1,0.2162162162162162,0.2162162162162162,0.125,0.219626168224299,1,1,0
45060416|F|0-7:C>T-7:C>T,45060416,7:C>T,7,PTTO01001320.1_Contig70,295193,NC_041731.1,4,autosome,1.0,1,1.7299999999999999e-28,0.99734,1.0,1,1,1,1,1,1,1,1,1,0.0382882882882882,0.0382882882882882,0.0625,0.0373831775700934,1,1,0
45065406|F|0-65:G>C-65:G>C,45065406,65:G>C,65,PTTO01002104.1_Contig16,46429951,NC_041732.1,5,autosome,1.0,1,1.7299999999999999e-28,1.0,1.0,1,1,1,1,1,1,1,1,1,0.0157657657657657,0.0157657657657657,0.0,0.0163551401869158,0,1,0
45065410|F|0-42:C>A-42:C>A,45065410,42:C>A,42,PTTO01002315.1_Contig12,1060289,NC_041729.1,2,autosome,1.0,1,1.7299999999999999e-28,1.0,1.0,1,1,1,1,1,1,1,1,1,0.0292792792792792,0.0292792792792792,0.0,0.0303738317757009,0,1,0
45060432|F|0-54:T>A-54:T>A,45060432,54:T>A,54,PTTO01004519.1_Contig1477,4715693,NC_041735.1,8,autosome,1.0,1,8.05e-27,0.99734,1.0,1,1,1,1,1,1,1,1,1,0.4842342342342342,0.4842342342342342,0.3125,0.4906542056074766,1,1,0
64979744|F|0-64:A>T-64:A>T,64979744,64:A>T,64,PTTO01000376.1_Contig11,5099663,NC_041745.1,18,autosome,1.0,1,1.7299999999999999e-28,0.99734,1.0,1,1,1,1,1,1,1,1,0,0.0,0.0,0.0,0.0,0,0,0
45065415|F|0-7:C>T-7:C>T,45065415,7:C>T,7,PTTO01003571.1_Contig67,5881761,NC_041736.1,9,autosome,1.0,1,1.7299999999999999e-28,0.989362,1.0,1,1,1,1,1,1,1,1,1,0.018018018018018,0.018018018018018,0.25,0.0093457943925233,1,1,0
45060461|F|0-59:G>C-59:G>C,45060461,59:G>C,59,PTTO01002634.1_Contig60,13200748,NC_041732.1,5,autosome,1.0,266,1.7299999999999999e-28,0.99734,1.0,1,1,1,1,1,1,1,1,1,0.4076576576576576,0.4076576576576576,0.0625,0.4205607476635514,1,1,0
64986273|F|0-24:G>A-24:G>A,64986273,24:G>A,24,PTTO01002634.1_Contig60,8694313,NC_041732.1,5,autosome,1.0,1,1.7299999999999999e-28,1.0,1.0,1,1,1,1,1,1,1,1,0,0.0,0.0,0.0,0.0,0,0,0
45060478|F|0-48:G>A-48:G>A,45060478,48:G>A,48,PTTO01002793.1_Contig38,12452742,NC_041745.1,18,autosome,1.0,1,8.05e-27,0.99734,1.0,1,1,1,1,1,1,1,1,1,0.1126126126126126,0.1126126126126126,0.0,0.116822429906542,0,1,0
45060480|F|0-51:C>T-51:C>T,45060480,51:C>T,51,PTTO01001051.1_Contig4,11550717,NC_041737.1,10,autosome,1.0,1,1.7299999999999999e-28,0.99734,1.0,1,1,1,1,1,1,1,1,1,0.0608108108108108,0.0608108108108108,0.25,0.0537383177570093,1,1,0
64979798|F|0-35:G>A-35:G>A,64979798,35:G>A,35,PTTO01000875.1_Contig31,24737093,NC_041730.1,3,autosome,1.0,1,1.7299999999999999e-28,0.994681,1.0,1,1,1,1,1,1,1,1,0,0.0045045045045045,0.0045045045045045,0.0,0.0046728971962616,0,1,0
45065437|F|0-58:G>A-58:G>A,45065437,58:G>A,58,PTTO01002104.1_Contig16,47623718,NC_041732.1,5,autosome,1.0,1,1.7299999999999999e-28,0.99734,1.0,1,1,1,1,1,1,1,1,1,0.2432432432432432,0.2432432432432432,0.5,0.2336448598130841,1,1,0
45060508|F|0-23:G>T-23:G>T,45060508,23:G>T,23,PTTO01000098.1_Contig21,3287169,NC_041729.1,2,autosome,1.0,1,3.75e-25,0.994681,1.0,1,1,1,1,1,1,1,1,1,0.0698198198198198,0.0698198198198198,0.0,0.072429906542056,0,1,0
64979819|F|0-31:C>T-31:C>T,64979819,31:C>T,31,PTTO01001320.1_Contig70,318340,NC_041731.1,4,autosome,1.0,1,1.7299999999999999e-28,1.0,1.0,1,1,1,1,1,1,1,1,0,0.0,0.0,0.0,0.0,0,0,0
100032703|F|0-41:G>A-41:G>A,100032703,41:G>A,41,PTTO01004519.1_Contig1477,7755153,NC_041735.1,8,autosome,1.0,1,1.7299999999999999e-28,0.994681,1.0,1,1,1,1,1,1,1,1,0,0.0,0.0,0.0,0.0,0,0,0
95136816|F|0-52:C>T-52:C>T,95136816,52:C>T,52,PTTO01003710.1_Contig217,10878127,NC_041733.1,6,autosome,1.0,1,1.7299999999999999e-28,0.99734,1.0,1,1,1,1,1,1,1,1,0,0.0,0.0,0.0,0.0,0,0,0
45060518|F|0-18:C>G-18:C>G,45060518,18:C>G,18,PTTO01002634.1_Contig60,13640174,NC_041732.1,5,autosome,1.0,1,1.7299999999999999e-28,1.0,1.0,1,1,1,1,1,1,1,1,1,0.0698198198198198,0.0698198198198198,0.0,0.072429906542056,0,1,0
45068314|F|0-38:C>G-38:C>G,45068314,38:C>G,38,PTTO01003889.1_Contig165,20765137,NC_041729.1,2,autosome,1.0,1,1.7299999999999999e-28,1.0,1.0,1,1,1,1,1,1,1,1,1,0.0923423423423423,0.0923423423423423,0.0,0.0957943925233644,0,1,0
45060521|F|0-26:C>T-26:C>T,45060521,26:C>T,26,PTTO01002104.1_Contig16,4578766,NC_041732.1,5,autosome,1.0,1,1.7299999999999999e-28,1.0,1.0,1,1,1,1,1,1,1,1,1,0.0495495495495495,0.0495495495495495,0.0,0.0514018691588785,0,1,0
45060530|F|0-63:T>C-63:T>C,45060530,63:T>C,63,PTTO01002815.1_Contig4081,4958737,NC_041744.1,17,autosome,1.0,1,2.9000000000000004e-26,0.99734,1.0,1,1,1,1,1,1,1,1,1,0.4842342342342342,0.4842342342342342,0.75,0.4742990654205608,1,1,0
45060534|F|0-45:G>C-45:G>C,45060534,45:G>C,45,PTTO01003146.1_Contig77,65846,NC_041734.1,7,autosome,1.0,1,1.7299999999999999e-28,1.0,1.0,1,1,1,1,1,1,1,1,1,0.0247747747747747,0.0247747747747747,0.0,0.0257009345794392,0,1,0
45065460|F|0-21:T>G-21:T>G,45065460,21:T>G,21,PTTO01004194.1_Contig13,11443634,NC_041743.1,16,autosome,1.0,1,1.7299999999999999e-28,0.99734,1.0,1,1,1,1,1,1,1,1,1,0.2364864864864864,0.2364864864864864,0.0,0.2453271028037383,0,1,0
45060537|F|0-67:G>T-67:G>T,45060537,67:G>T,67,PTTO01003005.1_Contig4265,790480,NC_041740.1,13,autosome,1.0,1,1.7299999999999999e-28,0.994681,1.0,1,1,1,1,1,1,1,1,1,0.1216216216216216,0.1216216216216216,0.0,0.1261682242990654,0,1,0
45065465|F|0-59:G>T-59:G>T,45065465,59:G>T,59,PTTO01003710.1_Contig217,6152024,NC_041733.1,6,autosome,1.0,1,1.7299999999999999e-28,1.0,1.0,1,1,1,1,1,1,1,1,1,0.0292792792792792,0.0292792792792792,0.0,0.0303738317757009,0,1,0
64972783|F|0-6:G>T-6:G>T,64972783,6:G>T,6,PTTO01001241.1_Contig276,10582349,NC_041740.1,13,autosome,1.0,1,1.7299999999999999e-28,0.99734,1.0,1,1,1,1,1,1,1,1,0,0.0022522522522522,0.0022522522522522,0.0625,0.0,1,0,0
45060544|F|0-11:G>A-11:G>A,45060544,11:G>A,11,PTTO01001051.1_Contig4,2584818,NC_041737.1,10,autosome,1.0,1,1.7299999999999999e-28,0.994681,1.0,1,1,1,1,1,1,1,1,1,0.0247747747747747,0.0247747747747747,0.0,0.0257009345794392,0,1,0
64979870|F|0-22:T>A-22:T>A,64979870,22:T>A,22,PTTO01004194.1_Contig13,6584400,NC_041743.1,16,autosome,1.0,1,1.7299999999999999e-28,1.0,1.0,1,1,1,1,1,1,1,1,0,0.0,0.0,0.0,0.0,0,0,0
100032767|F|0-9:C>T-9:C>T,100032767,9:C>T,9,PTTO01000659.1_Contig3311,6428047,NC_041731.1,4,autosome,1.0,1,1.7299999999999999e-28,1.0,1.0,1,1,1,1,1,1,1,1,0,0.0022522522522522,0.0022522522522522,0.0625,0.0,1,0,0
45060566|F|0-27:A>T-27:A>T,45060566,27:A>T,27,PTTO01002715.1_Contig75,1790994,NC_041730.1,3,autosome,1.0,1,1.7299999999999999e-28,0.99734,1.0,1,1,1,1,1,1,1,1,1,0.0382882882882882,0.0382882882882882,0.0,0.0397196261682243,0,1,0
45060567|F|0-10:C>T-10:C>T,45060567,10:C>T,10,PTTO01001236.1_Contig336,11323003,NC_041746.1,19,autosome,1.0,1,1.7299999999999999e-28,0.994681,1.0,1,1,1,1,1,1,1,1,1,0.1238738738738738,0.1238738738738738,0.4375,0.1121495327102803,1,1,0
45065490|F|0-39:G>T-39:G>T,45065490,39:G>T,39,PTTO01003671.1_Contig19,18821888,NC_041735.1,8,autosome,1.0,1,1.7299999999999999e-28,0.99734,1.0,1,1,1,1,1,1,1,1,1,0.0315315315315315,0.0315315315315315,0.0,0.0327102803738317,0,1,0
64979903|F|0-24:C>A-24:C>A,64979903,24:C>A,24,PTTO01001349.1_Contig23,10423089,NC_041736.1,9,autosome,1.0,1,1.7299999999999999e-28,0.99734,1.0,1,1,1,1,1,1,1,1,0,0.0112612612612612,0.0112612612612612,0.3125,0.0,1,0,0
45065496|F|0-50:T>G-50:T>G,45065496,50:T>G,50,PTTO01001633.1_Contig312,626364,NC_041739.1,12,autosome,1.0,1,8.05e-27,0.99734,1.0,1,1,1,1,1,1,1,1,1,0.0292792792792792,0.0292792792792792,0.0,0.0303738317757009,0,1,0
45060585|F|0-26:A>C-26:A>C,45060585,26:A>C,26,PTTO01001244.1_Contig55,5639713,NC_041738.1,11,autosome,1.0,1,1.7299999999999999e-28,1.0,1.0,1,1,1,1,1,1,1,1,1,0.027027027027027,0.027027027027027,0.0,0.02803738317757,0,1,0
45060589|F|0-61:C>T-61:C>T,45060589,61:C>T,61,PTTO01003425.1_Contig303,12118745,NC_041743.1,16,autosome,1.0,1,1.7299999999999999e-28,0.99734,1.0,1,1,1,1,1,1,1,1,1,0.0045045045045045,0.0045045045045045,0.0,0.0046728971962616,0,1,0
45065503|F|0-33:T>A-33:T>A,45065503,33:T>A,33,PTTO01003571.1_Contig67,21622184,NC_041736.1,9,autosome,1.0,1,1.7299999999999999e-28,0.99734,1.0,1,1,1,1,1,1,1,1,1,0.1328828828828828,0.1328828828828828,0.0,0.1378504672897196,0,1,0
45065505|F|0-29:T>A-29:T>A,45065505,29:T>A,29,PTTO01000974.1_Contig37,17158585,NC_041741.1,14,autosome,1.0,1,8.05e-27,0.994681,1.0,1,1,1,1,1,1,1,1,1,0.2049549549549549,0.2049549549549549,0.0,0.2126168224299065,0,1,0
64984149|F|0-26:G>A-26:G>A,64984149,26:G>A,26,PTTO01000197.1_Contig3104,1391457,NC_041729.1,2,autosome,1.0,1,1.7299999999999999e-28,1.0,1.0,1,1,1,1,1,1,1,1,0,0.0,0.0,0.0,0.0,0,0,0
45065506|F|0-63:A>T-63:A>T,45065506,63:A>T,63,PTTO01001370.1_Contig26,12796350,NC_041734.1,7,autosome,1.0,1,2.9000000000000004e-26,1.0,1.0,1,1,1,1,1,1,1,1,1,0.2882882882882883,0.2882882882882883,0.0,0.2990654205607476,0,1,0
45065512|F|0-59:C>T-59:C>T,45065512,59:C>T,59,PTTO01002967.1_Contig85,2183243,NC_041733.1,6,autosome,1.0,1,1.7299999999999999e-28,1.0,1.0,1,1,1,1,1,1,1,1,1,0.2477477477477477,0.2477477477477477,0.0,0.2570093457943925,0,1,0
45067474|F|0-67:A>G-67:A>G,45067474,67:A>G,67,PTTO01002634.1_Contig60,18559164,NC_041732.1,5,autosome,1.0,1,2.24e-27,1.0,1.0,1,1,1,1,1,1,1,1,1,0.4842342342342342,0.4842342342342342,0.3125,0.4906542056074766,1,1,0
64984159|F|0-55:T>G-55:T>G,64984159,55:T>G,55,PTTO01000571.1_Contig170,5084470,NC_041730.1,3,autosome,1.0,5,1.7299999999999999e-28,1.0,1.0,1,1,1,1,1,1,1,1,0,0.0,0.0,0.0,0.0,0,0,0
45060606|F|0-41:A>T-41:A>T,45060606,41:A>T,41,PTTO01002057.1_Contig2,41605162,NC_041730.1,3,autosome,1.0,1,1.7299999999999999e-28,0.99734,1.0,1,1,1,1,1,1,1,1,1,0.027027027027027,0.027027027027027,0.0,0.02803738317757,0,1,0
45060607|F|0-61:C>T-61:C>T,45060607,61:C>T,61,PTTO01000875.1_Contig31,16506797,NC_041730.1,3,autosome,1.0,1,8.05e-27,0.99734,1.0,1,1,1,1,1,1,1,1,1,0.1261261261261261,0.1261261261261261,0.0,0.1308411214953271,0,1,0
64979966|F|0-46:T>C-46:T>C,64979966,46:T>C,46,PTTO01001633.1_Contig312,5976885,NC_041739.1,12,autosome,1.0,1,1.7299999999999999e-28,0.99734,1.0,1,1,1,1,1,1,1,1,0,0.0,0.0,0.0,0.0,0,0,0
64979969|F|0-50:C>T-50:C>T,64979969,50:C>T,50,PTTO01004262.1_Contig52,36335618,NC_041731.1,4,autosome,1.0,1,1.7299999999999999e-28,0.994681,1.0,1,1,1,1,1,1,1,1,0,0.0022522522522522,0.0022522522522522,0.0,0.0023364485981308,0,1,0
45060627|F|0-28:T>C-28:T>C,45060627,28:T>C,28,PTTO01002473.1_Contig1,9021210,NC_041738.1,11,autosome,1.0,1,1.7299999999999999e-28,0.99734,1.0,1,1,1,1,1,1,1,1,1,0.1126126126126126,0.1126126126126126,0.0625,0.1144859813084112,1,1,0
45060636|F|0-56:G>T-56:G>T,45060636,56:G>T,56,PTTO01003857.1_Contig1099,1334193,NC_041732.1,5,autosome,1.0,1,1.7299999999999999e-28,1.0,1.0,1,1,1,1,1,1,1,1,0,0.2567567567567567,0.2567567567567567,0.125,0.2616822429906542,1,1,0
100032897|F|0-17:A>G-17:A>G,100032897,17:A>G,17,PTTO01003671.1_Contig19,14562678,NC_041735.1,8,autosome,1.0,1,1.7299999999999999e-28,1.0,1.0,1,1,1,1,1,1,1,1,0,0.0,0.0,0.0,0.0,0,0,0
64979992|F|0-52:A>T-52:A>T,64979992,52:A>T,52,PTTO01003005.1_Contig4265,3941074,NC_041740.1,13,autosome,1.0,1,1.7299999999999999e-28,1.0,1.0,1,1,1,1,1,1,1,1,0,0.0,0.0,0.0,0.0,0,0,0
45060665|F|0-17:G>A-17:G>A,45060665,17:G>A,17,PTTO01003671.1_Contig19,22602515,NC_041735.1,8,autosome,1.0,1,1.7299999999999999e-28,0.994681,1.0,1,1,1,1,1,1,1,1,1,0.072072072072072,0.072072072072072,0.0,0.0747663551401869,0,1,0
45060694|F|0-33:C>T-33:C>T,45060694,33:C>T,33,PTTO01001611.1_Contig3553,1722003,NC_041739.1,12,autosome,1.0,1,1.7299999999999999e-28,1.0,1.0,1,1,1,1,1,1,1,1,1,0.0202702702702702,0.0202702702702702,0.0,0.0210280373831775,0,1,0
45065550|F|0-49:G>C-49:G>C,45065550,49:G>C,49,PTTO01004194.1_Contig13,3793018,NC_041743.1,16,autosome,1.0,1,1.7299999999999999e-28,1.0,1.0,1,1,1,1,1,1,1,1,1,0.2432432432432432,0.2432432432432432,0.5,0.2336448598130841,1,1,0
45060710|F|0-35:T>G-35:T>G,45060710,35:T>G,35,PTTO01004446.1_Contig146,4806062,NC_041742.1,15,autosome,1.0,1,6.23e-28,1.0,1.0,1,1,1,1,1,1,1,1,1,0.0067567567567567,0.0067567567567567,0.0,0.0070093457943925,0,1,0
45065555|F|0-45:C>G-45:C>G,45065555,45:C>G,45,PTTO01002476.1_Contig0,77000483,NC_041728.1,1,autosome,1.0,1,1.3799999999999998e-23,0.99734,1.0,1,1,1,1,1,1,1,1,1,0.054054054054054,0.054054054054054,0.0,0.0560747663551401,0,1,0
45060715|F|0-29:G>T-29:G>T,45060715,29:G>T,29,PTTO01001244.1_Contig55,1813050,NC_041738.1,11,autosome,1.0,1,1.7299999999999999e-28,1.0,1.0,1,1,1,1,1,1,1,1,1,0.1824324324324324,0.1824324324324324,0.0,0.1892523364485981,0,1,0
64987057|F|0-37:C>G-37:C>G,64987057,37:C>G,37,PTTO01000276.1_Contig319,5822111,NC_041737.1,10,autosome,1.0,1,1.7299999999999999e-28,0.99734,1.0,1,1,1,1,1,1,1,1,0,0.0,0.0,0.0,0.0,0,0,0
45060721|F|0-18:C>A-18:C>A,45060721,18:C>A,18,PTTO01000812.1_Contig368,802514,NC_041748.1,21,autosome,1.0,1,1.7299999999999999e-28,1.0,1.0,1,1,1,1,1,1,1,1,1,0.0427927927927927,0.0427927927927927,0.0,0.0443925233644859,0,1,0
45060730|F|0-41:A>G-41:A>G,45060730,41:A>G,41,PTTO01002104.1_Contig16,9691857,NC_041732.1,5,autosome,1.0,1,8.05e-27,1.0,1.0,1,1,1,1,1,1,1,1,1,0.9954954954954957,0.0045045045045044,1.0,0.9953271028037384,0,1,0
45065560|F|0-7:T>C-7:T>C,45065560,7:T>C,7,PTTO01001883.1_Contig281,1763899,NC_041729.1,2,autosome,1.0,1,1.7299999999999999e-28,0.994681,1.0,1,1,1,1,1,1,1,1,1,0.2319819819819819,0.2319819819819819,0.25,0.2313084112149532,1,1,0
45062090|F|0-66:C>T-66:C>T,45062090,66:C>T,66,PTTO01000974.1_Contig37,9680074,NC_041741.1,14,autosome,1.0,1,1.7299999999999999e-28,0.99734,1.0,1,1,1,1,1,1,1,1,1,0.2522522522522522,0.2522522522522522,0.4375,0.2453271028037383,1,1,0
45060743|F|0-47:C>T-47:C>T,45060743,47:C>T,47,PTTO01004481.1_Contig260,833539,NC_041730.1,3,autosome,1.0,1,1.7299999999999999e-28,0.99734,1.0,1,1,1,1,1,1,1,1,1,0.018018018018018,0.018018018018018,0.0,0.0186915887850467,0,1,0
45065564|F|0-43:G>T-43:G>T,45065564,43:G>T,43,PTTO01000765.1_Contig334,10809736,NC_041729.1,2,autosome,1.0,1,1.7299999999999999e-28,0.99734,1.0,1,1,1,1,1,1,1,1,0,0.0337837837837837,0.0337837837837837,0.0,0.0350467289719626,0,1,0
45060766|F|0-29:T>C-29:T>C,45060766,29:T>C,29,PTTO01001696.1_Contig254,6565694,NC_041747.1,20,autosome,1.0,1,1.7299999999999999e-28,1.0,1.0,1,1,1,1,1,1,1,1,1,0.2004504504504504,0.2004504504504504,0.4375,0.1915887850467289,1,1,0
100033079|F|0-68:A>T-68:A>T,100033079,68:A>T,68,PTTO01004189.1_Contig18,7594612,NC_041729.1,2,autosome,1.0,1,1.7299999999999999e-28,0.986702,1.0,1,1,1,1,1,1,1,1,0,0.0,0.0,0.0,0.0,0,0,0
45060777|F|0-10:G>A-10:G>A,45060777,10:G>A,10,PTTO01000394.1_Contig225,232803,NC_041730.1,3,autosome,1.0,2,1.7299999999999999e-28,0.99734,1.0,1,1,1,1,1,1,1,1,1,0.036036036036036,0.036036036036036,0.0,0.0373831775700934,0,1,0
64980137|F|0-34:G>A-34:G>A,64980137,34:G>A,34,PTTO01000311.1_Contig4505,1325893,NC_041731.1,4,autosome,1.0,1,1.7299999999999999e-28,1.0,1.0,1,1,1,1,1,1,1,1,0,0.0,0.0,0.0,0.0,0,0,0
45060778|F|0-53:C>T-53:C>T,45060778,53:C>T,53,PTTO01001236.1_Contig336,10183974,NC_041746.1,19,autosome,1.0,1,8.05e-27,1.0,1.0,1,1,1,1,1,1,1,1,1,0.4459459459459459,0.4459459459459459,0.5,0.4439252336448598,1,1,0
45065584|F|0-65:T>C-65:T>C,45065584,65:T>C,65,PTTO01003005.1_Contig4265,5564202,NC_041740.1,13,autosome,1.0,1,1.7299999999999999e-28,1.0,1.0,1,1,1,1,1,1,1,1,1,0.1711711711711711,0.1711711711711711,0.0,0.1775700934579439,0,1,0
45060784|F|0-40:G>A-40:G>A,45060784,40:G>A,40,PTTO01000959.1_Contig66,660837,NC_041748.1,21,autosome,1.0,1,1.7299999999999999e-28,1.0,1.0,1,1,1,1,1,1,1,1,1,0.0765765765765765,0.0765765765765765,0.0,0.0794392523364486,0,1,0
45065588|F|0-37:A>T-37:A>T,45065588,37:A>T,37,PTTO01001241.1_Contig276,4444957,NC_041740.1,13,autosome,1.0,1,7.080000000000001e-21,0.99734,1.0,1,1,1,1,1,1,1,1,1,0.054054054054054,0.054054054054054,0.0,0.0560747663551401,0,1,0
45060797|F|0-56:C>A-56:C>A,45060797,56:C>A,56,PTTO01002261.1_Contig251,3213175,NC_041743.1,16,autosome,1.0,1,1.7299999999999999e-28,1.0,1.0,1,1,1,1,1,1,1,1,1,0.1418918918918918,0.1418918918918918,0.0,0.1471962616822429,0,1,0
45065592|F|0-60:G>A-60:G>A,45065592,60:G>A,60,PTTO01001633.1_Contig312,570183,NC_041739.1,12,autosome,1.0,1,1.7299999999999999e-28,0.99734,1.0,1,1,1,1,1,1,1,1,0,0.0315315315315315,0.0315315315315315,0.0,0.0327102803738317,0,1,0
45060818|F|0-46:G>A-46:G>A,45060818,46:G>A,46,PTTO01002104.1_Contig16,47588735,NC_041732.1,5,autosome,1.0,1,1.7299999999999999e-28,0.99734,1.0,1,1,1,1,1,1,1,1,1,0.0675675675675675,0.0675675675675675,0.0,0.0700934579439252,0,1,0
45060824|F|0-22:A>C-22:A>C,45060824,22:A>C,22,PTTO01002261.1_Contig251,10146053,NC_041743.1,16,autosome,1.0,1,1.7299999999999999e-28,1.0,1.0,1,1,1,1,1,1,1,1,1,0.1711711711711711,0.1711711711711711,0.0,0.1775700934579439,0,1,0
45060826|F|0-38:G>T-38:G>T,45060826,38:G>T,38,PTTO01001241.1_Contig276,6486437,NC_041740.1,13,autosome,1.0,2,1.7299999999999999e-28,1.0,1.0,1,1,1,1,1,1,1,1,1,0.0045045045045045,0.0045045045045045,0.0,0.0046728971962616,0,1,0
45060846|F|0-49:G>T-49:G>T,45060846,49:G>T,49,PTTO01001241.1_Contig276,15050963,NC_041740.1,13,autosome,1.0,1,1.7299999999999999e-28,1.0,1.0,1,1,1,1,1,1,1,1,1,0.0022522522522522,0.0022522522522522,0.0,0.0023364485981308,0,1,0
45060850|F|0-10:T>C-10:T>C,45060850,10:T>C,10,PTTO01000700.1_Contig3723,2211786,NC_041730.1,3,autosome,1.0,1,8.05e-27,0.99734,1.0,1,1,1,1,1,1,1,1,1,0.3288288288288288,0.3288288288288288,0.125,0.3364485981308411,1,1,0
45053629|F|0-62:C>T-62:C>T,45053629,62:C>T,62,PTTO01001370.1_Contig26,4166935,NC_041734.1,7,autosome,1.0,1,1.7299999999999999e-28,0.99734,1.0,1,1,1,1,1,1,1,1,1,0.0135135135135135,0.0135135135135135,0.0,0.014018691588785,0,1,0
64989083|F|0-59:A>T-59:A>T,64989083,59:A>T,59,PTTO01002261.1_Contig251,10606572,NC_041743.1,16,autosome,1.0,1,1.7299999999999999e-28,0.99734,1.0,1,1,1,1,1,1,1,1,0,0.0,0.0,0.0,0.0,0,0,0
45065623|F|0-60:G>A-60:G>A,45065623,60:G>A,60,PTTO01002715.1_Contig75,1154108,NC_041730.1,3,autosome,1.0,1,1.7299999999999999e-28,0.989362,1.0,1,1,1,1,1,1,1,1,1,0.0112612612612612,0.0112612612612612,0.0,0.0116822429906542,0,1,0
45060874|F|0-59:T>C-59:T>C,45060874,59:T>C,59,PTTO01002104.1_Contig16,55497977,NC_041732.1,5,autosome,1.0,1,8.05e-27,1.0,1.0,1,1,1,1,1,1,1,1,1,0.2252252252252252,0.2252252252252252,0.0,0.2336448598130841,0,1,0
45060884|F|0-14:G>A-14:G>A,45060884,14:G>A,14,PTTO01002666.1_Contig135,2237837,NC_041734.1,7,autosome,1.0,1,1.7299999999999999e-28,1.0,1.0,1,1,1,1,1,1,1,1,1,0.2297297297297297,0.2297297297297297,0.0,0.2383177570093458,0,1,0
45065630|F|0-11:G>A-11:G>A,45065630,11:G>A,11,PTTO01004305.1_Contig271,1045881,NC_041732.1,5,autosome,1.0,1,1.7299999999999999e-28,1.0,1.0,1,1,1,1,1,1,1,1,1,0.0112612612612612,0.0112612612612612,0.0,0.0116822429906542,0,1,0
45060890|F|0-51:G>C-51:G>C,45060890,51:G>C,51,PTTO01000765.1_Contig334,17033118,NC_041729.1,2,autosome,1.0,1,1.7299999999999999e-28,1.0,1.0,1,1,1,1,1,1,1,1,1,0.0157657657657657,0.0157657657657657,0.0,0.0163551401869158,0,1,0
45060894|F|0-19:C>T-19:C>T,45060894,19:C>T,19,PTTO01001370.1_Contig26,36393873,NC_041734.1,7,autosome,1.0,1,1.7299999999999999e-28,0.99734,1.0,1,1,1,1,1,1,1,1,1,0.2747747747747748,0.2747747747747748,0.3125,0.2733644859813084,1,1,0
45060903|F|0-42:G>T-42:G>T,45060903,42:G>T,42,PTTO01003406.1_Contig1355,409329,NC_041744.1,17,autosome,1.0,1,2.9000000000000004e-26,0.994681,1.0,1,1,1,1,1,1,1,1,1,0.0585585585585585,0.0585585585585585,0.0,0.0607476635514018,0,1,0
45065635|F|0-55:C>T-55:C>T,45065635,55:C>T,55,PTTO01002104.1_Contig16,29308633,NC_041732.1,5,autosome,1.0,1,1.7299999999999999e-28,0.99734,1.0,1,1,1,1,1,1,1,1,1,0.0427927927927927,0.0427927927927927,0.0,0.0443925233644859,0,1,0
64987012|F|0-37:A>G-37:A>G,64987012,37:A>G,37,PTTO01004262.1_Contig52,39979813,NC_041731.1,4,autosome,1.0,1,1.7299999999999999e-28,0.99734,1.0,1,1,1,1,1,1,1,1,0,0.0,0.0,0.0,0.0,0,0,0
45065649|F|0-10:C>T-10:C>T,45065649,10:C>T,10,PTTO01000571.1_Contig170,6490635,NC_041730.1,3,autosome,1.0,1,3.22e-25,1.0,1.0,1,1,1,1,1,1,1,1,1,0.018018018018018,0.018018018018018,0.0,0.0186915887850467,0,1,0
45065654|F|0-56:G>A-56:G>A,45065654,56:G>A,56,PTTO01004189.1_Contig18,24904430,NC_041729.1,2,autosome,1.0,1,1.7299999999999999e-28,1.0,1.0,1,1,1,1,1,1,1,1,1,0.0157657657657657,0.0157657657657657,0.0,0.0163551401869158,0,1,0
45060940|F|0-13:G>A-13:G>A,45060940,13:G>A,13,PTTO01004519.1_Contig1477,2964197,NC_041735.1,8,autosome,1.0,1,1.7299999999999999e-28,0.99734,1.0,1,1,1,1,1,1,1,1,1,0.045045045045045,0.045045045045045,0.125,0.0420560747663551,1,1,0
64984282|F|0-10:A>T-10:A>T,64984282,10:A>T,10,PTTO01000765.1_Contig334,18370575,NC_041729.1,2,autosome,1.0,1,1.7299999999999999e-28,0.994681,1.0,1,1,1,1,1,1,1,1,0,0.0,0.0,0.0,0.0,0,0,0
45060956|F|0-54:G>A-54:G>A,45060956,54:G>A,54,PTTO01002666.1_Contig135,2324304,NC_041734.1,7,autosome,1.0,1,1.7299999999999999e-28,1.0,1.0,1,1,1,1,1,1,1,1,1,0.0225225225225225,0.0225225225225225,0.0,0.0233644859813084,0,1,0
45060959|F|0-12:C>T-12:C>T,45060959,12:C>T,12,PTTO01001236.1_Contig336,12234683,NC_041746.1,19,autosome,1.0,1,1.7299999999999999e-28,1.0,1.0,1,1,1,1,1,1,1,1,1,0.0518018018018018,0.0518018018018018,0.0,0.0537383177570093,0,1,0
45065670|F|0-38:A>G-38:A>G,45065670,38:A>G,38,PTTO01000318.1_Contig139,20509378,NC_041730.1,3,autosome,1.0,1,1.7299999999999999e-28,0.99734,1.0,1,1,1,1,1,1,1,1,1,0.1463963963963964,0.1463963963963964,0.0625,0.1495327102803738,1,1,0
100033365|F|0-21:T>C-21:T>C,100033365,21:T>C,21,PTTO01001839.1_Contig208,4484763,NC_041741.1,14,autosome,1.0,1,1.7299999999999999e-28,0.99734,1.0,1,1,1,1,1,1,1,1,0,0.0,0.0,0.0,0.0,0,0,0
45060967|F|0-16:C>A-16:C>A,45060967,16:C>A,16,PTTO01001370.1_Contig26,33406384,NC_041734.1,7,autosome,1.0,8,2.9000000000000004e-26,1.0,1.0,1,1,1,1,1,1,1,1,1,0.2139639639639639,0.2139639639639639,0.0,0.2219626168224299,0,1,0
45065683|F|0-41:A>T-41:A>T,45065683,41:A>T,41,PTTO01004427.1_Contig106,7147849,NC_041739.1,12,autosome,1.0,1,1.7299999999999999e-28,1.0,1.0,1,1,1,1,1,1,1,1,1,0.027027027027027,0.027027027027027,0.4375,0.0116822429906542,1,1,0
45060993|F|0-56:C>T-56:C>T,45060993,56:C>T,56,PTTO01000659.1_Contig3311,12470738,NC_041731.1,4,autosome,1.0,1,1.7299999999999999e-28,1.0,1.0,1,1,1,1,1,1,1,1,1,0.0608108108108108,0.0608108108108108,0.125,0.058411214953271,1,1,0
45061014|F|0-41:C>T-41:C>T,45061014,41:C>T,41,PTTO01002315.1_Contig12,4916151,NC_041729.1,2,autosome,1.0,1,1.7299999999999999e-28,0.99734,1.0,1,1,1,1,1,1,1,1,1,0.009009009009009,0.009009009009009,0.0,0.0093457943925233,0,1,0
45061018|F|0-34:T>A-34:T>A,45061018,34:T>A,34,PTTO01002476.1_Contig0,93615069,NC_041728.1,1,autosome,1.0,1,1.7299999999999999e-28,1.0,1.0,1,1,1,1,1,1,1,1,1,0.3063063063063063,0.3063063063063063,0.6875,0.2920560747663551,1,1,0
45065700|F|0-65:A>T-65:A>T,45065700,65:A>T,65,PTTO01002822.1_Contig364,402749,NC_041731.1,4,autosome,1.0,1,1.7299999999999999e-28,0.994681,1.0,1,1,1,1,1,1,1,1,1,0.0563063063063063,0.0563063063063063,0.3125,0.0467289719626168,1,1,0
45061019|F|0-66:G>T-66:G>T,45061019,66:G>T,66,PTTO01001320.1_Contig70,6342618,NC_041731.1,4,autosome,1.0,1,1.7299999999999999e-28,0.99734,1.0,1,1,1,1,1,1,1,1,1,0.0,0.0,0.0,0.0,0,0,0
45065703|F|0-14:C>G-14:C>G,45065703,14:C>G,14,PTTO01003710.1_Contig217,15837800,NC_041733.1,6,autosome,1.0,1,2.9000000000000004e-26,1.0,1.0,1,1,1,1,1,1,1,1,1,0.4864864864864865,0.4864864864864865,1.0,0.4672897196261682,0,1,0
45061023|F|0-30:G>C-30:G>C,45061023,30:G>C,30,PTTO01000332.1_Contig333,3524922,NC_041729.1,2,autosome,1.0,1,1.7299999999999999e-28,0.99734,1.0,1,1,1,1,1,1,1,1,1,0.0382882882882882,0.0382882882882882,0.125,0.0350467289719626,1,1,0
45061024|F|0-29:C>A-29:C>A,45061024,29:C>A,29,PTTO01002128.1_Contig236,975162,NC_041729.1,2,autosome,1.0,1,1.7299999999999999e-28,0.99734,1.0,1,1,1,1,1,1,1,1,1,0.036036036036036,0.036036036036036,0.0,0.0373831775700934,0,1,0
45065706|F|0-53:G>A-53:G>A,45065706,53:G>A,53,PTTO01004189.1_Contig18,29659313,NC_041729.1,2,autosome,1.0,1,1.7299999999999999e-28,1.0,1.0,1,1,1,1,1,1,1,1,1,0.0067567567567567,0.0067567567567567,0.0,0.0070093457943925,0,1,0
45061031|F|0-18:G>A-18:G>A,45061031,18:G>A,18,PTTO01002476.1_Contig0,18958717,NC_041728.1,1,autosome,1.0,1,1.7299999999999999e-28,1.0,1.0,1,1,1,1,1,1,1,1,1,0.0247747747747747,0.0247747747747747,0.1875,0.0186915887850467,1,1,0
45061041|F|0-36:A>C-36:A>C,45061041,36:A>C,36,PTTO01001051.1_Contig4,11711468,NC_041737.1,10,autosome,1.0,1,8.05e-27,0.981383,1.0,1,1,1,1,1,1,1,1,1,0.9977477477477478,0.0022522522522522,1.0,0.9976635514018692,0,1,0
45061049|F|0-63:C>T-63:C>T,45061049,63:C>T,63,PTTO01001073.1_Contig8,639141,NC_041748.1,21,autosome,1.0,1,1.7299999999999999e-28,0.994681,1.0,1,1,1,1,1,1,1,1,1,0.0427927927927927,0.0427927927927927,0.0,0.0443925233644859,0,1,0
64980484|F|0-20:G>A-20:G>A,64980484,20:G>A,20,PTTO01001320.1_Contig70,2845033,NC_041731.1,4,autosome,1.0,1,1.7299999999999999e-28,1.0,1.0,1,1,1,1,1,1,1,1,0,0.0045045045045045,0.0045045045045045,0.0,0.0046728971962616,0,1,0
45061062|F|0-41:T>A-41:T>A,45061062,41:T>A,41,PTTO01003889.1_Contig165,8640931,NC_041729.1,2,autosome,1.0,1,8.05e-27,1.0,1.0,1,1,1,1,1,1,1,1,1,0.2567567567567567,0.2567567567567567,0.125,0.2616822429906542,1,1,0
45061065|F|0-24:G>C-24:G>C,45061065,24:G>C,24,PTTO01001678.1_Contig35,12990515,NC_041737.1,10,autosome,1.0,1,8.05e-27,0.99734,1.0,1,1,1,1,1,1,1,1,1,0.4752252252252252,0.4752252252252252,0.9375,0.4579439252336448,1,1,0
45061069|F|0-44:C>A-44:C>A,45061069,44:C>A,44,PTTO01002104.1_Contig16,40121692,NC_041732.1,5,autosome,1.0,1,1.7299999999999999e-28,1.0,1.0,1,1,1,1,1,1,1,1,1,0.0112612612612612,0.0112612612612612,0.0,0.0116822429906542,0,1,0
45061071|F|0-51:C>A-51:C>A,45061071,51:C>A,51,PTTO01004262.1_Contig52,35919359,NC_041731.1,4,autosome,1.0,1,1.7299999999999999e-28,0.99734,1.0,1,1,1,1,1,1,1,1,1,0.009009009009009,0.009009009009009,0.0,0.0093457943925233,0,1,0
45065720|F|0-63:C>G-63:C>G,45065720,63:C>G,63,PTTO01004189.1_Contig18,10116428,NC_041729.1,2,autosome,1.0,1,1.7299999999999999e-28,1.0,1.0,1,1,1,1,1,1,1,1,1,0.0923423423423423,0.0923423423423423,0.0,0.0957943925233644,0,1,0
64985388|F|0-26:T>C-26:T>C,64985388,26:T>C,26,PTTO01004427.1_Contig106,1250157,NC_041739.1,12,autosome,1.0,1,1.7299999999999999e-28,0.994681,1.0,1,1,1,1,1,1,1,1,0,0.0135135135135135,0.0135135135135135,0.1875,0.0070093457943925,1,1,0
45061096|F|0-14:G>C-14:G>C,45061096,14:G>C,14,PTTO01000276.1_Contig319,4504324,NC_041737.1,10,autosome,1.0,1,1.7299999999999999e-28,0.994681,1.0,1,1,1,1,1,1,1,1,1,0.0022522522522522,0.0022522522522522,0.0,0.0023364485981308,0,1,0
45061097|F|0-23:G>A-23:G>A,45061097,23:G>A,23,PTTO01001839.1_Contig208,8140717,NC_041741.1,14,autosome,1.0,1,1.7299999999999999e-28,0.99734,1.0,1,1,1,1,1,1,1,1,1,0.0157657657657657,0.0157657657657657,0.0,0.0163551401869158,0,1,0
45065730|F|0-20:G>T-20:G>T,45065730,20:G>T,20,PTTO01000376.1_Contig11,8343531,NC_041745.1,18,autosome,1.0,1,1.7299999999999999e-28,0.99734,1.0,1,1,1,1,1,1,1,1,1,0.0045045045045045,0.0045045045045045,0.0,0.0046728971962616,0,1,0
64980548|F|0-53:G>T-53:G>T,64980548,53:G>T,53,PTTO01002057.1_Contig2,27615272,NC_041730.1,3,autosome,1.0,1,1.7299999999999999e-28,0.994681,1.0,1,1,1,1,1,1,1,1,0,0.0067567567567567,0.0067567567567567,0.0,0.0070093457943925,0,1,0
45065733|F|0-46:C>T-46:C>T,45065733,46:C>T,46,PTTO01000875.1_Contig31,14843325,NC_041730.1,3,autosome,1.0,1,1.7299999999999999e-28,1.0,1.0,1,1,1,1,1,1,1,1,1,0.1644144144144144,0.1644144144144144,0.0625,0.1682242990654205,1,1,0
45065738|F|0-26:G>T-26:G>T,45065738,26:G>T,26,PTTO01001236.1_Contig336,8366694,NC_041746.1,19,autosome,1.0,1,4.8100000000000006e-23,1.0,1.0,1,1,1,1,1,1,1,1,1,0.0337837837837837,0.0337837837837837,0.0,0.0350467289719626,0,1,0
45065740|F|0-45:C>G-45:C>G,45065740,45:C>G,45,PTTO01004499.1_Contig142,2278349,NC_041744.1,17,autosome,1.0,1,1.7299999999999999e-28,0.99734,1.0,1,1,1,1,1,1,1,1,1,0.0135135135135135,0.0135135135135135,0.0,0.014018691588785,0,1,0
45065743|F|0-41:A>C-41:A>C,45065743,41:A>C,41,PTTO01002104.1_Contig16,4125488,NC_041732.1,5,autosome,1.0,1,8.05e-27,0.994681,1.0,1,1,1,1,1,1,1,1,0,0.5067567567567568,0.4932432432432432,0.1875,0.5186915887850467,1,1,0
45065746|F|0-46:G>A-46:G>A,45065746,46:G>A,46,PTTO01002473.1_Contig1,9845062,NC_041738.1,11,autosome,1.0,1,1.7299999999999999e-28,0.99734,1.0,1,1,1,1,1,1,1,1,1,0.045045045045045,0.045045045045045,0.0625,0.0443925233644859,1,1,0
45065753|F|0-26:G>A-26:G>A,45065753,26:G>A,26,PTTO01000230.1_Contig34,775722,NC_041734.1,7,autosome,1.0,1,1.7299999999999999e-28,0.99734,1.0,1,1,1,1,1,1,1,1,1,0.0112612612612612,0.0112612612612612,0.0,0.0116822429906542,0,1,0
45061145|F|0-16:C>T-16:C>T,45061145,16:C>T,16,PTTO01001678.1_Contig35,14446733,NC_041737.1,10,autosome,1.0,1,1.7299999999999999e-28,0.99734,1.0,1,1,1,1,1,1,1,1,1,0.1103603603603603,0.1103603603603603,0.125,0.1098130841121495,1,1,0
64980628|F|0-14:A>T-14:A>T,64980628,14:A>T,14,PTTO01001370.1_Contig26,34512594,NC_041734.1,7,autosome,1.0,1,1.7299999999999999e-28,1.0,1.0,1,1,1,1,1,1,1,1,0,0.0,0.0,0.0,0.0,0,0,0
64980631|F|0-18:A>G-18:A>G,64980631,18:A>G,18,PTTO01004262.1_Contig52,18964901,NC_041731.1,4,autosome,1.0,1,1.7299999999999999e-28,0.99734,1.0,1,1,1,1,1,1,1,1,0,0.0,0.0,0.0,0.0,0,0,0
64980634|F|0-15:G>C-15:G>C,64980634,15:G>C,15,PTTO01001051.1_Contig4,427156,NC_041737.1,10,autosome,1.0,1,1.7299999999999999e-28,1.0,1.0,1,1,1,1,1,1,1,1,0,0.009009009009009,0.009009009009009,0.25,0.0,1,0,0
45065766|F|0-15:A>C-15:A>C,45065766,15:A>C,15,PTTO01004519.1_Contig1477,1656949,NC_041735.1,8,autosome,1.0,1,1.7299999999999999e-28,1.0,1.0,1,1,1,1,1,1,1,1,1,0.0968468468468468,0.0968468468468468,0.0,0.1004672897196261,0,1,0
45061158|F|0-23:C>T-23:C>T,45061158,23:C>T,23,PTTO01004262.1_Contig52,30160055,NC_041731.1,4,autosome,1.0,1,1.7299999999999999e-28,0.994681,1.0,1,1,1,1,1,1,1,1,1,0.0495495495495495,0.0495495495495495,0.0,0.0514018691588785,0,1,0
45061178|F|0-60:T>G-60:T>G,45061178,60:T>G,60,PTTO01003889.1_Contig165,20334859,NC_041729.1,2,autosome,1.0,1,1.7299999999999999e-28,0.99734,1.0,1,1,1,1,1,1,1,1,1,0.0022522522522522,0.0022522522522522,0.0,0.0023364485981308,0,1,0
45067558|F|0-12:C>A-12:C>A,45067558,12:C>A,12,PTTO01002057.1_Contig2,8369208,NC_041730.1,3,autosome,1.0,1,1.7299999999999999e-28,0.99734,1.0,1,1,1,1,1,1,1,1,1,0.0337837837837837,0.0337837837837837,0.0,0.0350467289719626,0,1,0
45065782|F|0-49:C>G-49:C>G,45065782,49:C>G,49,PTTO01004189.1_Contig18,27515256,NC_041729.1,2,autosome,1.0,1,1.7299999999999999e-28,0.99734,1.0,1,1,1,1,1,1,1,1,1,0.0112612612612612,0.0112612612612612,0.1875,0.0046728971962616,1,1,0
45065793|F|0-52:T>A-52:T>A,45065793,52:T>A,52,PTTO01000098.1_Contig21,4199124,NC_041729.1,2,autosome,1.0,1,1.7299999999999999e-28,1.0,1.0,1,1,1,1,1,1,1,1,1,0.009009009009009,0.009009009009009,0.0,0.0093457943925233,0,1,0
45065795|F|0-56:G>A-56:G>A,45065795,56:G>A,56,PTTO01001236.1_Contig336,10904184,NC_041746.1,19,autosome,1.0,1,1.7299999999999999e-28,0.994681,1.0,1,1,1,1,1,1,1,1,1,0.0608108108108108,0.0608108108108108,0.0,0.0630841121495327,0,1,0
45061200|F|0-61:C>G-61:C>G,45061200,61:C>G,61,PTTO01000875.1_Contig31,31161457,NC_041730.1,3,autosome,1.0,1,1.7299999999999999e-28,0.99734,1.0,1,1,1,1,1,1,1,1,1,0.1171171171171171,0.1171171171171171,0.1875,0.1144859813084112,1,1,0
45061210|F|0-12:A>T-12:A>T,45061210,12:A>T,12,PTTO01002545.1_Contig22,708835,NC_041728.1,1,autosome,1.0,1,1.7299999999999999e-28,0.99734,1.0,1,1,1,1,1,1,1,1,1,0.4166666666666667,0.4166666666666667,0.125,0.4275700934579439,1,1,0
64976507|F|0-9:T>C-9:T>C,64976507,9:T>C,9,PTTO01003571.1_Contig67,19879324,NC_041736.1,9,autosome,1.0,1,1.7299999999999999e-28,0.976064,1.0,1,1,1,1,1,1,1,1,0,0.0022522522522522,0.0022522522522522,0.0,0.0023364485981308,0,1,0
45066101|F|0-63:T>A-63:T>A,45066101,63:T>A,63,PTTO01000659.1_Contig3311,5868164,NC_041731.1,4,autosome,1.0,1,1.7299999999999999e-28,0.99734,1.0,1,1,1,1,1,1,1,1,1,0.0292792792792792,0.0292792792792792,0.0,0.0303738317757009,0,1,0
100040300|F|0-17:A>G-17:A>G,100040300,17:A>G,17,PTTO01002261.1_Contig251,13374142,NC_041743.1,16,autosome,1.0,1,1.7299999999999999e-28,0.984043,1.0,1,1,1,1,1,1,1,1,0,0.0,0.0,0.0,0.0,0,0,0
45053647|F|0-20:C>T-20:C>T,45053647,20:C>T,20,PTTO01002104.1_Contig16,42653653,NC_041732.1,5,autosome,1.0,1,1.7299999999999999e-28,0.99734,1.0,1,1,1,1,1,1,1,1,1,0.0045045045045045,0.0045045045045045,0.0,0.0046728971962616,0,1,0
45053663|F|0-59:G>T-59:G>T,45053663,59:G>T,59,PTTO01002057.1_Contig2,16780976,NC_041730.1,3,autosome,1.0,1,1.7299999999999999e-28,1.0,1.0,1,1,1,1,1,1,1,1,1,0.1081081081081081,0.1081081081081081,0.0,0.1121495327102803,0,1,0
45062159|F|0-25:G>C-25:G>C,45062159,25:G>C,25,PTTO01002476.1_Contig0,47650490,NC_041728.1,1,autosome,1.0,1,8.05e-27,0.994681,1.0,1,1,1,1,1,1,1,1,0,0.5630630630630631,0.4369369369369369,0.8125,0.5537383177570093,1,1,0
45053679|F|0-25:A>C-25:A>C,45053679,25:A>C,25,PTTO01001470.1_Contig295,337082,NC_041729.1,2,autosome,1.0,5,1.7299999999999999e-28,0.99734,1.0,1,1,1,1,1,1,1,1,1,0.0788288288288288,0.0788288288288288,0.0,0.0817757009345794,0,1,0
45066107|F|0-34:G>C-34:G>C,45066107,34:G>C,34,PTTO01003671.1_Contig19,12019950,NC_041735.1,8,autosome,1.0,1,8.05e-27,0.99734,1.0,1,1,1,1,1,1,1,1,1,0.3153153153153153,0.3153153153153153,0.5,0.308411214953271,1,1,0
45066108|F|0-63:G>A-63:G>A,45066108,63:G>A,63,PTTO01002057.1_Contig2,46326362,NC_041730.1,3,autosome,1.0,986,1.7299999999999999e-28,0.960106,1.0,1,1,1,1,1,1,1,1,1,0.1193693693693693,0.1193693693693693,0.125,0.1191588785046729,1,1,0
45053721|F|0-62:T>G-62:T>G,45053721,62:T>G,62,PTTO01000376.1_Contig11,5738520,NC_041745.1,18,autosome,1.0,1,1.7299999999999999e-28,0.99734,1.0,1,1,1,1,1,1,1,1,1,0.1779279279279279,0.1779279279279279,0.0,0.1845794392523364,0,1,0
100040381|F|0-52:T>C-52:T>C,100040381,52:T>C,52,PTTO01001051.1_Contig4,4179496,NC_041737.1,10,autosome,1.0,1,1.7299999999999999e-28,0.960106,1.0,1,1,1,1,1,1,1,1,0,0.0045045045045045,0.0045045045045045,0.0625,0.0023364485981308,1,1,0
45066120|F|0-65:G>A-65:G>A,45066120,65:G>A,65,PTTO01004340.1_Contig74,3876906,NC_041733.1,6,autosome,1.0,1761,1.7299999999999999e-28,0.976064,1.0,1,1,1,1,1,1,1,1,1,0.1689189189189189,0.1689189189189189,0.0,0.175233644859813,0,1,0
45062197|F|0-47:G>A-47:G>A,45062197,47:G>A,47,PTTO01001940.1_Contig353,19501288,NC_041731.1,4,autosome,1.0,1,5.85e-22,0.99734,1.0,1,1,1,1,1,1,1,1,1,0.027027027027027,0.027027027027027,0.0,0.02803738317757,0,1,0
45066136|F|0-50:C>T-50:C>T,45066136,50:C>T,50,PTTO01001696.1_Contig254,6428903,NC_041747.1,20,autosome,1.0,1,1.7299999999999999e-28,0.99734,1.0,1,1,1,1,1,1,1,1,1,0.0675675675675675,0.0675675675675675,0.6875,0.0443925233644859,1,1,0
45053773|F|0-6:A>T-6:A>T,45053773,6:A>T,6,PTTO01000318.1_Contig139,1679805,NC_041730.1,3,autosome,1.0,1,1.7299999999999999e-28,0.99734,1.0,1,1,1,1,1,1,1,1,1,0.0315315315315315,0.0315315315315315,0.0,0.0327102803738317,0,1,0
45053782|F|0-26:C>T-26:C>T,45053782,26:C>T,26,PTTO01002057.1_Contig2,25597447,NC_041730.1,3,autosome,1.0,1,1.7299999999999999e-28,0.99734,1.0,1,1,1,1,1,1,1,1,1,0.0337837837837837,0.0337837837837837,0.0,0.0350467289719626,0,1,0
45066143|F|0-51:C>T-51:C>T,45066143,51:C>T,51,PTTO01001236.1_Contig336,7393457,NC_041746.1,19,autosome,1.0,1,1.7299999999999999e-28,0.99734,1.0,1,1,1,1,1,1,1,1,0,0.0292792792792792,0.0292792792792792,0.0,0.0303738317757009,0,1,0
45053829|F|0-9:C>A-9:C>A,45053829,9:C>A,9,PTTO01002057.1_Contig2,5692155,NC_041730.1,3,autosome,1.0,1,1.7299999999999999e-28,0.99734,1.0,1,1,1,1,1,1,1,1,1,0.0022522522522522,0.0022522522522522,0.0,0.0023364485981308,0,1,0
45066163|F|0-62:G>A-62:G>A,45066163,62:G>A,62,PTTO01001678.1_Contig35,8609206,NC_041737.1,10,autosome,1.0,1,1.7299999999999999e-28,0.994681,1.0,1,1,1,1,1,1,1,1,1,0.0855855855855855,0.0855855855855855,0.0,0.0887850467289719,0,1,0
45062245|F|0-39:G>T-39:G>T,45062245,39:G>T,39,PTTO01002261.1_Contig251,7144913,NC_041743.1,16,autosome,1.0,1,1.7299999999999999e-28,0.957447,1.0,1,1,1,1,1,1,1,1,0,0.0045045045045045,0.0045045045045045,0.0,0.0046728971962616,0,1,0
45053873|F|0-32:C>A-32:C>A,45053873,32:C>A,32,PTTO01001370.1_Contig26,34058637,NC_041734.1,7,autosome,1.0,1,1.7299999999999999e-28,1.0,1.0,1,1,1,1,1,1,1,1,1,0.009009009009009,0.009009009009009,0.0,0.0093457943925233,0,1,0
45066165|F|0-9:A>T-9:A>T,45066165,9:A>T,9,PTTO01001315.1_Contig92,1978829,NC_041742.1,15,autosome,1.0,1,1.7299999999999999e-28,0.99734,1.0,1,1,1,1,1,1,1,1,1,0.0427927927927927,0.0427927927927927,0.3125,0.0327102803738317,1,1,0
45066086|F|0-13:G>T-13:G>T,45066086,13:G>T,13,PTTO01000257.1_Contig57,1415415,NC_041740.1,13,autosome,1.0,1,1.7299999999999999e-28,0.99734,1.0,1,1,1,1,1,1,1,1,1,0.072072072072072,0.072072072072072,0.0,0.0747663551401869,0,1,0
45054966|F|0-6:G>A-6:G>A,45054966,6:G>A,6,PTTO01002634.1_Contig60,1281898,NC_041732.1,5,autosome,1.0,1,1.7299999999999999e-28,1.0,1.0,1,1,1,1,1,1,1,1,1,0.0653153153153153,0.0653153153153153,0.0,0.0677570093457943,0,1,0
45053887|F|0-14:C>T-14:C>T,45053887,14:C>T,14,PTTO01001696.1_Contig254,9515657,NC_041747.1,20,autosome,1.0,1,1.7299999999999999e-28,0.994681,1.0,1,1,1,1,1,1,1,1,1,0.1418918918918918,0.1418918918918918,0.8125,0.116822429906542,1,1,0
45053924|F|0-18:A>T-18:A>T,45053924,18:A>T,18,PTTO01000318.1_Contig139,16095015,NC_041730.1,3,autosome,1.0,1,1.7299999999999999e-28,0.99734,1.0,1,1,1,1,1,1,1,1,1,0.1441441441441441,0.1441441441441441,0.125,0.1448598130841121,1,1,0
100040502|F|0-10:T>C-10:T>C,100040502,10:T>C,10,PTTO01002057.1_Contig2,27875733,NC_041730.1,3,autosome,1.0,1,1.7299999999999999e-28,0.989362,1.0,1,1,1,1,1,1,1,1,0,0.0,0.0,0.0,0.0,0,0,0
45053938|F|0-24:G>A-24:G>A,45053938,24:G>A,24,PTTO01003710.1_Contig217,16548467,NC_041733.1,6,autosome,1.0,1,1.7299999999999999e-28,0.994681,1.0,1,1,1,1,1,1,1,1,1,0.1126126126126126,0.1126126126126126,0.125,0.1121495327102803,1,1,0
45053959|F|0-65:C>T-65:C>T,45053959,65:C>T,65,PTTO01002264.1_Contig200,809567,NC_041732.1,5,autosome,1.0,1,1.7299999999999999e-28,1.0,1.0,1,1,1,1,1,1,1,1,1,0.0022522522522522,0.0022522522522522,0.0,0.0023364485981308,0,1,0
45053990|F|0-67:T>A-67:T>A,45053990,67:T>A,67,PTTO01000376.1_Contig11,24856489,NC_041745.1,18,autosome,1.0,1,1.7299999999999999e-28,0.99734,1.0,1,1,1,1,1,1,1,1,1,0.054054054054054,0.054054054054054,0.0,0.0560747663551401,0,1,0
45062299|F|0-46:C>T-46:C>T,45062299,46:C>T,46,PTTO01003889.1_Contig165,18024093,NC_041729.1,2,autosome,1.0,1,8.05e-27,0.99734,1.0,1,1,1,1,1,1,1,1,0,0.581081081081081,0.4189189189189189,0.5625,0.5817757009345794,1,1,0
45054011|F|0-62:C>A-62:C>A,45054011,62:C>A,62,PTTO01002104.1_Contig16,45424011,NC_041732.1,5,autosome,1.0,1,1.7299999999999999e-28,1.0,1.0,1,1,1,1,1,1,1,1,1,0.0067567567567567,0.0067567567567567,0.0,0.0070093457943925,0,1,0
45066184|F|0-63:T>C-63:T>C,45066184,63:T>C,63,PTTO01002057.1_Contig2,25718049,NC_041730.1,3,autosome,1.0,1,1.7299999999999999e-28,0.99734,1.0,1,1,1,1,1,1,1,1,1,0.0495495495495495,0.0495495495495495,0.0,0.0514018691588785,0,1,0
45066185|F|0-47:C>G-47:C>G,45066185,47:C>G,47,PTTO01000659.1_Contig3311,13883252,NC_041731.1,4,autosome,1.0,1,1.7299999999999999e-28,1.0,1.0,1,1,1,1,1,1,1,1,1,0.0135135135135135,0.0135135135135135,0.125,0.0093457943925233,1,1,0
45066186|F|0-46:C>T-46:C>T,45066186,46:C>T,46,PTTO01001940.1_Contig353,10478225,NC_041731.1,4,autosome,1.0,1,1.7299999999999999e-28,1.0,1.0,1,1,1,1,1,1,1,1,1,0.0518018018018018,0.0518018018018018,0.0,0.0537383177570093,0,1,0
45062308|F|0-31:G>T-31:G>T,45062308,31:G>T,31,PTTO01003282.1_Contig313,139752,NC_041738.1,11,autosome,1.0,1,1.7299999999999999e-28,1.0,1.0,1,1,1,1,1,1,1,1,1,0.0990990990990991,0.0990990990990991,0.0,0.102803738317757,0,1,0
64973230|F|0-10:C>A-10:C>A,64973230,10:C>A,10,PTTO01002261.1_Contig251,6442442,NC_041743.1,16,autosome,1.0,1,1.7299999999999999e-28,0.99734,1.0,1,1,1,1,1,1,1,1,0,0.0,0.0,0.0,0.0,0,0,0
45062318|F|0-31:C>T-31:C>T,45062318,31:C>T,31,PTTO01000571.1_Contig170,4053993,NC_041730.1,3,autosome,1.0,1,1.7299999999999999e-28,0.994681,1.0,1,1,1,1,1,1,1,1,1,0.045045045045045,0.045045045045045,0.0,0.0467289719626168,0,1,0
100040592|F|0-36:A>C-36:A>C,100040592,36:A>C,36,PTTO01002793.1_Contig38,6187564,NC_041745.1,18,autosome,1.0,1,1.7299999999999999e-28,0.994681,1.0,1,1,1,1,1,1,1,1,0,0.0,0.0,0.0,0.0,0,0,0
45066194|F|0-38:C>T-38:C>T,45066194,38:C>T,38,PTTO01003005.1_Contig4265,393015,NC_041740.1,13,autosome,1.0,1,8.05e-27,0.99734,1.0,1,1,1,1,1,1,1,1,0,0.027027027027027,0.027027027027027,0.1875,0.0210280373831775,1,1,0
45054062|F|0-7:G>A-7:G>A,45054062,7:G>A,7,PTTO01001370.1_Contig26,19445666,NC_041734.1,7,autosome,1.0,1,8.05e-27,0.99734,1.0,1,1,1,1,1,1,1,1,1,0.0382882882882882,0.0382882882882882,0.0,0.0397196261682243,0,1,0
45066196|F|0-7:G>A-7:G>A,45066196,7:G>A,7,PTTO01002261.1_Contig251,10463762,NC_041743.1,16,autosome,1.0,1,1.7299999999999999e-28,0.99734,1.0,1,1,1,1,1,1,1,1,1,0.0382882882882882,0.0382882882882882,0.0,0.0397196261682243,0,1,0
45066197|F|0-41:C>T-41:C>T,45066197,41:C>T,41,PTTO01001051.1_Contig4,23995769,NC_041737.1,10,autosome,1.0,2,1.7299999999999999e-28,0.99734,1.0,1,1,1,1,1,1,1,1,1,0.027027027027027,0.027027027027027,0.0,0.02803738317757,0,1,0
64973285|F|0-15:G>A-15:G>A,64973285,15:G>A,15,PTTO01004427.1_Contig106,6503200,NC_041739.1,12,autosome,1.0,1,1.7299999999999999e-28,0.99734,1.0,1,1,1,1,1,1,1,1,0,0.0,0.0,0.0,0.0,0,0,0
45062339|F|0-67:C>T-67:C>T,45062339,67:C>T,67,PTTO01001244.1_Contig55,6532897,NC_041738.1,11,autosome,1.0,1,1.7299999999999999e-28,1.0,1.0,1,1,1,1,1,1,1,1,1,0.0067567567567567,0.0067567567567567,0.0,0.0070093457943925,0,1,0
45062355|F|0-18:G>T-18:G>T,45062355,18:G>T,18,PTTO01001236.1_Contig336,10909136,NC_041746.1,19,autosome,1.0,1,1.7299999999999999e-28,0.99734,1.0,1,1,1,1,1,1,1,1,1,0.0495495495495495,0.0495495495495495,0.0,0.0514018691588785,0,1,0
45062359|F|0-48:C>T-48:C>T,45062359,48:C>T,48,PTTO01003425.1_Contig303,8413446,NC_041743.1,16,autosome,1.0,1,1.7299999999999999e-28,1.0,1.0,1,1,1,1,1,1,1,1,1,0.1081081081081081,0.1081081081081081,0.25,0.102803738317757,1,1,0
45066214|F|0-9:C>G-9:C>G,45066214,9:C>G,9,PTTO01003857.1_Contig1099,1778536,NC_041732.1,5,autosome,1.0,1,1.3799999999999998e-23,0.994681,1.0,1,1,1,1,1,1,1,1,1,0.4977477477477477,0.4977477477477477,0.75,0.4883177570093458,1,1,0
45054211|F|0-57:G>A-57:G>A,45054211,57:G>A,57,PTTO01000974.1_Contig37,4155650,NC_041741.1,14,autosome,1.0,1,1.7299999999999999e-28,1.0,1.0,1,1,1,1,1,1,1,1,1,0.0608108108108108,0.0608108108108108,0.0,0.0630841121495327,0,1,0
45062398|F|0-10:G>A-10:G>A,45062398,10:G>A,10,PTTO01000875.1_Contig31,14864368,NC_041730.1,3,autosome,1.0,1,1.7299999999999999e-28,0.99734,1.0,1,1,1,1,1,1,1,1,1,0.0247747747747747,0.0247747747747747,0.0,0.0257009345794392,0,1,0
45062406|F|0-51:C>T-51:C>T,45062406,51:C>T,51,PTTO01002859.1_Contig48,3067180,NC_041732.1,5,autosome,1.0,1,1.7299999999999999e-28,0.994681,1.0,1,1,1,1,1,1,1,1,1,0.027027027027027,0.027027027027027,0.0,0.02803738317757,0,1,0
45062412|F|0-68:C>T-68:C>T,45062412,68:C>T,68,PTTO01004519.1_Contig1477,2987493,NC_041735.1,8,autosome,1.0,1,1.7299999999999999e-28,0.99734,1.0,1,1,1,1,1,1,1,1,1,0.0135135135135135,0.0135135135135135,0.0,0.014018691588785,0,1,0
45054265|F|0-32:G>A-32:G>A,45054265,32:G>A,32,PTTO01000318.1_Contig139,8767190,NC_041730.1,3,autosome,1.0,1,1.7299999999999999e-28,0.986702,1.0,1,1,1,1,1,1,1,1,1,0.045045045045045,0.045045045045045,0.1875,0.0397196261682243,1,1,0
45066229|F|0-6:A>C-6:A>C,45066229,6:A>C,6,PTTO01002815.1_Contig4081,8494514,NC_041744.1,17,autosome,1.0,1,6.23e-28,0.99734,1.0,1,1,1,1,1,1,1,1,1,0.0878378378378378,0.0878378378378378,0.0,0.0911214953271028,0,1,0
45066232|F|0-13:C>T-13:C>T,45066232,13:C>T,13,PTTO01002384.1_Contig2752,77513,NC_041745.1,18,autosome,1.0,20,1.7299999999999999e-28,0.99734,1.0,1,1,1,1,1,1,1,1,1,0.027027027027027,0.027027027027027,0.0625,0.0257009345794392,1,1,0
45062433|F|0-66:G>A-66:G>A,45062433,66:G>A,66,PTTO01004563.1_Contig4450,507146,NC_041742.1,15,autosome,1.0,1,1.7299999999999999e-28,0.99734,1.0,1,1,1,1,1,1,1,1,1,0.0112612612612612,0.0112612612612612,0.0,0.0116822429906542,0,1,0
100040781|F|0-41:T>C-41:T>C,100040781,41:T>C,41,PTTO01002545.1_Contig22,9501746,NC_041728.1,1,autosome,1.0,1,1.7299999999999999e-28,0.994681,1.0,1,1,1,1,1,1,1,1,0,0.0,0.0,0.0,0.0,0,0,0
45054334|F|0-50:C>G-50:C>G,45054334,50:C>G,50,PTTO01003882.1_Contig102,11308415,NC_041732.1,5,autosome,1.0,1,1.7299999999999999e-28,0.992021,1.0,1,1,1,1,1,1,1,1,1,0.0157657657657657,0.0157657657657657,0.0,0.0163551401869158,0,1,0
45054340|F|0-23:G>A-23:G>A,45054340,23:G>A,23,PTTO01001241.1_Contig276,17193994,NC_041740.1,13,autosome,1.0,1,1.7299999999999999e-28,1.0,1.0,1,1,1,1,1,1,1,1,1,0.0765765765765765,0.0765765765765765,0.8125,0.0490654205607476,1,1,0
45062093|F|0-63:C>T-63:C>T,45062093,63:C>T,63,PTTO01000765.1_Contig334,30798443,NC_041729.1,2,autosome,1.0,2,1.7299999999999999e-28,0.99734,1.0,1,1,1,1,1,1,1,1,1,0.0067567567567567,0.0067567567567567,0.0,0.0070093457943925,0,1,0
45062458|F|0-10:C>T-10:C>T,45062458,10:C>T,10,PTTO01002859.1_Contig48,2327399,NC_041732.1,5,autosome,1.0,11,1.7299999999999999e-28,0.992021,1.0,1,1,1,1,1,1,1,1,1,0.0698198198198198,0.0698198198198198,0.25,0.0630841121495327,1,1,0
100040840|F|0-9:G>T-9:G>T,100040840,9:G>T,9,PTTO01003571.1_Contig67,2863022,NC_041736.1,9,autosome,1.0,1,1.7299999999999999e-28,0.994681,1.0,1,1,1,1,1,1,1,1,0,0.0067567567567567,0.0067567567567567,0.1875,0.0,1,0,0
45054382|F|0-17:C>T-17:C>T,45054382,17:C>T,17,PTTO01001370.1_Contig26,19227677,NC_041734.1,7,autosome,1.0,2,1.7299999999999999e-28,1.0,1.0,1,1,1,1,1,1,1,1,1,0.0945945945945946,0.0945945945945946,0.0625,0.0957943925233644,1,1,0
45054390|F|0-30:C>A-30:C>A,45054390,30:C>A,30,PTTO01002261.1_Contig251,4206103,NC_041743.1,16,autosome,1.0,1,8.05e-27,0.99734,1.0,1,1,1,1,1,1,1,1,0,0.1509009009009009,0.1509009009009009,0.0,0.1565420560747663,0,1,0
45054396|F|0-66:G>A-66:G>A,45054396,66:G>A,66,PTTO01001320.1_Contig70,10284254,NC_041731.1,4,autosome,1.0,1,1.7299999999999999e-28,0.99734,1.0,1,1,1,1,1,1,1,1,1,0.036036036036036,0.036036036036036,0.375,0.0233644859813084,1,1,0
45054398|F|0-40:C>T-40:C>T,45054398,40:C>T,40,PTTO01002476.1_Contig0,13774789,NC_041728.1,1,autosome,1.0,1,1.7299999999999999e-28,1.0,1.0,1,1,1,1,1,1,1,1,1,0.2207207207207207,0.2207207207207207,0.6875,0.2032710280373831,1,1,0
45054405|F|0-14:T>C-14:T>C,45054405,14:T>C,14,PTTO01000885.1_Contig10,1231537,NC_041744.1,17,autosome,1.0,1,2.9000000000000004e-26,1.0,1.0,1,1,1,1,1,1,1,1,1,0.1058558558558558,0.1058558558558558,0.0625,0.1074766355140186,1,1,0
45066258|F|0-23:C>T-23:C>T,45066258,23:C>T,23,PTTO01002624.1_Contig32,39393843,NC_041728.1,1,autosome,1.0,1,1.7299999999999999e-28,0.99734,1.0,1,1,1,1,1,1,1,1,1,0.0382882882882882,0.0382882882882882,0.0,0.0397196261682243,0,1,0
45062501|F|0-13:C>T-13:C>T,45062501,13:C>T,13,PTTO01001315.1_Contig92,1473690,NC_041742.1,15,autosome,1.0,1,8.05e-27,0.99734,1.0,1,1,1,1,1,1,1,1,1,0.1801801801801801,0.1801801801801801,0.625,0.1635514018691588,1,1,0
45054448|F|0-32:C>T-32:C>T,45054448,32:C>T,32,PTTO01000483.1_Contig185,1849269,NC_041730.1,3,autosome,1.0,1,1.7299999999999999e-28,0.994681,1.0,1,1,1,1,1,1,1,1,0,0.009009009009009,0.009009009009009,0.25,0.0,1,0,0
100040942|F|0-11:A>G-11:A>G,100040942,11:A>G,11,PTTO01004492.1_Contig25,4220672,NC_041732.1,5,autosome,1.0,1,1.7299999999999999e-28,0.992021,1.0,1,1,1,1,1,1,1,1,0,0.0,0.0,0.0,0.0,0,0,0
64981988|F|0-29:T>A-29:T>A,64981988,29:T>A,29,PTTO01000659.1_Contig3311,5388519,NC_041731.1,4,autosome,1.0,6,1.7299999999999999e-28,0.994681,1.0,1,1,1,1,1,1,1,1,0,0.0,0.0,0.0,0.0,0,0,0
64985355|F|0-55:C>T-55:C>T,64985355,55:C>T,55,PTTO01001315.1_Contig92,3114326,NC_041742.1,15,autosome,1.0,1,1.7299999999999999e-28,1.0,1.0,1,1,1,1,1,1,1,1,0,0.0022522522522522,0.0022522522522522,0.0,0.0023364485981308,0,1,0
45054485|F|0-43:G>C-43:G>C,45054485,43:G>C,43,PTTO01000115.1_Contig24,1932579,NC_041745.1,18,autosome,1.0,1,1.7299999999999999e-28,1.0,1.0,1,1,1,1,1,1,1,1,1,0.1373873873873874,0.1373873873873874,0.0,0.1425233644859813,0,1,0
45062532|F|0-27:C>T-27:C>T,45062532,27:C>T,27,PTTO01004262.1_Contig52,24439008,NC_041731.1,4,autosome,1.0,1,1.7299999999999999e-28,1.0,1.0,1,1,1,1,1,1,1,1,1,0.3603603603603603,0.3603603603603603,1.0,0.3364485981308411,0,1,0
64973706|F|0-5:A>G-5:A>G,64973706,5:A>G,5,PTTO01002624.1_Contig32,11147167,NC_041728.1,1,autosome,1.0,1,1.7299999999999999e-28,0.994681,1.0,1,1,1,1,1,1,1,1,0,0.0,0.0,0.0,0.0,0,0,0
45062538|F|0-12:A>C-12:A>C,45062538,12:A>C,12,PTTO01002634.1_Contig60,14206749,NC_041732.1,5,autosome,1.0,1,1.7299999999999999e-28,0.99734,1.0,1,1,1,1,1,1,1,1,1,0.018018018018018,0.018018018018018,0.0,0.0186915887850467,0,1,0
45054527|F|0-39:A>G-39:A>G,45054527,39:A>G,39,PTTO01000276.1_Contig319,6657493,NC_041737.1,10,autosome,1.0,1,1.7299999999999999e-28,0.99734,1.0,1,1,1,1,1,1,1,1,1,0.0315315315315315,0.0315315315315315,0.0,0.0327102803738317,0,1,0
45054529|F|0-21:G>C-21:G>C,45054529,21:G>C,21,PTTO01001114.1_Contig282,4892770,NC_041740.1,13,autosome,1.0,1,1.7299999999999999e-28,0.992021,1.0,1,1,1,1,1,1,1,1,0,0.063063063063063,0.063063063063063,0.5,0.0467289719626168,1,1,0
45054531|F|0-49:G>A-49:G>A,45054531,49:G>A,49,PTTO01004446.1_Contig146,4900657,NC_041742.1,15,autosome,1.0,1,1.7299999999999999e-28,1.0,1.0,1,1,1,1,1,1,1,1,1,0.3153153153153153,0.3153153153153153,0.25,0.3177570093457944,1,1,0
45066281|F|0-17:A>C-17:A>C,45066281,17:A>C,17,PTTO01003882.1_Contig102,11117475,NC_041732.1,5,autosome,1.0,1,1.7299999999999999e-28,0.99734,1.0,1,1,1,1,1,1,1,1,1,0.240990990990991,0.240990990990991,0.0625,0.2476635514018691,1,1,0
45066285|F|0-28:G>A-28:G>A,45066285,28:G>A,28,PTTO01000974.1_Contig37,31185022,NC_041741.1,14,autosome,1.0,1,1.7299999999999999e-28,0.99734,1.0,1,1,1,1,1,1,1,1,1,0.0045045045045045,0.0045045045045045,0.0,0.0046728971962616,0,1,0
45062564|F|0-52:C>A-52:C>A,45062564,52:C>A,52,PTTO01000536.1_Contig98,3522146,NC_041735.1,8,autosome,1.0,1,8.05e-27,1.0,1.0,1,1,1,1,1,1,1,1,1,0.081081081081081,0.081081081081081,0.0,0.0841121495327102,0,1,0
45066289|F|0-52:A>G-52:A>G,45066289,52:A>G,52,PTTO01003889.1_Contig165,27704428,NC_041729.1,2,autosome,1.0,1,1.7299999999999999e-28,0.994681,1.0,1,1,1,1,1,1,1,1,1,0.4504504504504504,0.4504504504504504,0.9375,0.4322429906542056,1,1,0
45054585|F|0-27:G>A-27:G>A,45054585,27:G>A,27,PTTO01004189.1_Contig18,13724600,NC_041729.1,2,autosome,1.0,1,1.7299999999999999e-28,0.99734,1.0,1,1,1,1,1,1,1,1,1,0.1914414414414414,0.1914414414414414,0.0,0.1985981308411215,0,1,0
45062576|F|0-42:C>T-42:C>T,45062576,42:C>T,42,PTTO01001370.1_Contig26,34620316,NC_041734.1,7,autosome,1.0,1,8.05e-27,1.0,1.0,1,1,1,1,1,1,1,1,1,0.4594594594594595,0.4594594594594595,0.75,0.4485981308411215,1,1,0
45066294|F|0-29:G>A-29:G>A,45066294,29:G>A,29,PTTO01004505.1_Contig79,628895,NC_041731.1,4,autosome,1.0,1,1.7299999999999999e-28,0.986702,1.0,1,1,1,1,1,1,1,1,1,0.063063063063063,0.063063063063063,0.0,0.0654205607476635,0,1,0
45054605|F|0-56:G>A-56:G>A,45054605,56:G>A,56,PTTO01002476.1_Contig0,78010497,NC_041728.1,1,autosome,1.0,1,1.7299999999999999e-28,0.99734,1.0,1,1,1,1,1,1,1,1,1,0.0157657657657657,0.0157657657657657,0.0,0.0163551401869158,0,1,0
45062589|F|0-67:C>T-67:C>T,45062589,67:C>T,67,PTTO01002473.1_Contig1,16100756,NC_041738.1,11,autosome,1.0,1,2.24e-27,0.989362,1.0,1,1,1,1,1,1,1,1,0,0.3761261261261261,0.3761261261261261,0.0,0.3901869158878505,0,1,0
45066298|F|0-42:G>A-42:G>A,45066298,42:G>A,42,PTTO01001940.1_Contig353,14042322,NC_041731.1,4,autosome,1.0,1,2.24e-27,0.99734,1.0,1,1,1,1,1,1,1,1,1,0.0112612612612612,0.0112612612612612,0.0,0.0116822429906542,0,1,0
64973811|F|0-67:G>T-67:G>T,64973811,67:G>T,67,PTTO01004519.1_Contig1477,775187,NC_041735.1,8,autosome,1.0,1,1.7299999999999999e-28,1.0,1.0,1,1,1,1,1,1,1,1,0,0.0,0.0,0.0,0.0,0,0,0
45062612|F|0-62:C>T-62:C>T,45062612,62:C>T,62,PTTO01002624.1_Contig32,10077154,NC_041728.1,1,autosome,1.0,1297,1.7299999999999999e-28,0.994681,1.0,1,1,1,1,1,1,1,1,1,0.0855855855855855,0.0855855855855855,0.0,0.0887850467289719,0,1,0
100041150|F|0-57:G>A-57:G>A,100041150,57:G>A,57,PTTO01003671.1_Contig19,15030705,NC_041735.1,8,autosome,1.0,1,1.7299999999999999e-28,0.989362,1.0,1,1,1,1,1,1,1,1,0,0.0,0.0,0.0,0.0,0,0,0
45062650|F|0-14:C>T-14:C>T,45062650,14:C>T,14,PTTO01000197.1_Contig3104,425826,NC_041729.1,2,autosome,1.0,1,1.7299999999999999e-28,0.99734,1.0,1,1,1,1,1,1,1,1,0,0.0022522522522522,0.0022522522522522,0.0,0.0023364485981308,0,1,0
45053490|F|0-37:C>T-37:C>T,45053490,37:C>T,37,PTTO01001940.1_Contig353,11430847,NC_041731.1,4,autosome,1.0,1,1.7299999999999999e-28,1.0,1.0,1,1,1,1,1,1,1,1,1,0.027027027027027,0.027027027027027,0.0625,0.0257009345794392,1,1,0
45062651|F|0-23:G>A-23:G>A,45062651,23:G>A,23,PTTO01003276.1_Contig54,1606776,NC_041738.1,11,autosome,1.0,1,1.13e-24,1.0,1.0,1,1,1,1,1,1,1,1,1,0.018018018018018,0.018018018018018,0.0,0.0186915887850467,0,1,0
45054734|F|0-38:G>T-38:G>T,45054734,38:G>T,38,PTTO01000318.1_Contig139,16829661,NC_041730.1,3,autosome,1.0,1,1.7299999999999999e-28,0.99734,1.0,1,1,1,1,1,1,1,1,1,0.3063063063063063,0.3063063063063063,0.25,0.308411214953271,1,1,0
45054736|F|0-53:G>C-53:G>C,45054736,53:G>C,53,PTTO01003710.1_Contig217,18726781,NC_041733.1,6,autosome,1.0,1,1.7299999999999999e-28,1.0,1.0,1,1,1,1,1,1,1,1,1,0.0067567567567567,0.0067567567567567,0.0,0.0070093457943925,0,1,0
45054788|F|0-47:C>T-47:C>T,45054788,47:C>T,47,PTTO01003571.1_Contig67,4028090,NC_041736.1,9,autosome,1.0,1,1.7299999999999999e-28,1.0,1.0,1,1,1,1,1,1,1,1,1,0.018018018018018,0.018018018018018,0.0,0.0186915887850467,0,1,0
45062689|F|0-49:G>C-49:G>C,45062689,49:G>C,49,PTTO01001689.1_Contig41,767581,NC_041740.1,13,autosome,1.0,1,1.7299999999999999e-28,1.0,1.0,1,1,1,1,1,1,1,1,1,0.0337837837837837,0.0337837837837837,0.0,0.0350467289719626,0,1,0
45066334|F|0-37:G>C-37:G>C,45066334,37:G>C,37,PTTO01001349.1_Contig23,32120008,NC_041736.1,9,autosome,1.0,1,1.7299999999999999e-28,0.992021,1.0,1,1,1,1,1,1,1,1,1,0.1171171171171171,0.1171171171171171,0.0,0.1214953271028037,0,1,0
45066337|F|0-36:C>A-36:C>A,45066337,36:C>A,36,PTTO01004189.1_Contig18,2501573,NC_041729.1,2,autosome,1.0,1,1.7299999999999999e-28,1.0,1.0,1,1,1,1,1,1,1,1,1,0.0788288288288288,0.0788288288288288,0.0,0.0817757009345794,0,1,0
45054816|F|0-65:C>T-65:C>T,45054816,65:C>T,65,PTTO01001051.1_Contig4,17305732,NC_041737.1,10,autosome,1.0,1,1.7299999999999999e-28,0.99734,1.0,1,1,1,1,1,1,1,1,1,0.0472972972972973,0.0472972972972973,0.0,0.0490654205607476,0,1,0
45054837|F|0-36:G>A-36:G>A,45054837,36:G>A,36,PTTO01001696.1_Contig254,11446815,NC_041747.1,20,autosome,1.0,1,1.7299999999999999e-28,0.994681,1.0,1,1,1,1,1,1,1,1,1,0.0112612612612612,0.0112612612612612,0.0,0.0116822429906542,0,1,0
45062713|F|0-35:C>G-35:C>G,45062713,35:C>G,35,PTTO01002473.1_Contig1,14012774,NC_041738.1,11,autosome,1.0,1,1.7299999999999999e-28,0.99734,1.0,1,1,1,1,1,1,1,1,1,0.0045045045045045,0.0045045045045045,0.0,0.0046728971962616,0,1,0
45067803|F|0-40:G>A-40:G>A,45067803,40:G>A,40,PTTO01002539.1_Contig4094,2335813,NC_041739.1,12,autosome,1.0,1,1.7299999999999999e-28,0.99734,1.0,1,1,1,1,1,1,1,1,1,0.2747747747747748,0.2747747747747748,0.1875,0.2780373831775701,1,1,0
100041370|F|0-59:G>A-59:G>A,100041370,59:G>A,59,PTTO01002104.1_Contig16,60674986,NC_041732.1,5,autosome,1.0,30,1.7299999999999999e-28,0.992021,1.0,1,1,1,1,1,1,1,1,0,0.0,0.0,0.0,0.0,0,0,0
64972788|F|0-38:C>T-38:C>T,64972788,38:C>T,38,PTTO01002057.1_Contig2,12244211,NC_041730.1,3,autosome,1.0,1,1.7299999999999999e-28,1.0,1.0,1,1,1,1,1,1,1,1,0,0.0022522522522522,0.0022522522522522,0.0,0.0023364485981308,0,1,0
45054934|F|0-11:C>A-11:C>A,45054934,11:C>A,11,PTTO01000493.1_Contig1165,1370880,NC_041744.1,17,autosome,1.0,1,1.7299999999999999e-28,1.0,1.0,1,1,1,1,1,1,1,1,1,0.4144144144144144,0.4144144144144144,0.1875,0.4228971962616822,1,1,0
45066363|F|0-60:C>T-60:C>T,45066363,60:C>T,60,PTTO01001370.1_Contig26,27065124,NC_041734.1,7,autosome,1.0,1,1.7299999999999999e-28,0.99734,1.0,1,1,1,1,1,1,1,1,1,0.0112612612612612,0.0112612612612612,0.0,0.0116822429906542,0,1,0
45062771|F|0-46:G>A-46:G>A,45062771,46:G>A,46,PTTO01002967.1_Contig85,13215844,NC_041733.1,6,autosome,1.0,6597,6.23e-28,1.0,1.0,1,1,1,1,1,1,1,1,1,0.2995495495495495,0.2995495495495495,0.3125,0.2990654205607476,1,1,0
45066088|F|0-66:G>A-66:G>A,45066088,66:G>A,66,PTTO01002545.1_Contig22,5096939,NC_041728.1,1,autosome,1.0,1,1.7299999999999999e-28,0.99734,1.0,1,1,1,1,1,1,1,1,1,0.027027027027027,0.027027027027027,0.0,0.02803738317757,0,1,0
45062781|F|0-48:T>C-48:T>C,45062781,48:T>C,48,PTTO01000536.1_Contig98,5721931,NC_041735.1,8,autosome,1.0,7,1.7299999999999999e-28,0.994681,1.0,1,1,1,1,1,1,1,1,1,0.09009009009009,0.09009009009009,0.3125,0.0817757009345794,1,1,0
45062787|F|0-34:C>T-34:C>T,45062787,34:C>T,34,PTTO01001241.1_Contig276,14257990,NC_041740.1,13,autosome,1.0,1,1.7299999999999999e-28,0.99734,1.0,1,1,1,1,1,1,1,1,1,0.2364864864864864,0.2364864864864864,0.4375,0.2289719626168224,1,1,0
45055042|F|0-20:G>T-20:G>T,45055042,20:G>T,20,PTTO01002476.1_Contig0,54530651,NC_041728.1,1,autosome,1.0,22,1.7299999999999999e-28,1.0,1.0,1,1,1,1,1,1,1,1,1,0.081081081081081,0.081081081081081,0.0,0.0841121495327102,0,1,0
45062795|F|0-41:C>T-41:C>T,45062795,41:C>T,41,PTTO01000765.1_Contig334,9554859,NC_041729.1,2,autosome,1.0,1,1.7299999999999999e-28,1.0,1.0,1,1,1,1,1,1,1,1,0,0.0563063063063063,0.0563063063063063,0.0,0.058411214953271,0,1,0
64982205|F|0-16:T>G-16:T>G,64982205,16:T>G,16,PTTO01003882.1_Contig102,5644785,NC_041732.1,5,autosome,1.0,1,1.7299999999999999e-28,0.992021,1.0,1,1,1,1,1,1,1,1,0,0.0,0.0,0.0,0.0,0,0,0
45062815|F|0-47:T>A-47:T>A,45062815,47:T>A,47,PTTO01001370.1_Contig26,20046789,NC_041734.1,7,autosome,1.0,1,1.7299999999999999e-28,0.99734,1.0,1,1,1,1,1,1,1,1,1,0.1936936936936936,0.1936936936936936,0.1875,0.1939252336448598,1,1,0
45062822|F|0-44:A>G-44:A>G,45062822,44:A>G,44,PTTO01002715.1_Contig75,2143433,NC_041730.1,3,autosome,1.0,1,1.7299999999999999e-28,1.0,1.0,1,1,1,1,1,1,1,1,1,0.0968468468468468,0.0968468468468468,0.0,0.1004672897196261,0,1,0
64974282|F|0-67:T>G-67:T>G,64974282,67:T>G,67,PTTO01003889.1_Contig165,9669929,NC_041729.1,2,autosome,1.0,1,2.24e-27,1.0,1.0,1,1,1,1,1,1,1,1,0,0.0,0.0,0.0,0.0,0,0,0
45055157|F|0-56:G>A-56:G>A,45055157,56:G>A,56,PTTO01000006.1_Contig148,13776046,NC_041734.1,7,autosome,1.0,1,3.22e-25,1.0,1.0,1,1,1,1,1,1,1,1,0,0.0202702702702702,0.0202702702702702,0.0,0.0210280373831775,0,1,0
45062846|F|0-7:G>A-7:G>A,45062846,7:G>A,7,PTTO01002264.1_Contig200,1169243,NC_041732.1,5,autosome,1.0,1,1.7299999999999999e-28,1.0,1.0,1,1,1,1,1,1,1,1,1,0.018018018018018,0.018018018018018,0.0,0.0186915887850467,0,1,0
45055210|F|0-67:G>A-67:G>A,45055210,67:G>A,67,PTTO01002822.1_Contig364,2826667,NC_041731.1,4,autosome,1.0,1,1.7299999999999999e-28,1.0,1.0,1,1,1,1,1,1,1,1,1,0.0045045045045045,0.0045045045045045,0.0,0.0046728971962616,0,1,0
45062857|F|0-54:G>T-54:G>T,45062857,54:G>T,54,PTTO01002476.1_Contig0,81790994,NC_041728.1,1,autosome,1.0,1,1.7299999999999999e-28,1.0,1.0,1,1,1,1,1,1,1,1,1,0.0022522522522522,0.0022522522522522,0.0,0.0023364485981308,0,1,0
45066402|F|0-38:C>T-38:C>T,45066402,38:C>T,38,PTTO01002545.1_Contig22,18936589,NC_041728.1,1,autosome,1.0,1,1.7299999999999999e-28,1.0,1.0,1,1,1,1,1,1,1,1,1,0.0945945945945946,0.0945945945945946,0.0,0.0981308411214953,0,1,0
45062865|F|0-23:C>T-23:C>T,45062865,23:C>T,23,PTTO01000276.1_Contig319,7067118,NC_041737.1,10,autosome,1.0,1,1.7299999999999999e-28,0.99734,1.0,1,1,1,1,1,1,1,1,1,0.240990990990991,0.240990990990991,0.0,0.25,0,1,0
45055277|F|0-40:C>T-40:C>T,45055277,40:C>T,40,PTTO01001320.1_Contig70,15961828,NC_041731.1,4,autosome,1.0,1,1.7299999999999999e-28,0.986702,1.0,1,1,1,1,1,1,1,1,1,0.0202702702702702,0.0202702702702702,0.0,0.0210280373831775,0,1,0
45055300|F|0-36:C>T-36:C>T,45055300,36:C>T,36,PTTO01003710.1_Contig217,19036592,NC_041733.1,6,autosome,1.0,1,1.7299999999999999e-28,0.994681,1.0,1,1,1,1,1,1,1,1,1,0.0157657657657657,0.0157657657657657,0.0,0.0163551401869158,0,1,0
45055312|F|0-58:T>G-58:T>G,45055312,58:T>G,58,PTTO01003671.1_Contig19,21141407,NC_041735.1,8,autosome,1.0,1,1.7299999999999999e-28,0.99734,1.0,1,1,1,1,1,1,1,1,1,0.3716216216216216,0.3716216216216216,0.5625,0.3644859813084112,1,1,0
45062908|F|0-67:C>T-67:C>T,45062908,67:C>T,67,PTTO01003276.1_Contig54,5852471,NC_041738.1,11,autosome,1.0,1,1.7299999999999999e-28,0.994681,1.0,1,1,1,1,1,1,1,1,0,0.0135135135135135,0.0135135135135135,0.0,0.014018691588785,0,1,0
45055349|F|0-47:G>A-47:G>A,45055349,47:G>A,47,PTTO01001652.1_Contig209,2081351,NC_041739.1,12,autosome,1.0,1,1.7299999999999999e-28,1.0,1.0,1,1,1,1,1,1,1,1,1,0.4009009009009009,0.4009009009009009,0.4375,0.3995327102803738,1,1,0
100041680|F|0-17:C>T-17:C>T,100041680,17:C>T,17,PTTO01001349.1_Contig23,20835781,NC_041736.1,9,autosome,1.0,1,1.7299999999999999e-28,0.992021,1.0,1,1,1,1,1,1,1,1,0,0.0,0.0,0.0,0.0,0,0,0
45066425|F|0-22:C>T-22:C>T,45066425,22:C>T,22,PTTO01000006.1_Contig148,17251264,NC_041734.1,7,autosome,1.0,1,1.7299999999999999e-28,1.0,1.0,1,1,1,1,1,1,1,1,1,0.0135135135135135,0.0135135135135135,0.0,0.014018691588785,0,1,0
45066426|F|0-15:C>T-15:C>T,45066426,15:C>T,15,PTTO01000705.1_Contig20,66635,NC_041743.1,16,autosome,1.0,2,1.7299999999999999e-28,0.994681,1.0,1,1,1,1,1,1,1,1,1,0.009009009009009,0.009009009009009,0.0,0.0093457943925233,0,1,0
45055367|F|0-43:C>T-43:C>T,45055367,43:C>T,43,PTTO01002822.1_Contig364,7230929,NC_041731.1,4,autosome,1.0,1,1.7299999999999999e-28,1.0,1.0,1,1,1,1,1,1,1,1,1,0.2702702702702703,0.2702702702702703,0.125,0.2757009345794392,1,1,0
45055368|F|0-15:C>T-15:C>T,45055368,15:C>T,15,PTTO01002967.1_Contig85,12051963,NC_041733.1,6,autosome,1.0,39,1.7299999999999999e-28,0.99734,1.0,1,1,1,1,1,1,1,1,1,0.1013513513513513,0.1013513513513513,0.0,0.1051401869158878,0,1,0
45062947|F|0-32:C>T-32:C>T,45062947,32:C>T,32,PTTO01002549.1_Contig87,3438390,NC_041729.1,2,autosome,1.0,1,1.7299999999999999e-28,0.99734,1.0,1,1,1,1,1,1,1,1,1,0.0225225225225225,0.0225225225225225,0.0,0.0233644859813084,0,1,0
45062952|F|0-32:C>T-32:C>T,45062952,32:C>T,32,PTTO01003571.1_Contig67,4407904,NC_041736.1,9,autosome,1.0,1,1.7299999999999999e-28,0.994681,1.0,1,1,1,1,1,1,1,1,1,0.4211711711711711,0.4211711711711711,0.25,0.4275700934579439,1,1,0
64982294|F|0-53:T>G-53:T>G,64982294,53:T>G,53,PTTO01001349.1_Contig23,1421938,NC_041736.1,9,autosome,1.0,1,1.7299999999999999e-28,0.994681,1.0,1,1,1,1,1,1,1,1,0,0.0,0.0,0.0,0.0,0,0,0
45055475|F|0-33:T>G-33:T>G,45055475,33:T>G,33,PTTO01001236.1_Contig336,12546556,NC_041746.1,19,autosome,1.0,1,1.7299999999999999e-28,1.0,1.0,1,1,1,1,1,1,1,1,1,0.3918918918918919,0.3918918918918919,0.625,0.3831775700934579,1,1,0
45055485|F|0-23:G>T-23:G>T,45055485,23:G>T,23,PTTO01001947.1_Contig1761,1372937,NC_041748.1,21,autosome,1.0,1,1.7299999999999999e-28,1.0,1.0,1,1,1,1,1,1,1,1,1,0.0112612612612612,0.0112612612612612,0.0,0.0116822429906542,0,1,0
45062975|F|0-9:A>G-9:A>G,45062975,9:A>G,9,PTTO01000875.1_Contig31,7033414,NC_041730.1,3,autosome,1.0,1,1.7299999999999999e-28,0.99734,1.0,1,1,1,1,1,1,1,1,1,0.0495495495495495,0.0495495495495495,0.0,0.0514018691588785,0,1,0
45062977|F|0-52:G>A-52:G>A,45062977,52:G>A,52,PTTO01001051.1_Contig4,13007994,NC_041737.1,10,autosome,1.0,1,1.7299999999999999e-28,1.0,1.0,1,1,1,1,1,1,1,1,1,0.0157657657657657,0.0157657657657657,0.0,0.0163551401869158,0,1,0
45055492|F|0-8:C>T-8:C>T,45055492,8:C>T,8,PTTO01004519.1_Contig1477,6793463,NC_041735.1,8,autosome,1.0,1,1.7299999999999999e-28,1.0,1.0,1,1,1,1,1,1,1,1,1,0.1261261261261261,0.1261261261261261,0.0,0.1308411214953271,0,1,0
64974621|F|0-58:A>G-58:A>G,64974621,58:A>G,58,PTTO01001051.1_Contig4,4263109,NC_041737.1,10,autosome,1.0,1,1.7299999999999999e-28,0.99734,1.0,1,1,1,1,1,1,1,1,0,0.0022522522522522,0.0022522522522522,0.0,0.0023364485981308,0,1,0
45059124|F|0-5:G>A-5:G>A,45059124,5:G>A,5,PTTO01000006.1_Contig148,17548486,NC_041734.1,7,autosome,1.0,1,8.05e-27,1.0,1.0,1,1,1,1,1,1,1,1,1,0.2117117117117117,0.2117117117117117,0.4375,0.2032710280373831,1,1,0
45066459|F|0-41:C>A-41:C>A,45066459,41:C>A,41,PTTO01003275.1_Contig387,381795,NC_041741.1,14,autosome,1.0,2,8.05e-27,1.0,1.0,1,1,1,1,1,1,1,1,0,0.1846846846846846,0.1846846846846846,0.1875,0.1845794392523364,1,1,0
45062991|F|0-66:G>T-66:G>T,45062991,66:G>T,66,PTTO01002057.1_Contig2,28639366,NC_041730.1,3,autosome,1.0,1,1.7299999999999999e-28,1.0,1.0,1,1,1,1,1,1,1,1,1,0.0472972972972973,0.0472972972972973,0.0,0.0490654205607476,0,1,0
45062976|F|0-8:C>T-8:C>T,45062976,8:C>T,8,PTTO01000276.1_Contig319,13229480,NC_041737.1,10,autosome,1.0,1,1.7299999999999999e-28,0.99734,1.0,1,1,1,1,1,1,1,1,1,0.2319819819819819,0.2319819819819819,0.125,0.2359813084112149,1,1,0
45055539|F|0-48:G>A-48:G>A,45055539,48:G>A,48,PTTO01001192.1_Contig525,25863,NC_041729.1,2,autosome,1.0,2,1.7299999999999999e-28,1.0,1.0,1,1,1,1,1,1,1,1,1,0.0653153153153153,0.0653153153153153,0.0,0.0677570093457943,0,1,0
64985598|F|0-34:G>C-34:G>C,64985598,34:G>C,34,PTTO01001296.1_Contig62,365854,NC_041746.1,19,autosome,1.0,1,1.7299999999999999e-28,1.0,1.0,1,1,1,1,1,1,1,1,0,0.0,0.0,0.0,0.0,0,0,0
64974708|F|0-50:C>T-50:C>T,64974708,50:C>T,50,PTTO01004446.1_Contig146,4003176,NC_041742.1,15,autosome,1.0,1,1.7299999999999999e-28,0.99734,1.0,1,1,1,1,1,1,1,1,0,0.0022522522522522,0.0022522522522522,0.0,0.0023364485981308,0,1,0
45063014|F|0-46:C>T-46:C>T,45063014,46:C>T,46,PTTO01000276.1_Contig319,8718584,NC_041737.1,10,autosome,1.0,1,1.7299999999999999e-28,1.0,1.0,1,1,1,1,1,1,1,1,1,0.0405405405405405,0.0405405405405405,0.0,0.0420560747663551,0,1,0
45055610|F|0-18:G>A-18:G>A,45055610,18:G>A,18,PTTO01003889.1_Contig165,9978574,NC_041729.1,2,autosome,1.0,1,8.05e-27,0.992021,1.0,1,1,1,1,1,1,1,1,1,0.1126126126126126,0.1126126126126126,0.1875,0.1098130841121495,1,1,0
45055613|F|0-24:A>G-24:A>G,45055613,24:A>G,24,PTTO01002545.1_Contig22,14389475,NC_041728.1,1,autosome,1.0,1,1.7299999999999999e-28,0.989362,1.0,1,1,1,1,1,1,1,1,1,0.0067567567567567,0.0067567567567567,0.0,0.0070093457943925,0,1,0
45053495|F|0-55:C>A-55:C>A,45053495,55:C>A,55,PTTO01002057.1_Contig2,7995035,NC_041730.1,3,autosome,1.0,1,1.7299999999999999e-28,1.0,1.0,1,1,1,1,1,1,1,1,1,0.1486486486486486,0.1486486486486486,0.3125,0.1425233644859813,1,1,0
45066073|F|0-66:T>G-66:T>G,45066073,66:T>G,66,PTTO01002476.1_Contig0,60314471,NC_041728.1,1,autosome,1.0,1,1.7299999999999999e-28,1.0,1.0,1,1,1,1,1,1,1,1,1,0.2725225225225225,0.2725225225225225,0.5625,0.2616822429906542,1,1,0
45063033|F|0-58:C>T-58:C>T,45063033,58:C>T,58,PTTO01000875.1_Contig31,6028828,NC_041730.1,3,autosome,1.0,2,1.7299999999999999e-28,0.99734,1.0,1,1,1,1,1,1,1,1,1,0.0135135135135135,0.0135135135135135,0.0,0.014018691588785,0,1,0
45055632|F|0-49:G>T-49:G>T,45055632,49:G>T,49,PTTO01001244.1_Contig55,4624282,NC_041738.1,11,autosome,1.0,1,1.7299999999999999e-28,0.99734,1.0,1,1,1,1,1,1,1,1,0,0.0,0.0,0.0,0.0,0,0,0
45066475|F|0-29:A>C-29:A>C,45066475,29:A>C,29,PTTO01000875.1_Contig31,3787991,NC_041730.1,3,autosome,1.0,1,1.7299999999999999e-28,0.994681,1.0,1,1,1,1,1,1,1,1,1,0.0045045045045045,0.0045045045045045,0.0,0.0046728971962616,0,1,0
45063040|F|0-29:G>A-29:G>A,45063040,29:G>A,29,PTTO01002476.1_Contig0,73562579,NC_041728.1,1,autosome,1.0,311,1.7299999999999999e-28,0.994681,1.0,1,1,1,1,1,1,1,1,1,0.0247747747747747,0.0247747747747747,0.0,0.0257009345794392,0,1,0
45066477|F|0-16:C>A-16:C>A,45066477,16:C>A,16,PTTO01003571.1_Contig67,27044940,NC_041736.1,9,autosome,1.0,1,1.7299999999999999e-28,0.99734,1.0,1,1,1,1,1,1,1,1,1,0.0698198198198198,0.0698198198198198,0.0,0.072429906542056,0,1,0
45055660|F|0-56:G>A-56:G>A,45055660,56:G>A,56,PTTO01003422.1_Contig3522,1082074,NC_041738.1,11,autosome,1.0,294,1.7299999999999999e-28,0.992021,1.0,1,1,1,1,1,1,1,1,1,0.018018018018018,0.018018018018018,0.0625,0.0163551401869158,1,1,0
45063056|F|0-17:G>A-17:G>A,45063056,17:G>A,17,PTTO01000875.1_Contig31,4453481,NC_041730.1,3,autosome,1.0,1,1.7299999999999999e-28,0.994681,1.0,1,1,1,1,1,1,1,1,1,0.295045045045045,0.295045045045045,0.3125,0.2943925233644859,1,1,0
45063063|F|0-36:C>T-36:C>T,45063063,36:C>T,36,PTTO01002793.1_Contig38,14122902,NC_041745.1,18,autosome,1.0,1,8.05e-27,1.0,1.0,1,1,1,1,1,1,1,1,1,0.1261261261261261,0.1261261261261261,0.5625,0.1098130841121495,1,1,0
64982382|F|0-14:A>C-14:A>C,64982382,14:A>C,14,PTTO01002476.1_Contig0,92304158,NC_041728.1,1,autosome,1.0,1,1.7299999999999999e-28,1.0,1.0,1,1,1,1,1,1,1,1,0,0.0,0.0,0.0,0.0,0,0,0
45063081|F|0-28:C>T-28:C>T,45063081,28:C>T,28,PTTO01000974.1_Contig37,351115,NC_041741.1,14,autosome,1.0,2,1.7299999999999999e-28,1.0,1.0,1,1,1,1,1,1,1,1,1,0.1013513513513513,0.1013513513513513,0.0,0.1051401869158878,0,1,0
45063082|F|0-10:G>A-10:G>A,45063082,10:G>A,10,PTTO01002545.1_Contig22,15978575,NC_041728.1,1,autosome,1.0,13,1.7299999999999999e-28,0.981383,1.0,1,1,1,1,1,1,1,1,0,0.0,0.0,0.0,0.0,0,0,0
45055720|F|0-66:C>T-66:C>T,45055720,66:C>T,66,PTTO01002822.1_Contig364,2404143,NC_041731.1,4,autosome,1.0,6,1.7299999999999999e-28,1.0,1.0,1,1,1,1,1,1,1,1,1,0.0337837837837837,0.0337837837837837,0.0,0.0350467289719626,0,1,0
45063096|F|0-47:C>T-47:C>T,45063096,47:C>T,47,PTTO01000659.1_Contig3311,9485684,NC_041731.1,4,autosome,1.0,1,1.13e-24,1.0,1.0,1,1,1,1,1,1,1,1,1,0.0427927927927927,0.0427927927927927,0.0,0.0443925233644859,0,1,0
45063097|F|0-34:G>T-34:G>T,45063097,34:G>T,34,PTTO01002476.1_Contig0,58286004,NC_041728.1,1,autosome,1.0,1,1.7299999999999999e-28,1.0,1.0,1,1,1,1,1,1,1,1,1,0.1306306306306306,0.1306306306306306,0.625,0.1121495327102803,1,1,0
45063098|F|0-13:A>C-13:A>C,45063098,13:A>C,13,PTTO01004499.1_Contig142,372273,NC_041744.1,17,autosome,1.0,1,1.7299999999999999e-28,0.99734,1.0,1,1,1,1,1,1,1,1,1,0.081081081081081,0.081081081081081,0.0,0.0841121495327102,0,1,0
45066510|F|0-33:A>T-33:A>T,45066510,33:A>T,33,PTTO01001236.1_Contig336,7330566,NC_041746.1,19,autosome,1.0,1,1.7299999999999999e-28,1.0,1.0,1,1,1,1,1,1,1,1,1,0.0045045045045045,0.0045045045045045,0.0,0.0046728971962616,0,1,0
45063102|F|0-43:C>T-43:C>T,45063102,43:C>T,43,PTTO01004492.1_Contig25,11191353,NC_041732.1,5,autosome,1.0,1,1.7299999999999999e-28,0.99734,1.0,1,1,1,1,1,1,1,1,1,0.054054054054054,0.054054054054054,0.0625,0.0537383177570093,1,1,0
45055777|F|0-30:G>A-30:G>A,45055777,30:G>A,30,PTTO01000166.1_Contig207,4127449,NC_041747.1,20,autosome,1.0,1,1.7299999999999999e-28,0.99734,1.0,1,1,1,1,1,1,1,1,1,0.0202702702702702,0.0202702702702702,0.0,0.0210280373831775,0,1,0
64982428|F|0-35:C>T-35:C>T,64982428,35:C>T,35,PTTO01002104.1_Contig16,47481863,NC_041732.1,5,autosome,1.0,1,1.7299999999999999e-28,0.99734,1.0,1,1,1,1,1,1,1,1,0,0.0,0.0,0.0,0.0,0,0,0
45063113|F|0-68:G>C-68:G>C,45063113,68:G>C,68,PTTO01003571.1_Contig67,12868207,NC_041736.1,9,autosome,1.0,1,1.7299999999999999e-28,0.99734,1.0,1,1,1,1,1,1,1,1,0,0.045045045045045,0.045045045045045,0.5625,0.0257009345794392,1,1,0
45055795|F|0-58:A>C-58:A>C,45055795,58:A>C,58,PTTO01001236.1_Contig336,5704095,NC_041746.1,19,autosome,1.0,1,1.7299999999999999e-28,0.99734,1.0,1,1,1,1,1,1,1,1,1,0.0202702702702702,0.0202702702702702,0.375,0.0070093457943925,1,1,0
45063120|F|0-25:C>G-25:C>G,45063120,25:C>G,25,PTTO01000875.1_Contig31,9847496,NC_041730.1,3,autosome,1.0,1,1.7299999999999999e-28,0.992021,1.0,1,1,1,1,1,1,1,1,1,0.0067567567567567,0.0067567567567567,0.0625,0.0046728971962616,1,1,0
45067884|F|0-11:C>T-11:C>T,45067884,11:C>T,11,PTTO01001370.1_Contig26,6143335,NC_041734.1,7,autosome,1.0,1,2.9000000000000004e-26,1.0,1.0,1,1,1,1,1,1,1,1,1,0.2274774774774774,0.2274774774774774,0.0,0.2359813084112149,0,1,0
45066519|F|0-16:G>A-16:G>A,45066519,16:G>A,16,PTTO01000166.1_Contig207,3212227,NC_041747.1,20,autosome,1.0,1,1.7299999999999999e-28,0.99734,1.0,1,1,1,1,1,1,1,1,1,0.1689189189189189,0.1689189189189189,0.375,0.161214953271028,1,1,0
45055825|F|0-44:A>G-44:A>G,45055825,44:A>G,44,PTTO01001114.1_Contig282,3811273,NC_041740.1,13,autosome,1.0,1,8.05e-27,0.99734,1.0,1,1,1,1,1,1,1,1,1,0.1441441441441441,0.1441441441441441,0.0,0.1495327102803738,0,1,0
95135924|F|0-27:T>A-27:T>A,95135924,27:T>A,27,PTTO01000318.1_Contig139,823664,NC_041730.1,3,autosome,1.0,1,1.7299999999999999e-28,0.99734,1.0,1,1,1,1,1,1,1,1,0,0.0,0.0,0.0,0.0,0,0,0
45066524|F|0-6:T>C-6:T>C,45066524,6:T>C,6,PTTO01001320.1_Contig70,708972,NC_041731.1,4,autosome,1.0,1,1.7299999999999999e-28,1.0,1.0,1,1,1,1,1,1,1,1,1,0.1306306306306306,0.1306306306306306,0.1875,0.1285046728971962,1,1,0
45063144|F|0-68:T>C-68:T>C,45063144,68:T>C,68,PTTO01003710.1_Contig217,12774785,NC_041733.1,6,autosome,1.0,1,6.23e-28,1.0,1.0,1,1,1,1,1,1,1,1,1,0.7522522522522522,0.2477477477477477,1.0,0.7429906542056075,0,1,0
45066525|F|0-59:A>C-59:A>C,45066525,59:A>C,59,PTTO01004492.1_Contig25,1722933,NC_041732.1,5,autosome,1.0,1,1.7299999999999999e-28,0.99734,1.0,1,1,1,1,1,1,1,1,1,0.063063063063063,0.063063063063063,0.0,0.0654205607476635,0,1,0
45055873|F|0-63:C>T-63:C>T,45055873,63:C>T,63,PTTO01001244.1_Contig55,8143718,NC_041738.1,11,autosome,1.0,1,2.9000000000000004e-26,1.0,1.0,1,1,1,1,1,1,1,1,0,0.1306306306306306,0.1306306306306306,0.1875,0.1285046728971962,1,1,0
45063162|F|0-67:C>T-67:C>T,45063162,67:C>T,67,PTTO01000166.1_Contig207,1425635,NC_041747.1,20,autosome,1.0,1,1.7299999999999999e-28,1.0,1.0,1,1,1,1,1,1,1,1,1,0.0518018018018018,0.0518018018018018,0.0,0.0537383177570093,0,1,0
64975107|F|0-50:C>T-50:C>T,64975107,50:C>T,50,PTTO01001241.1_Contig276,7979318,NC_041740.1,13,autosome,1.0,1,1.7299999999999999e-28,0.99734,1.0,1,1,1,1,1,1,1,1,0,0.0022522522522522,0.0022522522522522,0.0,0.0023364485981308,0,1,0
45055908|F|0-30:T>G-30:T>G,45055908,30:T>G,30,PTTO01001244.1_Contig55,2858499,NC_041738.1,11,autosome,1.0,1,1.7299999999999999e-28,1.0,1.0,1,1,1,1,1,1,1,1,0,0.0225225225225225,0.0225225225225225,0.625,0.0,1,0,0
100042165|F|0-43:C>T-43:C>T,100042165,43:C>T,43,PTTO01004262.1_Contig52,6935652,NC_041731.1,4,autosome,1.0,1,1.7299999999999999e-28,1.0,1.0,1,1,1,1,1,1,1,1,0,0.0,0.0,0.0,0.0,0,0,0
45053580|F|0-41:C>T-41:C>T,45053580,41:C>T,41,PTTO01003710.1_Contig217,6340947,NC_041733.1,6,autosome,1.0,1,1.7299999999999999e-28,0.99734,1.0,1,1,1,1,1,1,1,1,0,0.0022522522522522,0.0022522522522522,0.0,0.0023364485981308,0,1,0
45055938|F|0-48:G>A-48:G>A,45055938,48:G>A,48,PTTO01001940.1_Contig353,11538861,NC_041731.1,4,autosome,1.0,1,1.7299999999999999e-28,0.994681,1.0,1,1,1,1,1,1,1,1,1,0.3738738738738739,0.3738738738738739,0.125,0.3831775700934579,1,1,0
45055951|F|0-46:A>G-46:A>G,45055951,46:A>G,46,PTTO01003571.1_Contig67,18553977,NC_041736.1,9,autosome,1.0,1,1.7299999999999999e-28,0.986702,1.0,1,1,1,1,1,1,1,1,1,0.0,0.0,0.0,0.0,0,0,0
45055963|F|0-65:C>T-65:C>T,45055963,65:C>T,65,PTTO01000332.1_Contig333,7671674,NC_041729.1,2,autosome,1.0,1,1.7299999999999999e-28,0.994681,1.0,1,1,1,1,1,1,1,1,1,0.2027027027027027,0.2027027027027027,0.4375,0.1939252336448598,1,1,0
45063207|F|0-44:C>T-44:C>T,45063207,44:C>T,44,PTTO01000276.1_Contig319,11394826,NC_041737.1,10,autosome,1.0,1,1.7299999999999999e-28,0.99734,1.0,1,1,1,1,1,1,1,1,0,0.0563063063063063,0.0563063063063063,0.0,0.058411214953271,0,1,0
45066551|F|0-13:A>G-13:A>G,45066551,13:A>G,13,PTTO01001610.1_Contig358,2222272,NC_041729.1,2,autosome,1.0,1,2.2400000000000003e-21,0.994681,1.0,1,1,1,1,1,1,1,1,0,0.5315315315315315,0.4684684684684684,0.8125,0.5210280373831776,1,1,0
45063210|F|0-31:C>T-31:C>T,45063210,31:C>T,31,PTTO01002967.1_Contig85,16498846,NC_041733.1,6,autosome,1.0,1,1.7299999999999999e-28,0.99734,1.0,1,1,1,1,1,1,1,1,1,0.1283783783783783,0.1283783783783783,0.0625,0.1308411214953271,1,1,0
100042253|F|0-45:C>G-45:C>G,100042253,45:C>G,45,PTTO01003256.1_Contig153,7450221,NC_041746.1,19,autosome,1.0,1,1.7299999999999999e-28,0.992021,1.0,1,1,1,1,1,1,1,1,0,0.0,0.0,0.0,0.0,0,0,0
45063214|F|0-31:C>T-31:C>T,45063214,31:C>T,31,PTTO01004189.1_Contig18,28865928,NC_041729.1,2,autosome,1.0,1,1.7299999999999999e-28,0.989362,1.0,1,1,1,1,1,1,1,1,1,0.0112612612612612,0.0112612612612612,0.0,0.0116822429906542,0,1,0
45056019|F|0-66:C>T-66:C>T,45056019,66:C>T,66,PTTO01001839.1_Contig208,6366664,NC_041741.1,14,autosome,1.0,1,1.7299999999999999e-28,0.99734,1.0,1,1,1,1,1,1,1,1,1,0.0157657657657657,0.0157657657657657,0.0,0.0163551401869158,0,1,0
45066560|F|0-22:A>G-22:A>G,45066560,22:A>G,22,PTTO01001633.1_Contig312,18197816,NC_041739.1,12,autosome,1.0,1,1.7299999999999999e-28,0.99734,1.0,1,1,1,1,1,1,1,1,1,0.1621621621621621,0.1621621621621621,0.4375,0.1518691588785046,1,1,0
45056037|F|0-40:C>G-40:C>G,45056037,40:C>G,40,PTTO01002057.1_Contig2,2042801,NC_041730.1,3,autosome,1.0,159,8.05e-27,1.0,1.0,1,1,1,1,1,1,1,1,1,0.2072072072072072,0.2072072072072072,0.0,0.2149532710280373,0,1,0
45063227|F|0-18:C>T-18:C>T,45063227,18:C>T,18,PTTO01002545.1_Contig22,9135720,NC_041728.1,1,autosome,1.0,1,1.7299999999999999e-28,1.0,1.0,1,1,1,1,1,1,1,1,1,0.0112612612612612,0.0112612612612612,0.0,0.0116822429906542,0,1,0
45056072|F|0-18:G>A-18:G>A,45056072,18:G>A,18,PTTO01001940.1_Contig353,17374842,NC_041731.1,4,autosome,1.0,1,1.7299999999999999e-28,0.99734,1.0,1,1,1,1,1,1,1,1,1,0.1531531531531531,0.1531531531531531,0.3125,0.1471962616822429,1,1,0
45056078|F|0-26:G>A-26:G>A,45056078,26:G>A,26,PTTO01001244.1_Contig55,9940421,NC_041738.1,11,autosome,1.0,1,1.7299999999999999e-28,0.99734,1.0,1,1,1,1,1,1,1,1,1,0.054054054054054,0.054054054054054,0.0,0.0560747663551401,0,1,0
45066582|F|0-49:T>A-49:T>A,45066582,49:T>A,49,PTTO01000332.1_Contig333,4680241,NC_041729.1,2,autosome,1.0,1,1.7299999999999999e-28,1.0,1.0,1,1,1,1,1,1,1,1,1,0.0923423423423423,0.0923423423423423,0.0,0.0957943925233644,0,1,0
45063276|F|0-30:G>A-30:G>A,45063276,30:G>A,30,PTTO01002624.1_Contig32,33370719,NC_041728.1,1,autosome,1.0,1,1.7299999999999999e-28,0.994681,1.0,1,1,1,1,1,1,1,1,1,0.0225225225225225,0.0225225225225225,0.0,0.0233644859813084,0,1,0
45063282|F|0-53:A>T-53:A>T,45063282,53:A>T,53,PTTO01004189.1_Contig18,2541451,NC_041729.1,2,autosome,1.0,1,1.7299999999999999e-28,0.99734,1.0,1,1,1,1,1,1,1,1,1,0.2297297297297297,0.2297297297297297,0.125,0.2336448598130841,1,1,0
95136599|F|0-14:G>A-14:G>A,95136599,14:G>A,14,PTTO01000493.1_Contig1165,2231035,NC_041744.1,17,autosome,1.0,342,1.7299999999999999e-28,1.0,1.0,1,1,1,1,1,1,1,1,0,0.0,0.0,0.0,0.0,0,0,0
45066587|F|0-26:G>T-26:G>T,45066587,26:G>T,26,PTTO01002634.1_Contig60,6914660,NC_041732.1,5,autosome,1.0,1,8.05e-27,1.0,1.0,1,1,1,1,1,1,1,1,1,0.0247747747747747,0.0247747747747747,0.0,0.0257009345794392,0,1,0
45063293|F|0-10:G>T-10:G>T,45063293,10:G>T,10,PTTO01001320.1_Contig70,11897326,NC_041731.1,4,autosome,1.0,1,1.7299999999999999e-28,0.99734,1.0,1,1,1,1,1,1,1,1,1,0.0135135135135135,0.0135135135135135,0.0,0.014018691588785,0,1,0
45056164|F|0-40:C>T-40:C>T,45056164,40:C>T,40,PTTO01002624.1_Contig32,33480474,NC_041728.1,1,autosome,1.0,1,8.05e-27,0.994681,1.0,1,1,1,1,1,1,1,1,1,0.2725225225225225,0.2725225225225225,0.0,0.2827102803738318,0,1,0
45056182|F|0-33:G>A-33:G>A,45056182,33:G>A,33,PTTO01000376.1_Contig11,15714082,NC_041745.1,18,autosome,1.0,1,1.7299999999999999e-28,0.994681,1.0,1,1,1,1,1,1,1,1,1,0.0225225225225225,0.0225225225225225,0.375,0.0093457943925233,1,1,0
45056191|F|0-30:C>T-30:C>T,45056191,30:C>T,30,PTTO01001940.1_Contig353,24544671,NC_041731.1,4,autosome,1.0,1,1.7299999999999999e-28,0.99734,1.0,1,1,1,1,1,1,1,1,1,0.0382882882882882,0.0382882882882882,0.0,0.0397196261682243,0,1,0
45056193|F|0-46:A>G-46:A>G,45056193,46:A>G,46,PTTO01002057.1_Contig2,6646063,NC_041730.1,3,autosome,1.0,1,1.7299999999999999e-28,1.0,1.0,1,1,1,1,1,1,1,1,1,0.0157657657657657,0.0157657657657657,0.0625,0.014018691588785,1,1,0
45066084|F|0-38:G>A-38:G>A,45066084,38:G>A,38,PTTO01004194.1_Contig13,5395922,NC_041743.1,16,autosome,1.0,1,1.7299999999999999e-28,0.99734,1.0,1,1,1,1,1,1,1,1,0,0.018018018018018,0.018018018018018,0.0,0.0186915887850467,0,1,0
45066599|F|0-18:C>T-18:C>T,45066599,18:C>T,18,PTTO01002104.1_Contig16,19907574,NC_041732.1,5,autosome,1.0,1,1.7299999999999999e-28,1.0,1.0,1,1,1,1,1,1,1,1,1,0.0743243243243243,0.0743243243243243,0.0,0.0771028037383177,0,1,0
45066601|F|0-34:C>T-34:C>T,45066601,34:C>T,34,PTTO01002822.1_Contig364,8345121,NC_041731.1,4,autosome,1.0,1,8.05e-27,1.0,1.0,1,1,1,1,1,1,1,1,1,0.2725225225225225,0.2725225225225225,0.1875,0.2757009345794392,1,1,0
45056208|F|0-6:A>C-6:A>C,45056208,6:A>C,6,PTTO01002315.1_Contig12,5349540,NC_041729.1,2,autosome,1.0,1,1.7299999999999999e-28,1.0,1.0,1,1,1,1,1,1,1,1,1,0.1846846846846846,0.1846846846846846,0.3125,0.1799065420560747,1,1,0
45066609|F|0-62:A>C-62:A>C,45066609,62:A>C,62,PTTO01002793.1_Contig38,7298456,NC_041745.1,18,autosome,1.0,1,2.9000000000000004e-26,0.994681,1.0,1,1,1,1,1,1,1,1,1,0.1126126126126126,0.1126126126126126,0.0625,0.1144859813084112,1,1,0
45067934|F|0-24:T>A-24:T>A,45067934,24:T>A,24,PTTO01003882.1_Contig102,4257751,NC_041732.1,5,autosome,1.0,1,1.7299999999999999e-28,1.0,1.0,1,1,1,1,1,1,1,1,1,0.009009009009009,0.009009009009009,0.0,0.0093457943925233,0,1,0
45056235|F|0-35:G>A-35:G>A,45056235,35:G>A,35,PTTO01002261.1_Contig251,6883168,NC_041743.1,16,autosome,1.0,1,1.7299999999999999e-28,0.99734,1.0,1,1,1,1,1,1,1,1,1,0.0112612612612612,0.0112612612612612,0.0,0.0116822429906542,0,1,0
45063354|F|0-42:G>A-42:G>A,45063354,42:G>A,42,PTTO01003005.1_Contig4265,3309992,NC_041740.1,13,autosome,1.0,1,1.7299999999999999e-28,0.99734,1.0,1,1,1,1,1,1,1,1,1,0.2635135135135135,0.2635135135135135,0.4375,0.2570093457943925,1,1,0
45056260|F|0-18:C>T-18:C>T,45056260,18:C>T,18,PTTO01002104.1_Contig16,22840864,NC_041732.1,5,autosome,1.0,1,1.7299999999999999e-28,0.994681,1.0,1,1,1,1,1,1,1,1,1,0.0472972972972973,0.0472972972972973,0.0,0.0490654205607476,0,1,0
45067937|F|0-17:G>A-17:G>A,45067937,17:G>A,17,PTTO01001370.1_Contig26,12044432,NC_041734.1,7,autosome,1.0,1,1.7299999999999999e-28,1.0,1.0,1,1,1,1,1,1,1,1,1,0.0225225225225225,0.0225225225225225,0.0,0.0233644859813084,0,1,0
45063399|F|0-38:G>A-38:G>A,45063399,38:G>A,38,PTTO01002104.1_Contig16,23715737,NC_041732.1,5,autosome,1.0,2,4.8100000000000006e-23,0.99734,1.0,1,1,1,1,1,1,1,1,1,0.009009009009009,0.009009009009009,0.125,0.0046728971962616,1,1,0
100042521|F|0-67:C>T-67:C>T,100042521,67:C>T,67,PTTO01004189.1_Contig18,32309427,NC_041729.1,2,autosome,1.0,1,1.7299999999999999e-28,1.0,1.0,1,1,1,1,1,1,1,1,0,0.0,0.0,0.0,0.0,0,0,0
45056374|F|0-61:C>T-61:C>T,45056374,61:C>T,61,PTTO01003882.1_Contig102,10603320,NC_041732.1,5,autosome,1.0,1,8.05e-27,1.0,1.0,1,1,1,1,1,1,1,1,1,0.0,0.0,0.0,0.0,0,0,0
45063428|F|0-38:C>T-38:C>T,45063428,38:C>T,38,PTTO01000705.1_Contig20,1080531,NC_041743.1,16,autosome,1.0,1,1.7299999999999999e-28,0.99734,1.0,1,1,1,1,1,1,1,1,1,0.0112612612612612,0.0112612612612612,0.0,0.0116822429906542,0,1,0
45066636|F|0-16:A>C-16:A>C,45066636,16:A>C,16,PTTO01002104.1_Contig16,30598320,NC_041732.1,5,autosome,1.0,1,1.7299999999999999e-28,0.99734,1.0,1,1,1,1,1,1,1,1,1,0.0045045045045045,0.0045045045045045,0.0,0.0046728971962616,0,1,0
45063438|F|0-16:A>C-16:A>C,45063438,16:A>C,16,PTTO01000332.1_Contig333,6587430,NC_041729.1,2,autosome,1.0,1,1.7299999999999999e-28,1.0,1.0,1,1,1,1,1,1,1,1,1,0.25,0.25,0.0,0.2593457943925233,0,1,0
45067948|F|0-17:G>A-17:G>A,45067948,17:G>A,17,PTTO01000169.1_Contig4087,31913,NC_041736.1,9,autosome,1.0,44,1.7299999999999999e-28,1.0,1.0,1,1,1,1,1,1,1,1,1,0.1238738738738738,0.1238738738738738,0.3125,0.116822429906542,1,1,0
45063449|F|0-60:G>A-60:G>A,45063449,60:G>A,60,PTTO01000765.1_Contig334,24668982,NC_041729.1,2,autosome,1.0,1,1.7299999999999999e-28,0.994681,1.0,1,1,1,1,1,1,1,1,1,0.054054054054054,0.054054054054054,0.0,0.0560747663551401,0,1,0
45056440|F|0-27:A>C-27:A>C,45056440,27:A>C,27,PTTO01002476.1_Contig0,36548748,NC_041728.1,1,autosome,1.0,1,1.7299999999999999e-28,1.0,1.0,1,1,1,1,1,1,1,1,1,0.0045045045045045,0.0045045045045045,0.0,0.0046728971962616,0,1,0
45063451|F|0-50:C>T-50:C>T,45063451,50:C>T,50,PTTO01003571.1_Contig67,11028008,NC_041736.1,9,autosome,1.0,4,1.7299999999999999e-28,0.994681,1.0,1,1,1,1,1,1,1,1,0,0.1328828828828828,0.1328828828828828,0.0,0.1378504672897196,0,1,0
45063461|F|0-37:G>A-37:G>A,45063461,37:G>A,37,PTTO01001678.1_Contig35,14498761,NC_041737.1,10,autosome,1.0,1,1.7299999999999999e-28,0.989362,1.0,1,1,1,1,1,1,1,1,1,0.009009009009009,0.009009009009009,0.0,0.0093457943925233,0,1,0
64987048|F|0-48:G>C-48:G>C,64987048,48:G>C,48,PTTO01004492.1_Contig25,7286864,NC_041732.1,5,autosome,1.0,1,1.7299999999999999e-28,0.99734,1.0,1,1,1,1,1,1,1,1,0,0.0,0.0,0.0,0.0,0,0,0
45056522|F|0-15:A>T-15:A>T,45056522,15:A>T,15,PTTO01002104.1_Contig16,51579120,NC_041732.1,5,autosome,1.0,1,1.7299999999999999e-28,0.994681,1.0,1,1,1,1,1,1,1,1,1,0.0292792792792792,0.0292792792792792,0.0,0.0303738317757009,0,1,0
45063501|F|0-31:G>C-31:G>C,45063501,31:G>C,31,PTTO01000332.1_Contig333,3207258,NC_041729.1,2,autosome,1.0,33,1.7299999999999999e-28,0.994681,1.0,1,1,1,1,1,1,1,1,1,0.027027027027027,0.027027027027027,0.125,0.0233644859813084,1,1,0
45063507|F|0-13:T>G-13:T>G,45063507,13:T>G,13,PTTO01003425.1_Contig303,2423810,NC_041743.1,16,autosome,1.0,1,1.7299999999999999e-28,0.99734,1.0,1,1,1,1,1,1,1,1,0,0.7657657657657657,0.2342342342342342,0.75,0.7663551401869159,1,1,0
45063509|F|0-18:A>T-18:A>T,45063509,18:A>T,18,PTTO01002624.1_Contig32,6987085,NC_041728.1,1,autosome,1.0,1,3.94e-24,0.99734,1.0,1,1,1,1,1,1,1,1,1,0.018018018018018,0.018018018018018,0.0,0.0186915887850467,0,1,0
45056541|F|0-43:G>T-43:G>T,45056541,43:G>T,43,PTTO01002104.1_Contig16,58000240,NC_041732.1,5,autosome,1.0,1,1.7299999999999999e-28,0.99734,1.0,1,1,1,1,1,1,1,1,1,0.0112612612612612,0.0112612612612612,0.0,0.0116822429906542,0,1,0
45066675|F|0-14:A>G-14:A>G,45066675,14:A>G,14,PTTO01001696.1_Contig254,13609345,NC_041747.1,20,autosome,1.0,16,3.75e-25,0.992021,1.0,1,1,1,1,1,1,1,1,1,0.3310810810810811,0.3310810810810811,0.8125,0.3130841121495327,1,1,0
45063525|F|0-12:G>A-12:G>A,45063525,12:G>A,12,PTTO01001308.1_Contig782,29636,,unanchored,unanchored,1.0,10,1.7299999999999999e-28,0.994681,1.0,1,1,1,1,1,1,1,1,1,0.0112612612612612,0.0112612612612612,0.0,0.0116822429906542,0,1,0
45066683|F|0-68:G>A-68:G>A,45066683,68:G>A,68,PTTO01000230.1_Contig34,12196713,NC_041734.1,7,autosome,1.0,40,1.7299999999999999e-28,1.0,1.0,1,1,1,1,1,1,1,1,1,0.0788288288288288,0.0788288288288288,0.25,0.072429906542056,1,1,0
45062123|F|0-11:T>A-11:T>A,45062123,11:T>A,11,PTTO01003824.1_Contig115,219206,NC_041732.1,5,autosome,1.0,1,2.24e-27,0.994681,1.0,1,1,1,1,1,1,1,1,1,0.0405405405405405,0.0405405405405405,0.25,0.0327102803738317,1,1,0
45056606|F|0-63:C>T-63:C>T,45056606,63:C>T,63,PTTO01004189.1_Contig18,25026705,NC_041729.1,2,autosome,1.0,1,1.7299999999999999e-28,1.0,1.0,1,1,1,1,1,1,1,1,1,0.295045045045045,0.295045045045045,0.5625,0.2850467289719626,1,1,0
45063545|F|0-39:G>A-39:G>A,45063545,39:G>A,39,PTTO01000571.1_Contig170,4962200,NC_041730.1,3,autosome,1.0,1,1.7299999999999999e-28,0.994681,1.0,1,1,1,1,1,1,1,1,1,0.1959459459459459,0.1959459459459459,0.0,0.2032710280373831,0,1,0
45063551|F|0-59:G>A-59:G>A,45063551,59:G>A,59,PTTO01000536.1_Contig98,4932008,NC_041735.1,8,autosome,1.0,2,1.7299999999999999e-28,0.99734,1.0,1,1,1,1,1,1,1,1,1,0.0337837837837837,0.0337837837837837,0.0,0.0350467289719626,0,1,0
45056672|F|0-17:T>G-17:T>G,45056672,17:T>G,17,PTTO01001940.1_Contig353,19728499,NC_041731.1,4,autosome,1.0,1,1.7299999999999999e-28,0.99734,1.0,1,1,1,1,1,1,1,1,0,0.0,0.0,0.0,0.0,0,0,0
45066700|F|0-13:G>A-13:G>A,45066700,13:G>A,13,PTTO01001349.1_Contig23,31226091,NC_041736.1,9,autosome,1.0,1,1.7299999999999999e-28,0.994681,1.0,1,1,1,1,1,1,1,1,1,0.0788288288288288,0.0788288288288288,0.0,0.0817757009345794,0,1,0
45056677|F|0-58:C>T-58:C>T,45056677,58:C>T,58,PTTO01000974.1_Contig37,12751884,NC_041741.1,14,autosome,1.0,1,9.21e-26,0.99734,1.0,1,1,1,1,1,1,1,1,1,0.009009009009009,0.009009009009009,0.0,0.0093457943925233,0,1,0
45063573|F|0-29:G>A-29:G>A,45063573,29:G>A,29,PTTO01000885.1_Contig10,4317239,NC_041744.1,17,autosome,1.0,1,3.22e-25,0.994681,1.0,1,1,1,1,1,1,1,1,1,0.0225225225225225,0.0225225225225225,0.0,0.0233644859813084,0,1,0
45056697|F|0-24:C>T-24:C>T,45056697,24:C>T,24,PTTO01004194.1_Contig13,11738920,NC_041743.1,16,autosome,1.0,1,1.7299999999999999e-28,1.0,1.0,1,1,1,1,1,1,1,1,1,0.0202702702702702,0.0202702702702702,0.0,0.0210280373831775,0,1,0
45067992|F|0-60:A>G-60:A>G,45067992,60:A>G,60,PTTO01000006.1_Contig148,14569149,NC_041734.1,7,autosome,1.0,1,1.7299999999999999e-28,0.994681,1.0,1,1,1,1,1,1,1,1,0,0.0405405405405405,0.0405405405405405,0.1875,0.0350467289719626,1,1,0
45063591|F|0-48:G>A-48:G>A,45063591,48:G>A,48,PTTO01001320.1_Contig70,6503377,NC_041731.1,4,autosome,1.0,1,1.7299999999999999e-28,1.0,1.0,1,1,1,1,1,1,1,1,1,0.0202702702702702,0.0202702702702702,0.0,0.0210280373831775,0,1,0
45066714|F|0-50:G>A-50:G>A,45066714,50:G>A,50,PTTO01002104.1_Contig16,31552687,NC_041732.1,5,autosome,1.0,1,1.7299999999999999e-28,0.99734,1.0,1,1,1,1,1,1,1,1,1,0.1441441441441441,0.1441441441441441,0.0625,0.1471962616822429,1,1,0
45066719|F|0-42:T>C-42:T>C,45066719,42:T>C,42,PTTO01001320.1_Contig70,14874842,NC_041731.1,4,autosome,1.0,1,1.7299999999999999e-28,1.0,1.0,1,1,1,1,1,1,1,1,1,0.2252252252252252,0.2252252252252252,0.125,0.2289719626168224,1,1,0
64975953|F|0-29:G>C-29:G>C,64975953,29:G>C,29,PTTO01001839.1_Contig208,3434683,NC_041741.1,14,autosome,1.0,1,1.7299999999999999e-28,1.0,1.0,1,1,1,1,1,1,1,1,0,0.0022522522522522,0.0022522522522522,0.0,0.0023364485981308,0,1,0
45063608|F|0-39:G>A-39:G>A,45063608,39:G>A,39,PTTO01001940.1_Contig353,7455828,NC_041731.1,4,autosome,1.0,1,1.7299999999999999e-28,0.994681,1.0,1,1,1,1,1,1,1,1,0,0.0,0.0,0.0,0.0,0,0,0
45066722|F|0-51:G>A-51:G>A,45066722,51:G>A,51,PTTO01001051.1_Contig4,23681054,NC_041737.1,10,autosome,1.0,1,1.7299999999999999e-28,0.994681,1.0,1,1,1,1,1,1,1,1,1,0.0855855855855855,0.0855855855855855,0.125,0.0841121495327102,1,1,0
45056772|F|0-39:C>A-39:C>A,45056772,39:C>A,39,PTTO01002104.1_Contig16,6389855,NC_041732.1,5,autosome,1.0,1,1.7299999999999999e-28,0.99734,1.0,1,1,1,1,1,1,1,1,1,0.2837837837837837,0.2837837837837837,0.375,0.2803738317757009,1,1,0
45066728|F|0-27:G>C-27:G>C,45066728,27:G>C,27,PTTO01000257.1_Contig57,1263847,NC_041740.1,13,autosome,1.0,1,6.23e-28,0.99734,1.0,1,1,1,1,1,1,1,1,1,0.09009009009009,0.09009009009009,0.0,0.0934579439252336,0,1,0
45068000|F|0-43:C>T-43:C>T,45068000,43:C>T,43,PTTO01003276.1_Contig54,716040,NC_041738.1,11,autosome,1.0,1,1.7299999999999999e-28,0.994681,1.0,1,1,1,1,1,1,1,1,1,0.0022522522522522,0.0022522522522522,0.0,0.0023364485981308,0,1,0
45056796|F|0-22:G>A-22:G>A,45056796,22:G>A,22,PTTO01001696.1_Contig254,7006600,NC_041747.1,20,autosome,1.0,1,1.7299999999999999e-28,0.984043,1.0,1,1,1,1,1,1,1,1,1,0.0157657657657657,0.0157657657657657,0.0,0.0163551401869158,0,1,0
45063635|F|0-6:C>T-6:C>T,45063635,6:C>T,6,PTTO01001244.1_Contig55,7372308,NC_041738.1,11,autosome,1.0,1,8.05e-27,1.0,1.0,1,1,1,1,1,1,1,1,1,0.1644144144144144,0.1644144144144144,0.1875,0.1635514018691588,1,1,0
45056817|F|0-66:A>G-66:A>G,45056817,66:A>G,66,PTTO01002476.1_Contig0,31586841,NC_041728.1,1,autosome,1.0,1,8.05e-27,1.0,1.0,1,1,1,1,1,1,1,1,1,0.0157657657657657,0.0157657657657657,0.0,0.0163551401869158,0,1,0
45056830|F|0-24:A>C-24:A>C,45056830,24:A>C,24,PTTO01001051.1_Contig4,3107123,NC_041737.1,10,autosome,1.0,1,1.7299999999999999e-28,0.99734,1.0,1,1,1,1,1,1,1,1,1,0.009009009009009,0.009009009009009,0.0,0.0093457943925233,0,1,0
45066738|F|0-53:C>T-53:C>T,45066738,53:C>T,53,PTTO01002104.1_Contig16,26176759,NC_041732.1,5,autosome,1.0,1,1.7299999999999999e-28,1.0,1.0,1,1,1,1,1,1,1,1,1,0.0045045045045045,0.0045045045045045,0.0,0.0046728971962616,0,1,0
45056843|F|0-16:G>A-16:G>A,45056843,16:G>A,16,PTTO01001320.1_Contig70,12505234,NC_041731.1,4,autosome,1.0,1,1.7299999999999999e-28,0.994681,1.0,1,1,1,1,1,1,1,1,1,0.0247747747747747,0.0247747747747747,0.0,0.0257009345794392,0,1,0
45066740|F|0-29:C>G-29:C>G,45066740,29:C>G,29,PTTO01000875.1_Contig31,30976717,NC_041730.1,3,autosome,1.0,1,1.7299999999999999e-28,0.994681,1.0,1,1,1,1,1,1,1,1,1,0.1216216216216216,0.1216216216216216,0.1875,0.1191588785046729,1,1,0
64982807|F|0-33:A>C-33:A>C,64982807,33:A>C,33,PTTO01003256.1_Contig153,5466464,NC_041746.1,19,autosome,1.0,1,1.7299999999999999e-28,0.99734,1.0,1,1,1,1,1,1,1,1,0,0.0022522522522522,0.0022522522522522,0.0,0.0023364485981308,0,1,0
100042852|F|0-55:A>C-55:A>C,100042852,55:A>C,55,PTTO01002624.1_Contig32,11927409,NC_041728.1,1,autosome,1.0,1,1.7299999999999999e-28,1.0,1.0,1,1,1,1,1,1,1,1,0,0.0022522522522522,0.0022522522522522,0.0625,0.0,1,0,0
100042854|F|0-59:A>G-59:A>G,100042854,59:A>G,59,PTTO01003710.1_Contig217,13266110,NC_041733.1,6,autosome,1.0,1,8.05e-27,0.99734,1.0,1,1,1,1,1,1,1,1,0,1.0,0.0,1.0,1.0,0,0,0
64987316|F|0-42:C>T-42:C>T,64987316,42:C>T,42,PTTO01000311.1_Contig4505,294586,NC_041731.1,4,autosome,1.0,1,1.7299999999999999e-28,1.0,1.0,1,1,1,1,1,1,1,1,0,0.0,0.0,0.0,0.0,0,0,0
45063689|F|0-6:G>A-6:G>A,45063689,6:G>A,6,PTTO01004519.1_Contig1477,1199394,NC_041735.1,8,autosome,1.0,1,1.7299999999999999e-28,0.99734,1.0,1,1,1,1,1,1,1,1,0,0.0,0.0,0.0,0.0,0,0,0
45063701|F|0-45:C>A-45:C>A,45063701,45:C>A,45,PTTO01002104.1_Contig16,43999073,NC_041732.1,5,autosome,1.0,1,1.7299999999999999e-28,0.99734,1.0,1,1,1,1,1,1,1,1,1,0.009009009009009,0.009009009009009,0.0,0.0093457943925233,0,1,0
45066756|F|0-65:G>A-65:G>A,45066756,65:G>A,65,PTTO01001556.1_Contig3,3874428,NC_041728.1,1,autosome,1.0,1,8.05e-27,0.99734,1.0,1,1,1,1,1,1,1,1,1,0.277027027027027,0.277027027027027,0.125,0.2827102803738318,1,1,0
45056929|F|0-8:C>A-8:C>A,45056929,8:C>A,8,PTTO01002104.1_Contig16,30942548,NC_041732.1,5,autosome,1.0,1,1.7299999999999999e-28,0.994681,1.0,1,1,1,1,1,1,1,1,1,0.0067567567567567,0.0067567567567567,0.0,0.0070093457943925,0,1,0
45066761|F|0-63:C>T-63:C>T,45066761,63:C>T,63,PTTO01004189.1_Contig18,26401649,NC_041729.1,2,autosome,1.0,1,1.7299999999999999e-28,1.0,1.0,1,1,1,1,1,1,1,1,1,0.027027027027027,0.027027027027027,0.0,0.02803738317757,0,1,0
45063721|F|0-65:C>T-65:C>T,45063721,65:C>T,65,PTTO01002104.1_Contig16,44323886,NC_041732.1,5,autosome,1.0,1,1.7299999999999999e-28,0.994681,1.0,1,1,1,1,1,1,1,1,1,0.0157657657657657,0.0157657657657657,0.0,0.0163551401869158,0,1,0
45063724|F|0-6:G>A-6:G>A,45063724,6:G>A,6,PTTO01001051.1_Contig4,13864890,NC_041737.1,10,autosome,1.0,1,1.7299999999999999e-28,1.0,1.0,1,1,1,1,1,1,1,1,1,0.1801801801801801,0.1801801801801801,0.5,0.1682242990654205,1,1,0
45056970|F|0-5:C>T-5:C>T,45056970,5:C>T,5,PTTO01000875.1_Contig31,22288781,NC_041730.1,3,autosome,1.0,1,1.7299999999999999e-28,0.960106,1.0,1,1,1,1,1,1,1,1,1,0.0765765765765765,0.0765765765765765,0.0,0.0794392523364486,0,1,0
64985782|F|0-67:G>T-67:G>T,64985782,67:G>T,67,PTTO01003571.1_Contig67,18764352,NC_041736.1,9,autosome,1.0,1,1.7299999999999999e-28,1.0,1.0,1,1,1,1,1,1,1,1,0,0.0067567567567567,0.0067567567567567,0.1875,0.0,1,0,0
45066769|F|0-41:T>C-41:T>C,45066769,41:T>C,41,PTTO01000885.1_Contig10,2195920,NC_041744.1,17,autosome,1.0,1,8.05e-27,0.99734,1.0,1,1,1,1,1,1,1,1,1,0.4797297297297297,0.4797297297297297,0.5625,0.4766355140186916,1,1,0
45056979|F|0-5:C>T-5:C>T,45056979,5:C>T,5,PTTO01003671.1_Contig19,20539805,NC_041735.1,8,autosome,1.0,1,1.7299999999999999e-28,0.99734,1.0,1,1,1,1,1,1,1,1,1,0.045045045045045,0.045045045045045,0.0,0.0467289719626168,0,1,0
45056998|F|0-47:C>T-47:C>T,45056998,47:C>T,47,PTTO01000166.1_Contig207,6792604,NC_041747.1,20,autosome,1.0,1,1.7299999999999999e-28,0.99734,1.0,1,1,1,1,1,1,1,1,1,0.0968468468468468,0.0968468468468468,0.0,0.1004672897196261,0,1,0
45063748|F|0-36:C>T-36:C>T,45063748,36:C>T,36,PTTO01002104.1_Contig16,6345667,NC_041732.1,5,autosome,1.0,1,1.7299999999999999e-28,0.99734,1.0,1,1,1,1,1,1,1,1,1,0.0427927927927927,0.0427927927927927,0.0,0.0443925233644859,0,1,0
45066775|F|0-30:G>A-30:G>A,45066775,30:G>A,30,PTTO01001320.1_Contig70,6780087,NC_041731.1,4,autosome,1.0,1,8.05e-27,1.0,1.0,1,1,1,1,1,1,1,1,1,0.2725225225225225,0.2725225225225225,0.0,0.2827102803738318,0,1,0
45063763|F|0-28:T>G-28:T>G,45063763,28:T>G,28,PTTO01002822.1_Contig364,9340354,NC_041731.1,4,autosome,1.0,1,2.63e-26,0.994681,1.0,1,1,1,1,1,1,1,1,1,0.0675675675675675,0.0675675675675675,0.25,0.0607476635514018,1,1,0
45066789|F|0-7:A>G-7:A>G,45066789,7:A>G,7,PTTO01001678.1_Contig35,10012520,NC_041737.1,10,autosome,1.0,1,1.7299999999999999e-28,0.992021,1.0,1,1,1,1,1,1,1,1,1,0.0427927927927927,0.0427927927927927,0.0,0.0443925233644859,0,1,0
45057045|F|0-24:G>C-24:G>C,45057045,24:G>C,24,PTTO01001611.1_Contig3553,2032924,NC_041739.1,12,autosome,1.0,1,1.7299999999999999e-28,1.0,1.0,1,1,1,1,1,1,1,1,1,0.0292792792792792,0.0292792792792792,0.0,0.0303738317757009,0,1,0
45063768|F|0-39:G>A-39:G>A,45063768,39:G>A,39,PTTO01004121.1_Contig440,5574,NW_021638271.1,unplaced,unplaced,1.0,2,8.05e-27,1.0,1.0,1,1,1,1,1,1,1,1,0,1.0,0.0,1.0,1.0,0,0,0
45057052|F|0-36:A>G-36:A>G,45057052,36:A>G,36,PTTO01003005.1_Contig4265,5329715,NC_041740.1,13,autosome,1.0,1,1.7299999999999999e-28,0.954787,1.0,1,1,1,1,1,1,1,1,1,0.0247747747747747,0.0247747747747747,0.0,0.0257009345794392,0,1,0
45063776|F|0-50:G>A-50:G>A,45063776,50:G>A,50,PTTO01000875.1_Contig31,3963279,NC_041730.1,3,autosome,1.0,1,1.7299999999999999e-28,0.99734,1.0,1,1,1,1,1,1,1,1,1,0.0382882882882882,0.0382882882882882,0.0,0.0397196261682243,0,1,0
45063777|F|0-11:T>A-11:T>A,45063777,11:T>A,11,PTTO01002057.1_Contig2,17905957,NC_041730.1,3,autosome,1.0,1,1.7299999999999999e-28,0.99734,1.0,1,1,1,1,1,1,1,1,1,0.0608108108108108,0.0608108108108108,0.0,0.0630841121495327,0,1,0
100043050|F|0-61:T>G-61:T>G,100043050,61:T>G,61,PTTO01002634.1_Contig60,6115105,NC_041732.1,5,autosome,1.0,1,1.7299999999999999e-28,0.994681,1.0,1,1,1,1,1,1,1,1,0,0.0,0.0,0.0,0.0,0,0,0
45066803|F|0-47:T>C-47:T>C,45066803,47:T>C,47,PTTO01002104.1_Contig16,25014877,NC_041732.1,5,autosome,1.0,1,1.7299999999999999e-28,0.994681,1.0,1,1,1,1,1,1,1,1,1,0.0945945945945946,0.0945945945945946,0.0,0.0981308411214953,0,1,0
45066804|F|0-34:G>T-34:G>T,45066804,34:G>T,34,PTTO01002476.1_Contig0,56455065,NC_041728.1,1,autosome,1.0,1,2.63e-26,0.992021,1.0,1,1,1,1,1,1,1,1,1,0.081081081081081,0.081081081081081,0.0,0.0841121495327102,0,1,0
45057160|F|0-47:G>A-47:G>A,45057160,47:G>A,47,PTTO01003146.1_Contig77,1138943,NC_041734.1,7,autosome,1.0,1,1.7299999999999999e-28,0.994681,1.0,1,1,1,1,1,1,1,1,1,0.0,0.0,0.0,0.0,0,0,0
45063840|F|0-52:T>C-52:T>C,45063840,52:T>C,52,PTTO01001320.1_Contig70,10641652,NC_041731.1,4,autosome,1.0,1,1.7299999999999999e-28,0.994681,1.0,1,1,1,1,1,1,1,1,1,0.1599099099099099,0.1599099099099099,0.0,0.1658878504672897,0,1,0
45057164|F|0-54:G>C-54:G>C,45057164,54:G>C,54,PTTO01002261.1_Contig251,12425983,NC_041743.1,16,autosome,1.0,1,1.7299999999999999e-28,0.99734,1.0,1,1,1,1,1,1,1,1,1,0.0067567567567567,0.0067567567567567,0.0,0.0070093457943925,0,1,0
45066809|F|0-46:C>A-46:C>A,45066809,46:C>A,46,PTTO01003256.1_Contig153,15424111,NC_041746.1,19,autosome,1.0,1,1.7299999999999999e-28,1.0,1.0,1,1,1,1,1,1,1,1,1,0.0022522522522522,0.0022522522522522,0.0,0.0023364485981308,0,1,0
45057210|F|0-15:C>T-15:C>T,45057210,15:C>T,15,PTTO01003276.1_Contig54,4283069,NC_041738.1,11,autosome,1.0,1,1.7299999999999999e-28,1.0,1.0,1,1,1,1,1,1,1,1,1,0.0518018018018018,0.0518018018018018,0.0,0.0537383177570093,0,1,0
45063834|F|0-23:T>C-23:T>C,45063834,23:T>C,23,PTTO01002634.1_Contig60,13952741,NC_041732.1,5,autosome,1.0,1,1.7299999999999999e-28,0.994681,1.0,1,1,1,1,1,1,1,1,1,0.0472972972972973,0.0472972972972973,0.25,0.0397196261682243,1,1,0
45057221|F|0-51:A>C-51:A>C,45057221,51:A>C,51,PTTO01004189.1_Contig18,24072650,NC_041729.1,2,autosome,1.0,1,1.74e-23,1.0,1.0,1,1,1,1,1,1,1,1,1,0.1689189189189189,0.1689189189189189,0.0,0.175233644859813,0,1,0
45066816|F|0-9:G>C-9:G>C,45066816,9:G>C,9,PTTO01003256.1_Contig153,15183158,NC_041746.1,19,autosome,1.0,1,1.7299999999999999e-28,0.99734,1.0,1,1,1,1,1,1,1,1,1,0.063063063063063,0.063063063063063,0.0,0.0654205607476635,0,1,0
45057233|F|0-63:C>G-63:C>G,45057233,63:C>G,63,PTTO01000765.1_Contig334,29876746,NC_041729.1,2,autosome,1.0,1,1.7299999999999999e-28,1.0,1.0,1,1,1,1,1,1,1,1,1,0.0608108108108108,0.0608108108108108,0.0,0.0630841121495327,0,1,0
45057255|F|0-23:G>C-23:G>C,45057255,23:G>C,23,PTTO01002624.1_Contig32,33262478,NC_041728.1,1,autosome,1.0,1,1.7299999999999999e-28,0.994681,1.0,1,1,1,1,1,1,1,1,1,0.0022522522522522,0.0022522522522522,0.0,0.0023364485981308,0,1,0
64976416|F|0-47:C>G-47:C>G,64976416,47:C>G,47,PTTO01001696.1_Contig254,379267,NC_041747.1,20,autosome,1.0,1,1.7299999999999999e-28,0.99734,1.0,1,1,1,1,1,1,1,1,0,0.0,0.0,0.0,0.0,0,0,0
45063861|F|0-5:C>T-5:C>T,45063861,5:C>T,5,PTTO01001370.1_Contig26,36806402,NC_041734.1,7,autosome,1.0,1,1.7299999999999999e-28,1.0,1.0,1,1,1,1,1,1,1,1,1,0.0585585585585585,0.0585585585585585,0.0,0.0607476635514018,0,1,0
45063866|F|0-35:C>T-35:C>T,45063866,35:C>T,35,PTTO01000230.1_Contig34,12207130,NC_041734.1,7,autosome,1.0,1,1.7299999999999999e-28,1.0,1.0,1,1,1,1,1,1,1,1,1,0.1959459459459459,0.1959459459459459,0.1875,0.1962616822429906,1,1,0
45057272|F|0-50:C>T-50:C>T,45057272,50:C>T,50,PTTO01001051.1_Contig4,6746365,NC_041737.1,10,autosome,1.0,1,8.05e-27,0.99734,1.0,1,1,1,1,1,1,1,1,1,0.2792792792792792,0.2792792792792792,0.125,0.2850467289719626,1,1,0
100043232|F|0-32:T>G-32:T>G,100043232,32:T>G,32,PTTO01001236.1_Contig336,4784801,NC_041746.1,19,autosome,1.0,1,1.7299999999999999e-28,0.989362,1.0,1,1,1,1,1,1,1,1,0,0.0,0.0,0.0,0.0,0,0,0
45066826|F|0-7:G>A-7:G>A,45066826,7:G>A,7,PTTO01004492.1_Contig25,138948,NC_041732.1,5,autosome,1.0,1,8.05e-27,0.99734,1.0,1,1,1,1,1,1,1,1,1,0.0292792792792792,0.0292792792792792,0.0,0.0303738317757009,0,1,0
45057322|F|0-26:G>A-26:G>A,45057322,26:G>A,26,PTTO01004262.1_Contig52,35893249,NC_041731.1,4,autosome,1.0,1,1.7299999999999999e-28,0.994681,1.0,1,1,1,1,1,1,1,1,1,0.018018018018018,0.018018018018018,0.0,0.0186915887850467,0,1,0
45066835|F|0-68:C>G-68:C>G,45066835,68:C>G,68,PTTO01002476.1_Contig0,96022467,NC_041728.1,1,autosome,1.0,1,8.05e-27,0.99734,1.0,1,1,1,1,1,1,1,1,1,0.0765765765765765,0.0765765765765765,0.0,0.0794392523364486,0,1,0
45063905|F|0-33:G>A-33:G>A,45063905,33:G>A,33,PTTO01002104.1_Contig16,64202167,NC_041732.1,5,autosome,1.0,1,1.7299999999999999e-28,0.99734,1.0,1,1,1,1,1,1,1,1,0,0.0067567567567567,0.0067567567567567,0.0,0.0070093457943925,0,1,0
45063910|F|0-37:C>T-37:C>T,45063910,37:C>T,37,PTTO01004189.1_Contig18,32970333,NC_041729.1,2,autosome,1.0,1,1.7299999999999999e-28,0.994681,1.0,1,1,1,1,1,1,1,1,1,0.0292792792792792,0.0292792792792792,0.0,0.0303738317757009,0,1,0
45057362|F|0-24:G>A-24:G>A,45057362,24:G>A,24,PTTO01002545.1_Contig22,13566455,NC_041728.1,1,autosome,1.0,1,1.7299999999999999e-28,0.99734,1.0,1,1,1,1,1,1,1,1,1,0.0405405405405405,0.0405405405405405,0.0,0.0420560747663551,0,1,0
45063912|F|0-67:T>A-67:T>A,45063912,67:T>A,67,PTTO01002104.1_Contig16,45177871,NC_041732.1,5,autosome,1.0,1,1.7299999999999999e-28,0.994681,1.0,1,1,1,1,1,1,1,1,1,0.0225225225225225,0.0225225225225225,0.0,0.0233644859813084,0,1,0
45068048|F|0-24:C>A-24:C>A,45068048,24:C>A,24,PTTO01001051.1_Contig4,16519692,NC_041737.1,10,autosome,1.0,2,1.7299999999999999e-28,0.99734,1.0,1,1,1,1,1,1,1,1,1,0.0247747747747747,0.0247747747747747,0.125,0.0210280373831775,1,1,0
45057381|F|0-12:C>T-12:C>T,45057381,12:C>T,12,PTTO01000875.1_Contig31,9248024,NC_041730.1,3,autosome,1.0,1,1.7299999999999999e-28,0.949468,1.0,1,1,1,1,1,1,1,1,1,0.0427927927927927,0.0427927927927927,0.0,0.0443925233644859,0,1,0
45066840|F|0-59:C>T-59:C>T,45066840,59:C>T,59,PTTO01003571.1_Contig67,6360041,NC_041736.1,9,autosome,1.0,1,1.7299999999999999e-28,0.994681,1.0,1,1,1,1,1,1,1,1,1,0.009009009009009,0.009009009009009,0.0,0.0093457943925233,0,1,0
45063922|F|0-50:C>T-50:C>T,45063922,50:C>T,50,PTTO01000700.1_Contig3723,153479,NC_041730.1,3,autosome,1.0,2,1.7299999999999999e-28,0.99734,1.0,1,1,1,1,1,1,1,1,1,0.009009009009009,0.009009009009009,0.0,0.0093457943925233,0,1,0
45063930|F|0-56:C>G-56:C>G,45063930,56:C>G,56,PTTO01003788.1_Contig2016,2527657,NC_041729.1,2,autosome,1.0,1,1.7299999999999999e-28,0.99734,1.0,1,1,1,1,1,1,1,1,1,0.4369369369369369,0.4369369369369369,0.9375,0.4182242990654206,1,1,0
45066092|F|0-40:G>C-40:G>C,45066092,40:G>C,40,PTTO01003710.1_Contig217,1067694,NC_041733.1,6,autosome,1.0,1,1.7299999999999999e-28,0.994681,1.0,1,1,1,1,1,1,1,1,1,0.0157657657657657,0.0157657657657657,0.0,0.0163551401869158,0,1,0
45057444|F|0-67:C>G-67:C>G,45057444,67:C>G,67,PTTO01000765.1_Contig334,1126505,NC_041729.1,2,autosome,1.0,1,1.7299999999999999e-28,0.99734,1.0,1,1,1,1,1,1,1,1,1,0.0743243243243243,0.0743243243243243,0.0,0.0771028037383177,0,1,0
45057445|F|0-58:G>T-58:G>T,45057445,58:G>T,58,PTTO01004563.1_Contig4450,5278422,NC_041742.1,15,autosome,1.0,1,1.7299999999999999e-28,1.0,1.0,1,1,1,1,1,1,1,1,1,0.0247747747747747,0.0247747747747747,0.0,0.0257009345794392,0,1,0
45063951|F|0-58:T>C-58:T>C,45063951,58:T>C,58,PTTO01004492.1_Contig25,4225589,NC_041732.1,5,autosome,1.0,1,1.7299999999999999e-28,1.0,1.0,1,1,1,1,1,1,1,1,1,0.1013513513513513,0.1013513513513513,0.1875,0.0981308411214953,1,1,0
45068059|F|0-5:C>T-5:C>T,45068059,5:C>T,5,PTTO01002057.1_Contig2,23592025,NC_041730.1,3,autosome,1.0,1,1.7299999999999999e-28,0.992021,1.0,1,1,1,1,1,1,1,1,1,0.2207207207207207,0.2207207207207207,0.0,0.2289719626168224,0,1,0
64976635|F|0-26:C>A-26:C>A,64976635,26:C>A,26,PTTO01002634.1_Contig60,16585397,NC_041732.1,5,autosome,1.0,1,1.7299999999999999e-28,0.99734,1.0,1,1,1,1,1,1,1,1,0,0.0,0.0,0.0,0.0,0,0,0
64976647|F|0-58:T>G-58:T>G,64976647,58:T>G,58,PTTO01000276.1_Contig319,7247653,NC_041737.1,10,autosome,1.0,1,1.7299999999999999e-28,1.0,1.0,1,1,1,1,1,1,1,1,0,0.0,0.0,0.0,0.0,0,0,0
45063974|F|0-27:T>A-27:T>A,45063974,27:T>A,27,PTTO01002549.1_Contig87,3456197,NC_041729.1,2,autosome,1.0,1,1.7299999999999999e-28,0.99734,1.0,1,1,1,1,1,1,1,1,1,0.3108108108108108,0.3108108108108108,0.0625,0.3200934579439252,1,1,0
45057513|F|0-47:G>T-47:G>T,45057513,47:G>T,47,PTTO01004189.1_Contig18,19093171,NC_041729.1,2,autosome,1.0,1,1.7299999999999999e-28,0.994681,1.0,1,1,1,1,1,1,1,1,1,0.0112612612612612,0.0112612612612612,0.0,0.0116822429906542,0,1,0
45066857|F|0-20:C>A-20:C>A,45066857,20:C>A,20,PTTO01004262.1_Contig52,37754658,NC_041731.1,4,autosome,1.0,1,1.7299999999999999e-28,1.0,1.0,1,1,1,1,1,1,1,1,1,0.0112612612612612,0.0112612612612612,0.0,0.0116822429906542,0,1,0
45057565|F|0-26:C>T-26:C>T,45057565,26:C>T,26,PTTO01000318.1_Contig139,13493385,NC_041730.1,3,autosome,1.0,1,1.7299999999999999e-28,1.0,1.0,1,1,1,1,1,1,1,1,1,0.0923423423423423,0.0923423423423423,0.0,0.0957943925233644,0,1,0
45057567|F|0-45:T>G-45:T>G,45057567,45:T>G,45,PTTO01001241.1_Contig276,11125122,NC_041740.1,13,autosome,1.0,1,1.7299999999999999e-28,0.994681,1.0,1,1,1,1,1,1,1,1,1,0.0067567567567567,0.0067567567567567,0.0,0.0070093457943925,0,1,0
45064003|F|0-48:T>G-48:T>G,45064003,48:T>G,48,PTTO01001940.1_Contig353,20233770,NC_041731.1,4,autosome,1.0,1,1.7299999999999999e-28,0.994681,1.0,1,1,1,1,1,1,1,1,1,0.0022522522522522,0.0022522522522522,0.0,0.0023364485981308,0,1,0
45057579|F|0-35:C>T-35:C>T,45057579,35:C>T,35,PTTO01001051.1_Contig4,12762630,NC_041737.1,10,autosome,1.0,1,2.04e-21,0.994681,1.0,1,1,1,1,1,1,1,1,0,0.0292792792792792,0.0292792792792792,0.0,0.0303738317757009,0,1,0
64987361|F|0-10:T>G-10:T>G,64987361,10:T>G,10,PTTO01001678.1_Contig35,401053,NC_041737.1,10,autosome,1.0,1,1.7299999999999999e-28,0.99734,1.0,1,1,1,1,1,1,1,1,0,0.0,0.0,0.0,0.0,0,0,0
45066866|F|0-34:T>G-34:T>G,45066866,34:T>G,34,PTTO01001940.1_Contig353,12891752,NC_041731.1,4,autosome,1.0,1,9.21e-26,1.0,1.0,1,1,1,1,1,1,1,1,1,0.1081081081081081,0.1081081081081081,0.0,0.1121495327102803,0,1,0
100043505|F|0-22:A>T-22:A>T,100043505,22:A>T,22,PTTO01003406.1_Contig1355,2040505,NC_041744.1,17,autosome,1.0,1,1.7299999999999999e-28,0.99734,1.0,1,1,1,1,1,1,1,1,0,0.0,0.0,0.0,0.0,0,0,0
45057630|F|0-55:T>C-55:T>C,45057630,55:T>C,55,PTTO01002609.1_Contig158,2840229,NC_041737.1,10,autosome,1.0,1,1.7299999999999999e-28,0.99734,1.0,1,1,1,1,1,1,1,1,0,0.0157657657657657,0.0157657657657657,0.0,0.0163551401869158,0,1,0
45057653|F|0-20:C>T-20:C>T,45057653,20:C>T,20,PTTO01001320.1_Contig70,10844824,NC_041731.1,4,autosome,1.0,1,1.7299999999999999e-28,0.99734,1.0,1,1,1,1,1,1,1,1,1,0.0022522522522522,0.0022522522522522,0.0,0.0023364485981308,0,1,0
45064046|F|0-37:T>G-37:T>G,45064046,37:T>G,37,PTTO01001320.1_Contig70,3119548,NC_041731.1,4,autosome,1.0,1,1.7299999999999999e-28,0.99734,1.0,1,1,1,1,1,1,1,1,1,0.1959459459459459,0.1959459459459459,0.125,0.1985981308411215,1,1,0
45064054|F|0-68:C>A-68:C>A,45064054,68:C>A,68,PTTO01001320.1_Contig70,17066534,NC_041731.1,4,autosome,1.0,1,1.7299999999999999e-28,0.992021,1.0,1,1,1,1,1,1,1,1,1,0.0878378378378378,0.0878378378378378,0.0625,0.0887850467289719,1,1,0
45066884|F|0-50:C>G-50:C>G,45066884,50:C>G,50,PTTO01001940.1_Contig353,17820499,NC_041731.1,4,autosome,1.0,1,3.22e-25,0.99734,1.0,1,1,1,1,1,1,1,1,1,0.0247747747747747,0.0247747747747747,0.0,0.0257009345794392,0,1,0
45066887|F|0-13:G>T-13:G>T,45066887,13:G>T,13,PTTO01001678.1_Contig35,12675186,NC_041737.1,10,autosome,1.0,1,8.05e-27,1.0,1.0,1,1,1,1,1,1,1,1,1,0.2567567567567567,0.2567567567567567,0.0625,0.264018691588785,1,1,0
45057702|F|0-65:G>T-65:G>T,45057702,65:G>T,65,PTTO01000765.1_Contig334,1055938,NC_041729.1,2,autosome,1.0,1,8.05e-27,0.99734,1.0,1,1,1,1,1,1,1,1,1,0.0698198198198198,0.0698198198198198,0.25,0.0630841121495327,1,1,0
45064069|F|0-55:G>A-55:G>A,45064069,55:G>A,55,PTTO01001370.1_Contig26,19228082,NC_041734.1,7,autosome,1.0,1,1.7299999999999999e-28,0.978723,1.0,1,1,1,1,1,1,1,1,0,0.0135135135135135,0.0135135135135135,0.0,0.014018691588785,0,1,0
95138647|F|0-44:C>A-44:C>A,95138647,44:C>A,44,PTTO01001335.1_Contig161,256810,NC_041728.1,1,autosome,1.0,2,1.7299999999999999e-28,0.99734,1.0,1,1,1,1,1,1,1,1,0,0.0,0.0,0.0,0.0,0,0,0
45064077|F|0-8:G>A-8:G>A,45064077,8:G>A,8,PTTO01003422.1_Contig3522,1538141,NC_041738.1,11,autosome,1.0,1,1.7299999999999999e-28,0.994681,1.0,1,1,1,1,1,1,1,1,1,0.1103603603603603,0.1103603603603603,0.3125,0.102803738317757,1,1,0
45064101|F|0-42:T>C-42:T>C,45064101,42:T>C,42,PTTO01000659.1_Contig3311,10301184,NC_041731.1,4,autosome,1.0,1,8.05e-27,0.99734,1.0,1,1,1,1,1,1,1,1,1,0.1036036036036036,0.1036036036036036,0.0,0.1074766355140186,0,1,0
45064109|F|0-23:C>T-23:C>T,45064109,23:C>T,23,PTTO01000748.1_Contig149,889198,NC_041748.1,21,autosome,1.0,1,1.7299999999999999e-28,0.99734,1.0,1,1,1,1,1,1,1,1,1,0.0112612612612612,0.0112612612612612,0.0,0.0116822429906542,0,1,0
45064110|F|0-63:C>T-63:C>T,45064110,63:C>T,63,PTTO01002793.1_Contig38,5076940,NC_041745.1,18,autosome,1.0,1,1.7299999999999999e-28,0.994681,1.0,1,1,1,1,1,1,1,1,1,0.1666666666666666,0.1666666666666666,0.4375,0.1565420560747663,1,1,0
100043631|F|0-68:C>T-68:C>T,100043631,68:C>T,68,PTTO01001839.1_Contig208,11804544,NC_041741.1,14,autosome,1.0,1,1.7299999999999999e-28,1.0,1.0,1,1,1,1,1,1,1,1,0,0.0,0.0,0.0,0.0,0,0,0
45066908|F|0-14:G>A-14:G>A,45066908,14:G>A,14,PTTO01002545.1_Contig22,15644333,NC_041728.1,1,autosome,1.0,1,5.85e-22,1.0,1.0,1,1,1,1,1,1,1,1,1,0.018018018018018,0.018018018018018,0.0,0.0186915887850467,0,1,0
45066909|F|0-56:G>A-56:G>A,45066909,56:G>A,56,PTTO01003276.1_Contig54,3958682,NC_041738.1,11,autosome,1.0,1,1.7299999999999999e-28,0.99734,1.0,1,1,1,1,1,1,1,1,1,0.2004504504504504,0.2004504504504504,0.25,0.1985981308411215,1,1,0
45064147|F|0-63:C>A-63:C>A,45064147,63:C>A,63,PTTO01002793.1_Contig38,9810765,NC_041745.1,18,autosome,1.0,1,1.7299999999999999e-28,0.99734,1.0,1,1,1,1,1,1,1,1,0,0.0292792792792792,0.0292792792792792,0.0,0.0303738317757009,0,1,0
45057873|F|0-68:G>T-68:G>T,45057873,68:G>T,68,PTTO01001425.1_Contig235,1426421,NW_021638079.1,unplaced,unplaced,1.0,1,1.7299999999999999e-28,0.994681,1.0,1,1,1,1,1,1,1,1,1,0.0653153153153153,0.0653153153153153,0.0,0.0677570093457943,0,1,0
45064164|F|0-50:C>T-50:C>T,45064164,50:C>T,50,PTTO01002473.1_Contig1,25477241,NC_041738.1,11,autosome,1.0,1,8.05e-27,1.0,1.0,1,1,1,1,1,1,1,1,1,0.277027027027027,0.277027027027027,0.625,0.264018691588785,1,1,0
45066923|F|0-63:C>A-63:C>A,45066923,63:C>A,63,PTTO01003256.1_Contig153,8681349,NC_041746.1,19,autosome,1.0,1,1.7299999999999999e-28,0.994681,1.0,1,1,1,1,1,1,1,1,1,0.018018018018018,0.018018018018018,0.0,0.0186915887850467,0,1,0
64977060|F|0-55:A>G-55:A>G,64977060,55:A>G,55,PTTO01000006.1_Contig148,16160598,NC_041734.1,7,autosome,1.0,1,1.7299999999999999e-28,0.99734,1.0,1,1,1,1,1,1,1,1,0,0.0045045045045045,0.0045045045045045,0.0625,0.0023364485981308,1,1,0
45064174|F|0-13:T>A-13:T>A,45064174,13:T>A,13,PTTO01002545.1_Contig22,15040579,NC_041728.1,1,autosome,1.0,1,1.7299999999999999e-28,0.994681,1.0,1,1,1,1,1,1,1,1,1,0.0045045045045045,0.0045045045045045,0.0,0.0046728971962616,0,1,0
45068934|F|0-48:G>T-48:G>T,45068934,48:G>T,48,PTTO01001244.1_Contig55,6256199,NC_041738.1,11,autosome,1.0,1,2.04e-21,0.994681,1.0,1,1,1,1,1,1,1,1,0,0.1351351351351351,0.1351351351351351,0.625,0.116822429906542,1,1,0
64977090|F|0-60:G>A-60:G>A,64977090,60:G>A,60,PTTO01003671.1_Contig19,14579077,NC_041735.1,8,autosome,1.0,1,1.7299999999999999e-28,0.994681,1.0,1,1,1,1,1,1,1,1,0,0.0022522522522522,0.0022522522522522,0.0,0.0023364485981308,0,1,0
45066933|F|0-42:C>A-42:C>A,45066933,42:C>A,42,PTTO01002476.1_Contig0,3508806,NC_041728.1,1,autosome,1.0,1,1.7299999999999999e-28,0.99734,1.0,1,1,1,1,1,1,1,1,1,0.0157657657657657,0.0157657657657657,0.0,0.0163551401869158,0,1,0
45064205|F|0-24:G>A-24:G>A,45064205,24:G>A,24,PTTO01003276.1_Contig54,11266121,NC_041738.1,11,autosome,1.0,1,8.05e-27,0.992021,1.0,1,1,1,1,1,1,1,1,1,0.2927927927927928,0.2927927927927928,0.5,0.2850467289719626,1,1,0
45057994|F|0-16:G>T-16:G>T,45057994,16:G>T,16,PTTO01002473.1_Contig1,16093972,NC_041738.1,11,autosome,1.0,1,2.9000000000000004e-26,0.99734,1.0,1,1,1,1,1,1,1,1,1,0.5135135135135135,0.4864864864864865,1.0,0.4953271028037383,0,1,0
45064207|F|0-20:C>T-20:C>T,45064207,20:C>T,20,PTTO01000318.1_Contig139,4286819,NC_041730.1,3,autosome,1.0,1,8.05e-27,1.0,1.0,1,1,1,1,1,1,1,1,1,0.0698198198198198,0.0698198198198198,0.0,0.072429906542056,0,1,0
45064210|F|0-27:C>T-27:C>T,45064210,27:C>T,27,PTTO01000700.1_Contig3723,4242755,NC_041730.1,3,autosome,1.0,127,1.7299999999999999e-28,1.0,1.0,1,1,1,1,1,1,1,1,1,0.0585585585585585,0.0585585585585585,0.0,0.0607476635514018,0,1,0
45058000|F|0-40:C>T-40:C>T,45058000,40:C>T,40,PTTO01000812.1_Contig368,1613716,NC_041748.1,21,autosome,1.0,1,1.7299999999999999e-28,0.994681,1.0,1,1,1,1,1,1,1,1,1,0.1914414414414414,0.1914414414414414,0.5625,0.1775700934579439,1,1,0
45066942|F|0-61:G>T-61:G>T,45066942,61:G>T,61,PTTO01004262.1_Contig52,23025922,NC_041731.1,4,autosome,1.0,1,8.05e-27,0.994681,1.0,1,1,1,1,1,1,1,1,1,0.0472972972972973,0.0472972972972973,0.0,0.0490654205607476,0,1,0
45064217|F|0-15:A>T-15:A>T,45064217,15:A>T,15,PTTO01001611.1_Contig3553,2716666,NC_041739.1,12,autosome,1.0,1,1.7299999999999999e-28,0.99734,1.0,1,1,1,1,1,1,1,1,1,0.1463963963963964,0.1463963963963964,0.0,0.1518691588785046,0,1,0
45066944|F|0-50:G>T-50:G>T,45066944,50:G>T,50,PTTO01002793.1_Contig38,14005176,NC_041745.1,18,autosome,1.0,1,8.05e-27,0.994681,1.0,1,1,1,1,1,1,1,1,1,0.0045045045045045,0.0045045045045045,0.0,0.0046728971962616,0,1,0
45058021|F|0-18:A>G-18:A>G,45058021,18:A>G,18,PTTO01000875.1_Contig31,29876030,NC_041730.1,3,autosome,1.0,1,1.7299999999999999e-28,0.99734,1.0,1,1,1,1,1,1,1,1,0,0.1463963963963964,0.1463963963963964,0.0,0.1518691588785046,0,1,0
45058025|F|0-54:T>A-54:T>A,45058025,54:T>A,54,PTTO01002473.1_Contig1,9712636,NC_041738.1,11,autosome,1.0,1,1.7299999999999999e-28,0.994681,1.0,1,1,1,1,1,1,1,1,0,0.0337837837837837,0.0337837837837837,0.0,0.0350467289719626,0,1,0
100043760|F|0-26:C>T-26:C>T,100043760,26:C>T,26,PTTO01003671.1_Contig19,13491590,NC_041735.1,8,autosome,1.0,1,1.7299999999999999e-28,0.960106,1.0,1,1,1,1,1,1,1,1,0,0.0,0.0,0.0,0.0,0,0,0
45058057|F|0-14:T>G-14:T>G,45058057,14:T>G,14,PTTO01001370.1_Contig26,32937595,NC_041734.1,7,autosome,1.0,1,8.05e-27,0.99734,1.0,1,1,1,1,1,1,1,1,1,0.3963963963963964,0.3963963963963964,0.375,0.397196261682243,1,1,0
45058084|F|0-10:A>G-10:A>G,45058084,10:A>G,10,PTTO01002476.1_Contig0,68510840,NC_041728.1,1,autosome,1.0,1,1.13e-24,0.99734,1.0,1,1,1,1,1,1,1,1,1,0.1531531531531531,0.1531531531531531,0.0,0.1588785046728972,0,1,0
45064251|F|0-24:C>T-24:C>T,45064251,24:C>T,24,PTTO01002057.1_Contig2,17612431,NC_041730.1,3,autosome,1.0,1,1.7299999999999999e-28,0.994681,1.0,1,1,1,1,1,1,1,1,1,0.0112612612612612,0.0112612612612612,0.0,0.0116822429906542,0,1,0
45066964|F|0-23:C>T-23:C>T,45066964,23:C>T,23,PTTO01003276.1_Contig54,4982947,NC_041738.1,11,autosome,1.0,1,1.7299999999999999e-28,0.994681,1.0,1,1,1,1,1,1,1,1,1,0.0405405405405405,0.0405405405405405,0.0,0.0420560747663551,0,1,0
45064277|F|0-63:A>G-63:A>G,45064277,63:A>G,63,PTTO01002624.1_Contig32,21619544,NC_041728.1,1,autosome,1.0,1,1.7299999999999999e-28,0.99734,1.0,1,1,1,1,1,1,1,1,1,0.0135135135135135,0.0135135135135135,0.0,0.014018691588785,0,1,0
45058131|F|0-44:G>C-44:G>C,45058131,44:G>C,44,PTTO01002104.1_Contig16,32208974,NC_041732.1,5,autosome,1.0,1,3.22e-25,0.99734,1.0,1,1,1,1,1,1,1,1,1,0.0022522522522522,0.0022522522522522,0.0,0.0023364485981308,0,1,0
64983237|F|0-9:C>A-9:C>A,64983237,9:C>A,9,PTTO01000875.1_Contig31,29719378,NC_041730.1,3,autosome,1.0,1,1.7299999999999999e-28,0.99734,1.0,1,1,1,1,1,1,1,1,0,0.0022522522522522,0.0022522522522522,0.0,0.0023364485981308,0,1,0
64977280|F|0-51:G>T-51:G>T,64977280,51:G>T,51,PTTO01003710.1_Contig217,18780605,NC_041733.1,6,autosome,1.0,1,1.7299999999999999e-28,0.99734,1.0,1,1,1,1,1,1,1,1,0,0.0,0.0,0.0,0.0,0,0,0
100043834|F|0-65:C>T-65:C>T,100043834,65:C>T,65,PTTO01000765.1_Contig334,4142280,NC_041729.1,2,autosome,1.0,1,1.7299999999999999e-28,0.986702,1.0,1,1,1,1,1,1,1,1,0,0.0,0.0,0.0,0.0,0,0,0
45058197|F|0-7:A>C-7:A>C,45058197,7:A>C,7,PTTO01003425.1_Contig303,1084607,NC_041743.1,16,autosome,1.0,1,1.7299999999999999e-28,0.99734,1.0,1,1,1,1,1,1,1,1,1,0.1126126126126126,0.1126126126126126,0.25,0.1074766355140186,1,1,0
45058213|F|0-32:C>G-32:C>G,45058213,32:C>G,32,PTTO01002624.1_Contig32,32526570,NC_041728.1,1,autosome,1.0,1,1.35e-24,0.99734,1.0,1,1,1,1,1,1,1,1,1,0.304054054054054,0.304054054054054,0.0,0.3154205607476635,0,1,0
45064328|F|0-60:A>G-60:A>G,45064328,60:A>G,60,PTTO01001940.1_Contig353,8473246,NC_041731.1,4,autosome,1.0,1,1.7299999999999999e-28,0.99734,1.0,1,1,1,1,1,1,1,1,1,0.3400900900900901,0.3400900900900901,0.0625,0.3504672897196261,1,1,0
45058241|F|0-49:C>T-49:C>T,45058241,49:C>T,49,PTTO01001051.1_Contig4,3057103,NC_041737.1,10,autosome,1.0,1,3.75e-25,1.0,1.0,1,1,1,1,1,1,1,1,1,0.3468468468468468,0.3468468468468468,0.5625,0.338785046728972,1,1,0
45058247|F|0-36:G>A-36:G>A,45058247,36:G>A,36,PTTO01002476.1_Contig0,62600618,NC_041728.1,1,autosome,1.0,7,1.7299999999999999e-28,1.0,1.0,1,1,1,1,1,1,1,1,1,0.0878378378378378,0.0878378378378378,0.3125,0.0794392523364486,1,1,0
45058249|F|0-55:G>A-55:G>A,45058249,55:G>A,55,PTTO01001244.1_Contig55,149026,NC_041738.1,11,autosome,1.0,1,1.7299999999999999e-28,1.0,1.0,1,1,1,1,1,1,1,1,1,0.1193693693693693,0.1193693693693693,0.0625,0.1214953271028037,1,1,0
45066989|F|0-52:G>T-52:G>T,45066989,52:G>T,52,PTTO01003571.1_Contig67,15556754,NC_041736.1,9,autosome,1.0,12,1.7299999999999999e-28,1.0,1.0,1,1,1,1,1,1,1,1,1,0.2477477477477477,0.2477477477477477,0.0625,0.2546728971962617,1,1,0
45058287|F|0-47:C>A-47:C>A,45058287,47:C>A,47,PTTO01004519.1_Contig1477,5927408,NC_041735.1,8,autosome,1.0,14,1.7299999999999999e-28,0.99734,1.0,1,1,1,1,1,1,1,1,1,0.045045045045045,0.045045045045045,0.0,0.0467289719626168,0,1,0
45064356|F|0-53:G>T-53:G>T,45064356,53:G>T,53,PTTO01002057.1_Contig2,44603298,NC_041730.1,3,autosome,1.0,1,1.7299999999999999e-28,0.992021,1.0,1,1,1,1,1,1,1,1,1,0.027027027027027,0.027027027027027,0.0,0.02803738317757,0,1,0
64987400|F|0-40:G>A-40:G>A,64987400,40:G>A,40,PTTO01004492.1_Contig25,2785655,NC_041732.1,5,autosome,1.0,1,3.22e-25,0.994681,1.0,1,1,1,1,1,1,1,1,0,0.009009009009009,0.009009009009009,0.0,0.0093457943925233,0,1,0
100043929|F|0-34:G>A-34:G>A,100043929,34:G>A,34,PTTO01001951.1_Contig4161,98439,,unanchored,unanchored,1.0,6,3.75e-25,0.99734,1.0,1,1,1,1,1,1,1,1,0,0.0,0.0,0.0,0.0,0,0,0
95136053|F|0-14:C>T-14:C>T,95136053,14:C>T,14,PTTO01003425.1_Contig303,4578698,NC_041743.1,16,autosome,1.0,1,1.7299999999999999e-28,0.994681,1.0,1,1,1,1,1,1,1,1,0,0.009009009009009,0.009009009009009,0.0,0.0093457943925233,0,1,0
45068105|F|0-53:G>C-53:G>C,45068105,53:G>C,53,PTTO01000875.1_Contig31,264687,NC_041730.1,3,autosome,1.0,2,8.05e-27,0.994681,1.0,1,1,1,1,1,1,1,1,1,0.6914414414414415,0.3085585585585585,0.75,0.6892523364485982,1,1,0
45066994|F|0-44:G>A-44:G>A,45066994,44:G>A,44,PTTO01000875.1_Contig31,10029646,NC_041730.1,3,autosome,1.0,1,1.7299999999999999e-28,0.973404,1.0,1,1,1,1,1,1,1,1,1,0.027027027027027,0.027027027027027,0.0,0.02803738317757,0,1,0
45058355|F|0-18:G>A-18:G>A,45058355,18:G>A,18,PTTO01003889.1_Contig165,16952091,NC_041729.1,2,autosome,1.0,1,1.7299999999999999e-28,0.99734,1.0,1,1,1,1,1,1,1,1,1,0.036036036036036,0.036036036036036,0.0,0.0373831775700934,0,1,0
45064382|F|0-26:G>A-26:G>A,45064382,26:G>A,26,PTTO01002800.1_Contig42,203588,NC_041732.1,5,autosome,1.0,1,1.7299999999999999e-28,0.99734,1.0,1,1,1,1,1,1,1,1,1,0.0315315315315315,0.0315315315315315,0.0,0.0327102803738317,0,1,0
45064383|F|0-36:G>A-36:G>A,45064383,36:G>A,36,PTTO01002473.1_Contig1,17269453,NC_041738.1,11,autosome,1.0,1,1.7299999999999999e-28,1.0,1.0,1,1,1,1,1,1,1,1,1,0.0382882882882882,0.0382882882882882,0.0,0.0397196261682243,0,1,0
45064385|F|0-23:G>A-23:G>A,45064385,23:G>A,23,PTTO01001051.1_Contig4,12647215,NC_041737.1,10,autosome,1.0,1,1.7299999999999999e-28,0.99734,1.0,1,1,1,1,1,1,1,1,1,0.0225225225225225,0.0225225225225225,0.0,0.0233644859813084,0,1,0
45058375|F|0-52:T>G-52:T>G,45058375,52:T>G,52,PTTO01002476.1_Contig0,39697116,NC_041728.1,1,autosome,1.0,1,1.13e-24,0.99734,1.0,1,1,1,1,1,1,1,1,1,0.027027027027027,0.027027027027027,0.0,0.02803738317757,0,1,0
45058378|F|0-57:A>T-57:A>T,45058378,57:A>T,57,PTTO01002539.1_Contig4094,2726591,NC_041739.1,12,autosome,1.0,1,2.9000000000000004e-26,0.99734,1.0,1,1,1,1,1,1,1,1,1,0.081081081081081,0.081081081081081,0.0625,0.0817757009345794,1,1,0
45064396|F|0-55:C>G-55:C>G,45064396,55:C>G,55,PTTO01000483.1_Contig185,1073475,NC_041730.1,3,autosome,1.0,1,8.05e-27,0.994681,1.0,1,1,1,1,1,1,1,1,1,0.1306306306306306,0.1306306306306306,0.0,0.1355140186915887,0,1,0
45064406|F|0-61:G>A-61:G>A,45064406,61:G>A,61,PTTO01001370.1_Contig26,13476712,NC_041734.1,7,autosome,1.0,1,1.7299999999999999e-28,1.0,1.0,1,1,1,1,1,1,1,1,1,0.018018018018018,0.018018018018018,0.125,0.014018691588785,1,1,0
45064407|F|0-19:A>G-19:A>G,45064407,19:A>G,19,PTTO01003571.1_Contig67,7112012,NC_041736.1,9,autosome,1.0,1,1.7299999999999999e-28,0.99734,1.0,1,1,1,1,1,1,1,1,0,0.3063063063063063,0.3063063063063063,0.375,0.3037383177570093,1,1,0
45058408|F|0-56:G>T-56:G>T,45058408,56:G>T,56,PTTO01002473.1_Contig1,22607468,NC_041738.1,11,autosome,1.0,1,1.7299999999999999e-28,0.99734,1.0,1,1,1,1,1,1,1,1,1,0.009009009009009,0.009009009009009,0.0,0.0093457943925233,0,1,0
45058411|F|0-33:G>A-33:G>A,45058411,33:G>A,33,PTTO01003282.1_Contig313,78429,NC_041738.1,11,autosome,1.0,33,1.7299999999999999e-28,1.0,1.0,1,1,1,1,1,1,1,1,1,0.0112612612612612,0.0112612612612612,0.0,0.0116822429906542,0,1,0
45064414|F|0-20:T>G-20:T>G,45064414,20:T>G,20,PTTO01003282.1_Contig313,105100,NC_041738.1,11,autosome,1.0,8,1.7299999999999999e-28,0.99734,1.0,1,1,1,1,1,1,1,1,0,0.0045045045045045,0.0045045045045045,0.0,0.0046728971962616,0,1,0
45068116|F|0-11:G>A-11:G>A,45068116,11:G>A,11,PTTO01003695.1_Contig4240,3302541,NC_041733.1,6,autosome,1.0,1,1.7299999999999999e-28,1.0,1.0,1,1,1,1,1,1,1,1,1,0.1463963963963964,0.1463963963963964,0.4375,0.1355140186915887,1,1,0
45064418|F|0-50:T>A-50:T>A,45064418,50:T>A,50,PTTO01001370.1_Contig26,22771052,NC_041734.1,7,autosome,1.0,1,1.7299999999999999e-28,1.0,1.0,1,1,1,1,1,1,1,1,1,0.054054054054054,0.054054054054054,0.125,0.0514018691588785,1,1,0
45067031|F|0-7:G>A-7:G>A,45067031,7:G>A,7,PTTO01000659.1_Contig3311,6721232,NC_041731.1,4,autosome,1.0,1,1.7299999999999999e-28,1.0,1.0,1,1,1,1,1,1,1,1,1,0.0202702702702702,0.0202702702702702,0.0,0.0210280373831775,0,1,0
45064431|F|0-7:T>G-7:T>G,45064431,7:T>G,7,PTTO01003571.1_Contig67,4678841,NC_041736.1,9,autosome,1.0,1,1.7299999999999999e-28,0.99734,1.0,1,1,1,1,1,1,1,1,1,0.3963963963963964,0.3963963963963964,0.5,0.3925233644859813,1,1,0
45064443|F|0-50:T>A-50:T>A,45064443,50:T>A,50,PTTO01001241.1_Contig276,8140275,NC_041740.1,13,autosome,1.0,1,1.7299999999999999e-28,1.0,1.0,1,1,1,1,1,1,1,1,1,0.0315315315315315,0.0315315315315315,0.0,0.0327102803738317,0,1,0
45064445|F|0-51:G>A-51:G>A,45064445,51:G>A,51,PTTO01000659.1_Contig3311,12657366,NC_041731.1,4,autosome,1.0,1,1.7299999999999999e-28,0.99734,1.0,1,1,1,1,1,1,1,1,1,0.0495495495495495,0.0495495495495495,0.0,0.0514018691588785,0,1,0
45068946|F|0-41:A>G-41:A>G,45068946,41:A>G,41,PTTO01001940.1_Contig353,15373337,NC_041731.1,4,autosome,1.0,1,8.05e-27,1.0,1.0,1,1,1,1,1,1,1,1,0,0.2702702702702703,0.2702702702702703,0.0,0.2803738317757009,0,1,0
45062131|F|0-46:C>A-46:C>A,45062131,46:C>A,46,PTTO01003253.1_Contig590,226866,NC_041729.1,2,autosome,1.0,3,1.7299999999999999e-28,0.994681,1.0,1,1,1,1,1,1,1,1,1,0.3153153153153153,0.3153153153153153,0.625,0.3037383177570093,1,1,0
100044077|F|0-58:C>T-58:C>T,100044077,58:C>T,58,PTTO01002057.1_Contig2,12051763,NC_041730.1,3,autosome,1.0,1,1.7299999999999999e-28,1.0,1.0,1,1,1,1,1,1,1,1,0,0.0045045045045045,0.0045045045045045,0.0,0.0046728971962616,0,1,0
64983370|F|0-24:C>A-24:C>A,64983370,24:C>A,24,PTTO01001883.1_Contig281,2318054,NC_041729.1,2,autosome,1.0,1,1.7299999999999999e-28,0.99734,1.0,1,1,1,1,1,1,1,1,0,0.0,0.0,0.0,0.0,0,0,0
45058524|F|0-39:A>C-39:A>C,45058524,39:A>C,39,PTTO01001839.1_Contig208,15851631,NC_041741.1,14,autosome,1.0,1,1.7299999999999999e-28,0.99734,1.0,1,1,1,1,1,1,1,1,1,0.0157657657657657,0.0157657657657657,0.0,0.0163551401869158,0,1,0
45058525|F|0-35:G>A-35:G>A,45058525,35:G>A,35,PTTO01003454.1_Contig230,300118,NC_041744.1,17,autosome,1.0,1,1.7299999999999999e-28,1.0,1.0,1,1,1,1,1,1,1,1,1,0.0022522522522522,0.0022522522522522,0.0,0.0023364485981308,0,1,0
45058529|F|0-33:G>C-33:G>C,45058529,33:G>C,33,PTTO01001940.1_Contig353,5810493,NC_041731.1,4,autosome,1.0,1,1.7299999999999999e-28,0.99734,1.0,1,1,1,1,1,1,1,1,1,0.0022522522522522,0.0022522522522522,0.0,0.0023364485981308,0,1,0
64983385|F|0-6:C>G-6:C>G,64983385,6:C>G,6,PTTO01002057.1_Contig2,42914310,NC_041730.1,3,autosome,1.0,1,1.7299999999999999e-28,0.994681,1.0,1,1,1,1,1,1,1,1,0,0.018018018018018,0.018018018018018,0.5,0.0,1,0,0
45058546|F|0-35:G>T-35:G>T,45058546,35:G>T,35,PTTO01002624.1_Contig32,16249495,NC_041728.1,1,autosome,1.0,1,1.7299999999999999e-28,1.0,1.0,1,1,1,1,1,1,1,1,1,0.1126126126126126,0.1126126126126126,0.0,0.116822429906542,0,1,0
45064483|F|0-6:C>T-6:C>T,45064483,6:C>T,6,PTTO01000006.1_Contig148,2557155,NC_041734.1,7,autosome,1.0,1,1.7299999999999999e-28,0.99734,1.0,1,1,1,1,1,1,1,1,1,0.0608108108108108,0.0608108108108108,0.0,0.0630841121495327,0,1,0
45058559|F|0-20:T>A-20:T>A,45058559,20:T>A,20,PTTO01002476.1_Contig0,37639139,NC_041728.1,1,autosome,1.0,1,1.7299999999999999e-28,0.99734,1.0,1,1,1,1,1,1,1,1,1,0.0112612612612612,0.0112612612612612,0.0625,0.0093457943925233,1,1,0
45067054|F|0-40:T>C-40:T>C,45067054,40:T>C,40,PTTO01001696.1_Contig254,11046427,NC_041747.1,20,autosome,1.0,1,1.7299999999999999e-28,0.99734,1.0,1,1,1,1,1,1,1,1,1,0.0225225225225225,0.0225225225225225,0.0,0.0233644859813084,0,1,0
45064494|F|0-16:G>A-16:G>A,45064494,16:G>A,16,PTTO01000974.1_Contig37,19072332,NC_041741.1,14,autosome,1.0,20,1.7299999999999999e-28,1.0,1.0,1,1,1,1,1,1,1,1,1,0.4346846846846847,0.4346846846846847,0.5,0.4322429906542056,1,1,0
45058583|F|0-49:T>G-49:T>G,45058583,49:T>G,49,PTTO01001370.1_Contig26,5679121,NC_041734.1,7,autosome,1.0,1,1.7299999999999999e-28,1.0,1.0,1,1,1,1,1,1,1,1,1,0.0022522522522522,0.0022522522522522,0.0,0.0023364485981308,0,1,0
45058584|F|0-40:C>T-40:C>T,45058584,40:C>T,40,PTTO01001244.1_Contig55,5818927,NC_041738.1,11,autosome,1.0,15,1.7299999999999999e-28,1.0,1.0,1,1,1,1,1,1,1,1,1,0.027027027027027,0.027027027027027,0.0,0.02803738317757,0,1,0
45064500|F|0-26:G>A-26:G>A,45064500,26:G>A,26,PTTO01002624.1_Contig32,9731915,NC_041728.1,1,autosome,1.0,1,1.7299999999999999e-28,0.986702,1.0,1,1,1,1,1,1,1,1,1,0.2477477477477477,0.2477477477477477,0.0,0.2570093457943925,0,1,0
45067060|F|0-28:G>A-28:G>A,45067060,28:G>A,28,PTTO01001940.1_Contig353,16413468,NC_041731.1,4,autosome,1.0,1,8.05e-27,0.99734,1.0,1,1,1,1,1,1,1,1,1,0.0225225225225225,0.0225225225225225,0.3125,0.0116822429906542,1,1,0
45067063|F|0-26:G>A-26:G>A,45067063,26:G>A,26,PTTO01002624.1_Contig32,26096441,NC_041728.1,1,autosome,1.0,1,1.7299999999999999e-28,1.0,1.0,1,1,1,1,1,1,1,1,1,0.054054054054054,0.054054054054054,0.0,0.0560747663551401,0,1,0
45068657|F|0-21:G>A-21:G>A,45068657,21:G>A,21,PTTO01001051.1_Contig4,6442105,NC_041737.1,10,autosome,1.0,1,8.05e-27,1.0,1.0,1,1,1,1,1,1,1,1,0,0.6554054054054054,0.3445945945945946,1.0,0.6425233644859814,0,1,0
45068139|F|0-42:G>A-42:G>A,45068139,42:G>A,42,PTTO01002104.1_Contig16,53554002,NC_041732.1,5,autosome,1.0,1,1.7299999999999999e-28,1.0,1.0,1,1,1,1,1,1,1,1,1,0.0518018018018018,0.0518018018018018,0.0,0.0537383177570093,0,1,0
45064518|F|0-27:T>A-27:T>A,45064518,27:T>A,27,PTTO01002476.1_Contig0,29900190,NC_041728.1,1,autosome,1.0,1,1.7299999999999999e-28,1.0,1.0,1,1,1,1,1,1,1,1,1,0.0608108108108108,0.0608108108108108,0.25,0.0537383177570093,1,1,0
45067069|F|0-64:T>G-64:T>G,45067069,64:T>G,64,PTTO01002624.1_Contig32,38675063,NC_041728.1,1,autosome,1.0,1,1.7299999999999999e-28,0.99734,1.0,1,1,1,1,1,1,1,1,1,0.0495495495495495,0.0495495495495495,0.0,0.0514018691588785,0,1,0
45067070|F|0-11:A>T-11:A>T,45067070,11:A>T,11,PTTO01001370.1_Contig26,37846962,NC_041734.1,7,autosome,1.0,82,8.05e-27,0.99734,1.0,1,1,1,1,1,1,1,1,1,0.3288288288288288,0.3288288288288288,0.0,0.3411214953271028,0,1,0
45058627|F|0-15:A>T-15:A>T,45058627,15:A>T,15,PTTO01001349.1_Contig23,24904058,NC_041736.1,9,autosome,1.0,1,1.7299999999999999e-28,1.0,1.0,1,1,1,1,1,1,1,1,1,0.0247747747747747,0.0247747747747747,0.0,0.0257009345794392,0,1,0
45064540|F|0-36:G>C-36:G>C,45064540,36:G>C,36,PTTO01003882.1_Contig102,5351057,NC_041732.1,5,autosome,1.0,1,1.7299999999999999e-28,0.99734,1.0,1,1,1,1,1,1,1,1,1,0.009009009009009,0.009009009009009,0.0,0.0093457943925233,0,1,0
45064555|F|0-46:T>C-46:T>C,45064555,46:T>C,46,PTTO01004189.1_Contig18,29789110,NC_041729.1,2,autosome,1.0,1,8.05e-27,0.99734,1.0,1,1,1,1,1,1,1,1,1,0.2094594594594594,0.2094594594594594,0.3125,0.205607476635514,1,1,0
45058699|F|0-35:C>T-35:C>T,45058699,35:C>T,35,PTTO01001633.1_Contig312,27431007,NC_041739.1,12,autosome,1.0,1,1.7299999999999999e-28,0.994681,1.0,1,1,1,1,1,1,1,1,1,0.0,0.0,0.0,0.0,0,0,0
45058717|F|0-6:G>T-6:G>T,45058717,6:G>T,6,PTTO01002822.1_Contig364,2550155,NC_041731.1,4,autosome,1.0,1,1.7299999999999999e-28,0.99734,1.0,1,1,1,1,1,1,1,1,1,0.0022522522522522,0.0022522522522522,0.0,0.0023364485981308,0,1,0
45067091|F|0-66:A>C-66:A>C,45067091,66:A>C,66,PTTO01003005.1_Contig4265,466747,NC_041740.1,13,autosome,1.0,1,1.7299999999999999e-28,0.99734,1.0,1,1,1,1,1,1,1,1,1,0.0337837837837837,0.0337837837837837,0.0,0.0350467289719626,0,1,0
45064587|F|0-14:T>C-14:T>C,45064587,14:T>C,14,PTTO01003425.1_Contig303,2875378,NC_041743.1,16,autosome,1.0,1,1.7299999999999999e-28,0.981383,1.0,1,1,1,1,1,1,1,1,1,0.2725225225225225,0.2725225225225225,0.5,0.264018691588785,1,1,0
45067107|F|0-68:G>T-68:G>T,45067107,68:G>T,68,PTTO01003882.1_Contig102,7894040,NC_041732.1,5,autosome,1.0,1,1.7299999999999999e-28,1.0,1.0,1,1,1,1,1,1,1,1,1,0.1621621621621621,0.1621621621621621,0.0,0.1682242990654205,0,1,0
45067109|F|0-54:C>T-54:C>T,45067109,54:C>T,54,PTTO01000230.1_Contig34,8368419,NC_041734.1,7,autosome,1.0,1,3.22e-25,0.99734,1.0,1,1,1,1,1,1,1,1,1,0.1148648648648648,0.1148648648648648,0.0,0.1191588785046729,0,1,0
45064626|F|0-47:G>A-47:G>A,45064626,47:G>A,47,PTTO01003788.1_Contig2016,3860300,NC_041729.1,2,autosome,1.0,11,1.7299999999999999e-28,0.99734,1.0,1,1,1,1,1,1,1,1,1,0.2162162162162162,0.2162162162162162,0.0,0.2242990654205607,0,1,0
45064632|F|0-15:C>G-15:C>G,45064632,15:C>G,15,PTTO01001051.1_Contig4,484672,NC_041737.1,10,autosome,1.0,1,1.7299999999999999e-28,0.99734,1.0,1,1,1,1,1,1,1,1,1,0.0788288288288288,0.0788288288288288,0.0,0.0817757009345794,0,1,0
64988259|F|0-27:T>A-27:T>A,64988259,27:T>A,27,PTTO01000875.1_Contig31,6228552,NC_041730.1,3,autosome,1.0,1,1.7299999999999999e-28,0.994681,1.0,1,1,1,1,1,1,1,1,0,0.0,0.0,0.0,0.0,0,0,0
45067110|F|0-43:C>G-43:C>G,45067110,43:C>G,43,PTTO01000974.1_Contig37,19416600,NC_041741.1,14,autosome,1.0,1,1.7299999999999999e-28,0.99734,1.0,1,1,1,1,1,1,1,1,0,0.0045045045045045,0.0045045045045045,0.0,0.0046728971962616,0,1,0
45067114|F|0-46:G>A-46:G>A,45067114,46:G>A,46,PTTO01001839.1_Contig208,15223564,NC_041741.1,14,autosome,1.0,1,1.7299999999999999e-28,0.99734,1.0,1,1,1,1,1,1,1,1,0,0.0608108108108108,0.0608108108108108,0.1875,0.0560747663551401,1,1,0
45064640|F|0-10:C>G-10:C>G,45064640,10:C>G,10,PTTO01001370.1_Contig26,22963481,NC_041734.1,7,autosome,1.0,1,1.7299999999999999e-28,0.99734,1.0,1,1,1,1,1,1,1,1,1,0.0923423423423423,0.0923423423423423,0.125,0.0911214953271028,1,1,0
45058861|F|0-61:C>T-61:C>T,45058861,61:C>T,61,PTTO01001940.1_Contig353,18176473,NC_041731.1,4,autosome,1.0,1,1.22e-24,0.992021,1.0,1,1,1,1,1,1,1,1,1,0.0022522522522522,0.0022522522522522,0.0,0.0023364485981308,0,1,0
45064654|F|0-59:G>A-59:G>A,45064654,59:G>A,59,PTTO01000700.1_Contig3723,1207400,NC_041730.1,3,autosome,1.0,1,1.7299999999999999e-28,1.0,1.0,1,1,1,1,1,1,1,1,1,0.0518018018018018,0.0518018018018018,0.0,0.0537383177570093,0,1,0
45067126|F|0-15:G>C-15:G>C,45067126,15:G>C,15,PTTO01002057.1_Contig2,2201783,NC_041730.1,3,autosome,1.0,1,1.7299999999999999e-28,0.994681,1.0,1,1,1,1,1,1,1,1,1,0.0157657657657657,0.0157657657657657,0.0,0.0163551401869158,0,1,0
64977965|F|0-51:C>G-51:C>G,64977965,51:C>G,51,PTTO01002800.1_Contig42,1160395,NC_041732.1,5,autosome,1.0,1,1.7299999999999999e-28,0.986702,1.0,1,1,1,1,1,1,1,1,0,0.0292792792792792,0.0292792792792792,0.0,0.0303738317757009,0,1,0
45064663|F|0-38:G>C-38:G>C,45064663,38:G>C,38,PTTO01001320.1_Contig70,9492432,NC_041731.1,4,autosome,1.0,1,8.05e-27,0.99734,1.0,1,1,1,1,1,1,1,1,1,0.1599099099099099,0.1599099099099099,0.5,0.1471962616822429,1,1,0
45068671|F|0-59:C>T-59:C>T,45068671,59:C>T,59,PTTO01000974.1_Contig37,11785771,NC_041741.1,14,autosome,1.0,1,1.7299999999999999e-28,0.994681,1.0,1,1,1,1,1,1,1,1,0,0.0608108108108108,0.0608108108108108,0.0,0.0630841121495327,0,1,0
45067131|F|0-58:A>G-58:A>G,45067131,58:A>G,58,PTTO01000659.1_Contig3311,6676168,NC_041731.1,4,autosome,1.0,3,1.7299999999999999e-28,1.0,1.0,1,1,1,1,1,1,1,1,1,0.2207207207207207,0.2207207207207207,0.0,0.2289719626168224,0,1,0
45064688|F|0-53:G>C-53:G>C,45064688,53:G>C,53,PTTO01001696.1_Contig254,964996,NC_041747.1,20,autosome,1.0,1,1.7299999999999999e-28,0.994681,1.0,1,1,1,1,1,1,1,1,1,0.0135135135135135,0.0135135135135135,0.0,0.014018691588785,0,1,0
45058957|F|0-38:T>G-38:T>G,45058957,38:T>G,38,PTTO01004189.1_Contig18,31517989,NC_041729.1,2,autosome,1.0,1,1.7299999999999999e-28,0.994681,1.0,1,1,1,1,1,1,1,1,1,0.0157657657657657,0.0157657657657657,0.0,0.0163551401869158,0,1,0
45064699|F|0-32:T>A-32:T>A,45064699,32:T>A,32,PTTO01001940.1_Contig353,3062744,NC_041731.1,4,autosome,1.0,1,1.13e-24,0.99734,1.0,1,1,1,1,1,1,1,1,1,0.009009009009009,0.009009009009009,0.0,0.0093457943925233,0,1,0
45067152|F|0-20:G>A-20:G>A,45067152,20:G>A,20,PTTO01002473.1_Contig1,11616732,NC_041738.1,11,autosome,1.0,1,1.7299999999999999e-28,0.986702,1.0,1,1,1,1,1,1,1,1,1,0.0112612612612612,0.0112612612612612,0.0,0.0116822429906542,0,1,0
45064703|F|0-15:G>A-15:G>A,45064703,15:G>A,15,PTTO01001349.1_Contig23,13146768,NC_041736.1,9,autosome,1.0,1,1.7299999999999999e-28,0.99734,1.0,1,1,1,1,1,1,1,1,1,0.1193693693693693,0.1193693693693693,0.0625,0.1214953271028037,1,1,0
45067156|F|0-11:A>G-11:A>G,45067156,11:A>G,11,PTTO01004492.1_Contig25,6413288,NC_041732.1,5,autosome,1.0,1,4.8100000000000006e-23,0.99734,1.0,1,1,1,1,1,1,1,1,1,0.0765765765765765,0.0765765765765765,0.0,0.0794392523364486,0,1,0
45067157|F|0-17:G>C-17:G>C,45067157,17:G>C,17,PTTO01000483.1_Contig185,1837518,NC_041730.1,3,autosome,1.0,1,1.13e-24,0.994681,1.0,1,1,1,1,1,1,1,1,1,0.4954954954954955,0.4954954954954955,0.875,0.4813084112149532,1,1,0
45064715|F|0-8:G>C-8:G>C,45064715,8:G>C,8,PTTO01000327.1_Contig297,910479,NW_021638059.1,unplaced,unplaced,1.0,1,1.7299999999999999e-28,0.994681,1.0,1,1,1,1,1,1,1,1,1,0.6914414414414415,0.3085585585585585,1.0,0.6799065420560748,0,1,0
45059039|F|0-40:C>T-40:C>T,45059039,40:C>T,40,PTTO01001241.1_Contig276,15626348,NC_041740.1,13,autosome,1.0,1,1.7299999999999999e-28,0.99734,1.0,1,1,1,1,1,1,1,1,1,0.2432432432432432,0.2432432432432432,0.375,0.2383177570093458,1,1,0
45059050|F|0-55:C>T-55:C>T,45059050,55:C>T,55,PTTO01004446.1_Contig146,3122202,NC_041742.1,15,autosome,1.0,1,1.7299999999999999e-28,0.99734,1.0,1,1,1,1,1,1,1,1,1,0.0495495495495495,0.0495495495495495,0.0,0.0514018691588785,0,1,0
45064742|F|0-43:A>C-43:A>C,45064742,43:A>C,43,PTTO01001633.1_Contig312,2774981,NC_041739.1,12,autosome,1.0,1,1.7299999999999999e-28,0.994681,1.0,1,1,1,1,1,1,1,1,1,0.009009009009009,0.009009009009009,0.0,0.0093457943925233,0,1,0
45064756|F|0-65:G>A-65:G>A,45064756,65:G>A,65,PTTO01002666.1_Contig135,1742873,NC_041734.1,7,autosome,1.0,1,1.7299999999999999e-28,1.0,1.0,1,1,1,1,1,1,1,1,0,0.2387387387387387,0.2387387387387387,0.375,0.2336448598130841,1,1,0
45067179|F|0-35:A>G-35:A>G,45067179,35:A>G,35,PTTO01002476.1_Contig0,50439261,NC_041728.1,1,autosome,1.0,1,1.7299999999999999e-28,0.99734,1.0,1,1,1,1,1,1,1,1,0,0.3490990990990991,0.3490990990990991,0.625,0.338785046728972,1,1,0
45064763|F|0-44:G>A-44:G>A,45064763,44:G>A,44,PTTO01000974.1_Contig37,17667703,NC_041741.1,14,autosome,1.0,1,1.7299999999999999e-28,0.99734,1.0,1,1,1,1,1,1,1,1,0,0.0157657657657657,0.0157657657657657,0.0,0.0163551401869158,0,1,0
45059102|F|0-9:G>A-9:G>A,45059102,9:G>A,9,PTTO01003571.1_Contig67,19214697,NC_041736.1,9,autosome,1.0,1,1.7299999999999999e-28,0.994681,1.0,1,1,1,1,1,1,1,1,1,0.0518018018018018,0.0518018018018018,0.0,0.0537383177570093,0,1,0
45064770|F|0-52:T>C-52:T>C,45064770,52:T>C,52,PTTO01004194.1_Contig13,4125384,NC_041743.1,16,autosome,1.0,1,1.7299999999999999e-28,0.99734,1.0,1,1,1,1,1,1,1,1,1,0.5698198198198198,0.4301801801801802,0.875,0.5584112149532711,1,1,0
45059104|F|0-64:C>T-64:C>T,45059104,64:C>T,64,PTTO01000974.1_Contig37,2902312,NC_041741.1,14,autosome,1.0,1,1.7299999999999999e-28,0.99734,1.0,1,1,1,1,1,1,1,1,1,0.054054054054054,0.054054054054054,0.0,0.0560747663551401,0,1,0
45064771|F|0-29:G>C-29:G>C,45064771,29:G>C,29,PTTO01001370.1_Contig26,25523862,NC_041734.1,7,autosome,1.0,1,1.7299999999999999e-28,1.0,1.0,1,1,1,1,1,1,1,1,1,0.0337837837837837,0.0337837837837837,0.0,0.0350467289719626,0,1,0
45059114|F|0-40:C>T-40:C>T,45059114,40:C>T,40,PTTO01002057.1_Contig2,39656124,NC_041730.1,3,autosome,1.0,1,1.7299999999999999e-28,0.99734,1.0,1,1,1,1,1,1,1,1,1,0.0045045045045045,0.0045045045045045,0.0,0.0046728971962616,0,1,0
45064774|F|0-28:G>A-28:G>A,45064774,28:G>A,28,PTTO01003256.1_Contig153,13515640,NC_041746.1,19,autosome,1.0,1,1.7299999999999999e-28,0.99734,1.0,1,1,1,1,1,1,1,1,1,0.0495495495495495,0.0495495495495495,0.0,0.0514018691588785,0,1,0
45059157|F|0-55:G>A-55:G>A,45059157,55:G>A,55,PTTO01000332.1_Contig333,3119508,NC_041729.1,2,autosome,1.0,1,1.7299999999999999e-28,0.986702,1.0,1,1,1,1,1,1,1,1,1,0.25,0.25,0.4375,0.2429906542056074,1,1,0
45059161|F|0-41:C>T-41:C>T,45059161,41:C>T,41,PTTO01001349.1_Contig23,20615268,NC_041736.1,9,autosome,1.0,1,1.7299999999999999e-28,0.99734,1.0,1,1,1,1,1,1,1,1,1,0.1238738738738738,0.1238738738738738,0.0625,0.1261682242990654,1,1,0
45064793|F|0-53:G>A-53:G>A,45064793,53:G>A,53,PTTO01002624.1_Contig32,22387657,NC_041728.1,1,autosome,1.0,1,1.7299999999999999e-28,1.0,1.0,1,1,1,1,1,1,1,1,1,0.0225225225225225,0.0225225225225225,0.0,0.0233644859813084,0,1,0
45064795|F|0-32:C>T-32:C>T,45064795,32:C>T,32,PTTO01000729.1_Contig58,1674679,NC_041742.1,15,autosome,1.0,1,1.7299999999999999e-28,1.0,1.0,1,1,1,1,1,1,1,1,1,0.0518018018018018,0.0518018018018018,0.0,0.0537383177570093,0,1,0
45059177|F|0-59:A>C-59:A>C,45059177,59:A>C,59,PTTO01001320.1_Contig70,14550473,NC_041731.1,4,autosome,1.0,1,1.7299999999999999e-28,0.99734,1.0,1,1,1,1,1,1,1,1,1,0.0202702702702702,0.0202702702702702,0.125,0.0163551401869158,1,1,0
45059188|F|0-56:G>C-56:G>C,45059188,56:G>C,56,PTTO01001241.1_Contig276,11176930,NC_041740.1,13,autosome,1.0,1,1.7299999999999999e-28,0.99734,1.0,1,1,1,1,1,1,1,1,1,0.3445945945945945,0.3445945945945945,0.125,0.352803738317757,1,1,0
45067192|F|0-27:C>T-27:C>T,45067192,27:C>T,27,PTTO01003253.1_Contig590,172774,NC_041729.1,2,autosome,1.0,5,1.7299999999999999e-28,1.0,1.0,1,1,1,1,1,1,1,1,1,0.0225225225225225,0.0225225225225225,0.0,0.0233644859813084,0,1,0
45067204|F|0-49:C>T-49:C>T,45067204,49:C>T,49,PTTO01002967.1_Contig85,10882079,NC_041733.1,6,autosome,1.0,1,1.7299999999999999e-28,1.0,1.0,1,1,1,1,1,1,1,1,1,0.1599099099099099,0.1599099099099099,0.25,0.1565420560747663,1,1,0
45059230|F|0-32:C>T-32:C>T,45059230,32:C>T,32,PTTO01004262.1_Contig52,21895514,NC_041731.1,4,autosome,1.0,1,1.7299999999999999e-28,1.0,1.0,1,1,1,1,1,1,1,1,1,0.0022522522522522,0.0022522522522522,0.0,0.0023364485981308,0,1,0
45059235|F|0-21:G>T-21:G>T,45059235,21:G>T,21,PTTO01003454.1_Contig230,931913,NC_041744.1,17,autosome,1.0,1,1.7299999999999999e-28,1.0,1.0,1,1,1,1,1,1,1,1,1,0.0067567567567567,0.0067567567567567,0.0,0.0070093457943925,0,1,0
64987016|F|0-40:T>A-40:T>A,64987016,40:T>A,40,PTTO01000571.1_Contig170,2497425,NC_041730.1,3,autosome,1.0,1,1.7299999999999999e-28,0.99734,1.0,1,1,1,1,1,1,1,1,0,0.0,0.0,0.0,0.0,0,0,0
45059268|F|0-60:A>T-60:A>T,45059268,60:A>T,60,PTTO01002476.1_Contig0,65999851,NC_041728.1,1,autosome,1.0,1,1.7299999999999999e-28,0.994681,1.0,1,1,1,1,1,1,1,1,1,0.063063063063063,0.063063063063063,0.0625,0.0630841121495327,1,1,0
45064862|F|0-32:C>T-32:C>T,45064862,32:C>T,32,PTTO01002545.1_Contig22,21799771,NC_041728.1,1,autosome,1.0,1,8.05e-27,1.0,1.0,1,1,1,1,1,1,1,1,1,0.0653153153153153,0.0653153153153153,0.5,0.0490654205607476,1,1,0
45067219|F|0-65:C>T-65:C>T,45067219,65:C>T,65,PTTO01001689.1_Contig41,3020590,NC_041740.1,13,autosome,1.0,1,1.7299999999999999e-28,0.992021,1.0,1,1,1,1,1,1,1,1,1,0.0945945945945946,0.0945945945945946,0.0,0.0981308411214953,0,1,0
45068686|F|0-58:C>T-58:C>T,45068686,58:C>T,58,PTTO01000974.1_Contig37,19681372,NC_041741.1,14,autosome,1.0,1,8.05e-27,1.0,1.0,1,1,1,1,1,1,1,1,0,0.1418918918918918,0.1418918918918918,0.0,0.1471962616822429,0,1,0
45064868|F|0-50:G>A-50:G>A,45064868,50:G>A,50,PTTO01000276.1_Contig319,11547119,NC_041737.1,10,autosome,1.0,1,1.7299999999999999e-28,0.994681,1.0,1,1,1,1,1,1,1,1,1,0.0472972972972973,0.0472972972972973,0.0,0.0490654205607476,0,1,0
45064870|F|0-5:G>C-5:G>C,45064870,5:G>C,5,PTTO01001370.1_Contig26,17038876,NC_041734.1,7,autosome,1.0,1,1.7299999999999999e-28,1.0,1.0,1,1,1,1,1,1,1,1,1,0.0067567567567567,0.0067567567567567,0.0,0.0070093457943925,0,1,0
45059310|F|0-61:C>T-61:C>T,45059310,61:C>T,61,PTTO01001349.1_Contig23,2604398,NC_041736.1,9,autosome,1.0,15,1.7299999999999999e-28,1.0,1.0,1,1,1,1,1,1,1,1,1,0.0833333333333333,0.0833333333333333,0.3125,0.0747663551401869,1,1,0
45064877|F|0-44:C>T-44:C>T,45064877,44:C>T,44,PTTO01001320.1_Contig70,13338592,NC_041731.1,4,autosome,1.0,1,1.7299999999999999e-28,0.99734,1.0,1,1,1,1,1,1,1,1,1,0.018018018018018,0.018018018018018,0.0,0.0186915887850467,0,1,1
45064887|F|0-16:G>A-16:G>A,45064887,16:G>A,16,PTTO01004194.1_Contig13,1819952,NC_041743.1,16,autosome,1.0,1,1.7299999999999999e-28,1.0,1.0,1,1,1,1,1,1,1,1,1,0.0675675675675675,0.0675675675675675,0.25,0.0607476635514018,1,1,0
45059337|F|0-60:C>A-60:C>A,45059337,60:C>A,60,PTTO01003889.1_Contig165,21360971,NC_041729.1,2,autosome,1.0,1,1.7299999999999999e-28,0.99734,1.0,1,1,1,1,1,1,1,1,1,0.0112612612612612,0.0112612612612612,0.0,0.0116822429906542,0,1,0
45068218|F|0-7:G>T-7:G>T,45068218,7:G>T,7,PTTO01001320.1_Contig70,6261177,NC_041731.1,4,autosome,1.0,1,1.7299999999999999e-28,0.994681,1.0,1,1,1,1,1,1,1,1,1,0.0157657657657657,0.0157657657657657,0.0,0.0163551401869158,0,1,0
45059362|F|0-15:C>T-15:C>T,45059362,15:C>T,15,PTTO01003788.1_Contig2016,3185834,NC_041729.1,2,autosome,1.0,1,8.05e-27,0.99734,1.0,1,1,1,1,1,1,1,1,1,0.481981981981982,0.481981981981982,1.0,0.4626168224299065,0,1,0
64983644|F|0-57:C>T-57:C>T,64983644,57:C>T,57,PTTO01000376.1_Contig11,2938231,NC_041745.1,18,autosome,1.0,1,1.7299999999999999e-28,1.0,1.0,1,1,1,1,1,1,1,1,0,0.018018018018018,0.018018018018018,0.5,0.0,1,0,0
64978455|F|0-56:A>G-56:A>G,64978455,56:A>G,56,PTTO01002104.1_Contig16,7979994,NC_041732.1,5,autosome,1.0,1,1.7299999999999999e-28,0.994681,1.0,1,1,1,1,1,1,1,1,0,0.0022522522522522,0.0022522522522522,0.0625,0.0,1,0,0
45059383|F|0-15:G>A-15:G>A,45059383,15:G>A,15,PTTO01002545.1_Contig22,29127460,NC_041728.1,1,autosome,1.0,1,1.7299999999999999e-28,0.99734,1.0,1,1,1,1,1,1,1,1,1,0.054054054054054,0.054054054054054,0.25,0.0467289719626168,1,1,0
45059399|F|0-30:C>T-30:C>T,45059399,30:C>T,30,PTTO01004499.1_Contig142,1276679,NC_041744.1,17,autosome,1.0,1,1.7299999999999999e-28,0.99734,1.0,1,1,1,1,1,1,1,1,1,0.0135135135135135,0.0135135135135135,0.0,0.014018691588785,0,1,0
45059404|F|0-58:G>A-58:G>A,45059404,58:G>A,58,PTTO01003571.1_Contig67,10234721,NC_041736.1,9,autosome,1.0,1,1.7299999999999999e-28,1.0,1.0,1,1,1,1,1,1,1,1,0,0.0,0.0,0.0,0.0,0,0,0
45068222|F|0-5:T>G-5:T>G,45068222,5:T>G,5,PTTO01000875.1_Contig31,17968779,NC_041730.1,3,autosome,1.0,1,1.7299999999999999e-28,0.99734,1.0,1,1,1,1,1,1,1,1,1,0.2364864864864864,0.2364864864864864,0.125,0.2406542056074766,1,1,0
45064931|F|0-15:T>A-15:T>A,45064931,15:T>A,15,PTTO01003889.1_Contig165,13575881,NC_041729.1,2,autosome,1.0,1,1.7299999999999999e-28,0.99734,1.0,1,1,1,1,1,1,1,1,1,0.0990990990990991,0.0990990990990991,0.0,0.102803738317757,0,1,0
45059452|F|0-63:G>A-63:G>A,45059452,63:G>A,63,PTTO01004194.1_Contig13,1668068,NC_041743.1,16,autosome,1.0,1,1.7299999999999999e-28,0.99734,1.0,1,1,1,1,1,1,1,1,1,0.0585585585585585,0.0585585585585585,0.0,0.0607476635514018,0,1,0
45068229|F|0-43:G>A-43:G>A,45068229,43:G>A,43,PTTO01000219.1_Contig243,31060,NW_021638271.1,unplaced,unplaced,1.0,102,1.7299999999999999e-28,1.0,1.0,1,1,1,1,1,1,1,1,1,0.0202702702702702,0.0202702702702702,0.0,0.0210280373831775,0,1,0
64978543|F|0-21:T>G-21:T>G,64978543,21:T>G,21,PTTO01001370.1_Contig26,38258380,NC_041734.1,7,autosome,1.0,16,1.7299999999999999e-28,0.99734,1.0,1,1,1,1,1,1,1,1,0,0.0,0.0,0.0,0.0,0,0,0
45064941|F|0-60:G>A-60:G>A,45064941,60:G>A,60,PTTO01000230.1_Contig34,9286364,NC_041734.1,7,autosome,1.0,1,1.7299999999999999e-28,1.0,1.0,1,1,1,1,1,1,1,1,1,0.081081081081081,0.081081081081081,0.0625,0.0817757009345794,1,1,0
45059494|F|0-7:C>A-7:C>A,45059494,7:C>A,7,PTTO01003710.1_Contig217,8041264,NC_041733.1,6,autosome,1.0,1,1.7299999999999999e-28,1.0,1.0,1,1,1,1,1,1,1,1,1,0.1509009009009009,0.1509009009009009,0.5,0.1378504672897196,1,1,0
64978594|F|0-11:G>T-11:G>T,64978594,11:G>T,11,PTTO01001652.1_Contig209,2234106,NC_041739.1,12,autosome,1.0,1,1.7299999999999999e-28,0.994681,1.0,1,1,1,1,1,1,1,1,0,0.0,0.0,0.0,0.0,0,0,0
45067264|F|0-14:G>C-14:G>C,45067264,14:G>C,14,PTTO01004116.1_Contig362,676655,NC_041729.1,2,autosome,1.0,3,1.3799999999999998e-23,0.99734,1.0,1,1,1,1,1,1,1,1,1,0.0945945945945946,0.0945945945945946,0.0,0.0981308411214953,0,1,0
45059536|F|0-56:G>T-56:G>T,45059536,56:G>T,56,PTTO01002545.1_Contig22,9502322,NC_041728.1,1,autosome,1.0,1,1.7299999999999999e-28,1.0,1.0,1,1,1,1,1,1,1,1,1,0.0157657657657657,0.0157657657657657,0.0,0.0163551401869158,0,1,0
45067267|F|0-11:C>G-11:C>G,45067267,11:C>G,11,PTTO01002057.1_Contig2,23544294,NC_041730.1,3,autosome,1.0,1,1.7299999999999999e-28,1.0,1.0,1,1,1,1,1,1,1,1,1,0.0788288288288288,0.0788288288288288,0.0,0.0817757009345794,0,1,0
45064970|F|0-50:G>A-50:G>A,45064970,50:G>A,50,PTTO01002624.1_Contig32,2246570,NC_041728.1,1,autosome,1.0,1,1.7299999999999999e-28,1.0,1.0,1,1,1,1,1,1,1,1,1,0.0472972972972973,0.0472972972972973,0.125,0.0443925233644859,1,1,0
45059545|F|0-28:A>C-28:A>C,45059545,28:A>C,28,PTTO01001940.1_Contig353,21176286,NC_041731.1,4,autosome,1.0,1,1.7299999999999999e-28,0.99734,1.0,1,1,1,1,1,1,1,1,1,0.0990990990990991,0.0990990990990991,0.0,0.102803738317757,0,1,0
45059546|F|0-8:C>T-8:C>T,45059546,8:C>T,8,PTTO01002128.1_Contig236,513534,NC_041729.1,2,autosome,1.0,1,1.7299999999999999e-28,1.0,1.0,1,1,1,1,1,1,1,1,1,0.0878378378378378,0.0878378378378378,0.0,0.0911214953271028,0,1,0
45067268|F|0-10:C>T-10:C>T,45067268,10:C>T,10,PTTO01001349.1_Contig23,23073008,NC_041736.1,9,autosome,1.0,1,1.7299999999999999e-28,1.0,1.0,1,1,1,1,1,1,1,1,1,0.1554054054054054,0.1554054054054054,0.0,0.161214953271028,0,1,0
95138686|F|0-43:C>A-43:C>A,95138686,43:C>A,43,PTTO01004189.1_Contig18,18881262,NC_041729.1,2,autosome,1.0,1,1.7299999999999999e-28,0.994681,1.0,1,1,1,1,1,1,1,1,0,0.0045045045045045,0.0045045045045045,0.0,0.0046728971962616,0,1,0
45067275|F|0-62:G>C-62:G>C,45067275,62:G>C,62,PTTO01003256.1_Contig153,5210516,NC_041746.1,19,autosome,1.0,139,1.7299999999999999e-28,0.994681,1.0,1,1,1,1,1,1,1,1,1,0.0518018018018018,0.0518018018018018,0.0,0.0537383177570093,0,1,0
45064981|F|0-35:C>G-35:C>G,45064981,35:C>G,35,PTTO01002634.1_Contig60,4525204,NC_041732.1,5,autosome,1.0,27,1.7299999999999999e-28,0.99734,1.0,1,1,1,1,1,1,1,1,1,0.0045045045045045,0.0045045045045045,0.0,0.0046728971962616,0,1,0
45059577|F|0-20:G>C-20:G>C,45059577,20:G>C,20,PTTO01004535.1_Contig9,2183463,NC_041731.1,4,autosome,1.0,1,1.7299999999999999e-28,1.0,1.0,1,1,1,1,1,1,1,1,1,0.2612612612612612,0.2612612612612612,0.5,0.2523364485981308,1,1,0
45059579|F|0-33:C>G-33:C>G,45059579,33:C>G,33,PTTO01002057.1_Contig2,22593082,NC_041730.1,3,autosome,1.0,1,1.7299999999999999e-28,1.0,1.0,1,1,1,1,1,1,1,1,1,0.1283783783783783,0.1283783783783783,0.5625,0.1121495327102803,1,1,0
45064991|F|0-66:G>C-66:G>C,45064991,66:G>C,66,PTTO01002261.1_Contig251,9783868,NC_041743.1,16,autosome,1.0,1,1.7299999999999999e-28,1.0,1.0,1,1,1,1,1,1,1,1,1,0.1644144144144144,0.1644144144144144,0.0,0.1705607476635514,0,1,0
45067285|F|0-10:G>T-10:G>T,45067285,10:G>T,10,PTTO01001051.1_Contig4,21674207,NC_041737.1,10,autosome,1.0,1,1.7299999999999999e-28,1.0,1.0,1,1,1,1,1,1,1,1,1,0.4797297297297297,0.4797297297297297,0.6875,0.4719626168224299,1,1,0
45059617|F|0-49:G>A-49:G>A,45059617,49:G>A,49,PTTO01002624.1_Contig32,32639648,NC_041728.1,1,autosome,1.0,193,1.7299999999999999e-28,0.99734,1.0,1,1,1,1,1,1,1,1,1,0.240990990990991,0.240990990990991,1.0,0.2126168224299065,0,1,0
45067289|F|0-28:G>A-28:G>A,45067289,28:G>A,28,PTTO01000974.1_Contig37,28207273,NC_041741.1,14,autosome,1.0,1,3.75e-25,0.99734,1.0,1,1,1,1,1,1,1,1,1,0.1621621621621621,0.1621621621621621,0.5,0.1495327102803738,1,1,0
45065018|F|0-61:A>T-61:A>T,45065018,61:A>T,61,PTTO01002261.1_Contig251,2037949,NC_041743.1,16,autosome,1.0,1,1.7299999999999999e-28,0.99734,1.0,1,1,1,1,1,1,1,1,1,0.0292792792792792,0.0292792792792792,0.0,0.0303738317757009,0,1,0
45065023|F|0-11:G>A-11:G>A,45065023,11:G>A,11,PTTO01000765.1_Contig334,3933275,NC_041729.1,2,autosome,1.0,1,1.7299999999999999e-28,1.0,1.0,1,1,1,1,1,1,1,1,1,0.5382882882882883,0.4617117117117116,0.1875,0.5514018691588785,1,1,0
45067295|F|0-18:A>G-18:A>G,45067295,18:A>G,18,PTTO01003425.1_Contig303,9660684,NC_041743.1,16,autosome,1.0,1,1.7299999999999999e-28,1.0,1.0,1,1,1,1,1,1,1,1,1,0.09009009009009,0.09009009009009,0.375,0.0794392523364486,1,1,0
45059698|F|0-45:C>T-45:C>T,45059698,45:C>T,45,PTTO01001678.1_Contig35,12472250,NC_041737.1,10,autosome,1.0,7,1.7299999999999999e-28,0.99734,1.0,1,1,1,1,1,1,1,1,1,0.0968468468468468,0.0968468468468468,0.0,0.1004672897196261,0,1,0
45067300|F|0-43:A>T-43:A>T,45067300,43:A>T,43,PTTO01001940.1_Contig353,25267145,NC_041731.1,4,autosome,1.0,1,1.7299999999999999e-28,0.99734,1.0,1,1,1,1,1,1,1,1,1,0.054054054054054,0.054054054054054,0.0,0.0560747663551401,0,1,0
45059700|F|0-20:C>G-20:C>G,45059700,20:C>G,20,PTTO01000974.1_Contig37,9730594,NC_041741.1,14,autosome,1.0,1,1.7299999999999999e-28,0.994681,1.0,1,1,1,1,1,1,1,1,1,0.0382882882882882,0.0382882882882882,0.0,0.0397196261682243,0,1,0
45059701|F|0-7:G>C-7:G>C,45059701,7:G>C,7,PTTO01004427.1_Contig106,3514660,NC_041739.1,12,autosome,1.0,1,1.7299999999999999e-28,1.0,1.0,1,1,1,1,1,1,1,1,1,0.1486486486486486,0.1486486486486486,0.1875,0.1471962616822429,1,1,0
45065049|F|0-25:C>T-25:C>T,45065049,25:C>T,25,PTTO01002476.1_Contig0,95546256,NC_041728.1,1,autosome,1.0,2,1.7299999999999999e-28,0.994681,1.0,1,1,1,1,1,1,1,1,1,0.0675675675675675,0.0675675675675675,0.0,0.0700934579439252,0,1,0
64983770|F|0-67:G>C-67:G>C,64983770,67:G>C,67,PTTO01004189.1_Contig18,7897866,NC_041729.1,2,autosome,1.0,1,1.7299999999999999e-28,0.99734,1.0,1,1,1,1,1,1,1,1,0,0.009009009009009,0.009009009009009,0.25,0.0,1,0,0
45065058|F|0-59:T>A-59:T>A,45065058,59:T>A,59,PTTO01002624.1_Contig32,5613210,NC_041728.1,1,autosome,1.0,1,1.7299999999999999e-28,1.0,1.0,1,1,1,1,1,1,1,1,1,0.0022522522522522,0.0022522522522522,0.0,0.0023364485981308,0,1,0
45059728|F|0-12:T>C-12:T>C,45059728,12:T>C,12,PTTO01001051.1_Contig4,18840978,NC_041737.1,10,autosome,1.0,1,2.9000000000000004e-26,0.99734,1.0,1,1,1,1,1,1,1,1,1,0.1869369369369369,0.1869369369369369,0.125,0.1892523364485981,1,1,0
45059730|F|0-59:C>T-59:C>T,45059730,59:C>T,59,PTTO01004499.1_Contig142,5043463,NC_041744.1,17,autosome,1.0,1,1.7299999999999999e-28,1.0,1.0,1,1,1,1,1,1,1,1,1,0.0743243243243243,0.0743243243243243,0.0,0.0771028037383177,0,1,0
45059744|F|0-19:G>A-19:G>A,45059744,19:G>A,19,PTTO01002104.1_Contig16,31154751,NC_041732.1,5,autosome,1.0,1,1.7299999999999999e-28,1.0,1.0,1,1,1,1,1,1,1,1,1,0.0518018018018018,0.0518018018018018,0.0,0.0537383177570093,0,1,0
64978869|F|0-16:G>A-16:G>A,64978869,16:G>A,16,PTTO01003710.1_Contig217,12712873,NC_041733.1,6,autosome,1.0,1,1.7299999999999999e-28,1.0,1.0,1,1,1,1,1,1,1,1,0,0.0,0.0,0.0,0.0,0,0,0
64978877|F|0-48:C>A-48:C>A,64978877,48:C>A,48,PTTO01001241.1_Contig276,15444531,NC_041740.1,13,autosome,1.0,1,1.7299999999999999e-28,0.99734,1.0,1,1,1,1,1,1,1,1,0,0.0,0.0,0.0,0.0,0,0,0
45059751|F|0-41:G>A-41:G>A,45059751,41:G>A,41,PTTO01000974.1_Contig37,13470364,NC_041741.1,14,autosome,1.0,1,1.7299999999999999e-28,0.978723,1.0,1,1,1,1,1,1,1,1,1,0.0067567567567567,0.0067567567567567,0.0,0.0070093457943925,0,1,0
45059754|F|0-16:C>G-16:C>G,45059754,16:C>G,16,PTTO01001370.1_Contig26,7925978,NC_041734.1,7,autosome,1.0,1,1.7299999999999999e-28,1.0,1.0,1,1,1,1,1,1,1,1,1,0.0112612612612612,0.0112612612612612,0.0,0.0116822429906542,0,1,0
64978945|F|0-21:A>T-21:A>T,64978945,21:A>T,21,PTTO01001051.1_Contig4,5567962,NC_041737.1,10,autosome,1.0,1,1.7299999999999999e-28,0.99734,1.0,1,1,1,1,1,1,1,1,0,0.0022522522522522,0.0022522522522522,0.0,0.0023364485981308,0,1,0
45065089|F|0-34:C>T-34:C>T,45065089,34:C>T,34,PTTO01001315.1_Contig92,4797270,NC_041742.1,15,autosome,1.0,1,8.05e-27,1.0,1.0,1,1,1,1,1,1,1,1,0,0.8513513513513513,0.1486486486486486,1.0,0.8457943925233645,0,1,0
45067318|F|0-20:C>G-20:C>G,45067318,20:C>G,20,PTTO01001633.1_Contig312,4031853,NC_041739.1,12,autosome,1.0,1,1.7299999999999999e-28,0.99734,1.0,1,1,1,1,1,1,1,1,1,0.0923423423423423,0.0923423423423423,0.0625,0.0934579439252336,1,1,0
64978951|F|0-11:T>C-11:T>C,64978951,11:T>C,11,PTTO01001051.1_Contig4,10722041,NC_041737.1,10,autosome,1.0,1,1.7299999999999999e-28,0.99734,1.0,1,1,1,1,1,1,1,1,0,0.0157657657657657,0.0157657657657657,0.0,0.0163551401869158,0,1,0
45068252|F|0-56:T>A-56:T>A,45068252,56:T>A,56,PTTO01001320.1_Contig70,12946574,NC_041731.1,4,autosome,1.0,1,3.22e-25,0.99734,1.0,1,1,1,1,1,1,1,1,1,0.268018018018018,0.268018018018018,0.0,0.2780373831775701,0,1,0
45059818|F|0-59:C>T-59:C>T,45059818,59:C>T,59,PTTO01000875.1_Contig31,2509033,NC_041730.1,3,autosome,1.0,1,8.05e-27,0.99734,1.0,1,1,1,1,1,1,1,1,0,0.1328828828828828,0.1328828828828828,0.3125,0.1261682242990654,1,1,0
64978972|F|0-8:T>A-8:T>A,64978972,8:T>A,8,PTTO01000166.1_Contig207,162575,NC_041747.1,20,autosome,1.0,1278,1.7299999999999999e-28,1.0,1.0,1,1,1,1,1,1,1,1,0,0.0,0.0,0.0,0.0,0,0,0
45065097|F|0-22:G>C-22:G>C,45065097,22:G>C,22,PTTO01002624.1_Contig32,21209624,NC_041728.1,1,autosome,1.0,1,8.05e-27,0.99734,1.0,1,1,1,1,1,1,1,1,1,0.1081081081081081,0.1081081081081081,0.0,0.1121495327102803,0,1,0
45067321|F|0-36:G>A-36:G>A,45067321,36:G>A,36,PTTO01000872.1_Contig82,2444855,NC_041729.1,2,autosome,1.0,2,8.05e-27,1.0,1.0,1,1,1,1,1,1,1,1,1,0.3153153153153153,0.3153153153153153,0.0625,0.3247663551401869,1,1,0
45059831|F|0-20:G>T-20:G>T,45059831,20:G>T,20,PTTO01000659.1_Contig3311,19579929,NC_041731.1,4,autosome,1.0,1,1.7299999999999999e-28,1.0,1.0,1,1,1,1,1,1,1,1,1,0.0788288288288288,0.0788288288288288,0.125,0.0771028037383177,1,1,0
45065106|F|0-8:A>G-8:A>G,45065106,8:A>G,8,PTTO01004492.1_Contig25,11586232,NC_041732.1,5,autosome,1.0,22,1.7299999999999999e-28,1.0,1.0,1,1,1,1,1,1,1,1,1,0.2567567567567567,0.2567567567567567,0.3125,0.2546728971962617,1,1,0
45059841|F|0-19:G>A-19:G>A,45059841,19:G>A,19,PTTO01003425.1_Contig303,2285001,NC_041743.1,16,autosome,1.0,1,1.7299999999999999e-28,0.994681,1.0,1,1,1,1,1,1,1,1,1,0.036036036036036,0.036036036036036,0.0,0.0373831775700934,0,1,0
45059845|F|0-42:G>C-42:G>C,45059845,42:G>C,42,PTTO01002476.1_Contig0,84320737,NC_041728.1,1,autosome,1.0,8,1.68e-22,1.0,1.0,1,1,1,1,1,1,1,1,1,0.0405405405405405,0.0405405405405405,0.0,0.0420560747663551,0,1,0
45067332|F|0-36:G>A-36:G>A,45067332,36:G>A,36,PTTO01000875.1_Contig31,12357045,NC_041730.1,3,autosome,1.0,1,1.7299999999999999e-28,1.0,1.0,1,1,1,1,1,1,1,1,1,0.072072072072072,0.072072072072072,0.3125,0.0630841121495327,1,1,0
45059861|F|0-57:A>C-57:A>C,45059861,57:A>C,57,PTTO01004262.1_Contig52,32706556,NC_041731.1,4,autosome,1.0,1,8.05e-27,0.99734,1.0,1,1,1,1,1,1,1,1,0,0.259009009009009,0.259009009009009,0.1875,0.2616822429906542,1,1,0
45068255|F|0-12:A>T-12:A>T,45068255,12:A>T,12,PTTO01003788.1_Contig2016,202985,NC_041729.1,2,autosome,1.0,1,1.68e-22,1.0,1.0,1,1,1,1,1,1,1,1,1,0.1734234234234234,0.1734234234234234,0.0,0.1799065420560747,0,1,0
45067674|F|0-37:C>G-37:C>G,45067674,37:C>G,37,PTTO01001678.1_Contig35,10089321,NC_041737.1,10,autosome,1.0,1,1.7299999999999999e-28,1.0,1.0,1,1,1,1,1,1,1,1,1,0.1599099099099099,0.1599099099099099,0.1875,0.1588785046728972,1,1,0
45065131|F|0-19:C>T-19:C>T,45065131,19:C>T,19,PTTO01000765.1_Contig334,16747562,NC_041729.1,2,autosome,1.0,1,1.7299999999999999e-28,0.99734,1.0,1,1,1,1,1,1,1,1,1,0.0608108108108108,0.0608108108108108,0.0,0.0630841121495327,0,1,0
45059902|F|0-46:G>A-46:G>A,45059902,46:G>A,46,PTTO01002128.1_Contig236,1018228,NC_041729.1,2,autosome,1.0,1,1.7299999999999999e-28,0.994681,1.0,1,1,1,1,1,1,1,1,1,0.009009009009009,0.009009009009009,0.0,0.0093457943925233,0,1,0
45065137|F|0-34:A>G-34:A>G,45065137,34:A>G,34,PTTO01002822.1_Contig364,2742830,NC_041731.1,4,autosome,1.0,1,1.7299999999999999e-28,0.994681,1.0,1,1,1,1,1,1,1,1,1,0.0427927927927927,0.0427927927927927,0.0,0.0443925233644859,0,1,0
45065145|F|0-19:A>G-19:A>G,45065145,19:A>G,19,PTTO01000318.1_Contig139,17362075,NC_041730.1,3,autosome,1.0,1,1.7299999999999999e-28,1.0,1.0,1,1,1,1,1,1,1,1,1,0.018018018018018,0.018018018018018,0.0,0.0186915887850467,0,1,0
45065150|F|0-23:T>C-23:T>C,45065150,23:T>C,23,PTTO01003276.1_Contig54,13023302,NC_041738.1,11,autosome,1.0,1,8.05e-27,0.99734,1.0,1,1,1,1,1,1,1,1,1,0.4346846846846847,0.4346846846846847,0.0,0.4509345794392523,0,1,0
45059927|F|0-58:G>A-58:G>A,45059927,58:G>A,58,PTTO01002476.1_Contig0,74423613,NC_041728.1,1,autosome,1.0,1,2.9000000000000004e-26,1.0,1.0,1,1,1,1,1,1,1,1,1,0.5045045045045045,0.4954954954954955,0.8125,0.4929906542056075,1,1,0
45065156|F|0-38:G>A-38:G>A,45065156,38:G>A,38,PTTO01001296.1_Contig62,4589741,NC_041746.1,19,autosome,1.0,1,1.7299999999999999e-28,0.99734,1.0,1,1,1,1,1,1,1,1,1,0.0495495495495495,0.0495495495495495,0.0,0.0514018691588785,0,1,0
45049601|F|0-9:G>C-9:G>C,45049601,9:G>C,9,PTTO01003889.1_Contig165,16004548,NC_041729.1,2,autosome,1.0,1,1.7299999999999999e-28,0.99734,1.0,1,1,1,1,1,1,1,1,0,0.0,0.0,0.0,0.0,0,0,0
64987532|F|0-67:G>C-67:G>C,64987532,67:G>C,67,PTTO01001051.1_Contig4,19862265,NC_041737.1,10,autosome,1.0,1,1.7299999999999999e-28,0.984043,1.0,1,1,1,1,1,1,1,1,0,0.0157657657657657,0.0157657657657657,0.0,0.0163551401869158,0,1,0
95137583|F|0-26:T>C-26:T>C,95137583,26:T>C,26,PTTO01000729.1_Contig58,3041877,NC_041742.1,15,autosome,1.0,1,1.7299999999999999e-28,0.989362,1.0,1,1,1,1,1,1,1,1,0,0.0067567567567567,0.0067567567567567,0.0625,0.0046728971962616,1,1,0
45059965|F|0-25:G>A-25:G>A,45059965,25:G>A,25,PTTO01002104.1_Contig16,66961089,NC_041732.1,5,autosome,1.0,1,1.7299999999999999e-28,0.99734,1.0,1,1,1,1,1,1,1,1,1,0.0157657657657657,0.0157657657657657,0.125,0.0116822429906542,1,1,0
45065166|F|0-22:A>C-22:A>C,45065166,22:A>C,22,PTTO01001315.1_Contig92,4877229,NC_041742.1,15,autosome,1.0,1,1.7299999999999999e-28,0.99734,1.0,1,1,1,1,1,1,1,1,1,0.3063063063063063,0.3063063063063063,0.0,0.3177570093457944,0,1,0
64988773|F|0-30:G>A-30:G>A,64988773,30:G>A,30,PTTO01002104.1_Contig16,26958559,NC_041732.1,5,autosome,1.0,1,1.7299999999999999e-28,1.0,1.0,1,1,1,1,1,1,1,1,0,0.0022522522522522,0.0022522522522522,0.0,0.0023364485981308,0,1,0
45060127|F|0-7:C>T-7:C>T,45060127,7:C>T,7,PTTO01002476.1_Contig0,72952576,NC_041728.1,1,autosome,1.0,1,1.7299999999999999e-28,0.989362,1.0,1,1,1,1,1,1,1,1,1,0.0495495495495495,0.0495495495495495,0.0,0.0514018691588785,0,1,0
45065187|F|0-8:G>A-8:G>A,45065187,8:G>A,8,PTTO01001633.1_Contig312,27931624,NC_041739.1,12,autosome,1.0,1,1.7299999999999999e-28,0.99734,1.0,1,1,1,1,1,1,1,1,1,0.063063063063063,0.063063063063063,0.125,0.0607476635514018,1,1,0
45059995|F|0-60:C>T-60:C>T,45059995,60:C>T,60,PTTO01000257.1_Contig57,433337,NC_041740.1,13,autosome,1.0,1,1.7299999999999999e-28,0.99734,1.0,1,1,1,1,1,1,1,1,1,0.0653153153153153,0.0653153153153153,0.0,0.0677570093457943,0,1,0
45060020|F|0-67:C>G-67:C>G,45060020,67:C>G,67,PTTO01003275.1_Contig387,41124,NC_041741.1,14,autosome,1.0,1,1.7299999999999999e-28,0.994681,1.0,1,1,1,1,1,1,1,1,1,0.009009009009009,0.009009009009009,0.0,0.0093457943925233,0,1,0
45066096|F|0-40:G>T-40:G>T,45066096,40:G>T,40,PTTO01002261.1_Contig251,13800408,NC_041743.1,16,autosome,1.0,1,2.9000000000000004e-26,1.0,1.0,1,1,1,1,1,1,1,1,0,0.0743243243243243,0.0743243243243243,0.0,0.0771028037383177,0,1,0
45065208|F|0-7:G>A-7:G>A,45065208,7:G>A,7,PTTO01003276.1_Contig54,12683179,NC_041738.1,11,autosome,1.0,1,1.7299999999999999e-28,1.0,1.0,1,1,1,1,1,1,1,1,1,0.4279279279279279,0.4279279279279279,0.0,0.4439252336448598,0,1,0
45065212|F|0-37:C>A-37:C>A,45065212,37:C>A,37,PTTO01000571.1_Contig170,1853983,NC_041730.1,3,autosome,1.0,1,1.7299999999999999e-28,0.99734,1.0,1,1,1,1,1,1,1,1,1,0.3693693693693693,0.3693693693693693,0.25,0.3738317757009345,1,1,0
45065224|F|0-50:A>G-50:A>G,45065224,50:A>G,50,PTTO01002476.1_Contig0,42380284,NC_041728.1,1,autosome,1.0,1,1.7299999999999999e-28,0.99734,1.0,1,1,1,1,1,1,1,1,1,0.1171171171171171,0.1171171171171171,0.1875,0.1144859813084112,1,1,0
45065235|F|0-61:T>A-61:T>A,45065235,61:T>A,61,PTTO01000276.1_Contig319,11380136,NC_041737.1,10,autosome,1.0,1,1.7299999999999999e-28,1.0,1.0,1,1,1,1,1,1,1,1,1,0.0833333333333333,0.0833333333333333,0.0,0.0864485981308411,0,1,0
45065243|F|0-57:A>T-57:A>T,45065243,57:A>T,57,PTTO01002315.1_Contig12,20289640,NC_041729.1,2,autosome,1.0,1,1.7299999999999999e-28,1.0,1.0,1,1,1,1,1,1,1,1,0,0.2319819819819819,0.2319819819819819,0.1875,0.2336448598130841,1,1,0
45067371|F|0-66:T>G-66:T>G,45067371,66:T>G,66,PTTO01004262.1_Contig52,28704959,NC_041731.1,4,autosome,1.0,4,1.7299999999999999e-28,1.0,1.0,1,1,1,1,1,1,1,1,1,0.0135135135135135,0.0135135135135135,0.0,0.014018691588785,0,1,0
45060097|F|0-60:G>A-60:G>A,45060097,60:G>A,60,PTTO01002545.1_Contig22,21322231,NC_041728.1,1,autosome,1.0,1,1.7299999999999999e-28,0.99734,1.0,1,1,1,1,1,1,1,1,1,0.0315315315315315,0.0315315315315315,0.0,0.0327102803738317,0,1,0
45060116|F|0-14:A>T-14:A>T,45060116,14:A>T,14,PTTO01002634.1_Contig60,5597128,NC_041732.1,5,autosome,1.0,1,1.7299999999999999e-28,0.994681,1.0,1,1,1,1,1,1,1,1,1,0.018018018018018,0.018018018018018,0.0,0.0186915887850467,0,1,0
64983981|F|0-62:C>G-62:C>G,64983981,62:C>G,62,PTTO01001696.1_Contig254,5368462,NC_041747.1,20,autosome,1.0,1,1.7299999999999999e-28,0.99734,1.0,1,1,1,1,1,1,1,1,0,0.0135135135135135,0.0135135135135135,0.375,0.0,1,0,0
45060155|F|0-38:G>T-38:G>T,45060155,38:G>T,38,PTTO01000230.1_Contig34,2558266,NC_041734.1,7,autosome,1.0,1,1.7299999999999999e-28,0.994681,1.0,1,1,1,1,1,1,1,1,0,0.0067567567567567,0.0067567567567567,0.0,0.0070093457943925,0,1,0
45060159|F|0-65:A>C-65:A>C,45060159,65:A>C,65,PTTO01000875.1_Contig31,28745947,NC_041730.1,3,autosome,1.0,1,1.7299999999999999e-28,0.99734,1.0,1,1,1,1,1,1,1,1,1,0.0022522522522522,0.0022522522522522,0.0,0.0023364485981308,0,1,0
45060162|F|0-22:C>A-22:C>A,45060162,22:C>A,22,PTTO01002476.1_Contig0,14533432,NC_041728.1,1,autosome,1.0,1,1.7299999999999999e-28,1.0,1.0,1,1,1,1,1,1,1,1,1,0.09009009009009,0.09009009009009,0.0,0.0934579439252336,0,1,0
45067381|F|0-50:G>A-50:G>A,45067381,50:G>A,50,PTTO01002057.1_Contig2,9874190,NC_041730.1,3,autosome,1.0,1,1.7299999999999999e-28,1.0,1.0,1,1,1,1,1,1,1,1,0,0.1148648648648648,0.1148648648648648,0.0,0.1191588785046729,0,1,0
45060172|F|0-37:A>G-37:A>G,45060172,37:A>G,37,PTTO01001940.1_Contig353,8461571,NC_041731.1,4,autosome,1.0,1,1.7299999999999999e-28,1.0,1.0,1,1,1,1,1,1,1,1,1,0.0112612612612612,0.0112612612612612,0.0,0.0116822429906542,0,1,0
45065278|F|0-52:C>T-52:C>T,45065278,52:C>T,52,PTTO01000550.1_Contig27,1702735,NC_041744.1,17,autosome,1.0,4,1.7299999999999999e-28,0.99734,1.0,1,1,1,1,1,1,1,1,1,0.0495495495495495,0.0495495495495495,0.0,0.0514018691588785,0,1,0
45060182|F|0-52:G>A-52:G>A,45060182,52:G>A,52,PTTO01002104.1_Contig16,28968347,NC_041732.1,5,autosome,1.0,1,1.7299999999999999e-28,0.99734,1.0,1,1,1,1,1,1,1,1,1,0.0427927927927927,0.0427927927927927,0.0,0.0443925233644859,0,1,0
45060189|F|0-29:T>C-29:T>C,45060189,29:T>C,29,PTTO01000318.1_Contig139,18556731,NC_041730.1,3,autosome,1.0,1,8.05e-27,1.0,1.0,1,1,1,1,1,1,1,1,1,0.9887387387387389,0.0112612612612612,0.8125,0.9953271028037384,1,1,0
64979482|F|0-46:C>T-46:C>T,64979482,46:C>T,46,PTTO01002476.1_Contig0,47692338,NC_041728.1,1,autosome,1.0,1,1.7299999999999999e-28,1.0,1.0,1,1,1,1,1,1,1,1,0,0.0067567567567567,0.0067567567567567,0.0,0.0070093457943925,0,1,0
64984018|F|0-36:A>T-36:A>T,64984018,36:A>T,36,PTTO01002476.1_Contig0,77179149,NC_041728.1,1,autosome,1.0,1,1.7299999999999999e-28,0.99734,1.0,1,1,1,1,1,1,1,1,0,0.0,0.0,0.0,0.0,0,0,0
45067397|F|0-8:C>T-8:C>T,45067397,8:C>T,8,PTTO01001320.1_Contig70,13287842,NC_041731.1,4,autosome,1.0,1,1.7299999999999999e-28,0.99734,1.0,1,1,1,1,1,1,1,1,1,0.0135135135135135,0.0135135135135135,0.0,0.014018691588785,0,1,0
45060254|F|0-66:A>T-66:A>T,45060254,66:A>T,66,PTTO01001349.1_Contig23,16063059,NC_041736.1,9,autosome,1.0,1,1.7299999999999999e-28,0.992021,1.0,1,1,1,1,1,1,1,1,1,0.0337837837837837,0.0337837837837837,0.125,0.0303738317757009,1,1,0
45065320|F|0-36:C>T-36:C>T,45065320,36:C>T,36,PTTO01002476.1_Contig0,13543537,NC_041728.1,1,autosome,1.0,1,1.7299999999999999e-28,0.99734,1.0,1,1,1,1,1,1,1,1,1,0.0225225225225225,0.0225225225225225,0.0,0.0233644859813084,0,1,0
45067399|F|0-56:A>T-56:A>T,45067399,56:A>T,56,PTTO01001652.1_Contig209,488119,NC_041739.1,12,autosome,1.0,1,8.05e-27,0.93617,1.0,1,1,1,1,1,1,1,1,1,0.0405405405405405,0.0405405405405405,0.0,0.0420560747663551,0,1,0
45060256|F|0-11:G>T-11:G>T,45060256,11:G>T,11,PTTO01001241.1_Contig276,8021015,NC_041740.1,13,autosome,1.0,1,1.7299999999999999e-28,1.0,1.0,1,1,1,1,1,1,1,1,1,0.0067567567567567,0.0067567567567567,0.0,0.0070093457943925,0,1,0
64986239|F|0-20:G>A-20:G>A,64986239,20:G>A,20,PTTO01003064.1_Contig78,138657,NW_021638276.1,unplaced,unplaced,1.0,3,1.7299999999999999e-28,1.0,1.0,1,1,1,1,1,1,1,1,0,0.0022522522522522,0.0022522522522522,0.0,0.0023364485981308,0,1,0
45065337|F|0-56:C>G-56:C>G,45065337,56:C>G,56,PTTO01001611.1_Contig3553,3764537,NC_041739.1,12,autosome,1.0,1,1.7299999999999999e-28,1.0,1.0,1,1,1,1,1,1,1,1,1,0.0022522522522522,0.0022522522522522,0.0,0.0023364485981308,0,1,0
45060278|F|0-6:G>A-6:G>A,45060278,6:G>A,6,PTTO01004262.1_Contig52,26578016,NC_041731.1,4,autosome,1.0,2,1.7299999999999999e-28,0.99734,1.0,1,1,1,1,1,1,1,1,1,0.0135135135135135,0.0135135135135135,0.0,0.014018691588785,0,1,0
45067407|F|0-66:C>G-66:C>G,45067407,66:C>G,66,PTTO01004505.1_Contig79,1681446,NC_041731.1,4,autosome,1.0,10,8.05e-27,1.0,1.0,1,1,1,1,1,1,1,1,1,0.7837837837837838,0.2162162162162162,0.625,0.7897196261682243,1,1,0
45065351|F|0-64:G>A-64:G>A,45065351,64:G>A,64,PTTO01004262.1_Contig52,32474292,NC_041731.1,4,autosome,1.0,1,1.7299999999999999e-28,0.99734,1.0,1,1,1,1,1,1,1,1,0,0.1689189189189189,0.1689189189189189,0.0,0.175233644859813,0,1,0
45065355|F|0-14:A>C-14:A>C,45065355,14:A>C,14,PTTO01002104.1_Contig16,5594830,NC_041732.1,5,autosome,1.0,1,1.7299999999999999e-28,1.0,1.0,1,1,1,1,1,1,1,1,1,0.0247747747747747,0.0247747747747747,0.25,0.0163551401869158,1,1,0
45065359|F|0-16:A>C-16:A>C,45065359,16:A>C,16,PTTO01001349.1_Contig23,12575086,NC_041736.1,9,autosome,1.0,1,1.7299999999999999e-28,0.99734,1.0,1,1,1,1,1,1,1,1,1,0.0045045045045045,0.0045045045045045,0.0,0.0046728971962616,0,1,0
45065367|F|0-52:C>A-52:C>A,45065367,52:C>A,52,PTTO01001051.1_Contig4,11708140,NC_041737.1,10,autosome,1.0,1,1.7299999999999999e-28,0.99734,1.0,1,1,1,1,1,1,1,1,1,0.0337837837837837,0.0337837837837837,0.0,0.0350467289719626,0,1,0
45060323|F|0-64:A>T-64:A>T,45060323,64:A>T,64,PTTO01002104.1_Contig16,10186641,NC_041732.1,5,autosome,1.0,14,1.7299999999999999e-28,0.994681,1.0,1,1,1,1,1,1,1,1,1,0.0968468468468468,0.0968468468468468,0.0,0.1004672897196261,0,1,0
45065369|F|0-36:C>A-36:C>A,45065369,36:C>A,36,PTTO01000974.1_Contig37,13595445,NC_041741.1,14,autosome,1.0,1,1.7299999999999999e-28,1.0,1.0,1,1,1,1,1,1,1,1,1,0.0653153153153153,0.0653153153153153,0.1875,0.0607476635514018,1,1,0
45060325|F|0-32:T>A-32:T>A,45060325,32:T>A,32,PTTO01002634.1_Contig60,11456854,NC_041732.1,5,autosome,1.0,1,1.7299999999999999e-28,1.0,1.0,1,1,1,1,1,1,1,1,1,0.036036036036036,0.036036036036036,0.125,0.0327102803738317,1,1,0
45065372|F|0-28:T>G-28:T>G,45065372,28:T>G,28,PTTO01001652.1_Contig209,1224562,NC_041739.1,12,autosome,1.0,1,1.7299999999999999e-28,0.99734,1.0,1,1,1,1,1,1,1,1,1,0.0990990990990991,0.0990990990990991,0.125,0.0981308411214953,1,1,0
45067427|F|0-38:A>G-38:A>G,45067427,38:A>G,38,PTTO01003276.1_Contig54,7643265,NC_041738.1,11,autosome,1.0,1,1.7299999999999999e-28,0.994681,1.0,1,1,1,1,1,1,1,1,1,0.4527027027027027,0.4527027027027027,0.3125,0.4579439252336448,1,1,0
64972724|F|0-40:A>T-40:A>T,64972724,40:A>T,40,PTTO01002104.1_Contig16,7940474,NC_041732.1,5,autosome,1.0,1,1.7299999999999999e-28,1.0,1.0,1,1,1,1,1,1,1,1,0,0.0,0.0,0.0,0.0,0,0,0
45067430|F|0-12:C>T-12:C>T,45067430,12:C>T,12,PTTO01001114.1_Contig282,5886608,NC_041740.1,13,autosome,1.0,1,1.7299999999999999e-28,1.0,1.0,1,1,1,1,1,1,1,1,1,0.0135135135135135,0.0135135135135135,0.0,0.014018691588785,0,1,0
45065404|F|0-34:G>A-34:G>A,45065404,34:G>A,34,PTTO01003571.1_Contig67,16456264,NC_041736.1,9,autosome,1.0,1,3.22e-25,0.99734,1.0,1,1,1,1,1,1,1,1,1,0.0202702702702702,0.0202702702702702,0.0,0.0210280373831775,0,1,0
45067436|F|0-40:G>C-40:G>C,45067436,40:G>C,40,PTTO01001678.1_Contig35,7574615,NC_041737.1,10,autosome,1.0,1,2.9000000000000004e-26,0.99734,1.0,1,1,1,1,1,1,1,1,1,0.1216216216216216,0.1216216216216216,0.0,0.1261682242990654,0,1,0
45060420|F|0-30:A>C-30:A>C,45060420,30:A>C,30,PTTO01003571.1_Contig67,26916985,NC_041736.1,9,autosome,1.0,1,1.7299999999999999e-28,0.994681,1.0,1,1,1,1,1,1,1,1,1,0.0067567567567567,0.0067567567567567,0.0,0.0070093457943925,0,1,0
45060436|F|0-25:C>T-25:C>T,45060436,25:C>T,25,PTTO01004189.1_Contig18,28905051,NC_041729.1,2,autosome,1.0,2,1.7299999999999999e-28,1.0,1.0,1,1,1,1,1,1,1,1,1,0.1238738738738738,0.1238738738738738,0.0,0.1285046728971962,0,1,0
100045793|F|0-27:A>G-27:A>G,100045793,27:A>G,27,PTTO01004492.1_Contig25,6646841,NC_041732.1,5,autosome,1.0,1,1.7299999999999999e-28,0.99734,1.0,1,1,1,1,1,1,1,1,0,0.0,0.0,0.0,0.0,0,0,0
45060489|F|0-10:C>T-10:C>T,45060489,10:C>T,10,PTTO01002476.1_Contig0,53307371,NC_041728.1,1,autosome,1.0,1,1.7299999999999999e-28,0.99734,1.0,1,1,1,1,1,1,1,1,1,0.0427927927927927,0.0427927927927927,0.125,0.0397196261682243,1,1,0
45060493|F|0-64:C>A-64:C>A,45060493,64:C>A,64,PTTO01003276.1_Contig54,8131276,NC_041738.1,11,autosome,1.0,1,1.7299999999999999e-28,0.989362,1.0,1,1,1,1,1,1,1,1,1,0.0675675675675675,0.0675675675675675,0.0,0.0700934579439252,0,1,0
100045815|F|0-66:C>G-66:C>G,100045815,66:C>G,66,PTTO01004189.1_Contig18,22273553,NC_041729.1,2,autosome,1.0,1,1.7299999999999999e-28,1.0,1.0,1,1,1,1,1,1,1,1,0,0.0,0.0,0.0,0.0,0,0,0
45060507|F|0-20:C>T-20:C>T,45060507,20:C>T,20,PTTO01000875.1_Contig31,3817522,NC_041730.1,3,autosome,1.0,6,1.7299999999999999e-28,0.99734,1.0,1,1,1,1,1,1,1,1,1,0.0563063063063063,0.0563063063063063,0.0,0.058411214953271,0,1,0
45060510|F|0-26:G>A-26:G>A,45060510,26:G>A,26,PTTO01002634.1_Contig60,12677940,NC_041732.1,5,autosome,1.0,1,1.7299999999999999e-28,0.994681,1.0,1,1,1,1,1,1,1,1,1,0.0135135135135135,0.0135135135135135,0.0,0.014018691588785,0,1,0
45067455|F|0-59:C>G-59:C>G,45067455,59:C>G,59,PTTO01004189.1_Contig18,33956886,NC_041729.1,2,autosome,1.0,1,1.7299999999999999e-28,1.0,1.0,1,1,1,1,1,1,1,1,1,0.0608108108108108,0.0608108108108108,0.0,0.0630841121495327,0,1,0
45067461|F|0-48:G>A-48:G>A,45067461,48:G>A,48,PTTO01002793.1_Contig38,8578361,NC_041745.1,18,autosome,1.0,1,1.7299999999999999e-28,1.0,1.0,1,1,1,1,1,1,1,1,1,0.0765765765765765,0.0765765765765765,0.0,0.0794392523364486,0,1,0
45065461|F|0-41:G>A-41:G>A,45065461,41:G>A,41,PTTO01002624.1_Contig32,33577738,NC_041728.1,1,autosome,1.0,1,6.23e-28,1.0,1.0,1,1,1,1,1,1,1,1,1,0.0472972972972973,0.0472972972972973,0.0,0.0490654205607476,0,1,0
45060555|F|0-48:G>T-48:G>T,45060555,48:G>T,48,PTTO01002793.1_Contig38,5661489,NC_041745.1,18,autosome,1.0,1,1.7299999999999999e-28,0.99734,1.0,1,1,1,1,1,1,1,1,1,0.0135135135135135,0.0135135135135135,0.0,0.014018691588785,0,1,0
45065477|F|0-9:C>A-9:C>A,45065477,9:C>A,9,PTTO01002624.1_Contig32,16192924,NC_041728.1,1,autosome,1.0,1,1.7299999999999999e-28,1.0,1.0,1,1,1,1,1,1,1,1,1,0.1036036036036036,0.1036036036036036,0.4375,0.0911214953271028,1,1,0
45060557|F|0-5:T>C-5:T>C,45060557,5:T>C,5,PTTO01002057.1_Contig2,42651229,NC_041730.1,3,autosome,1.0,1,1.7299999999999999e-28,0.992021,1.0,1,1,1,1,1,1,1,1,0,0.0,0.0,0.0,0.0,0,0,0
45060574|F|0-30:T>C-30:T>C,45060574,30:T>C,30,PTTO01002501.1_Contig138,169833,NC_041744.1,17,autosome,1.0,1,1.7299999999999999e-28,0.986702,1.0,1,1,1,1,1,1,1,1,1,0.0427927927927927,0.0427927927927927,0.0,0.0443925233644859,0,1,0
45068323|F|0-58:G>A-58:G>A,45068323,58:G>A,58,PTTO01002561.1_Contig143,2205230,NC_041744.1,17,autosome,1.0,1,1.7299999999999999e-28,1.0,1.0,1,1,1,1,1,1,1,1,1,0.0427927927927927,0.0427927927927927,0.1875,0.0373831775700934,1,1,0
64984157|F|0-31:A>T-31:A>T,64984157,31:A>T,31,PTTO01002057.1_Contig2,5941415,NC_041730.1,3,autosome,1.0,1,1.7299999999999999e-28,1.0,1.0,1,1,1,1,1,1,1,1,0,0.0,0.0,0.0,0.0,0,0,0
45065518|F|0-35:A>T-35:A>T,45065518,35:A>T,35,PTTO01002476.1_Contig0,34841931,NC_041728.1,1,autosome,1.0,74,1.7299999999999999e-28,1.0,1.0,1,1,1,1,1,1,1,1,1,0.0112612612612612,0.0112612612612612,0.0,0.0116822429906542,0,1,0
45060618|F|0-25:A>C-25:A>C,45060618,25:A>C,25,PTTO01001883.1_Contig281,3099469,NC_041729.1,2,autosome,1.0,1,1.7299999999999999e-28,1.0,1.0,1,1,1,1,1,1,1,1,1,0.0337837837837837,0.0337837837837837,0.25,0.0257009345794392,1,1,0
45060622|F|0-17:G>C-17:G>C,45060622,17:G>C,17,PTTO01002261.1_Contig251,11926379,NC_041743.1,16,autosome,1.0,1,1.7299999999999999e-28,0.99734,1.0,1,1,1,1,1,1,1,1,1,0.0022522522522522,0.0022522522522522,0.0,0.0023364485981308,0,1,0
45060629|F|0-52:C>T-52:C>T,45060629,52:C>T,52,PTTO01001940.1_Contig353,4567106,NC_041731.1,4,autosome,1.0,1,1.7299999999999999e-28,0.99734,1.0,1,1,1,1,1,1,1,1,1,0.0112612612612612,0.0112612612612612,0.0,0.0116822429906542,0,1,0
45053562|F|0-16:T>A-16:T>A,45053562,16:T>A,16,PTTO01004499.1_Contig142,3684362,NC_041744.1,17,autosome,1.0,1,1.7299999999999999e-28,0.994681,1.0,1,1,1,1,1,1,1,1,1,0.054054054054054,0.054054054054054,0.0,0.0560747663551401,0,1,0
64984179|F|0-29:A>T-29:A>T,64984179,29:A>T,29,PTTO01000318.1_Contig139,18230674,NC_041730.1,3,autosome,1.0,1,1.7299999999999999e-28,0.99734,1.0,1,1,1,1,1,1,1,1,0,0.0,0.0,0.0,0.0,0,0,0
45053627|F|0-25:C>T-25:C>T,45053627,25:C>T,25,PTTO01001241.1_Contig276,13735174,NC_041740.1,13,autosome,1.0,1,1.7299999999999999e-28,1.0,1.0,1,1,1,1,1,1,1,1,1,0.0112612612612612,0.0112612612612612,0.0,0.0116822429906542,0,1,0
45065532|F|0-38:G>T-38:G>T,45065532,38:G>T,38,PTTO01003671.1_Contig19,22760258,NC_041735.1,8,autosome,1.0,1,1.7299999999999999e-28,1.0,1.0,1,1,1,1,1,1,1,1,1,0.0022522522522522,0.0022522522522522,0.0,0.0023364485981308,0,1,0
64987578|F|0-45:A>C-45:A>C,64987578,45:A>C,45,PTTO01002624.1_Contig32,23525491,NC_041728.1,1,autosome,1.0,1,1.7299999999999999e-28,0.994681,1.0,1,1,1,1,1,1,1,1,0,0.0045045045045045,0.0045045045045045,0.0625,0.0023364485981308,1,1,0
45060698|F|0-63:T>G-63:T>G,45060698,63:T>G,63,PTTO01000812.1_Contig368,544945,NC_041748.1,21,autosome,1.0,1,1.7299999999999999e-28,0.989362,1.0,1,1,1,1,1,1,1,1,1,0.0022522522522522,0.0022522522522522,0.0,0.0023364485981308,0,1,0
45060720|F|0-13:T>A-13:T>A,45060720,13:T>A,13,PTTO01004262.1_Contig52,13880729,NC_041731.1,4,autosome,1.0,1,1.7299999999999999e-28,0.99734,1.0,1,1,1,1,1,1,1,1,1,0.1734234234234234,0.1734234234234234,0.0,0.1799065420560747,0,1,0
45067495|F|0-22:G>A-22:G>A,45067495,22:G>A,22,PTTO01002473.1_Contig1,15152354,NC_041738.1,11,autosome,1.0,1,1.7299999999999999e-28,1.0,1.0,1,1,1,1,1,1,1,1,1,0.0202702702702702,0.0202702702702702,0.0,0.0210280373831775,0,1,0
45067500|F|0-30:C>T-30:C>T,45067500,30:C>T,30,PTTO01004189.1_Contig18,27106048,NC_041729.1,2,autosome,1.0,1,1.7299999999999999e-28,0.99734,1.0,1,1,1,1,1,1,1,1,0,0.0067567567567567,0.0067567567567567,0.0,0.0070093457943925,0,1,0
64980149|F|0-28:G>A-28:G>A,64980149,28:G>A,28,PTTO01000318.1_Contig139,20393317,NC_041730.1,3,autosome,1.0,1,1.7299999999999999e-28,0.99734,1.0,1,1,1,1,1,1,1,1,0,0.0,0.0,0.0,0.0,0,0,0
45060792|F|0-10:G>A-10:G>A,45060792,10:G>A,10,PTTO01004262.1_Contig52,3230960,NC_041731.1,4,autosome,1.0,1,1.7299999999999999e-28,1.0,1.0,1,1,1,1,1,1,1,1,1,0.045045045045045,0.045045045045045,0.0,0.0467289719626168,0,1,0
45065590|F|0-54:C>T-54:C>T,45065590,54:C>T,54,PTTO01002692.1_Contig2496,417719,NW_021638172.1,unplaced,unplaced,1.0,1,1.7299999999999999e-28,0.994681,1.0,1,1,1,1,1,1,1,1,1,0.2702702702702703,0.2702702702702703,0.375,0.2663551401869158,1,1,0
45068338|F|0-9:C>T-9:C>T,45068338,9:C>T,9,PTTO01004262.1_Contig52,25503453,NC_041731.1,4,autosome,1.0,1,1.7299999999999999e-28,0.99734,1.0,1,1,1,1,1,1,1,1,1,0.009009009009009,0.009009009009009,0.0,0.0093457943925233,0,1,0
64984231|F|0-20:G>A-20:G>A,64984231,20:G>A,20,PTTO01000875.1_Contig31,31747018,NC_041730.1,3,autosome,1.0,1,1.7299999999999999e-28,0.99734,1.0,1,1,1,1,1,1,1,1,0,0.0,0.0,0.0,0.0,0,0,0
45068340|F|0-63:C>T-63:C>T,45068340,63:C>T,63,PTTO01001349.1_Contig23,21965968,NC_041736.1,9,autosome,1.0,1,1.7299999999999999e-28,1.0,1.0,1,1,1,1,1,1,1,1,1,0.1396396396396396,0.1396396396396396,0.125,0.1401869158878504,1,1,0
64980241|F|0-7:C>G-7:C>G,64980241,7:C>G,7,PTTO01002624.1_Contig32,36224472,NC_041728.1,1,autosome,1.0,1,1.7299999999999999e-28,1.0,1.0,1,1,1,1,1,1,1,1,0,0.0,0.0,0.0,0.0,0,0,0
45065620|F|0-24:A>T-24:A>T,45065620,24:A>T,24,PTTO01002476.1_Contig0,30457253,NC_041728.1,1,autosome,1.0,1,1.7299999999999999e-28,1.0,1.0,1,1,1,1,1,1,1,1,1,0.6081081081081081,0.3918918918918919,0.5,0.6121495327102804,1,1,0
45065625|F|0-63:C>T-63:C>T,45065625,63:C>T,63,PTTO01001940.1_Contig353,19421769,NC_041731.1,4,autosome,1.0,1,1.7299999999999999e-28,1.0,1.0,1,1,1,1,1,1,1,1,1,0.0067567567567567,0.0067567567567567,0.0,0.0070093457943925,0,1,0
45060876|F|0-63:G>A-63:G>A,45060876,63:G>A,63,PTTO01004189.1_Contig18,4000778,NC_041729.1,2,autosome,1.0,1,1.7299999999999999e-28,1.0,1.0,1,1,1,1,1,1,1,1,1,0.1351351351351351,0.1351351351351351,0.0,0.1401869158878504,0,1,0
45065626|F|0-42:G>T-42:G>T,45065626,42:G>T,42,PTTO01002476.1_Contig0,70583492,NC_041728.1,1,autosome,1.0,1,8.05e-27,1.0,1.0,1,1,1,1,1,1,1,1,1,0.0112612612612612,0.0112612612612612,0.0,0.0116822429906542,0,1,0
45060886|F|0-42:T>G-42:T>G,45060886,42:T>G,42,PTTO01001241.1_Contig276,2392407,NC_041740.1,13,autosome,1.0,1,1.7299999999999999e-28,1.0,1.0,1,1,1,1,1,1,1,1,1,0.0202702702702702,0.0202702702702702,0.375,0.0070093457943925,1,1,0
45060904|F|0-43:G>A-43:G>A,45060904,43:G>A,43,PTTO01004499.1_Contig142,1007335,NC_041744.1,17,autosome,1.0,1,8.05e-27,0.99734,1.0,1,1,1,1,1,1,1,1,1,0.1554054054054054,0.1554054054054054,0.0625,0.1588785046728972,1,1,0
64987603|F|0-56:C>T-56:C>T,64987603,56:C>T,56,PTTO01001839.1_Contig208,11594792,NC_041741.1,14,autosome,1.0,1,1.7299999999999999e-28,0.994681,1.0,1,1,1,1,1,1,1,1,0,0.0,0.0,0.0,0.0,0,0,0
45065767|F|0-7:T>C-7:T>C,45065767,7:T>C,7,PTTO01004519.1_Contig1477,6466215,NC_041735.1,8,autosome,1.0,1,1.7299999999999999e-28,0.99734,1.0,1,1,1,1,1,1,1,1,1,0.1801801801801801,0.1801801801801801,0.0,0.1869158878504672,0,1,0
45065627|F|0-8:C>T-8:C>T,45065627,8:C>T,8,PTTO01003169.1_Contig274,1507254,NC_041742.1,15,autosome,1.0,1,8.05e-27,1.0,1.0,1,1,1,1,1,1,1,1,1,0.268018018018018,0.268018018018018,0.125,0.2733644859813084,1,1,0
45067520|F|0-35:G>A-35:G>A,45067520,35:G>A,35,PTTO01004189.1_Contig18,10847686,NC_041729.1,2,autosome,1.0,1,1.7299999999999999e-28,1.0,1.0,1,1,1,1,1,1,1,1,1,0.072072072072072,0.072072072072072,0.0,0.0747663551401869,0,1,0
45060931|F|0-12:T>C-12:T>C,45060931,12:T>C,12,PTTO01002624.1_Contig32,23136759,NC_041728.1,1,autosome,1.0,1,1.7299999999999999e-28,1.0,1.0,1,1,1,1,1,1,1,1,1,0.0968468468468468,0.0968468468468468,0.0,0.1004672897196261,0,1,0
64988372|F|0-64:C>G-64:C>G,64988372,64:C>G,64,PTTO01001110.1_Contig192,744394,NC_041731.1,4,autosome,1.0,2,1.7299999999999999e-28,1.0,1.0,1,1,1,1,1,1,1,1,0,0.0202702702702702,0.0202702702702702,0.5,0.0023364485981308,1,1,0
100046341|F|0-40:G>A-40:G>A,100046341,40:G>A,40,PTTO01002545.1_Contig22,28476509,NC_041728.1,1,autosome,1.0,1,1.7299999999999999e-28,0.986702,1.0,1,1,1,1,1,1,1,1,0,0.0,0.0,0.0,0.0,0,0,0
45065667|F|0-15:C>G-15:C>G,45065667,15:C>G,15,PTTO01002104.1_Contig16,29529986,NC_041732.1,5,autosome,1.0,1,6.23e-28,1.0,1.0,1,1,1,1,1,1,1,1,1,0.0157657657657657,0.0157657657657657,0.0,0.0163551401869158,0,1,0
45065675|F|0-51:G>A-51:G>A,45065675,51:G>A,51,PTTO01000006.1_Contig148,14572579,NC_041734.1,7,autosome,1.0,1,8.05e-27,0.99734,1.0,1,1,1,1,1,1,1,1,1,0.0855855855855855,0.0855855855855855,0.0,0.0887850467289719,0,1,0
45065681|F|0-35:A>C-35:A>C,45065681,35:A>C,35,PTTO01000748.1_Contig149,2401693,NC_041748.1,21,autosome,1.0,4,1.7299999999999999e-28,1.0,1.0,1,1,1,1,1,1,1,1,1,0.0472972972972973,0.0472972972972973,0.0,0.0490654205607476,0,1,0
45060987|F|0-22:T>C-22:T>C,45060987,22:T>C,22,PTTO01001236.1_Contig336,7285496,NC_041746.1,19,autosome,1.0,1,3.22e-25,0.99734,1.0,1,1,1,1,1,1,1,1,1,0.0202702702702702,0.0202702702702702,0.0,0.0210280373831775,0,1,0
45061001|F|0-50:T>A-50:T>A,45061001,50:T>A,50,PTTO01001940.1_Contig353,18436336,NC_041731.1,4,autosome,1.0,12,1.7299999999999999e-28,1.0,1.0,1,1,1,1,1,1,1,1,1,0.0135135135135135,0.0135135135135135,0.0,0.014018691588785,0,1,0
45061010|F|0-15:C>T-15:C>T,45061010,15:C>T,15,PTTO01003146.1_Contig77,976357,NC_041734.1,7,autosome,1.0,1,1.7299999999999999e-28,1.0,1.0,1,1,1,1,1,1,1,1,1,0.036036036036036,0.036036036036036,0.0625,0.0350467289719626,1,1,0
45065702|F|0-21:T>C-21:T>C,45065702,21:T>C,21,PTTO01002822.1_Contig364,2503646,NC_041731.1,4,autosome,1.0,1,1.7299999999999999e-28,1.0,1.0,1,1,1,1,1,1,1,1,1,0.018018018018018,0.018018018018018,0.0,0.0186915887850467,0,1,0
45061032|F|0-45:T>A-45:T>A,45061032,45:T>A,45,PTTO01002501.1_Contig138,3423011,NC_041744.1,17,autosome,1.0,1,1.7299999999999999e-28,1.0,1.0,1,1,1,1,1,1,1,1,1,0.3513513513513513,0.3513513513513513,0.25,0.3551401869158878,1,1,0
45061037|F|0-54:C>A-54:C>A,45061037,54:C>A,54,PTTO01003889.1_Contig165,13639277,NC_041729.1,2,autosome,1.0,1,1.7299999999999999e-28,1.0,1.0,1,1,1,1,1,1,1,1,1,0.0067567567567567,0.0067567567567567,0.0,0.0070093457943925,0,1,0
100046457|F|0-51:C>T-51:C>T,100046457,51:C>T,51,PTTO01002624.1_Contig32,30507901,NC_041728.1,1,autosome,1.0,1,1.7299999999999999e-28,0.99734,1.0,1,1,1,1,1,1,1,1,0,0.0,0.0,0.0,0.0,0,0,0
95138708|F|0-66:G>A-66:G>A,95138708,66:G>A,66,PTTO01000783.1_Contig184,419298,NW_021638062.1,unplaced,unplaced,1.0,12,1.7299999999999999e-28,1.0,1.0,1,1,1,1,1,1,1,1,0,0.0,0.0,0.0,0.0,0,0,0
45067536|F|0-44:C>T-44:C>T,45067536,44:C>T,44,PTTO01001883.1_Contig281,6282875,NC_041729.1,2,autosome,1.0,14,1.7299999999999999e-28,1.0,1.0,1,1,1,1,1,1,1,1,1,0.0247747747747747,0.0247747747747747,0.25,0.0163551401869158,1,1,0
45061060|F|0-38:C>A-38:C>A,45061060,38:C>A,38,PTTO01003571.1_Contig67,15551354,NC_041736.1,9,autosome,1.0,1,1.7299999999999999e-28,0.994681,1.0,1,1,1,1,1,1,1,1,1,0.081081081081081,0.081081081081081,0.0,0.0841121495327102,0,1,0
45065716|F|0-39:C>T-39:C>T,45065716,39:C>T,39,PTTO01003671.1_Contig19,16456725,NC_041735.1,8,autosome,1.0,1,1.7299999999999999e-28,1.0,1.0,1,1,1,1,1,1,1,1,1,0.009009009009009,0.009009009009009,0.0,0.0093457943925233,0,1,0
64984330|F|0-52:A>T-52:A>T,64984330,52:A>T,52,PTTO01004519.1_Contig1477,5499778,NC_041735.1,8,autosome,1.0,1,1.7299999999999999e-28,0.994681,1.0,1,1,1,1,1,1,1,1,0,0.0,0.0,0.0,0.0,0,0,0
45065724|F|0-51:G>T-51:G>T,45065724,51:G>T,51,PTTO01002261.1_Contig251,8356090,NC_041743.1,16,autosome,1.0,1,1.7299999999999999e-28,0.99734,1.0,1,1,1,1,1,1,1,1,1,0.0990990990990991,0.0990990990990991,0.0,0.102803738317757,0,1,0
45065727|F|0-37:C>A-37:C>A,45065727,37:C>A,37,PTTO01004415.1_Contig112,459480,NC_041733.1,6,autosome,1.0,1,1.7299999999999999e-28,1.0,1.0,1,1,1,1,1,1,1,1,1,0.5472972972972973,0.4527027027027027,0.625,0.544392523364486,1,1,0
45067542|F|0-24:C>T-24:C>T,45067542,24:C>T,24,PTTO01004519.1_Contig1477,3521793,NC_041735.1,8,autosome,1.0,1,1.7299999999999999e-28,0.99734,1.0,1,1,1,1,1,1,1,1,1,0.027027027027027,0.027027027027027,0.0,0.02803738317757,0,1,0
45061113|F|0-18:C>A-18:C>A,45061113,18:C>A,18,PTTO01003889.1_Contig165,9121353,NC_041729.1,2,autosome,1.0,1,1.7299999999999999e-28,0.994681,1.0,1,1,1,1,1,1,1,1,1,0.0067567567567567,0.0067567567567567,0.0,0.0070093457943925,0,1,0
45061118|F|0-49:G>A-49:G>A,45061118,49:G>A,49,PTTO01002624.1_Contig32,24525187,NC_041728.1,1,autosome,1.0,1,8.05e-27,1.0,1.0,1,1,1,1,1,1,1,1,1,0.3468468468468468,0.3468468468468468,0.1875,0.352803738317757,1,1,0
45067549|F|0-11:G>A-11:G>A,45067549,11:G>A,11,PTTO01000659.1_Contig3311,12895404,NC_041731.1,4,autosome,1.0,1,3.75e-25,1.0,1.0,1,1,1,1,1,1,1,1,1,0.1283783783783783,0.1283783783783783,0.125,0.1285046728971962,1,1,0
45061119|F|0-58:A>C-58:A>C,45061119,58:A>C,58,PTTO01001349.1_Contig23,24469170,NC_041736.1,9,autosome,1.0,1,1.7299999999999999e-28,1.0,1.0,1,1,1,1,1,1,1,1,1,0.0855855855855855,0.0855855855855855,0.0,0.0887850467289719,0,1,0
64984358|F|0-34:G>A-34:G>A,64984358,34:G>A,34,PTTO01003671.1_Contig19,6006487,NC_041735.1,8,autosome,1.0,1,1.7299999999999999e-28,0.99734,1.0,1,1,1,1,1,1,1,1,0,0.0045045045045045,0.0045045045045045,0.125,0.0,1,0,0
45061142|F|0-36:G>A-36:G>A,45061142,36:G>A,36,PTTO01004505.1_Contig79,1049288,NC_041731.1,4,autosome,1.0,1,1.7299999999999999e-28,0.99734,1.0,1,1,1,1,1,1,1,1,1,0.0878378378378378,0.0878378378378378,0.0,0.0911214953271028,0,1,0
45061148|F|0-64:G>A-64:G>A,45061148,64:G>A,64,PTTO01002261.1_Contig251,10383258,NC_041743.1,16,autosome,1.0,1,1.7299999999999999e-28,0.992021,1.0,1,1,1,1,1,1,1,1,1,0.0045045045045045,0.0045045045045045,0.0,0.0046728971962616,0,1,0
45065762|F|0-17:C>T-17:C>T,45065762,17:C>T,17,PTTO01000332.1_Contig333,2070844,NC_041729.1,2,autosome,1.0,1,1.7299999999999999e-28,0.992021,1.0,1,1,1,1,1,1,1,1,1,0.0382882882882882,0.0382882882882882,0.0,0.0397196261682243,0,1,0
45065763|F|0-65:C>A-65:C>A,45065763,65:C>A,65,PTTO01003256.1_Contig153,8723300,NC_041746.1,19,autosome,1.0,1,1.7299999999999999e-28,0.99734,1.0,1,1,1,1,1,1,1,1,1,0.4414414414414414,0.4414414414414414,0.625,0.4345794392523364,1,1,0
64984380|F|0-21:G>A-21:G>A,64984380,21:G>A,21,PTTO01000974.1_Contig37,2237151,NC_041741.1,14,autosome,1.0,1,1.7299999999999999e-28,1.0,1.0,1,1,1,1,1,1,1,1,0,0.0,0.0,0.0,0.0,0,0,0
45065770|F|0-54:G>T-54:G>T,45065770,54:G>T,54,PTTO01001241.1_Contig276,13847495,NC_041740.1,13,autosome,1.0,1,1.7299999999999999e-28,0.99734,1.0,1,1,1,1,1,1,1,1,1,0.009009009009009,0.009009009009009,0.0,0.0093457943925233,0,1,0
45061170|F|0-49:A>T-49:A>T,45061170,49:A>T,49,PTTO01002473.1_Contig1,14097540,NC_041738.1,11,autosome,1.0,1,1.7299999999999999e-28,0.994681,1.0,1,1,1,1,1,1,1,1,1,0.0202702702702702,0.0202702702702702,0.0,0.0210280373831775,0,1,0
45065777|F|0-10:G>C-10:G>C,45065777,10:G>C,10,PTTO01001236.1_Contig336,582611,NC_041746.1,19,autosome,1.0,3,1.7299999999999999e-28,0.99734,1.0,1,1,1,1,1,1,1,1,1,0.045045045045045,0.045045045045045,0.0,0.0467289719626168,0,1,0
45065788|F|0-15:T>C-15:T>C,45065788,15:T>C,15,PTTO01001320.1_Contig70,14188876,NC_041731.1,4,autosome,1.0,1,1.7299999999999999e-28,0.989362,1.0,1,1,1,1,1,1,1,1,1,0.0698198198198198,0.0698198198198198,0.125,0.0677570093457943,1,1,0
45061194|F|0-54:A>T-54:A>T,45061194,54:A>T,54,PTTO01003276.1_Contig54,549965,NC_041738.1,11,autosome,1.0,1,1.7299999999999999e-28,0.994681,1.0,1,1,1,1,1,1,1,1,1,0.0135135135135135,0.0135135135135135,0.0,0.014018691588785,0,1,0
45053642|F|0-28:C>T-28:C>T,45053642,28:C>T,28,PTTO01001296.1_Contig62,511993,NC_041746.1,19,autosome,1.0,1,1.7299999999999999e-28,0.99734,1.0,1,1,1,1,1,1,1,1,1,0.0427927927927927,0.0427927927927927,0.0,0.0443925233644859,0,1,0
45053661|F|0-65:A>T-65:A>T,45053661,65:A>T,65,PTTO01002104.1_Contig16,31574629,NC_041732.1,5,autosome,1.0,1,8.05e-27,0.99734,1.0,1,1,1,1,1,1,1,1,1,0.2274774774774774,0.2274774774774774,0.3125,0.2242990654205607,1,1,0
45053671|F|0-67:T>G-67:T>G,45053671,67:T>G,67,PTTO01001611.1_Contig3553,3617240,NC_041739.1,12,autosome,1.0,1,1.7299999999999999e-28,1.0,1.0,1,1,1,1,1,1,1,1,1,0.0157657657657657,0.0157657657657657,0.0,0.0163551401869158,0,1,0
45067714|F|0-39:C>T-39:C>T,45067714,39:C>T,39,PTTO01002104.1_Contig16,19755777,NC_041732.1,5,autosome,1.0,1,1.7299999999999999e-28,0.99734,1.0,1,1,1,1,1,1,1,1,1,0.0112612612612612,0.0112612612612612,0.0,0.0116822429906542,0,1,0
45066135|F|0-56:C>T-56:C>T,45066135,56:C>T,56,PTTO01000873.1_Contig3269,835672,NC_041729.1,2,autosome,1.0,2,1.7299999999999999e-28,0.984043,1.0,1,1,1,1,1,1,1,1,1,0.0202702702702702,0.0202702702702702,0.0,0.0210280373831775,0,1,0
45067675|F|0-18:G>C-18:G>C,45067675,18:G>C,18,PTTO01000765.1_Contig334,11374934,NC_041729.1,2,autosome,1.0,1,1.7299999999999999e-28,0.99734,1.0,1,1,1,1,1,1,1,1,1,0.1283783783783783,0.1283783783783783,0.3125,0.1214953271028037,1,1,0
45062222|F|0-40:G>A-40:G>A,45062222,40:G>A,40,PTTO01001633.1_Contig312,6194277,NC_041739.1,12,autosome,1.0,1,1.7299999999999999e-28,0.99734,1.0,1,1,1,1,1,1,1,1,1,0.0472972972972973,0.0472972972972973,0.375,0.0350467289719626,1,1,0
45067730|F|0-19:C>A-19:C>A,45067730,19:C>A,19,PTTO01001940.1_Contig353,17073957,NC_041731.1,4,autosome,1.0,1,2.04e-21,0.994681,1.0,1,1,1,1,1,1,1,1,1,0.0045045045045045,0.0045045045045045,0.0,0.0046728971962616,0,1,0
45062226|F|0-54:C>T-54:C>T,45062226,54:C>T,54,PTTO01002057.1_Contig2,43496128,NC_041730.1,3,autosome,1.0,1,2.63e-26,0.99734,1.0,1,1,1,1,1,1,1,1,1,0.0315315315315315,0.0315315315315315,0.0,0.0327102803738317,0,1,0
45053822|F|0-31:A>C-31:A>C,45053822,31:A>C,31,PTTO01001349.1_Contig23,22669291,NC_041736.1,9,autosome,1.0,1,1.7299999999999999e-28,1.0,1.0,1,1,1,1,1,1,1,1,0,0.0157657657657657,0.0157657657657657,0.0,0.0163551401869158,0,1,0
45067731|F|0-65:T>C-65:T>C,45067731,65:T>C,65,PTTO01003276.1_Contig54,6872399,NC_041738.1,11,autosome,1.0,1,8.05e-27,0.99734,1.0,1,1,1,1,1,1,1,1,1,0.972972972972973,0.0270270270270269,1.0,0.97196261682243,0,1,0
45062260|F|0-9:C>G-9:C>G,45062260,9:C>G,9,PTTO01002261.1_Contig251,2964232,NC_041743.1,16,autosome,1.0,1,1.7299999999999999e-28,0.994681,1.0,1,1,1,1,1,1,1,1,1,0.0045045045045045,0.0045045045045045,0.0,0.0046728971962616,0,1,0
45053932|F|0-55:G>A-55:G>A,45053932,55:G>A,55,PTTO01001241.1_Contig276,7846432,NC_041740.1,13,autosome,1.0,1,1.7299999999999999e-28,1.0,1.0,1,1,1,1,1,1,1,1,1,0.018018018018018,0.018018018018018,0.0,0.0186915887850467,0,1,0
45053992|F|0-67:A>T-67:A>T,45053992,67:A>T,67,PTTO01002261.1_Contig251,8340803,NC_041743.1,16,autosome,1.0,1,1.7299999999999999e-28,0.99734,1.0,1,1,1,1,1,1,1,1,0,0.0472972972972973,0.0472972972972973,0.0,0.0490654205607476,0,1,0
45054012|F|0-65:A>T-65:A>T,45054012,65:A>T,65,PTTO01002476.1_Contig0,26026845,NC_041728.1,1,autosome,1.0,1,2.9000000000000004e-26,0.994681,1.0,1,1,1,1,1,1,1,1,1,0.2454954954954954,0.2454954954954954,0.1875,0.2476635514018691,1,1,0
45068460|F|0-34:C>T-34:C>T,45068460,34:C>T,34,PTTO01000947.1_Contig1049,817223,NC_041739.1,12,autosome,1.0,1,1.7299999999999999e-28,1.0,1.0,1,1,1,1,1,1,1,1,0,0.1779279279279279,0.1779279279279279,0.0625,0.1822429906542056,1,1,0
45054028|F|0-63:G>A-63:G>A,45054028,63:G>A,63,PTTO01003276.1_Contig54,12289606,NC_041738.1,11,autosome,1.0,1,1.7299999999999999e-28,0.994681,1.0,1,1,1,1,1,1,1,1,1,0.1373873873873874,0.1373873873873874,0.25,0.1331775700934579,1,1,0
45054047|F|0-57:A>T-57:A>T,45054047,57:A>T,57,PTTO01001241.1_Contig276,10956001,NC_041740.1,13,autosome,1.0,1,1.7299999999999999e-28,0.99734,1.0,1,1,1,1,1,1,1,1,1,0.2004504504504504,0.2004504504504504,0.0625,0.205607476635514,1,1,0
45054057|F|0-50:A>T-50:A>T,45054057,50:A>T,50,PTTO01003710.1_Contig217,5510801,NC_041733.1,6,autosome,1.0,1,1.7299999999999999e-28,0.99734,1.0,1,1,1,1,1,1,1,1,1,0.0292792792792792,0.0292792792792792,0.0,0.0303738317757009,0,1,0
64988669|F|0-32:G>A-32:G>A,64988669,32:G>A,32,PTTO01001678.1_Contig35,14156885,NC_041737.1,10,autosome,1.0,1,1.7299999999999999e-28,1.0,1.0,1,1,1,1,1,1,1,1,0,0.0,0.0,0.0,0.0,0,0,0
64972745|F|0-23:G>A-23:G>A,64972745,23:G>A,23,PTTO01000765.1_Contig334,11408886,NC_041729.1,2,autosome,1.0,1,1.7299999999999999e-28,0.994681,1.0,1,1,1,1,1,1,1,1,0,0.0,0.0,0.0,0.0,0,0,0
100050799|F|0-56:A>G-56:A>G,100050799,56:A>G,56,PTTO01000659.1_Contig3311,1586688,NC_041731.1,4,autosome,1.0,1,1.7299999999999999e-28,1.0,1.0,1,1,1,1,1,1,1,1,0,0.0,0.0,0.0,0.0,0,0,0
45062387|F|0-35:C>A-35:C>A,45062387,35:C>A,35,PTTO01001051.1_Contig4,8017691,NC_041737.1,10,autosome,1.0,1,1.7299999999999999e-28,0.99734,1.0,1,1,1,1,1,1,1,1,1,0.1148648648648648,0.1148648648648648,0.5625,0.0981308411214953,1,1,0
45066224|F|0-61:C>T-61:C>T,45066224,61:C>T,61,PTTO01000765.1_Contig334,27027570,NC_041729.1,2,autosome,1.0,1,1.7299999999999999e-28,0.99734,1.0,1,1,1,1,1,1,1,1,1,0.0225225225225225,0.0225225225225225,0.0,0.0233644859813084,0,1,0
45054252|F|0-50:G>C-50:G>C,45054252,50:G>C,50,PTTO01002967.1_Contig85,3478778,NC_041733.1,6,autosome,1.0,1,1.7299999999999999e-28,0.994681,1.0,1,1,1,1,1,1,1,1,1,0.018018018018018,0.018018018018018,0.0,0.0186915887850467,0,1,0
45054299|F|0-47:G>A-47:G>A,45054299,47:G>A,47,PTTO01001320.1_Contig70,14573920,NC_041731.1,4,autosome,1.0,1,1.7299999999999999e-28,0.978723,1.0,1,1,1,1,1,1,1,1,1,0.0022522522522522,0.0022522522522522,0.0,0.0023364485981308,0,1,0
45066238|F|0-60:C>T-60:C>T,45066238,60:C>T,60,PTTO01002545.1_Contig22,9577767,NC_041728.1,1,autosome,1.0,1,2.9000000000000004e-26,1.0,1.0,1,1,1,1,1,1,1,1,1,0.1666666666666666,0.1666666666666666,0.0,0.1728971962616822,0,1,0
45062439|F|0-15:A>G-15:A>G,45062439,15:A>G,15,PTTO01001370.1_Contig26,29026237,NC_041734.1,7,autosome,1.0,1,1.7299999999999999e-28,1.0,1.0,1,1,1,1,1,1,1,1,1,0.3333333333333333,0.3333333333333333,0.0,0.3457943925233644,0,1,0
45062446|F|0-52:T>G-52:T>G,45062446,52:T>G,52,PTTO01000318.1_Contig139,18054574,NC_041730.1,3,autosome,1.0,1,8.05e-27,0.99734,1.0,1,1,1,1,1,1,1,1,1,0.0923423423423423,0.0923423423423423,0.0625,0.0934579439252336,1,1,0
45067756|F|0-19:C>T-19:C>T,45067756,19:C>T,19,PTTO01000974.1_Contig37,14083317,NC_041741.1,14,autosome,1.0,1,1.7299999999999999e-28,0.994681,1.0,1,1,1,1,1,1,1,1,1,0.1666666666666666,0.1666666666666666,0.4375,0.1565420560747663,1,1,0
45054352|F|0-28:C>G-28:C>G,45054352,28:C>G,28,PTTO01001633.1_Contig312,1853803,NC_041739.1,12,autosome,1.0,1,1.7299999999999999e-28,1.0,1.0,1,1,1,1,1,1,1,1,1,0.4256756756756756,0.4256756756756756,0.8125,0.411214953271028,1,1,0
45054366|F|0-31:A>G-31:A>G,45054366,31:A>G,31,PTTO01001236.1_Contig336,4576503,NC_041746.1,19,autosome,1.0,2,1.7299999999999999e-28,1.0,1.0,1,1,1,1,1,1,1,1,1,0.1148648648648648,0.1148648648648648,0.0,0.1191588785046729,0,1,0
45067758|F|0-53:C>T-53:C>T,45067758,53:C>T,53,PTTO01002057.1_Contig2,521620,NC_041730.1,3,autosome,1.0,78,1.7299999999999999e-28,1.0,1.0,1,1,1,1,1,1,1,1,1,0.0202702702702702,0.0202702702702702,0.0,0.0210280373831775,0,1,0
45054418|F|0-13:C>A-13:C>A,45054418,13:C>A,13,PTTO01002315.1_Contig12,11363926,NC_041729.1,2,autosome,1.0,1,1.7299999999999999e-28,1.0,1.0,1,1,1,1,1,1,1,1,1,0.0112612612612612,0.0112612612612612,0.0,0.0116822429906542,0,1,0
45062141|F|0-58:T>A-58:T>A,45062141,58:T>A,58,PTTO01001633.1_Contig312,7917989,NC_041739.1,12,autosome,1.0,1,1.7299999999999999e-28,0.992021,1.0,1,1,1,1,1,1,1,1,1,0.0653153153153153,0.0653153153153153,0.0,0.0677570093457943,0,1,0
45067770|F|0-31:G>T-31:G>T,45067770,31:G>T,31,PTTO01002057.1_Contig2,41081180,NC_041730.1,3,autosome,1.0,1,1.7299999999999999e-28,0.99734,1.0,1,1,1,1,1,1,1,1,0,0.0765765765765765,0.0765765765765765,0.0,0.0794392523364486,0,1,0
45062516|F|0-61:T>C-61:T>C,45062516,61:T>C,61,PTTO01000875.1_Contig31,31675708,NC_041730.1,3,autosome,1.0,1,1.7299999999999999e-28,0.99734,1.0,1,1,1,1,1,1,1,1,1,0.5630630630630631,0.4369369369369369,0.625,0.5607476635514018,1,1,0
45054468|F|0-66:T>C-66:T>C,45054468,66:T>C,66,PTTO01000765.1_Contig334,25864345,NC_041729.1,2,autosome,1.0,1,1.7299999999999999e-28,0.99734,1.0,1,1,1,1,1,1,1,1,1,0.0067567567567567,0.0067567567567567,0.0625,0.0046728971962616,1,1,0
45062533|F|0-27:C>A-27:C>A,45062533,27:C>A,27,PTTO01001114.1_Contig282,1313059,NC_041740.1,13,autosome,1.0,1,1.7299999999999999e-28,1.0,1.0,1,1,1,1,1,1,1,1,1,0.0157657657657657,0.0157657657657657,0.0,0.0163551401869158,0,1,0
45054502|F|0-47:A>C-47:A>C,45054502,47:A>C,47,PTTO01000659.1_Contig3311,17235963,NC_041731.1,4,autosome,1.0,1,1.7299999999999999e-28,1.0,1.0,1,1,1,1,1,1,1,1,1,0.2972972972972973,0.2972972972972973,0.75,0.2803738317757009,1,1,0
45054510|F|0-53:C>A-53:C>A,45054510,53:C>A,53,PTTO01000875.1_Contig31,30495315,NC_041730.1,3,autosome,1.0,1,1.7299999999999999e-28,1.0,1.0,1,1,1,1,1,1,1,1,1,0.0045045045045045,0.0045045045045045,0.0,0.0046728971962616,0,1,0
45062568|F|0-27:C>T-27:C>T,45062568,27:C>T,27,PTTO01004262.1_Contig52,27222537,NC_041731.1,4,autosome,1.0,1,1.7299999999999999e-28,1.0,1.0,1,1,1,1,1,1,1,1,1,0.063063063063063,0.063063063063063,0.3125,0.0537383177570093,1,1,0
45054596|F|0-28:G>A-28:G>A,45054596,28:G>A,28,PTTO01001940.1_Contig353,6679018,NC_041731.1,4,autosome,1.0,1,1.7299999999999999e-28,1.0,1.0,1,1,1,1,1,1,1,1,1,0.0833333333333333,0.0833333333333333,0.125,0.0817757009345794,1,1,0
45066302|F|0-36:C>A-36:C>A,45066302,36:C>A,36,PTTO01002261.1_Contig251,9645833,NC_041743.1,16,autosome,1.0,4,1.7299999999999999e-28,0.994681,1.0,1,1,1,1,1,1,1,1,1,0.1644144144144144,0.1644144144144144,0.0,0.1705607476635514,0,1,0
45062605|F|0-60:G>A-60:G>A,45062605,60:G>A,60,PTTO01001236.1_Contig336,330505,NC_041746.1,19,autosome,1.0,1,1.7299999999999999e-28,0.99734,1.0,1,1,1,1,1,1,1,1,1,0.1418918918918918,0.1418918918918918,0.0,0.1471962616822429,0,1,0
45067787|F|0-24:T>G-24:T>G,45067787,24:T>G,24,PTTO01002967.1_Contig85,14380811,NC_041733.1,6,autosome,1.0,1,1.7299999999999999e-28,1.0,1.0,1,1,1,1,1,1,1,1,1,0.1193693693693693,0.1193693693693693,0.0,0.1238317757009345,0,1,0
45067788|F|0-63:A>G-63:A>G,45067788,63:A>G,63,PTTO01002476.1_Contig0,84531439,NC_041728.1,1,autosome,1.0,1,1.7299999999999999e-28,0.994681,1.0,1,1,1,1,1,1,1,1,1,0.2815315315315315,0.2815315315315315,0.0,0.2920560747663551,0,1,0
45054743|F|0-15:T>A-15:T>A,45054743,15:T>A,15,PTTO01002476.1_Contig0,94327693,NC_041728.1,1,autosome,1.0,1,1.7299999999999999e-28,1.0,1.0,1,1,1,1,1,1,1,1,1,0.0157657657657657,0.0157657657657657,0.0,0.0163551401869158,0,1,0
45054778|F|0-16:T>G-16:T>G,45054778,16:T>G,16,PTTO01002340.1_Contig228,81437,NC_041729.1,2,autosome,1.0,4,8.05e-27,0.99734,1.0,1,1,1,1,1,1,1,1,1,0.0788288288288288,0.0788288288288288,0.3125,0.0700934579439252,1,1,0
45066325|F|0-34:C>A-34:C>A,45066325,34:C>A,34,PTTO01002057.1_Contig2,15145579,NC_041730.1,3,autosome,1.0,1,6.23e-28,0.994681,1.0,1,1,1,1,1,1,1,1,1,0.1193693693693693,0.1193693693693693,0.0625,0.1214953271028037,1,1,0
45062734|F|0-43:A>T-43:A>T,45062734,43:A>T,43,PTTO01004415.1_Contig112,323200,NC_041733.1,6,autosome,1.0,2,1.7299999999999999e-28,0.99734,1.0,1,1,1,1,1,1,1,1,1,0.5382882882882883,0.4617117117117116,1.0,0.5210280373831776,0,1,0
64974110|F|0-59:C>T-59:C>T,64974110,59:C>T,59,PTTO01001940.1_Contig353,12363091,NC_041731.1,4,autosome,1.0,1,1.7299999999999999e-28,0.994681,1.0,1,1,1,1,1,1,1,1,0,0.0,0.0,0.0,0.0,0,0,0
45066355|F|0-8:A>G-8:A>G,45066355,8:A>G,8,PTTO01003275.1_Contig387,739549,NC_041741.1,14,autosome,1.0,1,1.7299999999999999e-28,1.0,1.0,1,1,1,1,1,1,1,1,1,0.2567567567567567,0.2567567567567567,0.1875,0.2593457943925233,1,1,0
45067814|F|0-38:T>G-38:T>G,45067814,38:T>G,38,PTTO01000875.1_Contig31,5572216,NC_041730.1,3,autosome,1.0,13,1.7299999999999999e-28,0.99734,1.0,1,1,1,1,1,1,1,1,1,0.3490990990990991,0.3490990990990991,0.5625,0.3411214953271028,1,1,0
45055020|F|0-35:G>A-35:G>A,45055020,35:G>A,35,PTTO01000875.1_Contig31,19440427,NC_041730.1,3,autosome,1.0,1,2.9000000000000004e-26,1.0,1.0,1,1,1,1,1,1,1,1,0,0.1261261261261261,0.1261261261261261,0.0,0.1308411214953271,0,1,0
45066372|F|0-23:T>A-23:T>A,45066372,23:T>A,23,PTTO01002057.1_Contig2,9140124,NC_041730.1,3,autosome,1.0,114,1.7299999999999999e-28,0.99734,1.0,1,1,1,1,1,1,1,1,1,0.027027027027027,0.027027027027027,0.25,0.0186915887850467,1,1,0
64982201|F|0-50:C>T-50:C>T,64982201,50:C>T,50,PTTO01003889.1_Contig165,4717719,NC_041729.1,2,autosome,1.0,1,1.7299999999999999e-28,0.99734,1.0,1,1,1,1,1,1,1,1,0,0.0292792792792792,0.0292792792792792,0.625,0.0070093457943925,1,1,0
45066394|F|0-58:C>G-58:C>G,45066394,58:C>G,58,PTTO01001564.1_Contig1857,658153,NC_041746.1,19,autosome,1.0,1,1.7299999999999999e-28,0.992021,1.0,1,1,1,1,1,1,1,1,0,0.1441441441441441,0.1441441441441441,0.0,0.1495327102803738,0,1,0
45066396|F|0-51:C>A-51:C>A,45066396,51:C>A,51,PTTO01004189.1_Contig18,2048180,NC_041729.1,2,autosome,1.0,1,1.7299999999999999e-28,0.99734,1.0,1,1,1,1,1,1,1,1,1,0.1261261261261261,0.1261261261261261,0.125,0.1261682242990654,1,1,0
45062863|F|0-14:G>T-14:G>T,45062863,14:G>T,14,PTTO01003925.1_Contig3008,315982,NC_041729.1,2,autosome,1.0,1,1.7299999999999999e-28,1.0,1.0,1,1,1,1,1,1,1,1,1,0.0833333333333333,0.0833333333333333,0.0,0.0864485981308411,0,1,0
45055236|F|0-26:C>G-26:C>G,45055236,26:C>G,26,PTTO01000006.1_Contig148,4233047,NC_041734.1,7,autosome,1.0,1,1.7299999999999999e-28,1.0,1.0,1,1,1,1,1,1,1,1,1,0.081081081081081,0.081081081081081,0.0,0.0841121495327102,0,1,0
45067834|F|0-21:G>A-21:G>A,45067834,21:G>A,21,PTTO01003276.1_Contig54,5684145,NC_041738.1,11,autosome,1.0,1,1.7299999999999999e-28,1.0,1.0,1,1,1,1,1,1,1,1,1,0.4054054054054054,0.4054054054054054,0.1875,0.4135514018691589,1,1,0
45055313|F|0-21:T>G-21:T>G,45055313,21:T>G,21,PTTO01002545.1_Contig22,16946361,NC_041728.1,1,autosome,1.0,1,1.7299999999999999e-28,1.0,1.0,1,1,1,1,1,1,1,1,1,0.0045045045045045,0.0045045045045045,0.0,0.0046728971962616,0,1,0
45066417|F|0-42:C>T-42:C>T,45066417,42:C>T,42,PTTO01001678.1_Contig35,697928,NC_041737.1,10,autosome,1.0,1,1.7299999999999999e-28,0.99734,1.0,1,1,1,1,1,1,1,1,1,0.0427927927927927,0.0427927927927927,0.0,0.0443925233644859,0,1,0
45055398|F|0-8:C>G-8:C>G,45055398,8:C>G,8,PTTO01002476.1_Contig0,4434931,NC_041728.1,1,autosome,1.0,1,1.7299999999999999e-28,0.99734,1.0,1,1,1,1,1,1,1,1,1,0.4121621621621621,0.4121621621621621,0.5625,0.4065420560747663,1,1,0
100051378|F|0-6:G>T-6:G>T,100051378,6:G>T,6,PTTO01003425.1_Contig303,6334531,NC_041743.1,16,autosome,1.0,1,1.7299999999999999e-28,0.992021,1.0,1,1,1,1,1,1,1,1,0,0.0,0.0,0.0,0.0,0,0,0
64974537|F|0-12:G>A-12:G>A,64974537,12:G>A,12,PTTO01001940.1_Contig353,21639654,NC_041731.1,4,autosome,1.0,1,1.7299999999999999e-28,0.99734,1.0,1,1,1,1,1,1,1,1,0,0.0,0.0,0.0,0.0,0,0,0
45066442|F|0-23:T>A-23:T>A,45066442,23:T>A,23,PTTO01002057.1_Contig2,31122785,NC_041730.1,3,autosome,1.0,1,1.7299999999999999e-28,0.994681,1.0,1,1,1,1,1,1,1,1,1,0.0585585585585585,0.0585585585585585,0.0,0.0607476635514018,0,1,0
64974567|F|0-16:A>T-16:A>T,64974567,16:A>T,16,PTTO01003882.1_Contig102,11563160,NC_041732.1,5,autosome,1.0,1,2.63e-26,1.0,1.0,1,1,1,1,1,1,1,1,0,0.0,0.0,0.0,0.0,0,0,0
45062964|F|0-45:C>A-45:C>A,45062964,45:C>A,45,PTTO01002793.1_Contig38,4599008,NC_041745.1,18,autosome,1.0,1,1.7299999999999999e-28,1.0,1.0,1,1,1,1,1,1,1,1,1,0.0788288288288288,0.0788288288288288,0.0,0.0817757009345794,0,1,0
64974582|F|0-24:C>T-24:C>T,64974582,24:C>T,24,PTTO01000006.1_Contig148,13674594,NC_041734.1,7,autosome,1.0,1,1.7299999999999999e-28,0.99734,1.0,1,1,1,1,1,1,1,1,0,0.0067567567567567,0.0067567567567567,0.0,0.0070093457943925,0,1,0
45066460|F|0-15:G>A-15:G>A,45066460,15:G>A,15,PTTO01004427.1_Contig106,5677056,NC_041739.1,12,autosome,1.0,1,1.7299999999999999e-28,1.0,1.0,1,1,1,1,1,1,1,1,0,0.0743243243243243,0.0743243243243243,0.0,0.0771028037383177,0,1,0
45068857|F|0-37:G>C-37:G>C,45068857,37:G>C,37,PTTO01001678.1_Contig35,10103535,NC_041737.1,10,autosome,1.0,1,1.7299999999999999e-28,1.0,1.0,1,1,1,1,1,1,1,1,0,0.1846846846846846,0.1846846846846846,0.0625,0.1892523364485981,1,1,0
64974714|F|0-16:T>A-16:T>A,64974714,16:T>A,16,PTTO01001236.1_Contig336,11498080,NC_041746.1,19,autosome,1.0,1,1.7299999999999999e-28,1.0,1.0,1,1,1,1,1,1,1,1,0,0.0,0.0,0.0,0.0,0,0,0
45066463|F|0-25:C>T-25:C>T,45066463,25:C>T,25,PTTO01000659.1_Contig3311,2181106,NC_041731.1,4,autosome,1.0,1,1.7299999999999999e-28,1.0,1.0,1,1,1,1,1,1,1,1,1,0.1036036036036036,0.1036036036036036,0.5,0.0887850467289719,1,1,0
45066472|F|0-51:G>A-51:G>A,45066472,51:G>A,51,PTTO01002624.1_Contig32,14455938,NC_041728.1,1,autosome,1.0,1,1.7299999999999999e-28,0.992021,1.0,1,1,1,1,1,1,1,1,1,0.072072072072072,0.072072072072072,0.5,0.0560747663551401,1,1,0
100051492|F|0-17:T>C-17:T>C,100051492,17:T>C,17,PTTO01001940.1_Contig353,2510173,NC_041731.1,4,autosome,1.0,1,1.7299999999999999e-28,0.99734,1.0,1,1,1,1,1,1,1,1,0,0.0,0.0,0.0,0.0,0,0,0
45066480|F|0-8:G>A-8:G>A,45066480,8:G>A,8,PTTO01000456.1_Contig984,33109,NC_041728.1,1,autosome,1.0,3,1.7299999999999999e-28,0.99734,1.0,1,1,1,1,1,1,1,1,1,0.0923423423423423,0.0923423423423423,0.0,0.0957943925233644,0,1,0
45063045|F|0-15:T>C-15:T>C,45063045,15:T>C,15,PTTO01000974.1_Contig37,15736065,NC_041741.1,14,autosome,1.0,1,1.7299999999999999e-28,1.0,1.0,1,1,1,1,1,1,1,1,1,0.0405405405405405,0.0405405405405405,0.3125,0.0303738317757009,1,1,0
45063052|F|0-10:G>A-10:G>A,45063052,10:G>A,10,PTTO01000875.1_Contig31,30397933,NC_041730.1,3,autosome,1.0,1,1.7299999999999999e-28,0.99734,1.0,1,1,1,1,1,1,1,1,1,0.0067567567567567,0.0067567567567567,0.0,0.0070093457943925,0,1,0
45063055|F|0-56:G>A-56:G>A,45063055,56:G>A,56,PTTO01002476.1_Contig0,6471887,NC_041728.1,1,autosome,1.0,35,1.7299999999999999e-28,0.99734,1.0,1,1,1,1,1,1,1,1,1,0.0788288288288288,0.0788288288288288,0.0,0.0817757009345794,0,1,0
45055674|F|0-29:C>A-29:C>A,45055674,29:C>A,29,PTTO01000974.1_Contig37,15447999,NC_041741.1,14,autosome,1.0,1,8.05e-27,0.99734,1.0,1,1,1,1,1,1,1,1,1,0.0878378378378378,0.0878378378378378,0.0,0.0911214953271028,0,1,0
45066484|F|0-46:A>G-46:A>G,45066484,46:A>G,46,PTTO01002545.1_Contig22,21707549,NC_041728.1,1,autosome,1.0,1,8.05e-27,0.99734,1.0,1,1,1,1,1,1,1,1,1,0.7635135135135135,0.2364864864864865,0.9375,0.7570093457943925,1,1,0
45063075|F|0-48:G>A-48:G>A,45063075,48:G>A,48,PTTO01002624.1_Contig32,32620187,NC_041728.1,1,autosome,1.0,1,1.7299999999999999e-28,0.99734,1.0,1,1,1,1,1,1,1,1,1,0.1306306306306306,0.1306306306306306,0.9375,0.1004672897196261,1,1,0
45066499|F|0-22:C>A-22:C>A,45066499,22:C>A,22,PTTO01002476.1_Contig0,77933991,NC_041728.1,1,autosome,1.0,1,1.7299999999999999e-28,0.994681,1.0,1,1,1,1,1,1,1,1,1,0.0225225225225225,0.0225225225225225,0.0,0.0233644859813084,0,1,0
45066504|F|0-37:T>A-37:T>A,45066504,37:T>A,37,PTTO01001678.1_Contig35,11428773,NC_041737.1,10,autosome,1.0,1,1.7299999999999999e-28,0.99734,1.0,1,1,1,1,1,1,1,1,0,0.018018018018018,0.018018018018018,0.0,0.0186915887850467,0,1,0
45055765|F|0-52:T>A-52:T>A,45055765,52:T>A,52,PTTO01002967.1_Contig85,6652655,NC_041733.1,6,autosome,1.0,1,1.7299999999999999e-28,0.99734,1.0,1,1,1,1,1,1,1,1,1,0.018018018018018,0.018018018018018,0.0,0.0186915887850467,0,1,0
45063103|F|0-9:T>A-9:T>A,45063103,9:T>A,9,PTTO01004262.1_Contig52,18576715,NC_041731.1,4,autosome,1.0,1,8.05e-27,1.0,1.0,1,1,1,1,1,1,1,1,1,0.3941441441441441,0.3941441441441441,0.25,0.3995327102803738,1,1,0
100051625|F|0-12:C>T-12:C>T,100051625,12:C>T,12,PTTO01002476.1_Contig0,86116135,NC_041728.1,1,autosome,1.0,1,1.7299999999999999e-28,1.0,1.0,1,1,1,1,1,1,1,1,0,0.0,0.0,0.0,0.0,0,0,0
45063115|F|0-24:C>T-24:C>T,45063115,24:C>T,24,PTTO01000376.1_Contig11,19523123,NC_041745.1,18,autosome,1.0,1,5.85e-22,0.992021,1.0,1,1,1,1,1,1,1,1,1,0.0292792792792792,0.0292792792792792,0.0,0.0303738317757009,0,1,0
64987246|F|0-30:G>A-30:G>A,64987246,30:G>A,30,PTTO01004535.1_Contig9,138003,NC_041731.1,4,autosome,1.0,3,1.7299999999999999e-28,0.99734,1.0,1,1,1,1,1,1,1,1,0,0.0,0.0,0.0,0.0,0,0,0
45055838|F|0-23:C>A-23:C>A,45055838,23:C>A,23,PTTO01002057.1_Contig2,27420411,NC_041730.1,3,autosome,1.0,1,6.23e-28,0.99734,1.0,1,1,1,1,1,1,1,1,1,0.3896396396396396,0.3896396396396396,0.0625,0.4018691588785046,1,1,0
100051686|F|0-57:A>T-57:A>T,100051686,57:A>T,57,PTTO01002609.1_Contig158,1758371,NC_041737.1,10,autosome,1.0,1,1.7299999999999999e-28,0.992021,1.0,1,1,1,1,1,1,1,1,0,0.0,0.0,0.0,0.0,0,0,0
45055878|F|0-32:A>C-32:A>C,45055878,32:A>C,32,PTTO01001320.1_Contig70,13338244,NC_041731.1,4,autosome,1.0,1,1.7299999999999999e-28,0.99734,1.0,1,1,1,1,1,1,1,1,1,0.0945945945945946,0.0945945945945946,0.0,0.0981308411214953,0,1,0
64988693|F|0-32:C>G-32:C>G,64988693,32:C>G,32,PTTO01002624.1_Contig32,19399312,NC_041728.1,1,autosome,1.0,1,1.7299999999999999e-28,1.0,1.0,1,1,1,1,1,1,1,1,0,0.0,0.0,0.0,0.0,0,0,0
45055900|F|0-28:A>T-28:A>T,45055900,28:A>T,28,PTTO01002104.1_Contig16,11420616,NC_041732.1,5,autosome,1.0,1,1.7299999999999999e-28,0.99734,1.0,1,1,1,1,1,1,1,1,1,0.0045045045045045,0.0045045045045045,0.0,0.0046728971962616,0,1,0
45066541|F|0-11:C>T-11:C>T,45066541,11:C>T,11,PTTO01004427.1_Contig106,8833296,NC_041739.1,12,autosome,1.0,1,1.7299999999999999e-28,1.0,1.0,1,1,1,1,1,1,1,1,1,0.0045045045045045,0.0045045045045045,0.0,0.0046728971962616,0,1,0
95138611|F|0-54:G>A-54:G>A,95138611,54:G>A,54,PTTO01003276.1_Contig54,4913605,NC_041738.1,11,autosome,1.0,1,1.7299999999999999e-28,0.99734,1.0,1,1,1,1,1,1,1,1,0,0.018018018018018,0.018018018018018,0.3125,0.0070093457943925,1,1,0
64982499|F|0-13:G>A-13:G>A,64982499,13:G>A,13,PTTO01003710.1_Contig217,5520738,NC_041733.1,6,autosome,1.0,1,1.7299999999999999e-28,0.994681,1.0,1,1,1,1,1,1,1,1,0,0.0022522522522522,0.0022522522522522,0.0,0.0023364485981308,0,1,0
45055995|F|0-19:G>T-19:G>T,45055995,19:G>T,19,PTTO01002476.1_Contig0,89801272,NC_041728.1,1,autosome,1.0,1,1.7299999999999999e-28,1.0,1.0,1,1,1,1,1,1,1,1,1,0.027027027027027,0.027027027027027,0.0,0.02803738317757,0,1,0
64989425|F|0-50:C>T-50:C>T,64989425,50:C>T,50,PTTO01003701.1_Contig73,33099,NW_021638271.1,unplaced,unplaced,1.0,9,3.22e-25,1.0,1.0,1,1,1,1,1,1,1,1,0,0.0563063063063063,0.0563063063063063,0.0,0.058411214953271,0,1,0
45063235|F|0-34:G>T-34:G>T,45063235,34:G>T,34,PTTO01001633.1_Contig312,24141444,NC_041739.1,12,autosome,1.0,1,1.7299999999999999e-28,0.994681,1.0,1,1,1,1,1,1,1,1,0,0.0563063063063063,0.0563063063063063,0.0,0.058411214953271,0,1,0
64981589|F|0-10:C>T-10:C>T,64981589,10:C>T,10,PTTO01004262.1_Contig52,39441308,NC_041731.1,4,autosome,1.0,1,1.7299999999999999e-28,0.99734,1.0,1,1,1,1,1,1,1,1,0,0.0,0.0,0.0,0.0,0,0,0
45066580|F|0-53:T>A-53:T>A,45066580,53:T>A,53,PTTO01003276.1_Contig54,6705075,NC_041738.1,11,autosome,1.0,1,1.7299999999999999e-28,0.99734,1.0,1,1,1,1,1,1,1,1,1,0.0518018018018018,0.0518018018018018,0.0,0.0537383177570093,0,1,0
45062070|F|0-33:C>T-33:C>T,45062070,33:C>T,33,PTTO01002104.1_Contig16,3178102,NC_041732.1,5,autosome,1.0,1,1.7299999999999999e-28,1.0,1.0,1,1,1,1,1,1,1,1,1,0.0315315315315315,0.0315315315315315,0.0,0.0327102803738317,0,1,0
45066598|F|0-23:C>T-23:C>T,45066598,23:C>T,23,PTTO01001051.1_Contig4,12725343,NC_041737.1,10,autosome,1.0,1,1.7299999999999999e-28,1.0,1.0,1,1,1,1,1,1,1,1,1,0.0247747747747747,0.0247747747747747,0.0625,0.0233644859813084,1,1,0
45056234|F|0-6:G>A-6:G>A,45056234,6:G>A,6,PTTO01000974.1_Contig37,19781352,NC_041741.1,14,autosome,1.0,1,2.9000000000000004e-26,0.99734,1.0,1,1,1,1,1,1,1,1,1,0.5045045045045045,0.4954954954954955,0.3125,0.5116822429906542,1,1,0
45056245|F|0-12:G>C-12:G>C,45056245,12:G>C,12,PTTO01004262.1_Contig52,19075059,NC_041731.1,4,autosome,1.0,1,1.7299999999999999e-28,0.994681,1.0,1,1,1,1,1,1,1,1,1,0.0382882882882882,0.0382882882882882,0.0,0.0397196261682243,0,1,0
45056277|F|0-7:G>T-7:G>T,45056277,7:G>T,7,PTTO01004262.1_Contig52,20932812,NC_041731.1,4,autosome,1.0,1,1.7299999999999999e-28,1.0,1.0,1,1,1,1,1,1,1,1,1,0.0292792792792792,0.0292792792792792,0.0,0.0303738317757009,0,1,0
45066620|F|0-55:G>T-55:G>T,45066620,55:G>T,55,PTTO01001051.1_Contig4,1588450,NC_041737.1,10,autosome,1.0,1,8.05e-27,0.994681,1.0,1,1,1,1,1,1,1,1,1,0.3738738738738739,0.3738738738738739,0.125,0.3831775700934579,1,1,0
45063397|F|0-62:C>T-62:C>T,45063397,62:C>T,62,PTTO01002822.1_Contig364,10630382,NC_041731.1,4,autosome,1.0,1,1.7299999999999999e-28,0.99734,1.0,1,1,1,1,1,1,1,1,1,0.0022522522522522,0.0022522522522522,0.0,0.0023364485981308,0,1,0
45067941|F|0-41:A>T-41:A>T,45067941,41:A>T,41,PTTO01004481.1_Contig260,7591321,NC_041730.1,3,autosome,1.0,1,1.7299999999999999e-28,0.99734,1.0,1,1,1,1,1,1,1,1,1,0.4211711711711711,0.4211711711711711,0.0,0.4369158878504673,0,1,0
45063406|F|0-47:T>C-47:T>C,45063406,47:T>C,47,PTTO01001349.1_Contig23,11011735,NC_041736.1,9,autosome,1.0,1,1.7299999999999999e-28,0.99734,1.0,1,1,1,1,1,1,1,1,0,0.2027027027027027,0.2027027027027027,0.0,0.2102803738317757,0,1,0
45063422|F|0-39:C>T-39:C>T,45063422,39:C>T,39,PTTO01001114.1_Contig282,6636431,NC_041740.1,13,autosome,1.0,1,5.85e-22,1.0,1.0,1,1,1,1,1,1,1,1,1,0.1126126126126126,0.1126126126126126,0.0,0.116822429906542,0,1,0
45063434|F|0-23:A>G-23:A>G,45063434,23:A>G,23,PTTO01002634.1_Contig60,11164920,NC_041732.1,5,autosome,1.0,1,1.7299999999999999e-28,0.994681,1.0,1,1,1,1,1,1,1,1,1,0.027027027027027,0.027027027027027,0.0625,0.0257009345794392,1,1,0
45056409|F|0-63:C>T-63:C>T,45056409,63:C>T,63,PTTO01001370.1_Contig26,16358139,NC_041734.1,7,autosome,1.0,1,1.7299999999999999e-28,0.99734,1.0,1,1,1,1,1,1,1,1,1,0.0990990990990991,0.0990990990990991,0.125,0.0981308411214953,1,1,0
45066643|F|0-42:A>C-42:A>C,45066643,42:A>C,42,PTTO01001241.1_Contig276,9988109,NC_041740.1,13,autosome,1.0,1,1.7299999999999999e-28,0.992021,1.0,1,1,1,1,1,1,1,1,1,0.0788288288288288,0.0788288288288288,0.1875,0.0747663551401869,1,1,0
45048742|F|0-34:G>A-34:G>A,45048742,34:G>A,34,PTTO01001940.1_Contig353,4436938,NC_041731.1,4,autosome,1.0,1,1.7299999999999999e-28,0.99734,1.0,1,1,1,1,1,1,1,1,0,0.0045045045045045,0.0045045045045045,0.0,0.0046728971962616,0,1,0
45056499|F|0-31:C>T-31:C>T,45056499,31:C>T,31,PTTO01004189.1_Contig18,6727891,NC_041729.1,2,autosome,1.0,1,1.7299999999999999e-28,1.0,1.0,1,1,1,1,1,1,1,1,1,0.259009009009009,0.259009009009009,0.4375,0.2523364485981308,1,1,0
45056516|F|0-49:A>C-49:A>C,45056516,49:A>C,49,PTTO01002057.1_Contig2,32853581,NC_041730.1,3,autosome,1.0,1,1.7299999999999999e-28,1.0,1.0,1,1,1,1,1,1,1,1,1,0.027027027027027,0.027027027027027,0.0,0.02803738317757,0,1,0
45067960|F|0-58:G>T-58:G>T,45067960,58:G>T,58,PTTO01001051.1_Contig4,24363265,NC_041737.1,10,autosome,1.0,1,1.7299999999999999e-28,0.99734,1.0,1,1,1,1,1,1,1,1,1,0.018018018018018,0.018018018018018,0.0,0.0186915887850467,0,1,0
45063526|F|0-36:T>G-36:T>G,45063526,36:T>G,36,PTTO01001370.1_Contig26,5031094,NC_041734.1,7,autosome,1.0,1,1.7299999999999999e-28,0.99734,1.0,1,1,1,1,1,1,1,1,1,0.0382882882882882,0.0382882882882882,0.0,0.0397196261682243,0,1,0
45056569|F|0-58:C>T-58:C>T,45056569,58:C>T,58,PTTO01004535.1_Contig9,9083568,NC_041731.1,4,autosome,1.0,1,1.7299999999999999e-28,1.0,1.0,1,1,1,1,1,1,1,1,1,0.027027027027027,0.027027027027027,0.0,0.02803738317757,0,1,0
64975869|F|0-21:C>T-21:C>T,64975869,21:C>T,21,PTTO01004519.1_Contig1477,2761912,NC_041735.1,8,autosome,1.0,1,1.7299999999999999e-28,0.994681,1.0,1,1,1,1,1,1,1,1,0,0.0,0.0,0.0,0.0,0,0,0
45066699|F|0-54:G>A-54:G>A,45066699,54:G>A,54,PTTO01003889.1_Contig165,22774059,NC_041729.1,2,autosome,1.0,1,1.7299999999999999e-28,0.99734,1.0,1,1,1,1,1,1,1,1,1,0.2094594594594594,0.2094594594594594,0.5,0.1985981308411215,1,1,0
45067986|F|0-62:C>G-62:C>G,45067986,62:C>G,62,PTTO01002104.1_Contig16,63544571,NC_041732.1,5,autosome,1.0,1,8.05e-27,0.989362,1.0,1,1,1,1,1,1,1,1,1,0.8851351351351351,0.1148648648648649,1.0,0.8808411214953271,0,1,0
64982762|F|0-55:G>T-55:G>T,64982762,55:G>T,55,PTTO01004519.1_Contig1477,7313252,NC_041735.1,8,autosome,1.0,2,1.7299999999999999e-28,0.99734,1.0,1,1,1,1,1,1,1,1,0,0.0,0.0,0.0,0.0,0,0,0
45063601|F|0-60:C>A-60:C>A,45063601,60:C>A,60,PTTO01002104.1_Contig16,52025266,NC_041732.1,5,autosome,1.0,1,1.7299999999999999e-28,0.994681,1.0,1,1,1,1,1,1,1,1,0,0.0225225225225225,0.0225225225225225,0.625,0.0,1,0,0
64975943|F|0-8:A>T-8:A>T,64975943,8:A>T,8,PTTO01000230.1_Contig34,299096,NC_041734.1,7,autosome,1.0,1,1.7299999999999999e-28,1.0,1.0,1,1,1,1,1,1,1,1,0,0.0022522522522522,0.0022522522522522,0.0,0.0023364485981308,0,1,0
45063630|F|0-50:T>A-50:T>A,45063630,50:T>A,50,PTTO01001114.1_Contig282,6488022,NC_041740.1,13,autosome,1.0,1,1.7299999999999999e-28,0.99734,1.0,1,1,1,1,1,1,1,1,1,0.0022522522522522,0.0022522522522522,0.0,0.0023364485981308,0,1,0
45056813|F|0-66:T>A-66:T>A,45056813,66:T>A,66,PTTO01000318.1_Contig139,14597980,NC_041730.1,3,autosome,1.0,1,1.7299999999999999e-28,0.99734,1.0,1,1,1,1,1,1,1,1,0,0.0067567567567567,0.0067567567567567,0.0,0.0070093457943925,0,1,0
45066734|F|0-19:C>T-19:C>T,45066734,19:C>T,19,PTTO01000756.1_Contig1191,227965,NC_041740.1,13,autosome,1.0,1,1.7299999999999999e-28,0.992021,1.0,1,1,1,1,1,1,1,1,1,0.3963963963963964,0.3963963963963964,0.75,0.3831775700934579,1,1,0
45063660|F|0-44:T>A-44:T>A,45063660,44:T>A,44,PTTO01003710.1_Contig217,3929418,NC_041733.1,6,autosome,1.0,1,1.7299999999999999e-28,0.99734,1.0,1,1,1,1,1,1,1,1,0,0.295045045045045,0.295045045045045,0.5625,0.2850467289719626,1,1,0
95140069|F|0-54:C>A-54:C>A,95140069,54:C>A,54,PTTO01003423.1_Contig4553,8019,,unanchored,unanchored,1.0,11,1.7299999999999999e-28,0.99734,1.0,1,1,1,1,1,1,1,1,0,0.0,0.0,0.0,0.0,0,0,0
45056868|F|0-18:G>A-18:G>A,45056868,18:G>A,18,PTTO01000276.1_Contig319,12683406,NC_041737.1,10,autosome,1.0,1,3.22e-25,0.99734,1.0,1,1,1,1,1,1,1,1,1,0.0112612612612612,0.0112612612612612,0.125,0.0070093457943925,1,1,0
45056893|F|0-11:C>T-11:C>T,45056893,11:C>T,11,PTTO01002104.1_Contig16,45803645,NC_041732.1,5,autosome,1.0,1,8.05e-27,0.994681,1.0,1,1,1,1,1,1,1,1,1,0.5022522522522522,0.4977477477477477,0.5,0.5023364485981309,1,1,0
45066760|F|0-6:G>A-6:G>A,45066760,6:G>A,6,PTTO01002967.1_Contig85,2633578,NC_041733.1,6,autosome,1.0,1,1.7299999999999999e-28,0.992021,1.0,1,1,1,1,1,1,1,1,1,0.0337837837837837,0.0337837837837837,0.0,0.0350467289719626,0,1,0
64976116|F|0-10:G>A-10:G>A,64976116,10:G>A,10,PTTO01000873.1_Contig3269,803187,NC_041729.1,2,autosome,1.0,1,1.7299999999999999e-28,0.994681,1.0,1,1,1,1,1,1,1,1,0,0.0,0.0,0.0,0.0,0,0,0
45068023|F|0-8:C>T-8:C>T,45068023,8:C>T,8,PTTO01002476.1_Contig0,73997271,NC_041728.1,1,autosome,1.0,1,1.7299999999999999e-28,1.0,1.0,1,1,1,1,1,1,1,1,1,0.0157657657657657,0.0157657657657657,0.0,0.0163551401869158,0,1,0
45056990|F|0-34:C>A-34:C>A,45056990,34:C>A,34,PTTO01001652.1_Contig209,2971170,NC_041739.1,12,autosome,1.0,1,1.7299999999999999e-28,0.99734,1.0,1,1,1,1,1,1,1,1,1,0.0427927927927927,0.0427927927927927,0.0,0.0443925233644859,0,1,0
45068026|F|0-39:A>G-39:A>G,45068026,39:A>G,39,PTTO01001940.1_Contig353,13045150,NC_041731.1,4,autosome,1.0,1,8.05e-27,1.0,1.0,1,1,1,1,1,1,1,1,1,0.1261261261261261,0.1261261261261261,0.0625,0.1285046728971962,1,1,0
64985788|F|0-28:C>A-28:C>A,64985788,28:C>A,28,PTTO01000318.1_Contig139,11732750,NC_041730.1,3,autosome,1.0,1,1.7299999999999999e-28,0.986702,1.0,1,1,1,1,1,1,1,1,0,0.0,0.0,0.0,0.0,0,0,0
100052293|F|0-54:C>T-54:C>T,100052293,54:C>T,54,PTTO01002104.1_Contig16,18774747,NC_041732.1,5,autosome,1.0,10830,1.7299999999999999e-28,0.994681,1.0,1,1,1,1,1,1,1,1,0,0.0,0.0,0.0,0.0,0,0,0
45063772|F|0-47:T>C-47:T>C,45063772,47:T>C,47,PTTO01002057.1_Contig2,33919108,NC_041730.1,3,autosome,1.0,1,1.7299999999999999e-28,1.0,1.0,1,1,1,1,1,1,1,1,1,0.4594594594594595,0.4594594594594595,0.75,0.4485981308411215,1,1,0
45069093|F|0-49:C>A-49:C>A,45069093,49:C>A,49,PTTO01000571.1_Contig170,85672,NC_041730.1,3,autosome,1.0,1,2.04e-21,0.99734,1.0,1,1,1,1,1,1,1,1,0,0.8198198198198198,0.1801801801801802,1.0,0.8130841121495327,0,1,0
45057134|F|0-45:A>G-45:A>G,45057134,45:A>G,45,PTTO01001283.1_Contig4384,414880,NC_041746.1,19,autosome,1.0,1,1.7299999999999999e-28,0.99734,1.0,1,1,1,1,1,1,1,1,1,0.0608108108108108,0.0608108108108108,0.0,0.0630841121495327,0,1,0
100052409|F|0-57:T>C-57:T>C,100052409,57:T>C,57,PTTO01001241.1_Contig276,12477013,NC_041740.1,13,autosome,1.0,1,1.7299999999999999e-28,0.994681,1.0,1,1,1,1,1,1,1,1,0,0.0,0.0,0.0,0.0,0,0,0
45063879|F|0-33:G>A-33:G>A,45063879,33:G>A,33,PTTO01003276.1_Contig54,9428684,NC_041738.1,11,autosome,1.0,1,1.7299999999999999e-28,0.99734,1.0,1,1,1,1,1,1,1,1,0,0.1238738738738738,0.1238738738738738,0.4375,0.1121495327102803,1,1,0
45066838|F|0-51:A>G-51:A>G,45066838,51:A>G,51,PTTO01002104.1_Contig16,1567209,NC_041732.1,5,autosome,1.0,1,1.7299999999999999e-28,0.994681,1.0,1,1,1,1,1,1,1,1,1,0.5720720720720721,0.4279279279279279,0.5,0.5747663551401869,1,1,0
45057390|F|0-60:G>T-60:G>T,45057390,60:G>T,60,PTTO01000376.1_Contig11,13073935,NC_041745.1,18,autosome,1.0,1,1.7299999999999999e-28,0.994681,1.0,1,1,1,1,1,1,1,1,1,0.0247747747747747,0.0247747747747747,0.0,0.0257009345794392,0,1,0
45057391|F|0-62:G>C-62:G>C,45057391,62:G>C,62,PTTO01001671.1_Contig3201,699058,NC_041730.1,3,autosome,1.0,1,1.7299999999999999e-28,1.0,1.0,1,1,1,1,1,1,1,1,1,0.0157657657657657,0.0157657657657657,0.0,0.0163551401869158,0,1,0
45068051|F|0-24:C>T-24:C>T,45068051,24:C>T,24,PTTO01003276.1_Contig54,6417683,NC_041738.1,11,autosome,1.0,1,1.7299999999999999e-28,0.994681,1.0,1,1,1,1,1,1,1,1,1,0.036036036036036,0.036036036036036,0.0,0.0373831775700934,0,1,0
45057407|F|0-31:G>A-31:G>A,45057407,31:G>A,31,PTTO01003889.1_Contig165,3122830,NC_041729.1,2,autosome,1.0,1,1.7299999999999999e-28,0.99734,1.0,1,1,1,1,1,1,1,1,1,0.2117117117117117,0.2117117117117117,0.3125,0.2079439252336448,1,1,0
45068057|F|0-31:C>G-31:C>G,45068057,31:C>G,31,PTTO01003671.1_Contig19,23019272,NC_041735.1,8,autosome,1.0,1,1.7299999999999999e-28,1.0,1.0,1,1,1,1,1,1,1,1,1,0.0045045045045045,0.0045045045045045,0.0,0.0046728971962616,0,1,0
45066848|F|0-62:C>A-62:C>A,45066848,62:C>A,62,PTTO01000230.1_Contig34,1079646,NC_041734.1,7,autosome,1.0,1,1.7299999999999999e-28,0.994681,1.0,1,1,1,1,1,1,1,1,1,0.0202702702702702,0.0202702702702702,0.0,0.0210280373831775,0,1,0
45066094|F|0-6:T>A-6:T>A,45066094,6:T>A,6,PTTO01003425.1_Contig303,2826172,NC_041743.1,16,autosome,1.0,1,1.7299999999999999e-28,1.0,1.0,1,1,1,1,1,1,1,1,1,0.063063063063063,0.063063063063063,0.0,0.0654205607476635,0,1,0
45063964|F|0-47:C>A-47:C>A,45063964,47:C>A,47,PTTO01002057.1_Contig2,26657485,NC_041730.1,3,autosome,1.0,1,1.7299999999999999e-28,1.0,1.0,1,1,1,1,1,1,1,1,1,0.0405405405405405,0.0405405405405405,0.0,0.0420560747663551,0,1,0
45057555|F|0-13:G>C-13:G>C,45057555,13:G>C,13,PTTO01001244.1_Contig55,3761031,NC_041738.1,11,autosome,1.0,1,1.7299999999999999e-28,1.0,1.0,1,1,1,1,1,1,1,1,0,0.0,0.0,0.0,0.0,0,0,0
45063997|F|0-25:C>G-25:C>G,45063997,25:C>G,25,PTTO01000230.1_Contig34,8831333,NC_041734.1,7,autosome,1.0,1,1.7299999999999999e-28,0.994681,1.0,1,1,1,1,1,1,1,1,1,0.0337837837837837,0.0337837837837837,0.0,0.0350467289719626,0,1,0
45057573|F|0-68:C>T-68:C>T,45057573,68:C>T,68,PTTO01001320.1_Contig70,3947942,NC_041731.1,4,autosome,1.0,1,1.7299999999999999e-28,0.99734,1.0,1,1,1,1,1,1,1,1,1,0.0067567567567567,0.0067567567567567,0.0,0.0070093457943925,0,1,0
45057606|F|0-38:T>A-38:T>A,45057606,38:T>A,38,PTTO01002634.1_Contig60,10311837,NC_041732.1,5,autosome,1.0,1,1.7299999999999999e-28,1.0,1.0,1,1,1,1,1,1,1,1,0,0.0,0.0,0.0,0.0,0,0,0
45057617|F|0-26:G>A-26:G>A,45057617,26:G>A,26,PTTO01002624.1_Contig32,35661614,NC_041728.1,1,autosome,1.0,1,1.7299999999999999e-28,0.994681,1.0,1,1,1,1,1,1,1,1,0,0.0022522522522522,0.0022522522522522,0.0,0.0023364485981308,0,1,0
45057648|F|0-49:C>T-49:C>T,45057648,49:C>T,49,PTTO01000376.1_Contig11,2269603,NC_041745.1,18,autosome,1.0,1,1.7299999999999999e-28,0.994681,1.0,1,1,1,1,1,1,1,1,1,0.0518018018018018,0.0518018018018018,0.0,0.0537383177570093,0,1,0
45064080|F|0-52:G>A-52:G>A,45064080,52:G>A,52,PTTO01001633.1_Contig312,15066703,NC_041739.1,12,autosome,1.0,1,8.05e-27,0.99734,1.0,1,1,1,1,1,1,1,1,1,0.2162162162162162,0.2162162162162162,0.0,0.2242990654205607,0,1,0
45064087|F|0-40:C>T-40:C>T,45064087,40:C>T,40,PTTO01002967.1_Contig85,9653937,NC_041733.1,6,autosome,1.0,1,1.7299999999999999e-28,0.99734,1.0,1,1,1,1,1,1,1,1,1,0.0067567567567567,0.0067567567567567,0.0,0.0070093457943925,0,1,0
45066895|F|0-32:C>A-32:C>A,45066895,32:C>A,32,PTTO01004519.1_Contig1477,8871702,NC_041735.1,8,autosome,1.0,8,8.05e-27,1.0,1.0,1,1,1,1,1,1,1,1,0,0.6756756756756757,0.3243243243243243,0.6875,0.6752336448598131,1,1,0
64987371|F|0-58:T>G-58:T>G,64987371,58:T>G,58,PTTO01002967.1_Contig85,9432781,NC_041733.1,6,autosome,1.0,1,1.7299999999999999e-28,0.994681,1.0,1,1,1,1,1,1,1,1,0,0.0022522522522522,0.0022522522522522,0.0,0.0023364485981308,0,1,0
45064114|F|0-58:T>G-58:T>G,45064114,58:T>G,58,PTTO01002333.1_Contig372,585410,NC_041733.1,6,autosome,1.0,1,1.7299999999999999e-28,1.0,1.0,1,1,1,1,1,1,1,1,1,0.1328828828828828,0.1328828828828828,0.0,0.1378504672897196,0,1,0
45064125|F|0-66:G>A-66:G>A,45064125,66:G>A,66,PTTO01000875.1_Contig31,18783638,NC_041730.1,3,autosome,1.0,1,1.7299999999999999e-28,0.99734,1.0,1,1,1,1,1,1,1,1,0,0.1238738738738738,0.1238738738738738,0.0,0.1285046728971962,0,1,0
45057832|F|0-27:G>A-27:G>A,45057832,27:G>A,27,PTTO01001141.1_Contig930,23309,NC_041739.1,12,autosome,1.0,9,1.7299999999999999e-28,0.99734,1.0,1,1,1,1,1,1,1,1,1,0.1013513513513513,0.1013513513513513,0.0,0.1051401869158878,0,1,0
45068078|F|0-56:G>A-56:G>A,45068078,56:G>A,56,PTTO01001051.1_Contig4,1892905,NC_041737.1,10,autosome,1.0,1,1.7299999999999999e-28,1.0,1.0,1,1,1,1,1,1,1,1,1,0.0112612612612612,0.0112612612612612,0.0,0.0116822429906542,0,1,0
45057881|F|0-66:C>G-66:C>G,45057881,66:C>G,66,PTTO01001349.1_Contig23,25253684,NC_041736.1,9,autosome,1.0,1,1.7299999999999999e-28,1.0,1.0,1,1,1,1,1,1,1,1,1,0.0292792792792792,0.0292792792792792,0.0,0.0303738317757009,0,1,0
45057942|F|0-15:G>A-15:G>A,45057942,15:G>A,15,PTTO01003671.1_Contig19,12789039,NC_041735.1,8,autosome,1.0,1,1.7299999999999999e-28,0.99734,1.0,1,1,1,1,1,1,1,1,1,0.0202702702702702,0.0202702702702702,0.0,0.0210280373831775,0,1,0
45064203|F|0-57:T>A-57:T>A,45064203,57:T>A,57,PTTO01002539.1_Contig4094,789858,NC_041739.1,12,autosome,1.0,1,1.7299999999999999e-28,0.99734,1.0,1,1,1,1,1,1,1,1,0,0.3581081081081081,0.3581081081081081,0.6875,0.3457943925233644,1,1,0
45062079|F|0-39:C>T-39:C>T,45062079,39:C>T,39,PTTO01002476.1_Contig0,2884335,NC_041728.1,1,autosome,1.0,41,1.7299999999999999e-28,0.99734,1.0,1,1,1,1,1,1,1,1,0,0.0495495495495495,0.0495495495495495,0.0,0.0514018691588785,0,1,0
45066954|F|0-22:C>T-22:C>T,45066954,22:C>T,22,PTTO01003571.1_Contig67,21201472,NC_041736.1,9,autosome,1.0,1,1.7299999999999999e-28,0.994681,1.0,1,1,1,1,1,1,1,1,1,0.0225225225225225,0.0225225225225225,0.0,0.0233644859813084,0,1,0
45066973|F|0-9:C>A-9:C>A,45066973,9:C>A,9,PTTO01000098.1_Contig21,3518865,NC_041729.1,2,autosome,1.0,1,8.05e-27,0.99734,1.0,1,1,1,1,1,1,1,1,0,0.0,0.0,0.0,0.0,0,0,0
45066974|F|0-20:T>A-20:T>A,45066974,20:T>A,20,PTTO01001370.1_Contig26,6124167,NC_041734.1,7,autosome,1.0,19,8.05e-27,1.0,1.0,1,1,1,1,1,1,1,1,1,0.0247747747747747,0.0247747747747747,0.0,0.0257009345794392,0,1,0
45058202|F|0-37:G>A-37:G>A,45058202,37:G>A,37,PTTO01000230.1_Contig34,6904628,NC_041734.1,7,autosome,1.0,1,2.9000000000000004e-26,0.99734,1.0,1,1,1,1,1,1,1,1,1,0.1373873873873874,0.1373873873873874,0.0,0.1425233644859813,0,1,0
45058251|F|0-56:T>C-56:T>C,45058251,56:T>C,56,PTTO01001940.1_Contig353,13594294,NC_041731.1,4,autosome,1.0,1,1.7299999999999999e-28,1.0,1.0,1,1,1,1,1,1,1,1,1,0.0472972972972973,0.0472972972972973,0.125,0.0443925233644859,1,1,0
45068100|F|0-61:G>A-61:G>A,45068100,61:G>A,61,PTTO01003425.1_Contig303,1800972,NC_041743.1,16,autosome,1.0,1,1.7299999999999999e-28,0.99734,1.0,1,1,1,1,1,1,1,1,1,0.1261261261261261,0.1261261261261261,0.25,0.1214953271028037,1,1,0
64987402|F|0-35:G>A-35:G>A,64987402,35:G>A,35,PTTO01002476.1_Contig0,35426219,NC_041728.1,1,autosome,1.0,1,1.7299999999999999e-28,0.994681,1.0,1,1,1,1,1,1,1,1,0,0.0022522522522522,0.0022522522522522,0.0,0.0023364485981308,0,1,0
45064372|F|0-48:A>C-48:A>C,45064372,48:A>C,48,PTTO01003005.1_Contig4265,4833443,NC_041740.1,13,autosome,1.0,1,1.7299999999999999e-28,0.99734,1.0,1,1,1,1,1,1,1,1,1,0.3558558558558558,0.3558558558558558,0.5625,0.3481308411214953,1,1,0
45058357|F|0-37:T>G-37:T>G,45058357,37:T>G,37,PTTO01003571.1_Contig67,9007197,NC_041736.1,9,autosome,1.0,1,1.7299999999999999e-28,1.0,1.0,1,1,1,1,1,1,1,1,1,0.0337837837837837,0.0337837837837837,0.0,0.0350467289719626,0,1,0
45067014|F|0-34:C>A-34:C>A,45067014,34:C>A,34,PTTO01001689.1_Contig41,1831456,NC_041740.1,13,autosome,1.0,1,1.7299999999999999e-28,0.994681,1.0,1,1,1,1,1,1,1,1,1,0.036036036036036,0.036036036036036,0.1875,0.0303738317757009,1,1,0
45064430|F|0-66:T>A-66:T>A,45064430,66:T>A,66,PTTO01000376.1_Contig11,19029868,NC_041745.1,18,autosome,1.0,1,1.7299999999999999e-28,1.0,1.0,1,1,1,1,1,1,1,1,1,0.1013513513513513,0.1013513513513513,0.0,0.1051401869158878,0,1,0
45067050|F|0-68:C>A-68:C>A,45067050,68:C>A,68,PTTO01002104.1_Contig16,46411064,NC_041732.1,5,autosome,1.0,1,1.7299999999999999e-28,0.99734,1.0,1,1,1,1,1,1,1,1,0,0.0765765765765765,0.0765765765765765,0.0,0.0794392523364486,0,1,0
45058554|F|0-12:C>T-12:C>T,45058554,12:C>T,12,PTTO01003571.1_Contig67,11081775,NC_041736.1,9,autosome,1.0,1,1.7299999999999999e-28,1.0,1.0,1,1,1,1,1,1,1,1,1,0.027027027027027,0.027027027027027,0.0,0.02803738317757,0,1,0
45058578|F|0-53:C>G-53:C>G,45058578,53:C>G,53,PTTO01001940.1_Contig353,3313809,NC_041731.1,4,autosome,1.0,1,1.7299999999999999e-28,0.99734,1.0,1,1,1,1,1,1,1,1,0,0.018018018018018,0.018018018018018,0.5,0.0,1,0,0
45058579|F|0-21:T>C-21:T>C,45058579,21:T>C,21,PTTO01002104.1_Contig16,46354087,NC_041732.1,5,autosome,1.0,1,1.7299999999999999e-28,0.994681,1.0,1,1,1,1,1,1,1,1,1,0.4121621621621621,0.4121621621621621,0.8125,0.397196261682243,1,1,0
45067056|F|0-58:G>T-58:G>T,45067056,58:G>T,58,PTTO01002967.1_Contig85,5910010,NC_041733.1,6,autosome,1.0,1,3.75e-25,1.0,1.0,1,1,1,1,1,1,1,1,1,0.0833333333333333,0.0833333333333333,0.0,0.0864485981308411,0,1,0
45069237|F|0-32:T>C-32:T>C,45069237,32:T>C,32,PTTO01000947.1_Contig1049,2237398,NC_041739.1,12,autosome,1.0,1,7.080000000000001e-21,1.0,1.0,1,1,1,1,1,1,1,1,0,0.063063063063063,0.063063063063063,0.0,0.0654205607476635,0,1,0
45067072|F|0-13:T>G-13:T>G,45067072,13:T>G,13,PTTO01000318.1_Contig139,13854634,NC_041730.1,3,autosome,1.0,1,6.23e-28,0.99734,1.0,1,1,1,1,1,1,1,1,1,0.0045045045045045,0.0045045045045045,0.0,0.0046728971962616,0,1,0
45058688|F|0-68:T>C-68:T>C,45058688,68:T>C,68,PTTO01004280.1_Contig83,138741,NW_021638079.1,unplaced,unplaced,1.0,1,1.7299999999999999e-28,1.0,1.0,1,1,1,1,1,1,1,1,1,0.1666666666666666,0.1666666666666666,0.0,0.1728971962616822,0,1,0
45058714|F|0-52:G>C-52:G>C,45058714,52:G>C,52,PTTO01000765.1_Contig334,27297401,NC_041729.1,2,autosome,1.0,1,1.7299999999999999e-28,0.994681,1.0,1,1,1,1,1,1,1,1,1,0.018018018018018,0.018018018018018,0.3125,0.0070093457943925,1,1,0
45067089|F|0-64:G>A-64:G>A,45067089,64:G>A,64,PTTO01000318.1_Contig139,12119852,NC_041730.1,3,autosome,1.0,1,1.7299999999999999e-28,0.994681,1.0,1,1,1,1,1,1,1,1,1,0.0495495495495495,0.0495495495495495,0.0,0.0514018691588785,0,1,0
100053016|F|0-56:A>C-56:A>C,100053016,56:A>C,56,PTTO01001633.1_Contig312,27536302,NC_041739.1,12,autosome,1.0,1,1.7299999999999999e-28,1.0,1.0,1,1,1,1,1,1,1,1,0,0.963963963963964,0.036036036036036,0.0,1.0,0,0,0
45068170|F|0-68:A>C-68:A>C,45068170,68:A>C,68,PTTO01001320.1_Contig70,7206820,NC_041731.1,4,autosome,1.0,1,1.7299999999999999e-28,0.99734,1.0,1,1,1,1,1,1,1,1,1,0.063063063063063,0.063063063063063,0.0,0.0654205607476635,0,1,0
45058888|F|0-27:C>T-27:C>T,45058888,27:C>T,27,PTTO01003005.1_Contig4265,1640611,NC_041740.1,13,autosome,1.0,1,1.7299999999999999e-28,0.99734,1.0,1,1,1,1,1,1,1,1,1,0.3490990990990991,0.3490990990990991,0.625,0.338785046728972,1,1,0
45067125|F|0-13:G>A-13:G>A,45067125,13:G>A,13,PTTO01000885.1_Contig10,6808305,NC_041744.1,17,autosome,1.0,1,1.7299999999999999e-28,1.0,1.0,1,1,1,1,1,1,1,1,1,0.036036036036036,0.036036036036036,0.0,0.0373831775700934,0,1,0
45068186|F|0-61:A>C-61:A>C,45068186,61:A>C,61,PTTO01000318.1_Contig139,18662408,NC_041730.1,3,autosome,1.0,1,1.7299999999999999e-28,0.99734,1.0,1,1,1,1,1,1,1,1,1,0.0112612612612612,0.0112612612612612,0.0,0.0116822429906542,0,1,0
45067180|F|0-18:C>A-18:C>A,45067180,18:C>A,18,PTTO01000166.1_Contig207,443603,NC_041747.1,20,autosome,1.0,1,1.7299999999999999e-28,1.0,1.0,1,1,1,1,1,1,1,1,1,0.3761261261261261,0.3761261261261261,0.0625,0.3878504672897196,1,1,0
45059093|F|0-5:G>T-5:G>T,45059093,5:G>T,5,PTTO01000318.1_Contig139,18516785,NC_041730.1,3,autosome,1.0,4,1.7299999999999999e-28,0.99734,1.0,1,1,1,1,1,1,1,1,1,0.081081081081081,0.081081081081081,0.0,0.0841121495327102,0,1,0
64987459|F|0-57:C>T-57:C>T,64987459,57:C>T,57,PTTO01001370.1_Contig26,27748835,NC_041734.1,7,autosome,1.0,1,1.7299999999999999e-28,1.0,1.0,1,1,1,1,1,1,1,1,0,0.0112612612612612,0.0112612612612612,0.1875,0.0046728971962616,1,1,0
45059173|F|0-36:T>G-36:T>G,45059173,36:T>G,36,PTTO01004481.1_Contig260,1031264,NC_041730.1,3,autosome,1.0,1,1.7299999999999999e-28,0.994681,1.0,1,1,1,1,1,1,1,1,1,0.0247747747747747,0.0247747747747747,0.0,0.0257009345794392,0,1,0
45064816|F|0-24:A>C-24:A>C,45064816,24:A>C,24,PTTO01000875.1_Contig31,22043422,NC_041730.1,3,autosome,1.0,1,2.63e-26,0.99734,1.0,1,1,1,1,1,1,1,1,1,0.3243243243243243,0.3243243243243243,0.75,0.308411214953271,1,1,0
45067199|F|0-32:C>A-32:C>A,45067199,32:C>A,32,PTTO01003454.1_Contig230,886266,NC_041744.1,17,autosome,1.0,1,1.7299999999999999e-28,0.994681,1.0,1,1,1,1,1,1,1,1,1,0.1328828828828828,0.1328828828828828,0.0625,0.1355140186915887,1,1,0
45059221|F|0-13:G>A-13:G>A,45059221,13:G>A,13,PTTO01001241.1_Contig276,15051501,NC_041740.1,13,autosome,1.0,1,1.7299999999999999e-28,1.0,1.0,1,1,1,1,1,1,1,1,1,0.0067567567567567,0.0067567567567567,0.0,0.0070093457943925,0,1,0
45064842|F|0-39:T>G-39:T>G,45064842,39:T>G,39,PTTO01002634.1_Contig60,19590477,NC_041732.1,5,autosome,1.0,1,1.7299999999999999e-28,0.994681,1.0,1,1,1,1,1,1,1,1,1,0.0112612612612612,0.0112612612612612,0.0,0.0116822429906542,0,1,0
45059296|F|0-63:G>A-63:G>A,45059296,63:G>A,63,PTTO01001370.1_Contig26,2572077,NC_041734.1,7,autosome,1.0,1,1.7299999999999999e-28,0.99734,1.0,1,1,1,1,1,1,1,1,1,0.0,0.0,0.0,0.0,0,0,0
45059315|F|0-31:A>T-31:A>T,45059315,31:A>T,31,PTTO01003889.1_Contig165,27463972,NC_041729.1,2,autosome,1.0,1,1.7299999999999999e-28,1.0,1.0,1,1,1,1,1,1,1,1,1,0.036036036036036,0.036036036036036,0.0625,0.0350467289719626,1,1,0
45067228|F|0-33:G>T-33:G>T,45067228,33:G>T,33,PTTO01001940.1_Contig353,15244068,NC_041731.1,4,autosome,1.0,1,1.7299999999999999e-28,1.0,1.0,1,1,1,1,1,1,1,1,1,0.0225225225225225,0.0225225225225225,0.0,0.0233644859813084,0,1,0
45064893|F|0-65:T>C-65:T>C,45064893,65:T>C,65,PTTO01004189.1_Contig18,31227237,NC_041729.1,2,autosome,1.0,1,1.7299999999999999e-28,0.99734,1.0,1,1,1,1,1,1,1,1,1,0.786036036036036,0.213963963963964,1.0,0.7780373831775701,0,1,0
45067237|F|0-20:G>A-20:G>A,45067237,20:G>A,20,PTTO01004262.1_Contig52,19315294,NC_041731.1,4,autosome,1.0,1,1.7299999999999999e-28,0.99734,1.0,1,1,1,1,1,1,1,1,1,0.1869369369369369,0.1869369369369369,0.0,0.1939252336448598,0,1,0
45064915|F|0-49:A>G-49:A>G,45064915,49:A>G,49,PTTO01001839.1_Contig208,7931873,NC_041741.1,14,autosome,1.0,1,1.7299999999999999e-28,0.99734,1.0,1,1,1,1,1,1,1,1,1,0.4932432432432432,0.4932432432432432,0.625,0.4883177570093458,1,1,0
100053264|F|0-13:T>G-13:T>G,100053264,13:T>G,13,PTTO01002624.1_Contig32,11083883,NC_041728.1,1,autosome,1.0,1,1.7299999999999999e-28,0.992021,1.0,1,1,1,1,1,1,1,1,0,0.0,0.0,0.0,0.0,0,0,0
45067242|F|0-21:G>A-21:G>A,45067242,21:G>A,21,PTTO01002162.1_Contig2856,22207,NC_041732.1,5,autosome,1.0,2,1.7299999999999999e-28,0.99734,1.0,1,1,1,1,1,1,1,1,1,0.0653153153153153,0.0653153153153153,0.0625,0.0654205607476635,1,1,0
45059438|F|0-59:G>A-59:G>A,45059438,59:G>A,59,PTTO01000875.1_Contig31,13936272,NC_041730.1,3,autosome,1.0,1,1.7299999999999999e-28,0.99734,1.0,1,1,1,1,1,1,1,1,1,0.0653153153153153,0.0653153153153153,0.0,0.0677570093457943,0,1,0
100053299|F|0-49:T>C-49:T>C,100053299,49:T>C,49,PTTO01000974.1_Contig37,16803720,NC_041741.1,14,autosome,1.0,1,1.7299999999999999e-28,1.0,1.0,1,1,1,1,1,1,1,1,0,0.0,0.0,0.0,0.0,0,0,0
45059463|F|0-16:G>A-16:G>A,45059463,16:G>A,16,PTTO01001678.1_Contig35,519689,NC_041737.1,10,autosome,1.0,1,1.7299999999999999e-28,1.0,1.0,1,1,1,1,1,1,1,1,1,0.027027027027027,0.027027027027027,0.0,0.02803738317757,0,1,0
45059506|F|0-30:G>A-30:G>A,45059506,30:G>A,30,PTTO01001633.1_Contig312,27758886,NC_041739.1,12,autosome,1.0,2,1.7299999999999999e-28,0.99734,1.0,1,1,1,1,1,1,1,1,1,0.0202702702702702,0.0202702702702702,0.3125,0.0093457943925233,1,1,0
45059515|F|0-17:A>T-17:A>T,45059515,17:A>T,17,PTTO01000006.1_Contig148,11581671,NC_041734.1,7,autosome,1.0,1,1.7299999999999999e-28,0.99734,1.0,1,1,1,1,1,1,1,1,1,0.0765765765765765,0.0765765765765765,0.0625,0.0771028037383177,1,1,0
45059533|F|0-57:T>A-57:T>A,45059533,57:T>A,57,PTTO01001633.1_Contig312,9015616,NC_041739.1,12,autosome,1.0,1,1.7299999999999999e-28,0.99734,1.0,1,1,1,1,1,1,1,1,1,0.0157657657657657,0.0157657657657657,0.25,0.0070093457943925,1,1,0
64978640|F|0-62:G>T-62:G>T,64978640,62:G>T,62,PTTO01000318.1_Contig139,19578874,NC_041730.1,3,autosome,1.0,1,1.7299999999999999e-28,0.99734,1.0,1,1,1,1,1,1,1,1,0,0.0,0.0,0.0,0.0,0,0,0
45062102|F|0-64:G>T-64:G>T,45062102,64:G>T,64,PTTO01002545.1_Contig22,14991850,NC_041728.1,1,autosome,1.0,2,1.7299999999999999e-28,1.0,1.0,1,1,1,1,1,1,1,1,1,0.045045045045045,0.045045045045045,0.125,0.0420560747663551,1,1,0
45067283|F|0-25:C>T-25:C>T,45067283,25:C>T,25,PTTO01003276.1_Contig54,11307077,NC_041738.1,11,autosome,1.0,1,1.7299999999999999e-28,1.0,1.0,1,1,1,1,1,1,1,1,1,0.0225225225225225,0.0225225225225225,0.0,0.0233644859813084,0,1,0
45065001|F|0-12:A>G-12:A>G,45065001,12:A>G,12,PTTO01002104.1_Contig16,14075565,NC_041732.1,5,autosome,1.0,1,1.7299999999999999e-28,1.0,1.0,1,1,1,1,1,1,1,1,1,0.3175675675675675,0.3175675675675675,1.0,0.2920560747663551,0,1,0
95138687|F|0-27:G>A-27:G>A,95138687,27:G>A,27,PTTO01003005.1_Contig4265,337055,NC_041740.1,13,autosome,1.0,1,3.75e-25,0.992021,1.0,1,1,1,1,1,1,1,1,0,0.6846846846846847,0.3153153153153153,0.0,0.7102803738317757,0,1,0
45059638|F|0-7:C>A-7:C>A,45059638,7:C>A,7,PTTO01002476.1_Contig0,52016091,NC_041728.1,1,autosome,1.0,1,1.7299999999999999e-28,0.989362,1.0,1,1,1,1,1,1,1,1,0,0.0,0.0,0.0,0.0,0,0,0
45067291|F|0-49:G>A-49:G>A,45067291,49:G>A,49,PTTO01001241.1_Contig276,9583312,NC_041740.1,13,autosome,1.0,1,1.7299999999999999e-28,1.0,1.0,1,1,1,1,1,1,1,1,1,0.0337837837837837,0.0337837837837837,0.0,0.0350467289719626,0,1,0
45059680|F|0-56:C>A-56:C>A,45059680,56:C>A,56,PTTO01000230.1_Contig34,11913422,NC_041734.1,7,autosome,1.0,1,1.7299999999999999e-28,1.0,1.0,1,1,1,1,1,1,1,1,1,0.0743243243243243,0.0743243243243243,0.0,0.0771028037383177,0,1,0
95139957|F|0-54:C>A-54:C>A,95139957,54:C>A,54,PTTO01004446.1_Contig146,288040,NC_041742.1,15,autosome,1.0,1,1.7299999999999999e-28,0.99734,1.0,1,1,1,1,1,1,1,1,0,0.0022522522522522,0.0022522522522522,0.0,0.0023364485981308,0,1,0
45059699|F|0-64:G>A-64:G>A,45059699,64:G>A,64,PTTO01004189.1_Contig18,3427745,NC_041729.1,2,autosome,1.0,15,1.7299999999999999e-28,0.994681,1.0,1,1,1,1,1,1,1,1,1,0.0067567567567567,0.0067567567567567,0.0,0.0070093457943925,0,1,0
45065051|F|0-16:C>T-16:C>T,45065051,16:C>T,16,PTTO01003275.1_Contig387,833544,NC_041741.1,14,autosome,1.0,1,1.7299999999999999e-28,0.99734,1.0,1,1,1,1,1,1,1,1,1,0.0135135135135135,0.0135135135135135,0.0,0.014018691588785,0,1,0
100053513|F|0-52:A>G-52:A>G,100053513,52:A>G,52,PTTO01001296.1_Contig62,3426637,NC_041746.1,19,autosome,1.0,1,1.7299999999999999e-28,0.992021,1.0,1,1,1,1,1,1,1,1,0,0.0045045045045045,0.0045045045045045,0.0625,0.0023364485981308,1,1,0
45059743|F|0-7:G>T-7:G>T,45059743,7:G>T,7,PTTO01002476.1_Contig0,24367260,NC_041728.1,1,autosome,1.0,1,1.7299999999999999e-28,1.0,1.0,1,1,1,1,1,1,1,1,1,0.027027027027027,0.027027027027027,0.0,0.02803738317757,0,1,0
45059764|F|0-22:T>C-22:T>C,45059764,22:T>C,22,PTTO01000276.1_Contig319,12505586,NC_041737.1,10,autosome,1.0,1,1.7299999999999999e-28,1.0,1.0,1,1,1,1,1,1,1,1,1,0.0945945945945946,0.0945945945945946,0.0625,0.0957943925233644,1,1,0
45059783|F|0-40:C>T-40:C>T,45059783,40:C>T,40,PTTO01003889.1_Contig165,15188118,NC_041729.1,2,autosome,1.0,1,8.05e-27,0.99734,1.0,1,1,1,1,1,1,1,1,1,0.2117117117117117,0.2117117117117117,0.375,0.205607476635514,1,1,0
45059825|F|0-6:A>T-6:A>T,45059825,6:A>T,6,PTTO01000376.1_Contig11,12123273,NC_041745.1,18,autosome,1.0,1,1.7299999999999999e-28,1.0,1.0,1,1,1,1,1,1,1,1,1,0.0337837837837837,0.0337837837837837,0.1875,0.02803738317757,1,1,0
45059830|F|0-26:A>G-26:A>G,45059830,26:A>G,26,PTTO01001320.1_Contig70,16915802,NC_041731.1,4,autosome,1.0,1,8.05e-27,0.99734,1.0,1,1,1,1,1,1,1,1,1,0.2139639639639639,0.2139639639639639,0.0,0.2219626168224299,0,1,0
45065111|F|0-18:C>T-18:C>T,45065111,18:C>T,18,PTTO01003276.1_Contig54,3731366,NC_041738.1,11,autosome,1.0,1,1.7299999999999999e-28,0.99734,1.0,1,1,1,1,1,1,1,1,1,0.063063063063063,0.063063063063063,0.0,0.0654205607476635,0,1,0
100053599|F|0-9:A>C-9:A>C,100053599,9:A>C,9,PTTO01004116.1_Contig362,452970,NC_041729.1,2,autosome,1.0,2,1.7299999999999999e-28,0.99734,1.0,1,1,1,1,1,1,1,1,0,0.0,0.0,0.0,0.0,0,0,0
45059872|F|0-26:G>A-26:G>A,45059872,26:G>A,26,PTTO01001940.1_Contig353,21549822,NC_041731.1,4,autosome,1.0,1,1.7299999999999999e-28,1.0,1.0,1,1,1,1,1,1,1,1,1,0.018018018018018,0.018018018018018,0.0,0.0186915887850467,0,1,0
64979076|F|0-51:G>C-51:G>C,64979076,51:G>C,51,PTTO01002624.1_Contig32,444041,NC_041728.1,1,autosome,1.0,1,1.7299999999999999e-28,0.99734,1.0,1,1,1,1,1,1,1,1,0,0.0,0.0,0.0,0.0,0,0,0
64979081|F|0-12:G>A-12:G>A,64979081,12:G>A,12,PTTO01002476.1_Contig0,61362810,NC_041728.1,1,autosome,1.0,1,1.7299999999999999e-28,1.0,1.0,1,1,1,1,1,1,1,1,0,0.0,0.0,0.0,0.0,0,0,0
64979088|F|0-62:C>T-62:C>T,64979088,62:C>T,62,PTTO01000006.1_Contig148,13603546,NC_041734.1,7,autosome,1.0,1,1.7299999999999999e-28,0.99734,1.0,1,1,1,1,1,1,1,1,0,0.0,0.0,0.0,0.0,0,0,0
45059921|F|0-56:T>G-56:T>G,45059921,56:T>G,56,PTTO01002545.1_Contig22,14426964,NC_041728.1,1,autosome,1.0,1,1.7299999999999999e-28,0.994681,1.0,1,1,1,1,1,1,1,1,1,0.027027027027027,0.027027027027027,0.0,0.02803738317757,0,1,0
45067347|F|0-47:G>C-47:G>C,45067347,47:G>C,47,PTTO01000875.1_Contig31,3783909,NC_041730.1,3,autosome,1.0,1,8.05e-27,1.0,1.0,1,1,1,1,1,1,1,1,1,0.2927927927927928,0.2927927927927928,0.3125,0.2920560747663551,1,1,0
45065178|F|0-14:A>C-14:A>C,45065178,14:A>C,14,PTTO01003571.1_Contig67,21328795,NC_041736.1,9,autosome,1.0,1,1.7299999999999999e-28,1.0,1.0,1,1,1,1,1,1,1,1,1,0.0112612612612612,0.0112612612612612,0.0,0.0116822429906542,0,1,0
45060036|F|0-8:C>T-8:C>T,45060036,8:C>T,8,PTTO01001241.1_Contig276,11132901,NC_041740.1,13,autosome,1.0,1,1.7299999999999999e-28,1.0,1.0,1,1,1,1,1,1,1,1,1,0.054054054054054,0.054054054054054,0.0,0.0560747663551401,0,1,0
64979275|F|0-68:T>C-68:T>C,64979275,68:T>C,68,PTTO01002315.1_Contig12,7777516,NC_041729.1,2,autosome,1.0,383,1.7299999999999999e-28,0.994681,1.0,1,1,1,1,1,1,1,1,0,0.0,0.0,0.0,0.0,0,0,0
45067364|F|0-46:T>C-46:T>C,45067364,46:T>C,46,PTTO01004189.1_Contig18,25214368,NC_041729.1,2,autosome,1.0,1,1.7299999999999999e-28,1.0,1.0,1,1,1,1,1,1,1,1,1,0.018018018018018,0.018018018018018,0.0,0.0186915887850467,0,1,0
45068291|F|0-18:G>T-18:G>T,45068291,18:G>T,18,PTTO01001370.1_Contig26,2581498,NC_041734.1,7,autosome,1.0,1,1.7299999999999999e-28,0.99734,1.0,1,1,1,1,1,1,1,1,1,0.0292792792792792,0.0292792792792792,0.0,0.0303738317757009,0,1,0
45065242|F|0-34:T>C-34:T>C,45065242,34:T>C,34,PTTO01004262.1_Contig52,8344984,NC_041731.1,4,autosome,1.0,1,1.4999999999999997e-23,0.99734,1.0,1,1,1,1,1,1,1,1,1,0.481981981981982,0.481981981981982,0.4375,0.4836448598130841,1,1,0
45060114|F|0-54:A>G-54:A>G,45060114,54:A>G,54,PTTO01002624.1_Contig32,40079840,NC_041728.1,1,autosome,1.0,1,1.7299999999999999e-28,0.99734,1.0,1,1,1,1,1,1,1,1,1,0.0,0.0,0.0,0.0,0,0,0
45063637|F|0-5:C>T-5:C>T,45063637,5:C>T,5,PTTO01000659.1_Contig3311,4812998,NC_041731.1,4,autosome,1.0,1,8.05e-27,1.0,1.0,1,1,1,1,1,1,1,1,1,0.2657657657657657,0.2657657657657657,0.125,0.2710280373831775,1,1,0
45068297|F|0-57:G>T-57:G>T,45068297,57:G>T,57,PTTO01001320.1_Contig70,5003214,NC_041731.1,4,autosome,1.0,1,1.7299999999999999e-28,1.0,1.0,1,1,1,1,1,1,1,1,1,0.3175675675675675,0.3175675675675675,0.375,0.3154205607476635,1,1,0
64979380|F|0-37:C>G-37:C>G,64979380,37:C>G,37,PTTO01000659.1_Contig3311,20497632,NC_041731.1,4,autosome,1.0,1,1.7299999999999999e-28,0.994681,1.0,1,1,1,1,1,1,1,1,0,0.0,0.0,0.0,0.0,0,0,0
64983983|F|0-10:G>C-10:G>C,64983983,10:G>C,10,PTTO01002476.1_Contig0,21170369,NC_041728.1,1,autosome,1.0,1,1.7299999999999999e-28,1.0,1.0,1,1,1,1,1,1,1,1,0,0.0,0.0,0.0,0.0,0,0,0
45065266|F|0-51:G>A-51:G>A,45065266,51:G>A,51,PTTO01002793.1_Contig38,2706084,NC_041745.1,18,autosome,1.0,1,1.7299999999999999e-28,0.989362,1.0,1,1,1,1,1,1,1,1,0,0.1554054054054054,0.1554054054054054,0.0625,0.1588785046728972,1,1,0
45060176|F|0-19:A>G-19:A>G,45060176,19:A>G,19,PTTO01002476.1_Contig0,22042666,NC_041728.1,1,autosome,1.0,1,1.7299999999999999e-28,1.0,1.0,1,1,1,1,1,1,1,1,1,0.027027027027027,0.027027027027027,0.0,0.02803738317757,0,1,0
45060185|F|0-57:C>T-57:C>T,45060185,57:C>T,57,PTTO01000765.1_Contig334,4890090,NC_041729.1,2,autosome,1.0,1,1.7299999999999999e-28,1.0,1.0,1,1,1,1,1,1,1,1,1,0.1576576576576576,0.1576576576576576,0.0625,0.161214953271028,1,1,0
45060212|F|0-40:C>T-40:C>T,45060212,40:C>T,40,PTTO01002624.1_Contig32,2234792,NC_041728.1,1,autosome,1.0,1,1.7299999999999999e-28,1.0,1.0,1,1,1,1,1,1,1,1,1,0.036036036036036,0.036036036036036,0.0,0.0373831775700934,0,1,0
45060214|F|0-11:G>T-11:G>T,45060214,11:G>T,11,PTTO01002476.1_Contig0,17472562,NC_041728.1,1,autosome,1.0,1,6.23e-28,1.0,1.0,1,1,1,1,1,1,1,1,1,0.0022522522522522,0.0022522522522522,0.0,0.0023364485981308,0,1,0
64979475|F|0-58:G>A-58:G>A,64979475,58:G>A,58,PTTO01001349.1_Contig23,7906708,NC_041736.1,9,autosome,1.0,1,1.7299999999999999e-28,0.99734,1.0,1,1,1,1,1,1,1,1,0,0.0202702702702702,0.0202702702702702,0.0,0.0210280373831775,0,1,0
45060220|F|0-10:G>A-10:G>A,45060220,10:G>A,10,PTTO01004262.1_Contig52,28935959,NC_041731.1,4,autosome,1.0,1,2.63e-26,0.994681,1.0,1,1,1,1,1,1,1,1,1,0.036036036036036,0.036036036036036,0.0,0.0373831775700934,0,1,0
45065305|F|0-51:A>G-51:A>G,45065305,51:A>G,51,PTTO01002473.1_Contig1,14318041,NC_041738.1,11,autosome,1.0,1,8.05e-27,1.0,1.0,1,1,1,1,1,1,1,1,1,0.3423423423423423,0.3423423423423423,0.625,0.3317757009345794,1,1,0
45060235|F|0-18:C>T-18:C>T,45060235,18:C>T,18,PTTO01003882.1_Contig102,3286620,NC_041732.1,5,autosome,1.0,1,1.7299999999999999e-28,1.0,1.0,1,1,1,1,1,1,1,1,1,0.1621621621621621,0.1621621621621621,0.0,0.1682242990654205,0,1,0
45067698|F|0-44:C>T-44:C>T,45067698,44:C>T,44,PTTO01002624.1_Contig32,15527318,NC_041728.1,1,autosome,1.0,1,1.7299999999999999e-28,1.0,1.0,1,1,1,1,1,1,1,1,1,0.0405405405405405,0.0405405405405405,0.0,0.0420560747663551,0,1,0
45068302|F|0-15:C>T-15:C>T,45068302,15:C>T,15,PTTO01000006.1_Contig148,10797758,NC_041734.1,7,autosome,1.0,1,8.05e-27,0.99734,1.0,1,1,1,1,1,1,1,1,0,0.6576576576576577,0.3423423423423423,0.9375,0.647196261682243,1,1,0
45065338|F|0-40:G>A-40:G>A,45065338,40:G>A,40,PTTO01001241.1_Contig276,19103328,NC_041740.1,13,autosome,1.0,1,1.7299999999999999e-28,1.0,1.0,1,1,1,1,1,1,1,1,1,0.0382882882882882,0.0382882882882882,0.0,0.0397196261682243,0,1,0
45060291|F|0-39:G>A-39:G>A,45060291,39:G>A,39,PTTO01000966.1_Contig89,771921,NC_041731.1,4,autosome,1.0,17,8.05e-27,0.99734,1.0,1,1,1,1,1,1,1,1,1,0.3018018018018018,0.3018018018018018,0.8125,0.2827102803738318,1,1,0
45067409|F|0-23:G>A-23:G>A,45067409,23:G>A,23,PTTO01000376.1_Contig11,3681988,NC_041745.1,18,autosome,1.0,1,1.7299999999999999e-28,0.99734,1.0,1,1,1,1,1,1,1,1,0,0.0022522522522522,0.0022522522522522,0.0,0.0023364485981308,0,1,0
64979590|F|0-36:A>T-36:A>T,64979590,36:A>T,36,PTTO01000705.1_Contig20,5456328,NC_041743.1,16,autosome,1.0,1,1.7299999999999999e-28,1.0,1.0,1,1,1,1,1,1,1,1,0,0.0,0.0,0.0,0.0,0,0,0
45067414|F|0-47:G>A-47:G>A,45067414,47:G>A,47,PTTO01001349.1_Contig23,20448573,NC_041736.1,9,autosome,1.0,6,1.7299999999999999e-28,0.99734,1.0,1,1,1,1,1,1,1,1,1,0.0112612612612612,0.0112612612612612,0.0,0.0116822429906542,0,1,0
45060328|F|0-12:T>A-12:T>A,45060328,12:T>A,12,PTTO01003005.1_Contig4265,5369269,NC_041740.1,13,autosome,1.0,1,1.7299999999999999e-28,0.99734,1.0,1,1,1,1,1,1,1,1,1,0.1103603603603603,0.1103603603603603,0.75,0.0864485981308411,1,1,0
45060331|F|0-19:A>T-19:A>T,45060331,19:A>T,19,PTTO01002104.1_Contig16,47517260,NC_041732.1,5,autosome,1.0,1,1.7299999999999999e-28,0.992021,1.0,1,1,1,1,1,1,1,1,1,0.0495495495495495,0.0495495495495495,0.0,0.0514018691588785,0,1,0
45060343|F|0-12:A>G-12:A>G,45060343,12:A>G,12,PTTO01000974.1_Contig37,15908587,NC_041741.1,14,autosome,1.0,1,1.7299999999999999e-28,1.0,1.0,1,1,1,1,1,1,1,1,1,0.018018018018018,0.018018018018018,0.0,0.0186915887850467,0,1,0
45065383|F|0-45:C>T-45:C>T,45065383,45:C>T,45,PTTO01002476.1_Contig0,19847586,NC_041728.1,1,autosome,1.0,1,8.05e-27,1.0,1.0,1,1,1,1,1,1,1,1,1,0.1351351351351351,0.1351351351351351,0.0,0.1401869158878504,0,1,0
45068307|F|0-30:C>G-30:C>G,45068307,30:C>G,30,PTTO01002551.1_Contig1866,86155,NC_041729.1,2,autosome,1.0,1,1.7299999999999999e-28,0.99734,1.0,1,1,1,1,1,1,1,1,1,0.1058558558558558,0.1058558558558558,0.0,0.1098130841121495,0,1,0
45060406|F|0-7:C>T-7:C>T,45060406,7:C>T,7,PTTO01000376.1_Contig11,15446780,NC_041745.1,18,autosome,1.0,1,1.7299999999999999e-28,1.0,1.0,1,1,1,1,1,1,1,1,1,0.2274774774774774,0.2274774774774774,0.0,0.2359813084112149,0,1,0
45060437|F|0-57:T>C-57:T>C,45060437,57:T>C,57,PTTO01004189.1_Contig18,27566736,NC_041729.1,2,autosome,1.0,1,8.05e-27,0.99734,1.0,1,1,1,1,1,1,1,1,1,0.1554054054054054,0.1554054054054054,0.375,0.1471962616822429,1,1,0
45067441|F|0-7:C>T-7:C>T,45067441,7:C>T,7,PTTO01001114.1_Contig282,3048912,NC_041740.1,13,autosome,1.0,1,1.7299999999999999e-28,0.99734,1.0,1,1,1,1,1,1,1,1,1,0.1689189189189189,0.1689189189189189,0.25,0.1658878504672897,1,1,0
45068347|F|0-6:T>G-6:T>G,45068347,6:T>G,6,PTTO01002315.1_Contig12,20204380,NC_041729.1,2,autosome,1.0,1,8.05e-27,1.0,1.0,1,1,1,1,1,1,1,1,1,0.3896396396396396,0.3896396396396396,0.25,0.3948598130841121,1,1,0
45065425|F|0-40:G>C-40:G>C,45065425,40:G>C,40,PTTO01003710.1_Contig217,14544401,NC_041733.1,6,autosome,1.0,1,1.7299999999999999e-28,0.994681,1.0,1,1,1,1,1,1,1,1,1,0.0945945945945946,0.0945945945945946,0.125,0.0934579439252336,1,1,0
45060485|F|0-14:G>A-14:G>A,45060485,14:G>A,14,PTTO01001320.1_Contig70,13411667,NC_041731.1,4,autosome,1.0,6,1.7299999999999999e-28,1.0,1.0,1,1,1,1,1,1,1,1,1,0.0292792792792792,0.0292792792792792,0.0,0.0303738317757009,0,1,0
45065449|F|0-51:A>G-51:A>G,45065449,51:A>G,51,PTTO01002967.1_Contig85,4913626,NC_041733.1,6,autosome,1.0,1,1.7299999999999999e-28,0.99734,1.0,1,1,1,1,1,1,1,1,0,0.081081081081081,0.081081081081081,0.375,0.0700934579439252,1,1,0
64979823|F|0-15:C>A-15:C>A,64979823,15:C>A,15,PTTO01002539.1_Contig4094,4667293,NC_041739.1,12,autosome,1.0,32,1.7299999999999999e-28,1.0,1.0,1,1,1,1,1,1,1,1,0,0.0,0.0,0.0,0.0,0,0,0
45067462|F|0-44:T>G-44:T>G,45067462,44:T>G,44,PTTO01001051.1_Contig4,5969045,NC_041737.1,10,autosome,1.0,1,8.05e-27,0.994681,1.0,1,1,1,1,1,1,1,1,1,0.1283783783783783,0.1283783783783783,0.0,0.1331775700934579,0,1,0
45065458|F|0-24:C>T-24:C>T,45065458,24:C>T,24,PTTO01002104.1_Contig16,46513823,NC_041732.1,5,autosome,1.0,1,1.7299999999999999e-28,1.0,1.0,1,1,1,1,1,1,1,1,1,0.0292792792792792,0.0292792792792792,0.0,0.0303738317757009,0,1,0
45068315|F|0-28:C>T-28:C>T,45068315,28:C>T,28,PTTO01002104.1_Contig16,1179830,NC_041732.1,5,autosome,1.0,1,1.7299999999999999e-28,0.994681,1.0,1,1,1,1,1,1,1,1,1,0.0743243243243243,0.0743243243243243,0.0,0.0771028037383177,0,1,0
45065464|F|0-24:C>A-24:C>A,45065464,24:C>A,24,PTTO01002967.1_Contig85,11723927,NC_041733.1,6,autosome,1.0,1,1.13e-24,0.99734,1.0,1,1,1,1,1,1,1,1,1,0.3513513513513513,0.3513513513513513,0.625,0.3411214953271028,1,1,0
45067468|F|0-6:G>T-6:G>T,45067468,6:G>T,6,PTTO01000276.1_Contig319,2639795,NC_041737.1,10,autosome,1.0,1,8.05e-27,0.99734,1.0,1,1,1,1,1,1,1,1,1,0.1058558558558558,0.1058558558558558,0.0,0.1098130841121495,0,1,0
45065481|F|0-33:G>A-33:G>A,45065481,33:G>A,33,PTTO01000276.1_Contig319,11371459,NC_041737.1,10,autosome,1.0,1,1.7299999999999999e-28,0.99734,1.0,1,1,1,1,1,1,1,1,0,0.2004504504504504,0.2004504504504504,0.0,0.2079439252336448,0,1,0
45065485|F|0-31:C>G-31:C>G,45065485,31:C>G,31,PTTO01002822.1_Contig364,1639452,NC_041731.1,4,autosome,1.0,10,1.7299999999999999e-28,1.0,1.0,1,1,1,1,1,1,1,1,1,0.0045045045045045,0.0045045045045045,0.0,0.0046728971962616,0,1,0
64979911|F|0-34:G>A-34:G>A,64979911,34:G>A,34,PTTO01003882.1_Contig102,6962026,NC_041732.1,5,autosome,1.0,1,1.7299999999999999e-28,1.0,1.0,1,1,1,1,1,1,1,1,0,0.0,0.0,0.0,0.0,0,0,0
45065497|F|0-15:C>T-15:C>T,45065497,15:C>T,15,PTTO01003889.1_Contig165,10265566,NC_041729.1,2,autosome,1.0,1,1.7299999999999999e-28,1.0,1.0,1,1,1,1,1,1,1,1,1,0.018018018018018,0.018018018018018,0.0625,0.0163551401869158,1,1,0
45067477|F|0-50:G>T-50:G>T,45067477,50:G>T,50,PTTO01000659.1_Contig3311,21417735,NC_041731.1,4,autosome,1.0,1,8.05e-27,1.0,1.0,1,1,1,1,1,1,1,1,1,0.0202702702702702,0.0202702702702702,0.0,0.0210280373831775,0,1,0
45067483|F|0-40:G>A-40:G>A,45067483,40:G>A,40,PTTO01004189.1_Contig18,11574507,NC_041729.1,2,autosome,1.0,1,1.7299999999999999e-28,1.0,1.0,1,1,1,1,1,1,1,1,1,0.0878378378378378,0.0878378378378378,0.0,0.0911214953271028,0,1,0
45060654|F|0-24:T>A-24:T>A,45060654,24:T>A,24,PTTO01000376.1_Contig11,10818928,NC_041745.1,18,autosome,1.0,1,1.7299999999999999e-28,1.0,1.0,1,1,1,1,1,1,1,1,1,0.0202702702702702,0.0202702702702702,0.0,0.0210280373831775,0,1,0
45065539|F|0-16:G>A-16:G>A,45065539,16:G>A,16,PTTO01003671.1_Contig19,19529435,NC_041735.1,8,autosome,1.0,2,1.7299999999999999e-28,0.994681,1.0,1,1,1,1,1,1,1,1,1,0.0247747747747747,0.0247747747747747,0.0,0.0257009345794392,0,1,0
64980026|F|0-43:A>T-43:A>T,64980026,43:A>T,43,PTTO01001633.1_Contig312,8131959,NC_041739.1,12,autosome,1.0,1,1.7299999999999999e-28,0.994681,1.0,1,1,1,1,1,1,1,1,0,0.0,0.0,0.0,0.0,0,0,0
64980028|F|0-22:C>G-22:C>G,64980028,22:C>G,22,PTTO01003276.1_Contig54,3422146,NC_041738.1,11,autosome,1.0,1,1.7299999999999999e-28,0.994681,1.0,1,1,1,1,1,1,1,1,0,0.0,0.0,0.0,0.0,0,0,0
45053628|F|0-43:C>T-43:C>T,45053628,43:C>T,43,PTTO01001236.1_Contig336,9577588,NC_041746.1,19,autosome,1.0,1,1.7299999999999999e-28,1.0,1.0,1,1,1,1,1,1,1,1,1,0.0315315315315315,0.0315315315315315,0.0,0.0327102803738317,0,1,0
45060711|F|0-68:G>A-68:G>A,45060711,68:G>A,68,PTTO01004427.1_Contig106,3311998,NC_041739.1,12,autosome,1.0,1,1.7299999999999999e-28,0.99734,1.0,1,1,1,1,1,1,1,1,1,0.0968468468468468,0.0968468468468468,0.0,0.1004672897196261,0,1,0
45065568|F|0-41:A>G-41:A>G,45065568,41:A>G,41,PTTO01003882.1_Contig102,7562563,NC_041732.1,5,autosome,1.0,1,1.7299999999999999e-28,1.0,1.0,1,1,1,1,1,1,1,1,1,0.1373873873873874,0.1373873873873874,0.1875,0.1355140186915887,1,1,0
45060779|F|0-33:C>G-33:C>G,45060779,33:C>G,33,PTTO01004519.1_Contig1477,1933521,NC_041735.1,8,autosome,1.0,1,1.7299999999999999e-28,1.0,1.0,1,1,1,1,1,1,1,1,0,0.0945945945945946,0.0945945945945946,0.0,0.0981308411214953,0,1,0
45067507|F|0-40:C>T-40:C>T,45067507,40:C>T,40,PTTO01000974.1_Contig37,1145213,NC_041741.1,14,autosome,1.0,1,1.7299999999999999e-28,0.99734,1.0,1,1,1,1,1,1,1,1,0,0.0472972972972973,0.0472972972972973,0.0,0.0490654205607476,0,1,0
45060814|F|0-10:C>T-10:C>T,45060814,10:C>T,10,PTTO01003889.1_Contig165,21199849,NC_041729.1,2,autosome,1.0,1,1.7299999999999999e-28,1.0,1.0,1,1,1,1,1,1,1,1,1,0.0990990990990991,0.0990990990990991,0.4375,0.0864485981308411,1,1,0
45060839|F|0-57:C>G-57:C>G,45060839,57:C>G,57,PTTO01000765.1_Contig334,9394741,NC_041729.1,2,autosome,1.0,1,1.7299999999999999e-28,1.0,1.0,1,1,1,1,1,1,1,1,0,0.081081081081081,0.081081081081081,0.3125,0.072429906542056,1,1,0
45060860|F|0-16:T>A-16:T>A,45060860,16:T>A,16,PTTO01004446.1_Contig146,2956373,NC_041742.1,15,autosome,1.0,1,1.7299999999999999e-28,0.99734,1.0,1,1,1,1,1,1,1,1,1,0.0022522522522522,0.0022522522522522,0.0,0.0023364485981308,0,1,0
45060861|F|0-13:T>G-13:T>G,45060861,13:T>G,13,PTTO01000659.1_Contig3311,13370615,NC_041731.1,4,autosome,1.0,1,1.7299999999999999e-28,1.0,1.0,1,1,1,1,1,1,1,1,1,0.0022522522522522,0.0022522522522522,0.0,0.0023364485981308,0,1,0
45065636|F|0-21:C>T-21:C>T,45065636,21:C>T,21,PTTO01001320.1_Contig70,6760057,NC_041731.1,4,autosome,1.0,157,1.7299999999999999e-28,0.99734,1.0,1,1,1,1,1,1,1,1,1,0.1081081081081081,0.1081081081081081,0.125,0.1074766355140186,1,1,0
45067522|F|0-60:G>A-60:G>A,45067522,60:G>A,60,PTTO01001349.1_Contig23,16418191,NC_041736.1,9,autosome,1.0,1,1.7299999999999999e-28,1.0,1.0,1,1,1,1,1,1,1,1,1,0.2702702702702703,0.2702702702702703,0.3125,0.2686915887850467,1,1,0
45065658|F|0-66:T>C-66:T>C,45065658,66:T>C,66,PTTO01001633.1_Contig312,2422181,NC_041739.1,12,autosome,1.0,1,1.7299999999999999e-28,0.994681,1.0,1,1,1,1,1,1,1,1,0,0.3063063063063063,0.3063063063063063,0.5625,0.2967289719626168,1,1,0
45065669|F|0-38:A>G-38:A>G,45065669,38:A>G,38,PTTO01000230.1_Contig34,467710,NC_041734.1,7,autosome,1.0,1,1.7299999999999999e-28,1.0,1.0,1,1,1,1,1,1,1,1,1,0.0923423423423423,0.0923423423423423,0.0,0.0957943925233644,0,1,0
64980379|F|0-65:G>T-65:G>T,64980379,65:G>T,65,PTTO01003146.1_Contig77,2503844,NC_041734.1,7,autosome,1.0,1,1.7299999999999999e-28,1.0,1.0,1,1,1,1,1,1,1,1,0,0.0,0.0,0.0,0.0,0,0,0
45065687|F|0-66:C>T-66:C>T,45065687,66:C>T,66,PTTO01001370.1_Contig26,10093679,NC_041734.1,7,autosome,1.0,1,1.7299999999999999e-28,0.99734,1.0,1,1,1,1,1,1,1,1,1,0.1531531531531531,0.1531531531531531,0.1875,0.1518691588785046,1,1,0
45068353|F|0-29:G>A-29:G>A,45068353,29:G>A,29,PTTO01000705.1_Contig20,1084991,NC_041743.1,16,autosome,1.0,1,1.7299999999999999e-28,1.0,1.0,1,1,1,1,1,1,1,1,1,0.0427927927927927,0.0427927927927927,0.0,0.0443925233644859,0,1,0
45065693|F|0-58:G>A-58:G>A,45065693,58:G>A,58,PTTO01001940.1_Contig353,17182082,NC_041731.1,4,autosome,1.0,1,1.7299999999999999e-28,1.0,1.0,1,1,1,1,1,1,1,1,1,0.1734234234234234,0.1734234234234234,0.5,0.161214953271028,1,1,0
45061009|F|0-19:A>T-19:A>T,45061009,19:A>T,19,PTTO01001370.1_Contig26,15350330,NC_041734.1,7,autosome,1.0,1,1.7299999999999999e-28,0.99734,1.0,1,1,1,1,1,1,1,1,1,0.0337837837837837,0.0337837837837837,0.25,0.0257009345794392,1,1,0
45061015|F|0-38:C>A-38:C>A,45061015,38:C>A,38,PTTO01000166.1_Contig207,4123339,NC_041747.1,20,autosome,1.0,1,1.7299999999999999e-28,1.0,1.0,1,1,1,1,1,1,1,1,1,0.0427927927927927,0.0427927927927927,0.0,0.0443925233644859,0,1,0
100054443|F|0-24:C>T-24:C>T,100054443,24:C>T,24,PTTO01002822.1_Contig364,2803072,NC_041731.1,4,autosome,1.0,1,1.7299999999999999e-28,0.99734,1.0,1,1,1,1,1,1,1,1,0,0.0,0.0,0.0,0.0,0,0,0
64980588|F|0-33:A>T-33:A>T,64980588,33:A>T,33,PTTO01001241.1_Contig276,11526223,NC_041740.1,13,autosome,1.0,1,1.7299999999999999e-28,0.99734,1.0,1,1,1,1,1,1,1,1,0,0.0,0.0,0.0,0.0,0,0,0
45065792|F|0-46:A>T-46:A>T,45065792,46:A>T,46,PTTO01002473.1_Contig1,18278962,NC_041738.1,11,autosome,1.0,1,2.9000000000000004e-26,0.99734,1.0,1,1,1,1,1,1,1,1,0,0.018018018018018,0.018018018018018,0.0,0.0186915887850467,0,1,0
45061195|F|0-13:C>A-13:C>A,45061195,13:C>A,13,PTTO01002476.1_Contig0,40132265,NC_041728.1,1,autosome,1.0,1,1.7299999999999999e-28,1.0,1.0,1,1,1,1,1,1,1,1,1,0.0112612612612612,0.0112612612612612,0.0,0.0116822429906542,0,1,0
45061198|F|0-65:C>G-65:C>G,45061198,65:C>G,65,PTTO01004340.1_Contig74,294307,NC_041733.1,6,autosome,1.0,1,1.7299999999999999e-28,0.99734,1.0,1,1,1,1,1,1,1,1,1,0.0022522522522522,0.0022522522522522,0.0,0.0023364485981308,0,1,0
45068441|F|0-16:G>T-16:G>T,45068441,16:G>T,16,PTTO01001940.1_Contig353,10393796,NC_041731.1,4,autosome,1.0,1,1.7299999999999999e-28,0.994681,1.0,1,1,1,1,1,1,1,1,1,0.0405405405405405,0.0405405405405405,0.0,0.0420560747663551,0,1,0
45062258|F|0-61:C>A-61:C>A,45062258,61:C>A,61,PTTO01001236.1_Contig336,11710556,NC_041746.1,19,autosome,1.0,1,8.05e-27,0.994681,1.0,1,1,1,1,1,1,1,1,1,0.9977477477477478,0.0022522522522522,1.0,0.9976635514018692,0,1,0
45067734|F|0-43:A>T-43:A>T,45067734,43:A>T,43,PTTO01003425.1_Contig303,10328918,NC_041743.1,16,autosome,1.0,1,1.7299999999999999e-28,1.0,1.0,1,1,1,1,1,1,1,1,1,0.036036036036036,0.036036036036036,0.1875,0.0303738317757009,1,1,0
64973138|F|0-36:C>G-36:C>G,64973138,36:C>G,36,PTTO01001241.1_Contig276,13740591,NC_041740.1,13,autosome,1.0,1,1.7299999999999999e-28,1.0,1.0,1,1,1,1,1,1,1,1,0,0.0,0.0,0.0,0.0,0,0,0
45068458|F|0-61:C>T-61:C>T,45068458,61:C>T,61,PTTO01002104.1_Contig16,56734569,NC_041732.1,5,autosome,1.0,1,1.7299999999999999e-28,1.0,1.0,1,1,1,1,1,1,1,1,0,0.0202702702702702,0.0202702702702702,0.0,0.0210280373831775,0,1,0
45062312|F|0-34:T>G-34:T>G,45062312,34:T>G,34,PTTO01004446.1_Contig146,3209108,NC_041742.1,15,autosome,1.0,1,1.7299999999999999e-28,1.0,1.0,1,1,1,1,1,1,1,1,1,0.0135135135135135,0.0135135135135135,0.0,0.014018691588785,0,1,0
45062314|F|0-34:G>A-34:G>A,45062314,34:G>A,34,PTTO01001349.1_Contig23,2669604,NC_041736.1,9,autosome,1.0,1,1.7299999999999999e-28,0.994681,1.0,1,1,1,1,1,1,1,1,1,0.0067567567567567,0.0067567567567567,0.0,0.0070093457943925,0,1,0
45066198|F|0-9:G>A-9:G>A,45066198,9:G>A,9,PTTO01002104.1_Contig16,51919934,NC_041732.1,5,autosome,1.0,1,1.7299999999999999e-28,0.994681,1.0,1,1,1,1,1,1,1,1,1,0.0698198198198198,0.0698198198198198,0.0,0.072429906542056,0,1,0
45068464|F|0-40:A>G-40:A>G,45068464,40:A>G,40,PTTO01003571.1_Contig67,26502582,NC_041736.1,9,autosome,1.0,1,8.05e-27,0.99734,1.0,1,1,1,1,1,1,1,1,0,0.8828828828828829,0.1171171171171171,0.8125,0.8855140186915887,1,1,0
45062383|F|0-41:G>T-41:G>T,45062383,41:G>T,41,PTTO01002057.1_Contig2,45419608,NC_041730.1,3,autosome,1.0,1,8.05e-27,0.99734,1.0,1,1,1,1,1,1,1,1,1,0.3265765765765765,0.3265765765765765,0.5,0.3200934579439252,1,1,0
45069326|F|0-44:G>C-44:G>C,45069326,44:G>C,44,PTTO01002104.1_Contig16,25105210,NC_041732.1,5,autosome,1.0,1,2.04e-21,0.99734,1.0,1,1,1,1,1,1,1,1,0,0.2927927927927928,0.2927927927927928,0.125,0.2990654205607476,1,1,0
45062451|F|0-42:T>G-42:T>G,45062451,42:T>G,42,PTTO01002104.1_Contig16,64099510,NC_041732.1,5,autosome,1.0,1,8.05e-27,1.0,1.0,1,1,1,1,1,1,1,1,1,0.4774774774774775,0.4774774774774775,0.5,0.4766355140186916,1,1,0
45067757|F|0-41:C>G-41:C>G,45067757,41:C>G,41,PTTO01004194.1_Contig13,5730857,NC_041743.1,16,autosome,1.0,59,1.7299999999999999e-28,0.99734,1.0,1,1,1,1,1,1,1,1,1,0.0990990990990991,0.0990990990990991,0.0,0.102803738317757,0,1,0
45067760|F|0-55:G>A-55:G>A,45067760,55:G>A,55,PTTO01002624.1_Contig32,13261683,NC_041728.1,1,autosome,1.0,1,1.7299999999999999e-28,0.99734,1.0,1,1,1,1,1,1,1,1,1,0.045045045045045,0.045045045045045,0.0,0.0467289719626168,0,1,0
45054436|F|0-27:T>A-27:T>A,45054436,27:T>A,27,PTTO01002104.1_Contig16,6199154,NC_041732.1,5,autosome,1.0,1,1.7299999999999999e-28,1.0,1.0,1,1,1,1,1,1,1,1,1,0.1373873873873874,0.1373873873873874,0.625,0.1191588785046729,1,1,0
45066260|F|0-52:C>T-52:C>T,45066260,52:C>T,52,PTTO01001236.1_Contig336,3717119,NC_041746.1,19,autosome,1.0,1,6.23e-28,0.994681,1.0,1,1,1,1,1,1,1,1,1,0.0563063063063063,0.0563063063063063,0.0,0.058411214953271,0,1,0
45067771|F|0-66:A>T-66:A>T,45067771,66:A>T,66,PTTO01004194.1_Contig13,29750,NC_041743.1,16,autosome,1.0,2,1.7299999999999999e-28,0.99734,1.0,1,1,1,1,1,1,1,1,1,0.240990990990991,0.240990990990991,0.9375,0.2149532710280373,1,1,0
64982013|F|0-47:C>T-47:C>T,64982013,47:C>T,47,PTTO01002793.1_Contig38,5486530,NC_041745.1,18,autosome,1.0,1,1.7299999999999999e-28,1.0,1.0,1,1,1,1,1,1,1,1,0,0.0045045045045045,0.0045045045045045,0.0,0.0046728971962616,0,1,0
45066282|F|0-45:G>A-45:G>A,45066282,45:G>A,45,PTTO01002075.1_Contig88,2252682,NC_041735.1,8,autosome,1.0,1,1.7299999999999999e-28,0.99734,1.0,1,1,1,1,1,1,1,1,0,0.0495495495495495,0.0495495495495495,0.0,0.0514018691588785,0,1,0
45062552|F|0-14:G>C-14:G>C,45062552,14:G>C,14,PTTO01002793.1_Contig38,12666620,NC_041745.1,18,autosome,1.0,1,2.24e-27,0.992021,1.0,1,1,1,1,1,1,1,1,1,0.1148648648648648,0.1148648648648648,0.0,0.1191588785046729,0,1,0
45062537|F|0-8:C>A-8:C>A,45062537,8:C>A,8,PTTO01003671.1_Contig19,18859811,NC_041735.1,8,autosome,1.0,1,2.9000000000000004e-26,1.0,1.0,1,1,1,1,1,1,1,1,1,0.0968468468468468,0.0968468468468468,0.0,0.1004672897196261,0,1,0
45062567|F|0-67:C>T-67:C>T,45062567,67:C>T,67,PTTO01001370.1_Contig26,23903744,NC_041734.1,7,autosome,1.0,1,1.7299999999999999e-28,0.994681,1.0,1,1,1,1,1,1,1,1,1,0.0945945945945946,0.0945945945945946,0.0,0.0981308411214953,0,1,0
45068807|F|0-64:C>T-64:C>T,45068807,64:C>T,64,PTTO01004427.1_Contig106,3557390,NC_041739.1,12,autosome,1.0,1,1.7299999999999999e-28,1.0,1.0,1,1,1,1,1,1,1,1,0,0.1891891891891892,0.1891891891891892,0.125,0.1915887850467289,1,1,0
45066305|F|0-40:G>A-40:G>A,45066305,40:G>A,40,PTTO01001051.1_Contig4,5260440,NC_041737.1,10,autosome,1.0,1,1.7299999999999999e-28,0.986702,1.0,1,1,1,1,1,1,1,1,0,0.0698198198198198,0.0698198198198198,0.0625,0.0700934579439252,1,1,0
45062647|F|0-34:A>T-34:A>T,45062647,34:A>T,34,PTTO01000974.1_Contig37,18626860,NC_041741.1,14,autosome,1.0,1,1.7299999999999999e-28,1.0,1.0,1,1,1,1,1,1,1,1,0,0.2927927927927928,0.2927927927927928,0.125,0.2990654205607476,1,1,0
45067794|F|0-38:G>T-38:G>T,45067794,38:G>T,38,PTTO01004262.1_Contig52,40448586,NC_041731.1,4,autosome,1.0,1,1.7299999999999999e-28,1.0,1.0,1,1,1,1,1,1,1,1,1,0.09009009009009,0.09009009009009,0.0,0.0934579439252336,0,1,0
45062711|F|0-50:G>A-50:G>A,45062711,50:G>A,50,PTTO01003425.1_Contig303,10469923,NC_041743.1,16,autosome,1.0,1,1.7299999999999999e-28,0.994681,1.0,1,1,1,1,1,1,1,1,1,0.0,0.0,0.0,0.0,0,0,0
45068504|F|0-12:G>A-12:G>A,45068504,12:G>A,12,PTTO01003701.1_Contig73,703114,NW_021638271.1,unplaced,unplaced,1.0,10,1.7299999999999999e-28,0.99734,1.0,1,1,1,1,1,1,1,1,0,0.0698198198198198,0.0698198198198198,0.0,0.072429906542056,0,1,0
45068505|F|0-22:T>G-22:T>G,45068505,22:T>G,22,PTTO01003701.1_Contig73,703114,NW_021638271.1,unplaced,unplaced,1.0,11,3.75e-25,0.994681,1.0,1,1,1,1,1,1,1,1,0,0.0765765765765765,0.0765765765765765,0.0,0.0794392523364486,0,1,0
45062111|F|0-30:G>C-30:G>C,45062111,30:G>C,30,PTTO01000974.1_Contig37,23456299,NC_041741.1,14,autosome,1.0,29,1.7299999999999999e-28,0.99734,1.0,1,1,1,1,1,1,1,1,0,0.0247747747747747,0.0247747747747747,0.0,0.0257009345794392,0,1,0
45067825|F|0-37:G>A-37:G>A,45067825,37:G>A,37,PTTO01001320.1_Contig70,17619057,NC_041731.1,4,autosome,1.0,1,1.7299999999999999e-28,1.0,1.0,1,1,1,1,1,1,1,1,1,0.0247747747747747,0.0247747747747747,0.0,0.0257009345794392,0,1,0
45066388|F|0-64:T>C-64:T>C,45066388,64:T>C,64,PTTO01000376.1_Contig11,25327494,NC_041745.1,18,autosome,1.0,1,1.7299999999999999e-28,1.0,1.0,1,1,1,1,1,1,1,1,1,0.0653153153153153,0.0653153153153153,0.5,0.0490654205607476,1,1,0
45062873|F|0-67:T>C-67:T>C,45062873,67:T>C,67,PTTO01002793.1_Contig38,7007320,NC_041745.1,18,autosome,1.0,1,2.24e-27,0.99734,1.0,1,1,1,1,1,1,1,1,1,0.0382882882882882,0.0382882882882882,0.0625,0.0373831775700934,1,1,0
45062909|F|0-14:A>T-14:A>T,45062909,14:A>T,14,PTTO01001244.1_Contig55,5991519,NC_041738.1,11,autosome,1.0,1,1.7299999999999999e-28,1.0,1.0,1,1,1,1,1,1,1,1,1,0.0045045045045045,0.0045045045045045,0.0,0.0046728971962616,0,1,0
45062912|F|0-14:C>G-14:C>G,45062912,14:C>G,14,PTTO01002476.1_Contig0,58417024,NC_041728.1,1,autosome,1.0,2,1.7299999999999999e-28,0.994681,1.0,1,1,1,1,1,1,1,1,1,0.0743243243243243,0.0743243243243243,0.1875,0.0700934579439252,1,1,0
45067849|F|0-59:G>A-59:G>A,45067849,59:G>A,59,PTTO01000959.1_Contig66,898102,NC_041748.1,21,autosome,1.0,1,1.7299999999999999e-28,1.0,1.0,1,1,1,1,1,1,1,1,1,0.0653153153153153,0.0653153153153153,0.5,0.0490654205607476,1,1,0
64982297|F|0-41:A>C-41:A>C,64982297,41:A>C,41,PTTO01003671.1_Contig19,12765391,NC_041735.1,8,autosome,1.0,1,1.7299999999999999e-28,0.99734,1.0,1,1,1,1,1,1,1,1,0,0.0022522522522522,0.0022522522522522,0.0,0.0023364485981308,0,1,0
45066449|F|0-42:C>G-42:C>G,45066449,42:C>G,42,PTTO01004194.1_Contig13,1558985,NC_041743.1,16,autosome,1.0,1,6.23e-28,0.99734,1.0,1,1,1,1,1,1,1,1,1,0.0157657657657657,0.0157657657657657,0.0,0.0163551401869158,0,1,0
45055537|F|0-20:C>T-20:C>T,45055537,20:C>T,20,PTTO01000705.1_Contig20,5957068,NC_041743.1,16,autosome,1.0,1,1.7299999999999999e-28,0.99734,1.0,1,1,1,1,1,1,1,1,1,0.0765765765765765,0.0765765765765765,0.0,0.0794392523364486,0,1,0
64974862|F|0-29:C>T-29:C>T,64974862,29:C>T,29,PTTO01001370.1_Contig26,2145815,NC_041734.1,7,autosome,1.0,1,1.7299999999999999e-28,1.0,1.0,1,1,1,1,1,1,1,1,0,0.0202702702702702,0.0202702702702702,0.5,0.0023364485981308,1,1,0
45063069|F|0-5:A>C-5:A>C,45063069,5:A>C,5,PTTO01001299.1_Contig3358,63216,NC_041748.1,21,autosome,1.0,8,1.7299999999999999e-28,0.986702,1.0,1,1,1,1,1,1,1,1,0,0.0022522522522522,0.0022522522522522,0.0625,0.0,1,0,0
45067877|F|0-53:C>T-53:C>T,45067877,53:C>T,53,PTTO01002822.1_Contig364,7401253,NC_041731.1,4,autosome,1.0,1,8.05e-27,0.99734,1.0,1,1,1,1,1,1,1,1,1,0.9369369369369368,0.063063063063063,1.0,0.9345794392523364,0,1,0
45067882|F|0-38:C>T-38:C>T,45067882,38:C>T,38,PTTO01003882.1_Contig102,4676848,NC_041732.1,5,autosome,1.0,1,1.7299999999999999e-28,0.978723,1.0,1,1,1,1,1,1,1,1,1,0.0247747747747747,0.0247747747747747,0.0,0.0257009345794392,0,1,0
45063122|F|0-50:C>T-50:C>T,45063122,50:C>T,50,PTTO01002476.1_Contig0,26804285,NC_041728.1,1,autosome,1.0,1,8.05e-27,0.99734,1.0,1,1,1,1,1,1,1,1,0,0.4864864864864865,0.4864864864864865,0.4375,0.4883177570093458,1,1,0
45067889|F|0-13:A>T-13:A>T,45067889,13:A>T,13,PTTO01004519.1_Contig1477,6001329,NC_041735.1,8,autosome,1.0,1,1.7299999999999999e-28,0.99734,1.0,1,1,1,1,1,1,1,1,1,0.0292792792792792,0.0292792792792792,0.0,0.0303738317757009,0,1,0
45055918|F|0-68:C>G-68:C>G,45055918,68:C>G,68,PTTO01002476.1_Contig0,51391032,NC_041728.1,1,autosome,1.0,1,1.7299999999999999e-28,0.992021,1.0,1,1,1,1,1,1,1,1,0,0.0,0.0,0.0,0.0,0,0,0
45067903|F|0-44:C>A-44:C>A,45067903,44:C>A,44,PTTO01002561.1_Contig143,1761965,NC_041744.1,17,autosome,1.0,1,1.7299999999999999e-28,0.994681,1.0,1,1,1,1,1,1,1,1,1,0.0945945945945946,0.0945945945945946,0.0,0.0981308411214953,0,1,0
45066550|F|0-59:G>A-59:G>A,45066550,59:G>A,59,PTTO01003276.1_Contig54,5368094,NC_041738.1,11,autosome,1.0,1,8.05e-27,0.994681,1.0,1,1,1,1,1,1,1,1,1,0.1576576576576576,0.1576576576576576,0.375,0.1495327102803738,1,1,0
45068551|F|0-26:C>T-26:C>T,45068551,26:C>T,26,PTTO01001633.1_Contig312,28070469,NC_041739.1,12,autosome,1.0,1,1.7299999999999999e-28,1.0,1.0,1,1,1,1,1,1,1,1,0,0.2297297297297297,0.2297297297297297,0.0625,0.2359813084112149,1,1,0
45066581|F|0-14:T>C-14:T>C,45066581,14:T>C,14,PTTO01003425.1_Contig303,6680104,NC_041743.1,16,autosome,1.0,1,8.05e-27,1.0,1.0,1,1,1,1,1,1,1,1,1,0.4639639639639639,0.4639639639639639,0.3125,0.4696261682242991,1,1,0
45067920|F|0-57:T>C-57:T>C,45067920,57:T>C,57,PTTO01002609.1_Contig158,1839757,NC_041737.1,10,autosome,1.0,2,1.7299999999999999e-28,0.994681,1.0,1,1,1,1,1,1,1,1,1,0.3648648648648648,0.3648648648648648,0.125,0.3738317757009345,1,1,0
45063328|F|0-55:C>T-55:C>T,45063328,55:C>T,55,PTTO01002104.1_Contig16,31528680,NC_041732.1,5,autosome,1.0,1,6.23e-28,1.0,1.0,1,1,1,1,1,1,1,1,1,0.0382882882882882,0.0382882882882882,0.0625,0.0373831775700934,1,1,0
45067933|F|0-25:C>T-25:C>T,45067933,25:C>T,25,PTTO01002967.1_Contig85,16943184,NC_041733.1,6,autosome,1.0,1,1.7299999999999999e-28,0.99734,1.0,1,1,1,1,1,1,1,1,1,0.1463963963963964,0.1463963963963964,0.0,0.1518691588785046,0,1,0
45067950|F|0-31:G>A-31:G>A,45067950,31:G>A,31,PTTO01002104.1_Contig16,48990808,NC_041732.1,5,autosome,1.0,1,1.7299999999999999e-28,1.0,1.0,1,1,1,1,1,1,1,1,1,0.0472972972972973,0.0472972972972973,0.0,0.0490654205607476,0,1,0
45066650|F|0-52:C>G-52:C>G,45066650,52:C>G,52,PTTO01003571.1_Contig67,21434346,NC_041736.1,9,autosome,1.0,1,1.7299999999999999e-28,0.99734,1.0,1,1,1,1,1,1,1,1,1,0.0022522522522522,0.0022522522522522,0.0,0.0023364485981308,0,1,0
45063503|F|0-35:T>G-35:T>G,45063503,35:T>G,35,PTTO01001051.1_Contig4,10087236,NC_041737.1,10,autosome,1.0,1,1.7299999999999999e-28,0.99734,1.0,1,1,1,1,1,1,1,1,1,0.2747747747747748,0.2747747747747748,0.0,0.2850467289719626,0,1,0
45063523|F|0-54:C>T-54:C>T,45063523,54:C>T,54,PTTO01000536.1_Contig98,5689733,NC_041735.1,8,autosome,1.0,1,8.05e-27,0.994681,1.0,1,1,1,1,1,1,1,1,1,0.027027027027027,0.027027027027027,0.0,0.02803738317757,0,1,0
45066681|F|0-58:A>G-58:A>G,45066681,58:A>G,58,PTTO01002624.1_Contig32,31339575,NC_041728.1,1,autosome,1.0,1,1.7299999999999999e-28,0.994681,1.0,1,1,1,1,1,1,1,1,1,0.0472972972972973,0.0472972972972973,0.0,0.0490654205607476,0,1,0
45056713|F|0-38:C>T-38:C>T,45056713,38:C>T,38,PTTO01002315.1_Contig12,21135803,NC_041729.1,2,autosome,1.0,1,1.7299999999999999e-28,0.99734,1.0,1,1,1,1,1,1,1,1,1,0.1126126126126126,0.1126126126126126,0.0,0.116822429906542,0,1,0
45063595|F|0-30:C>T-30:C>T,45063595,30:C>T,30,PTTO01001051.1_Contig4,13737691,NC_041737.1,10,autosome,1.0,1,1.7299999999999999e-28,0.99734,1.0,1,1,1,1,1,1,1,1,0,0.2139639639639639,0.2139639639639639,0.125,0.2172897196261682,1,1,0
45053550|F|0-67:C>T-67:C>T,45053550,67:C>T,67,PTTO01002624.1_Contig32,1648550,NC_041728.1,1,autosome,1.0,1,2.24e-27,0.99734,1.0,1,1,1,1,1,1,1,1,1,0.0833333333333333,0.0833333333333333,0.0,0.0864485981308411,0,1,0
45056873|F|0-53:G>T-53:G>T,45056873,53:G>T,53,PTTO01000659.1_Contig3311,13496455,NC_041731.1,4,autosome,1.0,1,1.7299999999999999e-28,0.99734,1.0,1,1,1,1,1,1,1,1,1,0.0743243243243243,0.0743243243243243,0.0,0.0771028037383177,0,1,0
45063677|F|0-51:G>A-51:G>A,45063677,51:G>A,51,PTTO01002624.1_Contig32,27907628,NC_041728.1,1,autosome,1.0,1,1.7299999999999999e-28,1.0,1.0,1,1,1,1,1,1,1,1,1,0.0157657657657657,0.0157657657657657,0.0,0.0163551401869158,0,1,0
45066795|F|0-66:C>T-66:C>T,45066795,66:C>T,66,PTTO01001696.1_Contig254,3221376,NC_041747.1,20,autosome,1.0,1,1.7299999999999999e-28,0.99734,1.0,1,1,1,1,1,1,1,1,1,0.018018018018018,0.018018018018018,0.0,0.0186915887850467,0,1,0
64989033|F|0-62:G>A-62:G>A,64989033,62:G>A,62,PTTO01002104.1_Contig16,49248103,NC_041732.1,5,autosome,1.0,1,1.7299999999999999e-28,0.99734,1.0,1,1,1,1,1,1,1,1,0,0.0,0.0,0.0,0.0,0,0,0
45063833|F|0-12:C>A-12:C>A,45063833,12:C>A,12,PTTO01000875.1_Contig31,29729657,NC_041730.1,3,autosome,1.0,1,2.24e-27,0.994681,1.0,1,1,1,1,1,1,1,1,1,0.0968468468468468,0.0968468468468468,0.0,0.1004672897196261,0,1,0
45063862|F|0-58:C>T-58:C>T,45063862,58:C>T,58,PTTO01001696.1_Contig254,14426799,NC_041747.1,20,autosome,1.0,1,1.7299999999999999e-28,1.0,1.0,1,1,1,1,1,1,1,1,0,0.1936936936936936,0.1936936936936936,0.0,0.2009345794392523,0,1,0
45068614|F|0-45:C>T-45:C>T,45068614,45:C>T,45,PTTO01001320.1_Contig70,4393310,NC_041731.1,4,autosome,1.0,1,8.05e-27,0.99734,1.0,1,1,1,1,1,1,1,1,0,0.3828828828828828,0.3828828828828828,0.1875,0.3901869158878505,1,1,0
45068615|F|0-44:C>T-44:C>T,45068615,44:C>T,44,PTTO01000875.1_Contig31,6978312,NC_041730.1,3,autosome,1.0,1,3.94e-24,1.0,1.0,1,1,1,1,1,1,1,1,0,0.0765765765765765,0.0765765765765765,0.0,0.0794392523364486,0,1,0
45068121|F|0-6:A>C-6:A>C,45068121,6:A>C,6,PTTO01002384.1_Contig2752,354349,NC_041745.1,18,autosome,1.0,1,1.7299999999999999e-28,0.994681,1.0,1,1,1,1,1,1,1,1,1,0.2162162162162162,0.2162162162162162,0.1875,0.2172897196261682,1,1,0
45064237|F|0-41:T>C-41:T>C,45064237,41:T>C,41,PTTO01003005.1_Contig4265,1486089,NC_041740.1,13,autosome,1.0,1,1.7299999999999999e-28,0.99734,1.0,1,1,1,1,1,1,1,1,1,0.6351351351351351,0.3648648648648649,0.5625,0.6378504672897196,1,1,0
45064243|F|0-54:C>T-54:C>T,45064243,54:C>T,54,PTTO01000376.1_Contig11,15650624,NC_041745.1,18,autosome,1.0,1,8.05e-27,0.99734,1.0,1,1,1,1,1,1,1,1,1,0.0157657657657657,0.0157657657657657,0.0,0.0163551401869158,0,1,0
45068625|F|0-26:C>G-26:C>G,45068625,26:C>G,26,PTTO01002476.1_Contig0,29162761,NC_041728.1,1,autosome,1.0,1,8.05e-27,1.0,1.0,1,1,1,1,1,1,1,1,0,0.2162162162162162,0.2162162162162162,0.3125,0.2126168224299065,1,1,0
45062459|F|0-5:G>A-5:G>A,45062459,5:G>A,5,PTTO01002634.1_Contig60,8885931,NC_041732.1,5,autosome,1.0,1,1.7299999999999999e-28,1.0,1.0,1,1,1,1,1,1,1,1,1,0.2432432432432432,0.2432432432432432,0.4375,0.2359813084112149,1,1,0
45058207|F|0-29:G>A-29:G>A,45058207,29:G>A,29,PTTO01002634.1_Contig60,3540393,NC_041732.1,5,autosome,1.0,1,1.7299999999999999e-28,1.0,1.0,1,1,1,1,1,1,1,1,1,0.018018018018018,0.018018018018018,0.0,0.0186915887850467,0,1,0
45058320|F|0-36:G>A-36:G>A,45058320,36:G>A,36,PTTO01002624.1_Contig32,19477200,NC_041728.1,1,autosome,1.0,1,1.7299999999999999e-28,0.99734,1.0,1,1,1,1,1,1,1,1,1,0.1396396396396396,0.1396396396396396,0.0,0.1448598130841121,0,1,0
45067004|F|0-35:G>T-35:G>T,45067004,35:G>T,35,PTTO01002104.1_Contig16,48200685,NC_041732.1,5,autosome,1.0,1,1.7299999999999999e-28,0.994681,1.0,1,1,1,1,1,1,1,1,0,0.0202702702702702,0.0202702702702702,0.0,0.0210280373831775,0,1,0
45067025|F|0-17:G>T-17:G>T,45067025,17:G>T,17,PTTO01001425.1_Contig235,1143394,NW_021638079.1,unplaced,unplaced,1.0,38,4.8100000000000006e-23,0.99734,1.0,1,1,1,1,1,1,1,1,1,0.0067567567567567,0.0067567567567567,0.0,0.0070093457943925,0,1,0
45067032|F|0-32:G>A-32:G>A,45067032,32:G>A,32,PTTO01000006.1_Contig148,11929694,NC_041734.1,7,autosome,1.0,1,1.7299999999999999e-28,0.994681,1.0,1,1,1,1,1,1,1,1,1,0.0112612612612612,0.0112612612612612,0.0,0.0116822429906542,0,1,0
64987417|F|0-32:C>T-32:C>T,64987417,32:C>T,32,PTTO01003882.1_Contig102,4858406,NC_041732.1,5,autosome,1.0,1,8.05e-27,0.99734,1.0,1,1,1,1,1,1,1,1,0,0.4189189189189189,0.4189189189189189,0.5625,0.4135514018691589,1,1,0
45068650|F|0-16:T>G-16:T>G,45068650,16:T>G,16,PTTO01000881.1_Contig203,52262,,unanchored,unanchored,1.0,1,8.05e-27,0.99734,1.0,1,1,1,1,1,1,1,1,0,0.0788288288288288,0.0788288288288288,0.0,0.0817757009345794,0,1,0
45064460|F|0-36:A>T-36:A>T,45064460,36:A>T,36,PTTO01000230.1_Contig34,11259924,NC_041734.1,7,autosome,1.0,1,1.7299999999999999e-28,0.99734,1.0,1,1,1,1,1,1,1,1,1,0.0135135135135135,0.0135135135135135,0.0,0.014018691588785,0,1,0
45068138|F|0-30:A>C-30:A>C,45068138,30:A>C,30,PTTO01002967.1_Contig85,15178084,NC_041733.1,6,autosome,1.0,1,8.05e-27,1.0,1.0,1,1,1,1,1,1,1,1,1,0.4887387387387387,0.4887387387387387,0.3125,0.4953271028037383,1,1,0
45068147|F|0-17:G>A-17:G>A,45068147,17:G>A,17,PTTO01000376.1_Contig11,2034909,NC_041745.1,18,autosome,1.0,1,9.21e-26,0.99734,1.0,1,1,1,1,1,1,1,1,1,0.0112612612612612,0.0112612612612612,0.0,0.0116822429906542,0,1,0
45068163|F|0-50:A>T-50:A>T,45068163,50:A>T,50,PTTO01000610.1_Contig693,98952,NW_021638225.1,unplaced,unplaced,1.0,11,1.7299999999999999e-28,0.99734,1.0,1,1,1,1,1,1,1,1,1,0.0405405405405405,0.0405405405405405,0.0,0.0420560747663551,0,1,0
45067113|F|0-68:G>T-68:G>T,45067113,68:G>T,68,PTTO01001940.1_Contig353,14010374,NC_041731.1,4,autosome,1.0,1,1.7299999999999999e-28,0.976064,1.0,1,1,1,1,1,1,1,1,0,0.8783783783783784,0.1216216216216216,1.0,0.8738317757009346,0,1,0
45062136|F|0-20:G>A-20:G>A,45062136,20:G>A,20,PTTO01003425.1_Contig303,8239225,NC_041743.1,16,autosome,1.0,1,1.7299999999999999e-28,0.994681,1.0,1,1,1,1,1,1,1,1,1,0.027027027027027,0.027027027027027,0.0,0.02803738317757,0,1,0
45069138|F|0-13:T>G-13:T>G,45069138,13:T>G,13,PTTO01000680.1_Contig119,291148,,unanchored,unanchored,1.0,13,1.68e-22,0.99734,1.0,1,1,1,1,1,1,1,1,0,0.0518018018018018,0.0518018018018018,0.1875,0.0467289719626168,1,1,0
64983583|F|0-21:T>G-21:T>G,64983583,21:T>G,21,PTTO01003889.1_Contig165,21223459,NC_041729.1,2,autosome,1.0,1,2.63e-26,0.99734,1.0,1,1,1,1,1,1,1,1,0,0.0022522522522522,0.0022522522522522,0.0,0.0023364485981308,0,1,0
45067193|F|0-33:G>A-33:G>A,45067193,33:G>A,33,PTTO01003889.1_Contig165,3942070,NC_041729.1,2,autosome,1.0,1,1.7299999999999999e-28,1.0,1.0,1,1,1,1,1,1,1,1,1,0.0292792792792792,0.0292792792792792,0.0,0.0303738317757009,0,1,0
45064813|F|0-50:G>A-50:G>A,45064813,50:G>A,50,PTTO01002501.1_Contig138,1365738,NC_041744.1,17,autosome,1.0,1,8.05e-27,1.0,1.0,1,1,1,1,1,1,1,1,1,0.0743243243243243,0.0743243243243243,0.25,0.0677570093457943,1,1,0
45064839|F|0-31:A>G-31:A>G,45064839,31:A>G,31,PTTO01002476.1_Contig0,59573761,NC_041728.1,1,autosome,1.0,1,1.22e-24,1.0,1.0,1,1,1,1,1,1,1,1,1,0.2252252252252252,0.2252252252252252,0.0625,0.2313084112149532,1,1,0
45067224|F|0-9:A>C-9:A>C,45067224,9:A>C,9,PTTO01001940.1_Contig353,13367258,NC_041731.1,4,autosome,1.0,8,1.7299999999999999e-28,1.0,1.0,1,1,1,1,1,1,1,1,1,0.0045045045045045,0.0045045045045045,0.0,0.0046728971962616,0,1,0
45059325|F|0-26:T>A-26:T>A,45059325,26:T>A,26,PTTO01002545.1_Contig22,16009327,NC_041728.1,1,autosome,1.0,1,1.7299999999999999e-28,0.989362,1.0,1,1,1,1,1,1,1,1,1,0.0112612612612612,0.0112612612612612,0.0,0.0116822429906542,0,1,0
45064896|F|0-10:G>C-10:G>C,45064896,10:G>C,10,PTTO01000765.1_Contig334,10480171,NC_041729.1,2,autosome,1.0,1,8.05e-27,0.992021,1.0,1,1,1,1,1,1,1,1,1,0.9977477477477478,0.0022522522522522,1.0,0.9976635514018692,0,1,0
45059368|F|0-56:C>T-56:C>T,45059368,56:C>T,56,PTTO01004505.1_Contig79,147095,NC_041731.1,4,autosome,1.0,94,1.7299999999999999e-28,0.994681,1.0,1,1,1,1,1,1,1,1,1,0.0405405405405405,0.0405405405405405,0.0,0.0420560747663551,0,1,0
45067234|F|0-48:G>T-48:G>T,45067234,48:G>T,48,PTTO01002264.1_Contig200,1932158,NC_041732.1,5,autosome,1.0,1,1.7299999999999999e-28,0.99734,1.0,1,1,1,1,1,1,1,1,0,0.0788288288288288,0.0788288288288288,0.0,0.0817757009345794,0,1,0
64983659|F|0-30:G>A-30:G>A,64983659,30:G>A,30,PTTO01000659.1_Contig3311,18564236,NC_041731.1,4,autosome,1.0,1,1.7299999999999999e-28,1.0,1.0,1,1,1,1,1,1,1,1,0,0.0045045045045045,0.0045045045045045,0.0,0.0046728971962616,0,1,0
45059593|F|0-68:G>C-68:G>C,45059593,68:G>C,68,PTTO01000006.1_Contig148,1861669,NC_041734.1,7,autosome,1.0,1,1.7299999999999999e-28,0.99734,1.0,1,1,1,1,1,1,1,1,1,0.0427927927927927,0.0427927927927927,0.3125,0.0327102803738317,1,1,0
45068237|F|0-21:T>A-21:T>A,45068237,21:T>A,21,PTTO01001051.1_Contig4,16597859,NC_041737.1,10,autosome,1.0,1,8.05e-27,1.0,1.0,1,1,1,1,1,1,1,1,1,0.2567567567567567,0.2567567567567567,0.3125,0.2546728971962617,1,1,0
45059627|F|0-34:G>A-34:G>A,45059627,34:G>A,34,PTTO01003889.1_Contig165,26506911,NC_041729.1,2,autosome,1.0,1,1.7299999999999999e-28,0.99734,1.0,1,1,1,1,1,1,1,1,1,0.0022522522522522,0.0022522522522522,0.0,0.0023364485981308,0,1,0
45068697|F|0-58:C>A-58:C>A,45068697,58:C>A,58,PTTO01000376.1_Contig11,14890371,NC_041745.1,18,autosome,1.0,1,1.7299999999999999e-28,0.99734,1.0,1,1,1,1,1,1,1,1,0,0.1599099099099099,0.1599099099099099,0.625,0.1425233644859813,1,1,0
45059635|F|0-43:G>C-43:G>C,45059635,43:G>C,43,PTTO01002822.1_Contig364,5505995,NC_041731.1,4,autosome,1.0,1,1.7299999999999999e-28,1.0,1.0,1,1,1,1,1,1,1,1,1,0.0247747747747747,0.0247747747747747,0.0,0.0257009345794392,0,1,0
45068432|F|0-19:A>C-19:A>C,45068432,19:A>C,19,PTTO01002545.1_Contig22,31629944,NC_041728.1,1,autosome,1.0,1,3.22e-25,1.0,1.0,1,1,1,1,1,1,1,1,1,0.3333333333333333,0.3333333333333333,0.1875,0.338785046728972,1,1,0
45065031|F|0-19:G>A-19:G>A,45065031,19:G>A,19,PTTO01001349.1_Contig23,17171701,NC_041736.1,9,autosome,1.0,10365,1.7299999999999999e-28,1.0,1.0,1,1,1,1,1,1,1,1,1,0.072072072072072,0.072072072072072,0.0,0.0747663551401869,0,1,0
45067303|F|0-17:T>G-17:T>G,45067303,17:T>G,17,PTTO01002057.1_Contig2,18037551,NC_041730.1,3,autosome,1.0,1,8.05e-27,1.0,1.0,1,1,1,1,1,1,1,1,1,0.4121621621621621,0.4121621621621621,0.4375,0.411214953271028,1,1,0
45059738|F|0-24:G>T-24:G>T,45059738,24:G>T,24,PTTO01002624.1_Contig32,10138164,NC_041728.1,1,autosome,1.0,1,1.7299999999999999e-28,0.99734,1.0,1,1,1,1,1,1,1,1,1,0.0067567567567567,0.0067567567567567,0.0,0.0070093457943925,0,1,0
45059750|F|0-39:A>C-39:A>C,45059750,39:A>C,39,PTTO01002128.1_Contig236,1975933,NC_041729.1,2,autosome,1.0,1,1.7299999999999999e-28,0.99734,1.0,1,1,1,1,1,1,1,1,1,0.0427927927927927,0.0427927927927927,0.0,0.0443925233644859,0,1,0
45068976|F|0-56:T>A-56:T>A,45068976,56:T>A,56,PTTO01001633.1_Contig312,5446305,NC_041739.1,12,autosome,1.0,1,1.7299999999999999e-28,1.0,1.0,1,1,1,1,1,1,1,1,0,0.3941441441441441,0.3941441441441441,0.625,0.3855140186915888,1,1,0
45065080|F|0-43:C>T-43:C>T,45065080,43:C>T,43,PTTO01002473.1_Contig1,6034378,NC_041738.1,11,autosome,1.0,1,1.13e-24,1.0,1.0,1,1,1,1,1,1,1,1,1,0.0315315315315315,0.0315315315315315,0.0,0.0327102803738317,0,1,0
45065086|F|0-14:C>T-14:C>T,45065086,14:C>T,14,PTTO01001236.1_Contig336,7069717,NC_041746.1,19,autosome,1.0,1,1.7299999999999999e-28,1.0,1.0,1,1,1,1,1,1,1,1,1,0.0382882882882882,0.0382882882882882,0.0,0.0397196261682243,0,1,0
45065093|F|0-37:G>A-37:G>A,45065093,37:G>A,37,PTTO01002551.1_Contig1866,1060992,NC_041729.1,2,autosome,1.0,1,1.7299999999999999e-28,0.99734,1.0,1,1,1,1,1,1,1,1,0,0.0,0.0,0.0,0.0,0,0,0
45067323|F|0-53:A>T-53:A>T,45067323,53:A>T,53,PTTO01004262.1_Contig52,17473130,NC_041731.1,4,autosome,1.0,1,1.7299999999999999e-28,1.0,1.0,1,1,1,1,1,1,1,1,0,0.0202702702702702,0.0202702702702702,0.0,0.0210280373831775,0,1,0
45067328|F|0-49:C>A-49:C>A,45067328,49:C>A,49,PTTO01003406.1_Contig1355,2071208,NC_041744.1,17,autosome,1.0,1,1.7299999999999999e-28,1.0,1.0,1,1,1,1,1,1,1,1,1,0.1351351351351351,0.1351351351351351,0.0,0.1401869158878504,0,1,0
45059885|F|0-58:T>A-58:T>A,45059885,58:T>A,58,PTTO01001940.1_Contig353,3671680,NC_041731.1,4,autosome,1.0,1,8.05e-27,0.99734,1.0,1,1,1,1,1,1,1,1,1,0.0067567567567567,0.0067567567567567,0.0,0.0070093457943925,0,1,0
45067340|F|0-61:C>T-61:C>T,45067340,61:C>T,61,PTTO01000659.1_Contig3311,22185472,NC_041731.1,4,autosome,1.0,1,8.05e-27,1.0,1.0,1,1,1,1,1,1,1,1,1,0.0157657657657657,0.0157657657657657,0.0,0.0163551401869158,0,1,0
45059898|F|0-17:T>C-17:T>C,45059898,17:T>C,17,PTTO01003671.1_Contig19,10594678,NC_041735.1,8,autosome,1.0,1,1.7299999999999999e-28,0.99734,1.0,1,1,1,1,1,1,1,1,1,0.0405405405405405,0.0405405405405405,0.0,0.0420560747663551,0,1,0
100059629|F|0-58:A>T-58:A>T,100059629,58:A>T,58,PTTO01000006.1_Contig148,14772966,NC_041734.1,7,autosome,1.0,1,1.7299999999999999e-28,0.968085,1.0,1,1,1,1,1,1,1,1,0,0.0,0.0,0.0,0.0,0,0,0
45065136|F|0-30:A>C-30:A>C,45065136,30:A>C,30,PTTO01003276.1_Contig54,5373827,NC_041738.1,11,autosome,1.0,1,1.7299999999999999e-28,1.0,1.0,1,1,1,1,1,1,1,1,1,0.0202702702702702,0.0202702702702702,0.0,0.0210280373831775,0,1,0
45065155|F|0-68:C>G-68:C>G,45065155,68:C>G,68,PTTO01002473.1_Contig1,13683783,NC_041738.1,11,autosome,1.0,1,6.23e-28,1.0,1.0,1,1,1,1,1,1,1,1,1,0.0045045045045045,0.0045045045045045,0.0,0.0046728971962616,0,1,0
45059989|F|0-27:C>T-27:C>T,45059989,27:C>T,27,PTTO01002820.1_Contig359,935692,NC_041729.1,2,autosome,1.0,1,1.7299999999999999e-28,0.99734,1.0,1,1,1,1,1,1,1,1,1,0.0112612612612612,0.0112612612612612,0.0,0.0116822429906542,0,1,0
45065188|F|0-44:T>C-44:T>C,45065188,44:T>C,44,PTTO01002476.1_Contig0,3020309,NC_041728.1,1,autosome,1.0,1,1.7299999999999999e-28,1.0,1.0,1,1,1,1,1,1,1,1,0,0.027027027027027,0.027027027027027,0.0,0.02803738317757,0,1,0
45060011|F|0-41:G>A-41:G>A,45060011,41:G>A,41,PTTO01001839.1_Contig208,8934431,NC_041741.1,14,autosome,1.0,1,8.05e-27,1.0,1.0,1,1,1,1,1,1,1,1,1,0.4459459459459459,0.4459459459459459,0.5625,0.441588785046729,1,1,0
45065201|F|0-20:A>T-20:A>T,45065201,20:A>T,20,PTTO01001940.1_Contig353,21518481,NC_041731.1,4,autosome,1.0,1,1.7299999999999999e-28,1.0,1.0,1,1,1,1,1,1,1,1,1,0.0405405405405405,0.0405405405405405,0.125,0.0373831775700934,1,1,0
45065204|F|0-61:G>A-61:G>A,45065204,61:G>A,61,PTTO01004189.1_Contig18,16800089,NC_041729.1,2,autosome,1.0,1,1.7299999999999999e-28,1.0,1.0,1,1,1,1,1,1,1,1,1,0.0608108108108108,0.0608108108108108,0.1875,0.0560747663551401,1,1,0
45065207|F|0-58:G>A-58:G>A,45065207,58:G>A,58,PTTO01003005.1_Contig4265,309022,NC_041740.1,13,autosome,1.0,1,8.05e-27,1.0,1.0,1,1,1,1,1,1,1,1,1,0.0923423423423423,0.0923423423423423,0.25,0.0864485981308411,1,1,0
45060065|F|0-47:T>A-47:T>A,45060065,47:T>A,47,PTTO01003671.1_Contig19,4126612,NC_041735.1,8,autosome,1.0,1,2.9000000000000004e-26,1.0,1.0,1,1,1,1,1,1,1,1,1,0.2995495495495495,0.2995495495495495,0.625,0.2873831775700934,1,1,0
45065252|F|0-10:G>T-10:G>T,45065252,10:G>T,10,PTTO01003425.1_Contig303,2384895,NC_041743.1,16,autosome,1.0,1,1.7299999999999999e-28,0.99734,1.0,1,1,1,1,1,1,1,1,1,0.2454954954954954,0.2454954954954954,0.625,0.2313084112149532,1,1,0
45060171|F|0-65:C>T-65:C>T,45060171,65:C>T,65,PTTO01002476.1_Contig0,11280849,NC_041728.1,1,autosome,1.0,2,1.7299999999999999e-28,0.99734,1.0,1,1,1,1,1,1,1,1,1,0.0225225225225225,0.0225225225225225,0.0,0.0233644859813084,0,1,0
64979442|F|0-17:A>T-17:A>T,64979442,17:A>T,17,PTTO01001839.1_Contig208,13183756,NC_041741.1,14,autosome,1.0,1,1.7299999999999999e-28,1.0,1.0,1,1,1,1,1,1,1,1,0,0.0022522522522522,0.0022522522522522,0.0,0.0023364485981308,0,1,0
45065289|F|0-57:C>T-57:C>T,45065289,57:C>T,57,PTTO01003710.1_Contig217,2147207,NC_041733.1,6,autosome,1.0,1,2.63e-26,1.0,1.0,1,1,1,1,1,1,1,1,1,0.0788288288288288,0.0788288288288288,0.0,0.0817757009345794,0,1,0
45068298|F|0-29:C>T-29:C>T,45068298,29:C>T,29,PTTO01000230.1_Contig34,988760,NC_041734.1,7,autosome,1.0,1,1.7299999999999999e-28,1.0,1.0,1,1,1,1,1,1,1,1,0,0.0112612612612612,0.0112612612612612,0.0,0.0116822429906542,0,1,0
45060249|F|0-15:T>G-15:T>G,45060249,15:T>G,15,PTTO01000276.1_Contig319,9887347,NC_041737.1,10,autosome,1.0,1,1.7299999999999999e-28,0.992021,1.0,1,1,1,1,1,1,1,1,0,0.0,0.0,0.0,0.0,0,0,0
45067400|F|0-43:G>A-43:G>A,45067400,43:G>A,43,PTTO01000765.1_Contig334,24323054,NC_041729.1,2,autosome,1.0,1,1.22e-24,0.99734,1.0,1,1,1,1,1,1,1,1,1,0.3783783783783784,0.3783783783783784,0.125,0.3878504672897196,1,1,0
45060274|F|0-55:C>T-55:C>T,45060274,55:C>T,55,PTTO01002624.1_Contig32,8337874,NC_041728.1,1,autosome,1.0,1,1.7299999999999999e-28,0.994681,1.0,1,1,1,1,1,1,1,1,0,0.3175675675675675,0.3175675675675675,0.125,0.3247663551401869,1,1,0
45060336|F|0-65:T>G-65:T>G,45060336,65:T>G,65,PTTO01003454.1_Contig230,2132359,NC_041744.1,17,autosome,1.0,1,8.05e-27,0.99734,1.0,1,1,1,1,1,1,1,1,0,0.0,0.0,0.0,0.0,0,0,0
45060360|F|0-52:C>A-52:C>A,45060360,52:C>A,52,PTTO01000875.1_Contig31,18256400,NC_041730.1,3,autosome,1.0,1,1.7299999999999999e-28,1.0,1.0,1,1,1,1,1,1,1,1,1,0.0045045045045045,0.0045045045045045,0.0,0.0046728971962616,0,1,0
45068310|F|0-16:G>A-16:G>A,45068310,16:G>A,16,PTTO01002057.1_Contig2,26740032,NC_041730.1,3,autosome,1.0,1,1.7299999999999999e-28,0.986702,1.0,1,1,1,1,1,1,1,1,1,0.0225225225225225,0.0225225225225225,0.0,0.0233644859813084,0,1,0
45069279|F|0-28:T>A-28:T>A,45069279,28:T>A,28,PTTO01001633.1_Contig312,7528107,NC_041739.1,12,autosome,1.0,1,3.94e-24,0.99734,1.0,1,1,1,1,1,1,1,1,0,0.0382882882882882,0.0382882882882882,0.0,0.0397196261682243,0,1,0
45065467|F|0-15:G>A-15:G>A,45065467,15:G>A,15,PTTO01003671.1_Contig19,3456305,NC_041735.1,8,autosome,1.0,1,1.7299999999999999e-28,0.994681,1.0,1,1,1,1,1,1,1,1,1,0.0225225225225225,0.0225225225225225,0.0,0.0233644859813084,0,1,0
45067466|F|0-66:G>A-66:G>A,45067466,66:G>A,66,PTTO01001241.1_Contig276,3267415,NC_041740.1,13,autosome,1.0,1,1.7299999999999999e-28,1.0,1.0,1,1,1,1,1,1,1,1,1,0.1058558558558558,0.1058558558558558,0.375,0.0957943925233644,1,1,0
45065509|F|0-33:A>T-33:A>T,45065509,33:A>T,33,PTTO01002476.1_Contig0,92105943,NC_041728.1,1,autosome,1.0,1,1.7299999999999999e-28,1.0,1.0,1,1,1,1,1,1,1,1,1,0.1216216216216216,0.1216216216216216,0.375,0.1121495327102803,1,1,0
64988788|F|0-22:G>C-22:G>C,64988788,22:G>C,22,PTTO01002315.1_Contig12,14051314,NC_041729.1,2,autosome,1.0,93,9.21e-26,1.0,1.0,1,1,1,1,1,1,1,1,0,0.0,0.0,0.0,0.0,0,0,0
45067491|F|0-49:G>T-49:G>T,45067491,49:G>T,49,PTTO01002057.1_Contig2,23796141,NC_041730.1,3,autosome,1.0,1,1.7299999999999999e-28,1.0,1.0,1,1,1,1,1,1,1,1,1,0.4346846846846847,0.4346846846846847,0.4375,0.4345794392523364,1,1,0
45068755|F|0-56:G>T-56:G>T,45068755,56:G>T,56,PTTO01000812.1_Contig368,2354303,NC_041748.1,21,autosome,1.0,10,1.7299999999999999e-28,1.0,1.0,1,1,1,1,1,1,1,1,0,0.0833333333333333,0.0833333333333333,0.0,0.0864485981308411,0,1,0
45068335|F|0-67:G>T-67:G>T,45068335,67:G>T,67,PTTO01000875.1_Contig31,15550787,NC_041730.1,3,autosome,1.0,1,1.7299999999999999e-28,0.99734,1.0,1,1,1,1,1,1,1,1,1,0.0495495495495495,0.0495495495495495,0.0,0.0514018691588785,0,1,0
45060752|F|0-22:G>A-22:G>A,45060752,22:G>A,22,PTTO01001947.1_Contig1761,344948,NC_041748.1,21,autosome,1.0,11,1.7299999999999999e-28,1.0,1.0,1,1,1,1,1,1,1,1,1,0.0202702702702702,0.0202702702702702,0.0,0.0210280373831775,0,1,0
64988981|F|0-10:T>A-10:T>A,64988981,10:T>A,10,PTTO01003889.1_Contig165,19653718,NC_041729.1,2,autosome,1.0,2,1.7299999999999999e-28,0.994681,1.0,1,1,1,1,1,1,1,1,0,0.0,0.0,0.0,0.0,0,0,0
45060799|F|0-50:A>G-50:A>G,45060799,50:A>G,50,PTTO01001370.1_Contig26,24390346,NC_041734.1,7,autosome,1.0,1,1.7299999999999999e-28,1.0,1.0,1,1,1,1,1,1,1,1,1,0.1486486486486486,0.1486486486486486,0.0,0.1542056074766355,0,1,0
100060158|F|0-38:G>T-38:G>T,100060158,38:G>T,38,PTTO01001696.1_Contig254,4218039,NC_041747.1,20,autosome,1.0,1,1.7299999999999999e-28,0.986702,1.0,1,1,1,1,1,1,1,1,0,0.0,0.0,0.0,0.0,0,0,0
64980319|F|0-44:C>A-44:C>A,64980319,44:C>A,44,PTTO01001696.1_Contig254,3991074,NC_041747.1,20,autosome,1.0,1,1.7299999999999999e-28,0.994681,1.0,1,1,1,1,1,1,1,1,0,0.0,0.0,0.0,0.0,0,0,0
45060920|F|0-18:C>T-18:C>T,45060920,18:C>T,18,PTTO01002815.1_Contig4081,5918732,NC_041744.1,17,autosome,1.0,1,8.05e-27,1.0,1.0,1,1,1,1,1,1,1,1,1,0.1013513513513513,0.1013513513513513,0.0,0.1051401869158878,0,1,0
45060930|F|0-52:C>G-52:C>G,45060930,52:C>G,52,PTTO01002624.1_Contig32,27739150,NC_041728.1,1,autosome,1.0,1,1.7299999999999999e-28,0.994681,1.0,1,1,1,1,1,1,1,1,0,0.0563063063063063,0.0563063063063063,0.0,0.058411214953271,0,1,0
45065655|F|0-13:C>G-13:C>G,45065655,13:C>G,13,PTTO01001236.1_Contig336,6356592,NC_041746.1,19,autosome,1.0,1,1.7299999999999999e-28,0.994681,1.0,1,1,1,1,1,1,1,1,1,0.0022522522522522,0.0022522522522522,0.0,0.0023364485981308,0,1,0
45065656|F|0-22:C>G-22:C>G,45065656,22:C>G,22,PTTO01002859.1_Contig48,3289733,NC_041732.1,5,autosome,1.0,1,1.7299999999999999e-28,0.994681,1.0,1,1,1,1,1,1,1,1,1,0.1554054054054054,0.1554054054054054,0.0,0.161214953271028,0,1,0
45065689|F|0-36:G>A-36:G>A,45065689,36:G>A,36,PTTO01000974.1_Contig37,1917100,NC_041741.1,14,autosome,1.0,1,1.7299999999999999e-28,1.0,1.0,1,1,1,1,1,1,1,1,1,0.0157657657657657,0.0157657657657657,0.1875,0.0093457943925233,1,1,0
64989088|F|0-41:C>G-41:C>G,64989088,41:C>G,41,PTTO01003880.1_Contig4473,1229980,NC_041734.1,7,autosome,1.0,1,1.7299999999999999e-28,1.0,1.0,1,1,1,1,1,1,1,1,0,0.018018018018018,0.018018018018018,0.5,0.0,1,0,0
45061016|F|0-66:G>A-66:G>A,45061016,66:G>A,66,PTTO01002822.1_Contig364,1576989,NC_041731.1,4,autosome,1.0,1,1.7299999999999999e-28,0.99734,1.0,1,1,1,1,1,1,1,1,0,0.018018018018018,0.018018018018018,0.0,0.0186915887850467,0,1,0
64984309|F|0-60:T>G-60:T>G,64984309,60:T>G,60,PTTO01003710.1_Contig217,6837701,NC_041733.1,6,autosome,1.0,1,1.7299999999999999e-28,1.0,1.0,1,1,1,1,1,1,1,1,0,0.0,0.0,0.0,0.0,0,0,0
45053531|F|0-7:G>T-7:G>T,45053531,7:G>T,7,PTTO01000571.1_Contig170,6883749,NC_041730.1,3,autosome,1.0,1,1.7299999999999999e-28,0.99734,1.0,1,1,1,1,1,1,1,1,1,0.009009009009009,0.009009009009009,0.0,0.0093457943925233,0,1,0
45065714|F|0-48:G>T-48:G>T,45065714,48:G>T,48,PTTO01004189.1_Contig18,24996350,NC_041729.1,2,autosome,1.0,1,1.7299999999999999e-28,1.0,1.0,1,1,1,1,1,1,1,1,1,0.0045045045045045,0.0045045045045045,0.0,0.0046728971962616,0,1,0
45065721|F|0-55:C>T-55:C>T,45065721,55:C>T,55,PTTO01002104.1_Contig16,48063366,NC_041732.1,5,autosome,1.0,1,1.7299999999999999e-28,0.99734,1.0,1,1,1,1,1,1,1,1,1,0.0045045045045045,0.0045045045045045,0.0,0.0046728971962616,0,1,0
45067540|F|0-19:G>T-19:G>T,45067540,19:G>T,19,PTTO01002815.1_Contig4081,3808002,NC_041744.1,17,autosome,1.0,1,1.7299999999999999e-28,0.992021,1.0,1,1,1,1,1,1,1,1,1,0.2184684684684684,0.2184684684684684,0.5,0.2079439252336448,1,1,0
45061117|F|0-8:C>T-8:C>T,45061117,8:C>T,8,PTTO01004189.1_Contig18,23547970,NC_041729.1,2,autosome,1.0,1,1.7299999999999999e-28,0.99734,1.0,1,1,1,1,1,1,1,1,1,0.0157657657657657,0.0157657657657657,0.0625,0.014018691588785,1,1,0
45065749|F|0-67:G>T-67:G>T,45065749,67:G>T,67,PTTO01000376.1_Contig11,10819867,NC_041745.1,18,autosome,1.0,1,2.9000000000000004e-26,0.989362,1.0,1,1,1,1,1,1,1,1,1,0.4414414414414414,0.4414414414414414,0.125,0.4532710280373832,1,1,0
45061185|F|0-27:G>C-27:G>C,45061185,27:G>C,27,PTTO01001349.1_Contig23,20520206,NC_041736.1,9,autosome,1.0,1,1.7299999999999999e-28,0.994681,1.0,1,1,1,1,1,1,1,1,1,0.018018018018018,0.018018018018018,0.3125,0.0070093457943925,1,1,0
45067716|F|0-43:C>G-43:C>G,45067716,43:C>G,43,PTTO01001236.1_Contig336,5931039,NC_041746.1,19,autosome,1.0,1,1.7299999999999999e-28,1.0,1.0,1,1,1,1,1,1,1,1,1,0.009009009009009,0.009009009009009,0.0,0.0093457943925233,0,1,0
64987091|F|0-60:A>T-60:A>T,64987091,60:A>T,60,PTTO01004340.1_Contig74,3815344,NC_041733.1,6,autosome,1.0,1,8.05e-27,1.0,1.0,1,1,1,1,1,1,1,1,0,0.009009009009009,0.009009009009009,0.0,0.0093457943925233,0,1,0
45062254|F|0-34:G>A-34:G>A,45062254,34:G>A,34,PTTO01001180.1_Contig344,269415,NC_041739.1,12,autosome,1.0,2,3.75e-25,1.0,1.0,1,1,1,1,1,1,1,1,1,0.3085585585585585,0.3085585585585585,0.0,0.3200934579439252,0,1,0
45062255|F|0-60:G>A-60:G>A,45062255,60:G>A,60,PTTO01004335.1_Contig325,70288,NC_041739.1,12,autosome,1.0,2,1.7299999999999999e-28,1.0,1.0,1,1,1,1,1,1,1,1,1,0.6914414414414415,0.3085585585585585,1.0,0.6799065420560748,0,1,0
45066237|F|0-52:A>T-52:A>T,45066237,52:A>T,52,PTTO01002315.1_Contig12,595416,NC_041729.1,2,autosome,1.0,1,1.7299999999999999e-28,0.99734,1.0,1,1,1,1,1,1,1,1,0,0.1058558558558558,0.1058558558558558,0.0,0.1098130841121495,0,1,0
45062472|F|0-56:T>G-56:T>G,45062472,56:T>G,56,PTTO01000659.1_Contig3311,18469003,NC_041731.1,4,autosome,1.0,7,8.05e-27,0.99734,1.0,1,1,1,1,1,1,1,1,1,0.0247747747747747,0.0247747747747747,0.0,0.0257009345794392,0,1,0
45062482|F|0-35:A>G-35:A>G,45062482,35:A>G,35,PTTO01001315.1_Contig92,3495315,NC_041742.1,15,autosome,1.0,1,8.05e-27,0.99734,1.0,1,1,1,1,1,1,1,1,0,0.8626126126126126,0.1373873873873874,1.0,0.8574766355140186,0,1,0
45062542|F|0-32:T>A-32:T>A,45062542,32:T>A,32,PTTO01000276.1_Contig319,9139913,NC_041737.1,10,autosome,1.0,1,6.98e-22,1.0,1.0,1,1,1,1,1,1,1,1,0,0.1599099099099099,0.1599099099099099,0.125,0.161214953271028,1,1,0
45067779|F|0-38:T>G-38:T>G,45067779,38:T>G,38,PTTO01001320.1_Contig70,13336065,NC_041731.1,4,autosome,1.0,1,4.8100000000000006e-23,1.0,1.0,1,1,1,1,1,1,1,1,1,0.0045045045045045,0.0045045045045045,0.0,0.0046728971962616,0,1,0
45068502|F|0-56:G>C-56:G>C,45068502,56:G>C,56,PTTO01002315.1_Contig12,15459441,NC_041729.1,2,autosome,1.0,214,1.7299999999999999e-28,0.981383,1.0,1,1,1,1,1,1,1,1,0,0.0135135135135135,0.0135135135135135,0.0,0.014018691588785,0,1,0
45067685|F|0-45:A>C-45:A>C,45067685,45:A>C,45,PTTO01000493.1_Contig1165,669676,NC_041744.1,17,autosome,1.0,2,1.7299999999999999e-28,1.0,1.0,1,1,1,1,1,1,1,1,1,0.1081081081081081,0.1081081081081081,0.125,0.1074766355140186,1,1,0
45068840|F|0-17:C>T-17:C>T,45068840,17:C>T,17,PTTO01001370.1_Contig26,21899972,NC_041734.1,7,autosome,1.0,1,2.9000000000000004e-26,0.99734,1.0,1,1,1,1,1,1,1,1,0,0.0337837837837837,0.0337837837837837,0.125,0.0303738317757009,1,1,0
45068454|F|0-6:G>A-6:G>A,45068454,6:G>A,6,PTTO01002815.1_Contig4081,6580037,NC_041744.1,17,autosome,1.0,1,1.7299999999999999e-28,1.0,1.0,1,1,1,1,1,1,1,1,0,0.1689189189189189,0.1689189189189189,0.0,0.175233644859813,0,1,0
45067822|F|0-55:C>T-55:C>T,45067822,55:C>T,55,PTTO01000376.1_Contig11,13710778,NC_041745.1,18,autosome,1.0,1,1.7299999999999999e-28,0.992021,1.0,1,1,1,1,1,1,1,1,1,0.25,0.25,0.0,0.2593457943925233,0,1,0
45062845|F|0-27:C>G-27:C>G,45062845,27:C>G,27,PTTO01002057.1_Contig2,50036244,NC_041730.1,3,autosome,1.0,1,1.7299999999999999e-28,0.99734,1.0,1,1,1,1,1,1,1,1,1,0.072072072072072,0.072072072072072,0.0,0.0747663551401869,0,1,0
100062997|F|0-41:C>A-41:C>A,100062997,41:C>A,41,PTTO01002634.1_Contig60,3287199,NC_041732.1,5,autosome,1.0,1,1.7299999999999999e-28,1.0,1.0,1,1,1,1,1,1,1,1,0,0.0,0.0,0.0,0.0,0,0,0
45067842|F|0-25:G>A-25:G>A,45067842,25:G>A,25,PTTO01002624.1_Contig32,38084375,NC_041728.1,1,autosome,1.0,1,1.7299999999999999e-28,0.99734,1.0,1,1,1,1,1,1,1,1,1,0.2387387387387387,0.2387387387387387,0.8125,0.2172897196261682,1,1,0
64974705|F|0-57:A>T-57:A>T,64974705,57:A>T,57,PTTO01002624.1_Contig32,17419999,NC_041728.1,1,autosome,1.0,1,1.7299999999999999e-28,0.99734,1.0,1,1,1,1,1,1,1,1,0,0.0,0.0,0.0,0.0,0,0,0
45068540|F|0-36:A>T-36:A>T,45068540,36:A>T,36,PTTO01001940.1_Contig353,9356904,NC_041731.1,4,autosome,1.0,1,1.7299999999999999e-28,1.0,1.0,1,1,1,1,1,1,1,1,0,0.5180180180180181,0.4819819819819819,0.625,0.514018691588785,1,1,0
45055768|F|0-60:C>T-60:C>T,45055768,60:C>T,60,PTTO01001370.1_Contig26,10271167,NC_041734.1,7,autosome,1.0,1,1.7299999999999999e-28,1.0,1.0,1,1,1,1,1,1,1,1,1,0.0315315315315315,0.0315315315315315,0.5625,0.0116822429906542,1,1,0
45055882|F|0-28:G>A-28:G>A,45055882,28:G>A,28,PTTO01003425.1_Contig303,43866,NC_041743.1,16,autosome,1.0,1,1.7299999999999999e-28,0.973404,1.0,1,1,1,1,1,1,1,1,1,0.0,0.0,0.0,0.0,0,0,0
45067901|F|0-57:C>T-57:C>T,45067901,57:C>T,57,PTTO01002634.1_Contig60,16383151,NC_041732.1,5,autosome,1.0,1,8.05e-27,1.0,1.0,1,1,1,1,1,1,1,1,0,0.3986486486486486,0.3986486486486486,0.1875,0.4065420560747663,1,1,0
45068867|F|0-28:T>G-28:T>G,45068867,28:T>G,28,PTTO01002779.1_Contig53,317099,NC_041744.1,17,autosome,1.0,2,1.7299999999999999e-28,0.99734,1.0,1,1,1,1,1,1,1,1,0,0.3558558558558558,0.3558558558558558,0.3125,0.3574766355140187,1,1,0
45068868|F|0-68:A>T-68:A>T,45068868,68:A>T,68,PTTO01002717.1_Contig330,201722,NC_041744.1,17,autosome,1.0,2,1.7299999999999999e-28,0.994681,1.0,1,1,1,1,1,1,1,1,0,0.036036036036036,0.036036036036036,0.0,0.0373831775700934,0,1,0
45066597|F|0-51:G>A-51:G>A,45066597,51:G>A,51,PTTO01000659.1_Contig3311,490410,NC_041731.1,4,autosome,1.0,1,1.7299999999999999e-28,0.99734,1.0,1,1,1,1,1,1,1,1,0,0.0225225225225225,0.0225225225225225,0.0,0.0233644859813084,0,1,0
45063555|F|0-44:G>A-44:G>A,45063555,44:G>A,44,PTTO01002104.1_Contig16,52822813,NC_041732.1,5,autosome,1.0,1,1.7299999999999999e-28,1.0,1.0,1,1,1,1,1,1,1,1,1,0.009009009009009,0.009009009009009,0.0,0.0093457943925233,0,1,0
45067991|F|0-10:C>T-10:C>T,45067991,10:C>T,10,PTTO01003857.1_Contig1099,1632318,NC_041732.1,5,autosome,1.0,1,1.7299999999999999e-28,1.0,1.0,1,1,1,1,1,1,1,1,1,0.0337837837837837,0.0337837837837837,0.0,0.0350467289719626,0,1,0
64975951|F|0-59:A>G-59:A>G,64975951,59:A>G,59,PTTO01001883.1_Contig281,3903396,NC_041729.1,2,autosome,1.0,1,1.7299999999999999e-28,0.994681,1.0,1,1,1,1,1,1,1,1,0,0.0,0.0,0.0,0.0,0,0,0
64985769|F|0-16:C>T-16:C>T,64985769,16:C>T,16,PTTO01004427.1_Contig106,4401070,NC_041739.1,12,autosome,1.0,1,1.7299999999999999e-28,1.0,1.0,1,1,1,1,1,1,1,1,0,0.0,0.0,0.0,0.0,0,0,0
45066745|F|0-33:G>A-33:G>A,45066745,33:G>A,33,PTTO01003089.1_Contig2175,34689,NW_021638253.1,unplaced,unplaced,1.0,7,1.7299999999999999e-28,1.0,1.0,1,1,1,1,1,1,1,1,1,0.0112612612612612,0.0112612612612612,0.0,0.0116822429906542,0,1,0
45068039|F|0-17:G>T-17:G>T,45068039,17:G>T,17,PTTO01001633.1_Contig312,22795560,NC_041739.1,12,autosome,1.0,1,1.7299999999999999e-28,0.994681,1.0,1,1,1,1,1,1,1,1,1,0.2229729729729729,0.2229729729729729,0.5,0.2126168224299065,1,1,0
45063886|F|0-57:C>T-57:C>T,45063886,57:C>T,57,PTTO01001610.1_Contig358,602782,NC_041729.1,2,autosome,1.0,1,1.7299999999999999e-28,1.0,1.0,1,1,1,1,1,1,1,1,1,0.0608108108108108,0.0608108108108108,0.0,0.0630841121495327,0,1,0
45068915|F|0-52:G>A-52:G>A,45068915,52:G>A,52,PTTO01002624.1_Contig32,31286893,NC_041728.1,1,autosome,1.0,1,8.05e-27,1.0,1.0,1,1,1,1,1,1,1,1,0,0.0765765765765765,0.0765765765765765,0.0,0.0794392523364486,0,1,0
45066834|F|0-41:A>T-41:A>T,45066834,41:A>T,41,PTTO01003454.1_Contig230,1733950,NC_041744.1,17,autosome,1.0,1,2.63e-26,0.99734,1.0,1,1,1,1,1,1,1,1,1,0.054054054054054,0.054054054054054,0.0,0.0560747663551401,0,1,0
100063362|F|0-22:G>C-22:G>C,100063362,22:G>C,22,PTTO01000875.1_Contig31,8795288,NC_041730.1,3,autosome,1.0,1,1.7299999999999999e-28,1.0,1.0,1,1,1,1,1,1,1,1,0,0.0,0.0,0.0,0.0,0,0,0
64983021|F|0-55:C>T-55:C>T,64983021,55:C>T,55,PTTO01001124.1_Contig2907,3358,,unanchored,unanchored,1.0,1,1.7299999999999999e-28,0.99734,1.0,1,1,1,1,1,1,1,1,0,0.0,0.0,0.0,0.0,0,0,0
45066860|F|0-22:A>G-22:A>G,45066860,22:A>G,22,PTTO01003276.1_Contig54,4658034,NC_041738.1,11,autosome,1.0,1,1.7299999999999999e-28,1.0,1.0,1,1,1,1,1,1,1,1,1,0.0225225225225225,0.0225225225225225,0.0,0.0233644859813084,0,1,0
45064009|F|0-55:G>T-55:G>T,45064009,55:G>T,55,PTTO01002476.1_Contig0,23613796,NC_041728.1,1,autosome,1.0,1,8.05e-27,0.994681,1.0,1,1,1,1,1,1,1,1,1,0.063063063063063,0.063063063063063,0.0,0.0654205607476635,0,1,0
45057603|F|0-25:A>G-25:A>G,45057603,25:A>G,25,PTTO01003425.1_Contig303,2114598,NC_041743.1,16,autosome,1.0,1,1.7299999999999999e-28,1.0,1.0,1,1,1,1,1,1,1,1,0,0.5563063063063063,0.4436936936936937,0.6875,0.5514018691588785,1,1,0
45068066|F|0-52:T>A-52:T>A,45068066,52:T>A,52,PTTO01000166.1_Contig207,3929745,NC_041747.1,20,autosome,1.0,1,1.7299999999999999e-28,0.992021,1.0,1,1,1,1,1,1,1,1,1,0.3063063063063063,0.3063063063063063,0.6875,0.2920560747663551,1,1,0
45064051|F|0-30:C>T-30:C>T,45064051,30:C>T,30,PTTO01002624.1_Contig32,31288956,NC_041728.1,1,autosome,1.0,1,1.7299999999999999e-28,0.994681,1.0,1,1,1,1,1,1,1,1,1,0.0585585585585585,0.0585585585585585,0.0,0.0607476635514018,0,1,0
45066902|F|0-47:G>A-47:G>A,45066902,47:G>A,47,PTTO01001696.1_Contig254,5341929,NC_041747.1,20,autosome,1.0,1,8.05e-27,0.99734,1.0,1,1,1,1,1,1,1,1,1,0.2927927927927928,0.2927927927927928,0.4375,0.2873831775700934,1,1,0
45064117|F|0-40:G>A-40:G>A,45064117,40:G>A,40,PTTO01000974.1_Contig37,15003898,NC_041741.1,14,autosome,1.0,1,3.75e-25,0.994681,1.0,1,1,1,1,1,1,1,1,0,0.8941441441441441,0.1058558558558558,1.0,0.8901869158878505,0,1,0
45068933|F|0-13:T>G-13:T>G,45068933,13:T>G,13,PTTO01003169.1_Contig274,997162,NC_041742.1,15,autosome,1.0,1,1.7299999999999999e-28,0.99734,1.0,1,1,1,1,1,1,1,1,0,0.0135135135135135,0.0135135135135135,0.0,0.014018691588785,0,1,0
45068626|F|0-66:C>A-66:C>A,45068626,66:C>A,66,PTTO01000875.1_Contig31,16639024,NC_041730.1,3,autosome,1.0,1,1.7299999999999999e-28,0.981383,1.0,1,1,1,1,1,1,1,1,0,0.0022522522522522,0.0022522522522522,0.0,0.0023364485981308,0,1,0
45064340|F|0-22:C>G-22:C>G,45064340,22:C>G,22,PTTO01001370.1_Contig26,16633284,NC_041734.1,7,autosome,1.0,1,8.05e-27,1.0,1.0,1,1,1,1,1,1,1,1,0,0.1036036036036036,0.1036036036036036,0.1875,0.1004672897196261,1,1,0
95139786|F|0-10:G>A-10:G>A,95139786,10:G>A,10,PTTO01001051.1_Contig4,5950719,NC_041737.1,10,autosome,1.0,29,1.7299999999999999e-28,1.0,1.0,1,1,1,1,1,1,1,1,0,0.0,0.0,0.0,0.0,0,0,0
45069116|F|0-13:G>A-13:G>A,45069116,13:G>A,13,PTTO01002104.1_Contig16,32434418,NC_041732.1,5,autosome,1.0,1,1.7299999999999999e-28,1.0,1.0,1,1,1,1,1,1,1,1,0,0.2657657657657657,0.2657657657657657,0.125,0.2710280373831775,1,1,0
45068642|F|0-9:C>T-9:C>T,45068642,9:C>T,9,PTTO01000812.1_Contig368,2668712,NC_041748.1,21,autosome,1.0,1,1.7299999999999999e-28,1.0,1.0,1,1,1,1,1,1,1,1,0,0.027027027027027,0.027027027027027,0.0,0.02803738317757,0,1,0
45068133|F|0-29:A>G-29:A>G,45068133,29:A>G,29,PTTO01003493.1_Contig3737,99832,NC_041739.1,12,autosome,1.0,4,8.05e-27,0.99734,1.0,1,1,1,1,1,1,1,1,1,0.3085585585585585,0.3085585585585585,0.0,0.3200934579439252,0,1,0
45068656|F|0-7:A>C-7:A>C,45068656,7:A>C,7,PTTO01001940.1_Contig353,5939207,NC_041731.1,4,autosome,1.0,1,1.7299999999999999e-28,0.986702,1.0,1,1,1,1,1,1,1,1,0,0.1756756756756756,0.1756756756756756,0.25,0.1728971962616822,1,1,0
45069699|F|0-38:G>A-38:G>A,45069699,38:G>A,38,PTTO01004519.1_Contig1477,2841414,NC_041735.1,8,autosome,1.0,1,7.080000000000001e-21,0.994681,1.0,1,1,1,1,1,1,1,1,0,0.1554054054054054,0.1554054054054054,0.0,0.161214953271028,0,1,0
45068162|F|0-48:G>A-48:G>A,45068162,48:G>A,48,PTTO01002859.1_Contig48,63703,NC_041732.1,5,autosome,1.0,22,8.05e-27,1.0,1.0,1,1,1,1,1,1,1,1,0,0.322072072072072,0.322072072072072,0.5,0.3154205607476635,1,1,0
45058934|F|0-48:G>A-48:G>A,45058934,48:G>A,48,PTTO01002057.1_Contig2,27145615,NC_041730.1,3,autosome,1.0,1,1.7299999999999999e-28,0.994681,1.0,1,1,1,1,1,1,1,1,1,0.0337837837837837,0.0337837837837837,0.0,0.0350467289719626,0,1,0
45068197|F|0-9:G>A-9:G>A,45068197,9:G>A,9,PTTO01000276.1_Contig319,13362595,NC_041737.1,10,autosome,1.0,1,7.080000000000001e-21,0.99734,1.0,1,1,1,1,1,1,1,1,1,0.072072072072072,0.072072072072072,0.0625,0.072429906542056,1,1,0
45067182|F|0-21:A>C-21:A>C,45067182,21:A>C,21,PTTO01003454.1_Contig230,289558,NC_041744.1,17,autosome,1.0,1,1.7299999999999999e-28,1.0,1.0,1,1,1,1,1,1,1,1,1,0.0135135135135135,0.0135135135135135,0.0,0.014018691588785,0,1,0
45068199|F|0-49:C>A-49:C>A,45068199,49:C>A,49,PTTO01001241.1_Contig276,4146646,NC_041740.1,13,autosome,1.0,1,1.7299999999999999e-28,1.0,1.0,1,1,1,1,1,1,1,1,1,0.0518018018018018,0.0518018018018018,0.0,0.0537383177570093,0,1,0
45059151|F|0-39:G>A-39:G>A,45059151,39:G>A,39,PTTO01000571.1_Contig170,608040,NC_041730.1,3,autosome,1.0,1,1.7299999999999999e-28,1.0,1.0,1,1,1,1,1,1,1,1,1,0.1261261261261261,0.1261261261261261,0.0,0.1308411214953271,0,1,0
45059166|F|0-68:G>A-68:G>A,45059166,68:G>A,68,PTTO01002793.1_Contig38,468262,NC_041745.1,18,autosome,1.0,1,1.7299999999999999e-28,0.994681,1.0,1,1,1,1,1,1,1,1,1,0.1058558558558558,0.1058558558558558,0.6875,0.0841121495327102,1,1,0
45068687|F|0-15:A>G-15:A>G,45068687,15:A>G,15,PTTO01003321.1_Contig3105,46151,NC_041748.1,21,autosome,1.0,12,1.35e-24,0.994681,1.0,1,1,1,1,1,1,1,1,0,0.4346846846846847,0.4346846846846847,0.9375,0.4158878504672897,1,1,0
45067244|F|0-52:G>A-52:G>A,45067244,52:G>A,52,PTTO01000166.1_Contig207,2333573,NC_041747.1,20,autosome,1.0,1,1.7299999999999999e-28,0.994681,1.0,1,1,1,1,1,1,1,1,1,0.0765765765765765,0.0765765765765765,0.0,0.0794392523364486,0,1,0
45059461|F|0-47:A>G-47:A>G,45059461,47:A>G,47,PTTO01002057.1_Contig2,9868534,NC_041730.1,3,autosome,1.0,1,1.7299999999999999e-28,0.99734,1.0,1,1,1,1,1,1,1,1,1,0.2207207207207207,0.2207207207207207,0.3125,0.2172897196261682,1,1,0
45064945|F|0-68:C>T-68:C>T,45064945,68:C>T,68,PTTO01001315.1_Contig92,5350289,NC_041742.1,15,autosome,1.0,1,1.7299999999999999e-28,0.99734,1.0,1,1,1,1,1,1,1,1,0,0.1621621621621621,0.1621621621621621,0.0,0.1682242990654205,0,1,0
45068969|F|0-16:C>T-16:C>T,45068969,16:C>T,16,PTTO01002545.1_Contig22,20169149,NC_041728.1,1,autosome,1.0,1,1.7299999999999999e-28,1.0,1.0,1,1,1,1,1,1,1,1,0,0.0225225225225225,0.0225225225225225,0.0,0.0233644859813084,0,1,0
100063836|F|0-57:T>C-57:T>C,100063836,57:T>C,57,PTTO01000006.1_Contig148,9509907,NC_041734.1,7,autosome,1.0,1,1.7299999999999999e-28,1.0,1.0,1,1,1,1,1,1,1,1,0,0.0022522522522522,0.0022522522522522,0.0625,0.0,1,0,0
45059639|F|0-34:C>T-34:C>T,45059639,34:C>T,34,PTTO01000376.1_Contig11,7373831,NC_041745.1,18,autosome,1.0,1,1.7299999999999999e-28,1.0,1.0,1,1,1,1,1,1,1,1,1,0.036036036036036,0.036036036036036,0.0,0.0373831775700934,0,1,0
45069148|F|0-42:C>T-42:C>T,45069148,42:C>T,42,PTTO01001839.1_Contig208,12145698,NC_041741.1,14,autosome,1.0,1,1.7299999999999999e-28,1.0,1.0,1,1,1,1,1,1,1,1,0,0.0247747747747747,0.0247747747747747,0.0,0.0257009345794392,0,1,0
45059810|F|0-47:C>G-47:C>G,45059810,47:C>G,47,PTTO01002476.1_Contig0,18854674,NC_041728.1,1,autosome,1.0,1,1.7299999999999999e-28,1.0,1.0,1,1,1,1,1,1,1,1,0,0.4459459459459459,0.4459459459459459,0.1875,0.455607476635514,1,1,0
45059851|F|0-20:G>A-20:G>A,45059851,20:G>A,20,PTTO01003889.1_Contig165,24233506,NC_041729.1,2,autosome,1.0,1,1.7299999999999999e-28,1.0,1.0,1,1,1,1,1,1,1,1,1,0.0112612612612612,0.0112612612612612,0.0,0.0116822429906542,0,1,0
64988766|F|0-56:G>A-56:G>A,64988766,56:G>A,56,PTTO01001633.1_Contig312,13154444,NC_041739.1,12,autosome,1.0,1,1.7299999999999999e-28,0.99734,1.0,1,1,1,1,1,1,1,1,0,0.0,0.0,0.0,0.0,0,0,0
45059918|F|0-33:A>C-33:A>C,45059918,33:A>C,33,PTTO01002609.1_Contig158,3503882,NC_041737.1,10,autosome,1.0,1,8.05e-27,0.99734,1.0,1,1,1,1,1,1,1,1,1,0.509009009009009,0.4909909909909909,0.1875,0.5210280373831776,1,1,0
64979169|F|0-43:C>T-43:C>T,64979169,43:C>T,43,PTTO01004189.1_Contig18,7387769,NC_041729.1,2,autosome,1.0,1,1.7299999999999999e-28,1.0,1.0,1,1,1,1,1,1,1,1,0,0.009009009009009,0.009009009009009,0.0,0.0093457943925233,0,1,0
45059981|F|0-32:G>T-32:G>T,45059981,32:G>T,32,PTTO01001241.1_Contig276,11858490,NC_041740.1,13,autosome,1.0,1,1.7299999999999999e-28,1.0,1.0,1,1,1,1,1,1,1,1,1,0.0045045045045045,0.0045045045045045,0.0,0.0046728971962616,0,1,0
45065198|F|0-61:C>T-61:C>T,45065198,61:C>T,61,PTTO01002057.1_Contig2,44962135,NC_041730.1,3,autosome,1.0,1,1.7299999999999999e-28,0.99734,1.0,1,1,1,1,1,1,1,1,1,0.045045045045045,0.045045045045045,0.3125,0.0350467289719626,1,1,0
45065226|F|0-24:A>G-24:A>G,45065226,24:A>G,24,PTTO01004492.1_Contig25,3369616,NC_041732.1,5,autosome,1.0,1,1.7299999999999999e-28,1.0,1.0,1,1,1,1,1,1,1,1,1,0.1869369369369369,0.1869369369369369,0.625,0.1705607476635514,1,1,0
45067379|F|0-30:A>T-30:A>T,45067379,30:A>T,30,PTTO01002104.1_Contig16,13262950,NC_041732.1,5,autosome,1.0,1,1.7299999999999999e-28,0.994681,1.0,1,1,1,1,1,1,1,1,1,0.0765765765765765,0.0765765765765765,0.0,0.0794392523364486,0,1,0
100064058|F|0-53:G>T-53:G>T,100064058,53:G>T,53,PTTO01000875.1_Contig31,29833490,NC_041730.1,3,autosome,1.0,1,1.7299999999999999e-28,1.0,1.0,1,1,1,1,1,1,1,1,0,0.0,0.0,0.0,0.0,0,0,0
45065336|F|0-51:G>C-51:G>C,45065336,51:G>C,51,PTTO01002104.1_Contig16,11385442,NC_041732.1,5,autosome,1.0,1,8.05e-27,0.99734,1.0,1,1,1,1,1,1,1,1,1,0.4279279279279279,0.4279279279279279,0.6875,0.4182242990654206,1,1,0
45067676|F|0-18:G>A-18:G>A,45067676,18:G>A,18,PTTO01002815.1_Contig4081,5814270,NC_041744.1,17,autosome,1.0,1,1.7299999999999999e-28,1.0,1.0,1,1,1,1,1,1,1,1,1,0.0202702702702702,0.0202702702702702,0.0,0.0210280373831775,0,1,0
45060361|F|0-68:G>A-68:G>A,45060361,68:G>A,68,PTTO01001051.1_Contig4,7864313,NC_041737.1,10,autosome,1.0,1,6.23e-28,0.992021,1.0,1,1,1,1,1,1,1,1,1,0.2747747747747748,0.2747747747747748,0.625,0.2616822429906542,1,1,0
45065444|F|0-46:G>C-46:G>C,45065444,46:G>C,46,PTTO01000318.1_Contig139,8167168,NC_041730.1,3,autosome,1.0,1,1.7299999999999999e-28,0.99734,1.0,1,1,1,1,1,1,1,1,1,0.0225225225225225,0.0225225225225225,0.0,0.0233644859813084,0,1,0
45065502|F|0-57:G>A-57:G>A,45065502,57:G>A,57,PTTO01002057.1_Contig2,8456412,NC_041730.1,3,autosome,1.0,1,1.7299999999999999e-28,1.0,1.0,1,1,1,1,1,1,1,1,1,0.1373873873873874,0.1373873873873874,0.3125,0.1308411214953271,1,1,0
45065525|F|0-6:G>A-6:G>A,45065525,6:G>A,6,PTTO01001349.1_Contig23,5038829,NC_041736.1,9,autosome,1.0,1,1.7299999999999999e-28,0.994681,1.0,1,1,1,1,1,1,1,1,1,0.054054054054054,0.054054054054054,0.6875,0.0303738317757009,1,1,0
64987575|F|0-18:T>A-18:T>A,64987575,18:T>A,18,PTTO01000115.1_Contig24,1282343,NC_041745.1,18,autosome,1.0,1,1.7299999999999999e-28,0.99734,1.0,1,1,1,1,1,1,1,1,0,0.0,0.0,0.0,0.0,0,0,0
45067490|F|0-60:T>C-60:T>C,45067490,60:T>C,60,PTTO01001241.1_Contig276,4790426,NC_041740.1,13,autosome,1.0,1,1.7299999999999999e-28,0.99734,1.0,1,1,1,1,1,1,1,1,1,0.045045045045045,0.045045045045045,0.0,0.0467289719626168,0,1,0
45065558|F|0-56:G>T-56:G>T,45065558,56:G>T,56,PTTO01003889.1_Contig165,7400129,NC_041729.1,2,autosome,1.0,1,1.7299999999999999e-28,0.994681,1.0,1,1,1,1,1,1,1,1,1,0.3445945945945945,0.3445945945945945,0.25,0.3481308411214953,1,1,0
45065710|F|0-19:C>T-19:C>T,45065710,19:C>T,19,PTTO01002057.1_Contig2,36575382,NC_041730.1,3,autosome,1.0,1,1.7299999999999999e-28,1.0,1.0,1,1,1,1,1,1,1,1,1,0.018018018018018,0.018018018018018,0.0,0.0186915887850467,0,1,0
45061043|F|0-33:G>A-33:G>A,45061043,33:G>A,33,PTTO01002476.1_Contig0,84522074,NC_041728.1,1,autosome,1.0,1,8.05e-27,1.0,1.0,1,1,1,1,1,1,1,1,1,0.1689189189189189,0.1689189189189189,0.0,0.175233644859813,0,1,0
45067553|F|0-66:G>T-66:G>T,45067553,66:G>T,66,PTTO01004535.1_Contig9,6132216,NC_041731.1,4,autosome,1.0,1,1.7299999999999999e-28,0.99734,1.0,1,1,1,1,1,1,1,1,1,0.0788288288288288,0.0788288288288288,0.0,0.0817757009345794,0,1,0
45065794|F|0-24:G>T-24:G>T,45065794,24:G>T,24,PTTO01004262.1_Contig52,27275662,NC_041731.1,4,autosome,1.0,1,1.7299999999999999e-28,0.99734,1.0,1,1,1,1,1,1,1,1,1,0.009009009009009,0.009009009009009,0.0,0.0093457943925233,0,1,0
45066167|F|0-44:C>A-44:C>A,45066167,44:C>A,44,PTTO01003671.1_Contig19,7384403,NC_041735.1,8,autosome,1.0,1,1.7299999999999999e-28,1.0,1.0,1,1,1,1,1,1,1,1,1,0.045045045045045,0.045045045045045,0.0,0.0467289719626168,0,1,0
45067737|F|0-7:C>T-7:C>T,45067737,7:C>T,7,PTTO01002551.1_Contig1866,1109675,NC_041729.1,2,autosome,1.0,1,1.7299999999999999e-28,0.978723,1.0,1,1,1,1,1,1,1,1,1,0.0923423423423423,0.0923423423423423,0.0,0.0957943925233644,0,1,0
45066252|F|0-49:T>G-49:T>G,45066252,49:T>G,49,PTTO01000765.1_Contig334,21689326,NC_041729.1,2,autosome,1.0,1,1.7299999999999999e-28,1.0,1.0,1,1,1,1,1,1,1,1,1,0.1936936936936936,0.1936936936936936,0.0,0.2009345794392523,0,1,0
45062527|F|0-60:T>G-60:T>G,45062527,60:T>G,60,PTTO01002476.1_Contig0,58164705,NC_041728.1,1,autosome,1.0,1,1.7299999999999999e-28,1.0,1.0,1,1,1,1,1,1,1,1,1,0.0157657657657657,0.0157657657657657,0.0,0.0163551401869158,0,1,0
45068847|F|0-5:A>T-5:A>T,45068847,5:A>T,5,PTTO01004303.1_Contig1602,18767,,unanchored,unanchored,1.0,6,2.04e-21,1.0,1.0,1,1,1,1,1,1,1,1,0,0.0292792792792792,0.0292792792792792,0.0,0.0303738317757009,0,1,0
64987210|F|0-57:T>A-57:T>A,64987210,57:T>A,57,PTTO01001215.1_Contig3566,8626,,unanchored,unanchored,1.0,5,1.7299999999999999e-28,1.0,1.0,1,1,1,1,1,1,1,1,0,0.3310810810810811,0.3310810810810811,0.4375,0.3271028037383177,1,1,0
45066513|F|0-15:G>C-15:G>C,45066513,15:G>C,15,PTTO01002545.1_Contig22,8201241,NC_041728.1,1,autosome,1.0,1,1.7299999999999999e-28,0.992021,1.0,1,1,1,1,1,1,1,1,1,0.0765765765765765,0.0765765765765765,0.0,0.0794392523364486,0,1,0
45068545|F|0-12:A>G-12:A>G,45068545,12:A>G,12,PTTO01004189.1_Contig18,17709010,NC_041729.1,2,autosome,1.0,1,1.7299999999999999e-28,1.0,1.0,1,1,1,1,1,1,1,1,0,0.1238738738738738,0.1238738738738738,0.25,0.1191588785046729,1,1,0
45069079|F|0-37:G>C-37:G>C,45069079,37:G>C,37,PTTO01002545.1_Contig22,15357526,NC_041728.1,1,autosome,1.0,1,1.7299999999999999e-28,1.0,1.0,1,1,1,1,1,1,1,1,0,0.0112612612612612,0.0112612612612612,0.0,0.0116822429906542,0,1,0
45066640|F|0-13:G>A-13:G>A,45066640,13:G>A,13,PTTO01004189.1_Contig18,8735404,NC_041729.1,2,autosome,1.0,1,1.7299999999999999e-28,0.99734,1.0,1,1,1,1,1,1,1,1,1,0.1441441441441441,0.1441441441441441,0.0,0.1495327102803738,0,1,0
45067951|F|0-68:A>T-68:A>T,45067951,68:A>T,68,PTTO01002261.1_Contig251,13363903,NC_041743.1,16,autosome,1.0,1,2.24e-27,1.0,1.0,1,1,1,1,1,1,1,1,0,0.9594594594594594,0.0405405405405405,1.0,0.9579439252336448,0,1,0
45063455|F|0-41:T>C-41:T>C,45063455,41:T>C,41,PTTO01002473.1_Contig1,22855045,NC_041738.1,11,autosome,1.0,1,1.7299999999999999e-28,0.984043,1.0,1,1,1,1,1,1,1,1,1,0.0653153153153153,0.0653153153153153,0.0,0.0677570093457943,0,1,0
45067955|F|0-65:C>T-65:C>T,45067955,65:C>T,65,PTTO01000885.1_Contig10,188141,NC_041744.1,17,autosome,1.0,1,1.7299999999999999e-28,0.994681,1.0,1,1,1,1,1,1,1,1,1,0.0653153153153153,0.0653153153153153,0.0,0.0677570093457943,0,1,0
45056898|F|0-38:C>G-38:C>G,45056898,38:C>G,38,PTTO01000729.1_Contig58,3299020,NC_041742.1,15,autosome,1.0,1,1.7299999999999999e-28,0.99734,1.0,1,1,1,1,1,1,1,1,0,0.018018018018018,0.018018018018018,0.5,0.0,1,0,0
45069310|F|0-24:T>G-24:T>G,45069310,24:T>G,24,PTTO01000729.1_Contig58,2069854,NC_041742.1,15,autosome,1.0,1,5.85e-22,1.0,1.0,1,1,1,1,1,1,1,1,0,0.1779279279279279,0.1779279279279279,0.0,0.1845794392523364,0,1,0
45070000|F|0-13:C>A-13:C>A,45070000,13:C>A,13,PTTO01002476.1_Contig0,42225183,NC_041728.1,1,autosome,1.0,1,7.080000000000001e-21,1.0,1.0,1,1,1,1,1,1,1,1,0,0.045045045045045,0.045045045045045,0.0,0.0467289719626168,0,1,0
45064316|F|0-18:T>C-18:T>C,45064316,18:T>C,18,PTTO01003671.1_Contig19,19652548,NC_041735.1,8,autosome,1.0,1,8.05e-27,1.0,1.0,1,1,1,1,1,1,1,1,0,0.4076576576576576,0.4076576576576576,0.375,0.4088785046728972,1,1,0
45058226|F|0-23:T>A-23:T>A,45058226,23:T>A,23,PTTO01002784.1_Contig154,313610,NC_041733.1,6,autosome,1.0,1,8.05e-27,0.99734,1.0,1,1,1,1,1,1,1,1,1,0.4256756756756756,0.4256756756756756,0.1875,0.4345794392523364,1,1,0
45064395|F|0-40:C>A-40:C>A,45064395,40:C>A,40,PTTO01003571.1_Contig67,6642040,NC_041736.1,9,autosome,1.0,1,1.7299999999999999e-28,1.0,1.0,1,1,1,1,1,1,1,1,1,0.0135135135135135,0.0135135135135135,0.0,0.014018691588785,0,1,0
45068111|F|0-40:T>C-40:T>C,45068111,40:T>C,40,PTTO01001785.1_Contig403,88167,NW_021638062.1,unplaced,unplaced,1.0,2,1.7299999999999999e-28,1.0,1.0,1,1,1,1,1,1,1,1,1,0.5990990990990991,0.4009009009009009,0.3125,0.6098130841121495,1,1,0
45059081|F|0-10:G>A-10:G>A,45059081,10:G>A,10,PTTO01001370.1_Contig26,19725240,NC_041734.1,7,autosome,1.0,1,1.7299999999999999e-28,1.0,1.0,1,1,1,1,1,1,1,1,1,0.0315315315315315,0.0315315315315315,0.0,0.0327102803738317,0,1,0
45068200|F|0-32:C>T-32:C>T,45068200,32:C>T,32,PTTO01002057.1_Contig2,10511503,NC_041730.1,3,autosome,1.0,1,8.05e-27,1.0,1.0,1,1,1,1,1,1,1,1,1,0.1283783783783783,0.1283783783783783,0.5,0.1144859813084112,1,1,0
64988272|F|0-14:A>G-14:A>G,64988272,14:A>G,14,PTTO01002731.1_Contig4082,21516,,unanchored,unanchored,1.0,10,1.7299999999999999e-28,0.976064,1.0,1,1,1,1,1,1,1,1,0,0.0,0.0,0.0,0.0,0,0,0
64988273|F|0-24:T>C-24:T>C,64988273,24:T>C,24,PTTO01002867.1_Contig181,110942,NW_021638269.1,unplaced,unplaced,1.0,2,1.7299999999999999e-28,0.992021,1.0,1,1,1,1,1,1,1,1,0,0.0,0.0,0.0,0.0,0,0,0
45059479|F|0-65:A>C-65:A>C,45059479,65:A>C,65,PTTO01004189.1_Contig18,1806017,NC_041729.1,2,autosome,1.0,1,1.7299999999999999e-28,0.99734,1.0,1,1,1,1,1,1,1,1,1,0.0067567567567567,0.0067567567567567,0.0,0.0070093457943925,0,1,0
45059604|F|0-63:C>A-63:C>A,45059604,63:C>A,63,PTTO01003571.1_Contig67,18445660,NC_041736.1,9,autosome,1.0,1,1.7299999999999999e-28,1.0,1.0,1,1,1,1,1,1,1,1,0,0.0315315315315315,0.0315315315315315,0.5625,0.0116822429906542,1,1,0
45059608|F|0-52:G>C-52:G>C,45059608,52:G>C,52,PTTO01001633.1_Contig312,17769251,NC_041739.1,12,autosome,1.0,1,1.7299999999999999e-28,1.0,1.0,1,1,1,1,1,1,1,1,0,0.3333333333333333,0.3333333333333333,0.625,0.322429906542056,1,1,0
45065009|F|0-67:G>A-67:G>A,45065009,67:G>A,67,PTTO01004262.1_Contig52,7224822,NC_041731.1,4,autosome,1.0,1,1.7299999999999999e-28,0.99734,1.0,1,1,1,1,1,1,1,1,0,0.1103603603603603,0.1103603603603603,0.0,0.1144859813084112,0,1,0
64987520|F|0-27:A>T-27:A>T,64987520,27:A>T,27,PTTO01002501.1_Contig138,1784513,NC_041744.1,17,autosome,1.0,1,1.7299999999999999e-28,0.99734,1.0,1,1,1,1,1,1,1,1,0,0.0,0.0,0.0,0.0,0,0,0
45065140|F|0-60:G>T-60:G>T,45065140,60:G>T,60,PTTO01001236.1_Contig336,6447096,NC_041746.1,19,autosome,1.0,1,1.7299999999999999e-28,0.99734,1.0,1,1,1,1,1,1,1,1,1,0.0157657657657657,0.0157657657657657,0.0,0.0163551401869158,0,1,0
64989316|F|0-41:T>A-41:T>A,64989316,41:T>A,41,PTTO01001947.1_Contig1761,382395,NC_041748.1,21,autosome,1.0,1,1.3799999999999998e-23,1.0,1.0,1,1,1,1,1,1,1,1,0,0.0022522522522522,0.0022522522522522,0.0,0.0023364485981308,0,1,0
45060028|F|0-20:A>G-20:A>G,45060028,20:A>G,20,PTTO01002561.1_Contig143,1209741,NC_041744.1,17,autosome,1.0,1,1.7299999999999999e-28,0.99734,1.0,1,1,1,1,1,1,1,1,1,0.1216216216216216,0.1216216216216216,0.0625,0.1238317757009345,1,1,0
64979349|F|0-38:G>A-38:G>A,64979349,38:G>A,38,PTTO01002624.1_Contig32,6305823,NC_041728.1,1,autosome,1.0,1,1.7299999999999999e-28,1.0,1.0,1,1,1,1,1,1,1,1,0,0.0,0.0,0.0,0.0,0,0,0
45065254|F|0-33:A>T-33:A>T,45065254,33:A>T,33,PTTO01001370.1_Contig26,23882844,NC_041734.1,7,autosome,1.0,1,1.7299999999999999e-28,1.0,1.0,1,1,1,1,1,1,1,1,1,0.0878378378378378,0.0878378378378378,0.0625,0.0887850467289719,1,1,0
45067388|F|0-58:G>A-58:G>A,45067388,58:G>A,58,PTTO01003889.1_Contig165,2544734,NC_041729.1,2,autosome,1.0,1,1.7299999999999999e-28,0.99734,1.0,1,1,1,1,1,1,1,1,1,0.045045045045045,0.045045045045045,0.0,0.0467289719626168,0,1,0
45060230|F|0-60:G>A-60:G>A,45060230,60:G>A,60,PTTO01002476.1_Contig0,26578253,NC_041728.1,1,autosome,1.0,1,1.7299999999999999e-28,1.0,1.0,1,1,1,1,1,1,1,1,1,0.0382882882882882,0.0382882882882882,0.0,0.0397196261682243,0,1,0
45065310|F|0-36:A>G-36:A>G,45065310,36:A>G,36,PTTO01001244.1_Contig55,7655009,NC_041738.1,11,autosome,1.0,1,1.7299999999999999e-28,0.99734,1.0,1,1,1,1,1,1,1,1,1,0.0427927927927927,0.0427927927927927,0.0,0.0443925233644859,0,1,0
45060486|F|0-21:C>A-21:C>A,45060486,21:C>A,21,PTTO01000765.1_Contig334,23189574,NC_041729.1,2,autosome,1.0,1,1.7299999999999999e-28,0.99734,1.0,1,1,1,1,1,1,1,1,1,0.0067567567567567,0.0067567567567567,0.0,0.0070093457943925,0,1,0
45065438|F|0-6:G>T-6:G>T,45065438,6:G>T,6,PTTO01003889.1_Contig165,16117582,NC_041729.1,2,autosome,1.0,1,1.13e-24,0.989362,1.0,1,1,1,1,1,1,1,1,1,0.0225225225225225,0.0225225225225225,0.0,0.0233644859813084,0,1,0
45068990|F|0-16:G>T-16:G>T,45068990,16:G>T,16,PTTO01003889.1_Contig165,19986549,NC_041729.1,2,autosome,1.0,1,8.05e-27,1.0,1.0,1,1,1,1,1,1,1,1,0,0.3355855855855856,0.3355855855855856,0.375,0.3341121495327103,1,1,0
45060531|F|0-24:G>T-24:G>T,45060531,24:G>T,24,PTTO01002057.1_Contig2,484254,NC_041730.1,3,autosome,1.0,1,1.7299999999999999e-28,0.994681,1.0,1,1,1,1,1,1,1,1,1,0.0472972972972973,0.0472972972972973,0.0,0.0490654205607476,0,1,0
64989079|F|0-57:T>G-57:T>G,64989079,57:T>G,57,PTTO01000875.1_Contig31,1978688,NC_041730.1,3,autosome,1.0,1,1.7299999999999999e-28,0.99734,1.0,1,1,1,1,1,1,1,1,0,0.0,0.0,0.0,0.0,0,0,0
45060580|F|0-49:G>A-49:G>A,45060580,49:G>A,49,PTTO01000885.1_Contig10,5888697,NC_041744.1,17,autosome,1.0,1,1.7299999999999999e-28,0.994681,1.0,1,1,1,1,1,1,1,1,1,0.2342342342342342,0.2342342342342342,0.375,0.2289719626168224,1,1,0
45068747|F|0-16:G>A-16:G>A,45068747,16:G>A,16,PTTO01003882.1_Contig102,11959491,NC_041732.1,5,autosome,1.0,1,1.7299999999999999e-28,0.99734,1.0,1,1,1,1,1,1,1,1,0,0.018018018018018,0.018018018018018,0.0,0.0186915887850467,0,1,0
45065598|F|0-56:G>A-56:G>A,45065598,56:G>A,56,PTTO01002473.1_Contig1,21864784,NC_041738.1,11,autosome,1.0,1,1.7299999999999999e-28,0.994681,1.0,1,1,1,1,1,1,1,1,1,0.0135135135135135,0.0135135135135135,0.0,0.014018691588785,0,1,0
45065789|F|0-35:G>A-35:G>A,45065789,35:G>A,35,PTTO01002104.1_Contig16,66564599,NC_041732.1,5,autosome,1.0,1,1.7299999999999999e-28,0.99734,1.0,1,1,1,1,1,1,1,1,1,0.0563063063063063,0.0563063063063063,0.0,0.058411214953271,0,1,0
45067560|F|0-54:C>T-54:C>T,45067560,54:C>T,54,PTTO01001839.1_Contig208,4525779,NC_041741.1,14,autosome,1.0,1,8.05e-27,0.99734,1.0,1,1,1,1,1,1,1,1,1,0.2522522522522522,0.2522522522522522,0.1875,0.2546728971962617,1,1,0
45069539|F|0-11:G>A-11:G>A,45069539,11:G>A,11,PTTO01001051.1_Contig4,19602244,NC_041737.1,10,autosome,1.0,1,7.080000000000001e-21,0.99734,1.0,1,1,1,1,1,1,1,1,0,0.0067567567567567,0.0067567567567567,0.0,0.0070093457943925,0,1,0
45069317|F|0-10:C>T-10:C>T,45069317,10:C>T,10,PTTO01002476.1_Contig0,1229463,NC_041728.1,1,autosome,1.0,1,1.7299999999999999e-28,0.99734,1.0,1,1,1,1,1,1,1,1,0,0.259009009009009,0.259009009009009,0.25,0.2593457943925233,1,1,0
45069188|F|0-33:A>C-33:A>C,45069188,33:A>C,33,PTTO01004262.1_Contig52,33104245,NC_041731.1,4,autosome,1.0,1,1.7299999999999999e-28,0.99734,1.0,1,1,1,1,1,1,1,1,0,0.1824324324324324,0.1824324324324324,0.0,0.1892523364485981,0,1,0
64987090|F|0-30:G>C-30:G>C,64987090,30:G>C,30,PTTO01004116.1_Contig362,905783,NC_041729.1,2,autosome,1.0,1,1.7299999999999999e-28,0.99734,1.0,1,1,1,1,1,1,1,1,0,0.0,0.0,0.0,0.0,0,0,0
45068820|F|0-35:G>A-35:G>A,45068820,35:G>A,35,PTTO01004116.1_Contig362,453522,NC_041729.1,2,autosome,1.0,1,1.7299999999999999e-28,0.99734,1.0,1,1,1,1,1,1,1,1,0,0.1486486486486486,0.1486486486486486,0.125,0.1495327102803738,1,1,0
45054271|F|0-66:A>C-66:A>C,45054271,66:A>C,66,PTTO01002057.1_Contig2,3317431,NC_041730.1,3,autosome,1.0,2,1.7299999999999999e-28,0.992021,1.0,1,1,1,1,1,1,1,1,1,0.0472972972972973,0.0472972972972973,0.0,0.0490654205607476,0,1,0
45054440|F|0-5:A>T-5:A>T,45054440,5:A>T,5,PTTO01002104.1_Contig16,40387055,NC_041732.1,5,autosome,1.0,1,1.7299999999999999e-28,0.99734,1.0,1,1,1,1,1,1,1,1,1,0.0765765765765765,0.0765765765765765,0.0,0.0794392523364486,0,1,0
45054627|F|0-55:G>C-55:G>C,45054627,55:G>C,55,PTTO01002815.1_Contig4081,3577209,NC_041744.1,17,autosome,1.0,1,2.24e-27,0.994681,1.0,1,1,1,1,1,1,1,1,1,0.0022522522522522,0.0022522522522522,0.0,0.0023364485981308,0,1,0
45069330|F|0-6:C>T-6:C>T,45069330,6:C>T,6,PTTO01003256.1_Contig153,7388152,NC_041746.1,19,autosome,1.0,1,1.7299999999999999e-28,1.0,1.0,1,1,1,1,1,1,1,1,0,0.0427927927927927,0.0427927927927927,0.0,0.0443925233644859,0,1,0
45069053|F|0-48:T>G-48:T>G,45069053,48:T>G,48,PTTO01000765.1_Contig334,29547022,NC_041729.1,2,autosome,1.0,1,6.23e-28,0.99734,1.0,1,1,1,1,1,1,1,1,0,0.1283783783783783,0.1283783783783783,0.0,0.1331775700934579,0,1,0
45067826|F|0-10:C>A-10:C>A,45067826,10:C>A,10,PTTO01002476.1_Contig0,78809875,NC_041728.1,1,autosome,1.0,1,1.7299999999999999e-28,0.99734,1.0,1,1,1,1,1,1,1,1,1,0.1193693693693693,0.1193693693693693,0.0,0.1238317757009345,0,1,0
45063028|F|0-19:C>T-19:C>T,45063028,19:C>T,19,PTTO01002501.1_Contig138,1822515,NC_041744.1,17,autosome,1.0,1,1.7299999999999999e-28,0.984043,1.0,1,1,1,1,1,1,1,1,1,0.0382882882882882,0.0382882882882882,0.0,0.0397196261682243,0,1,0
45068865|F|0-10:G>C-10:G>C,45068865,10:G>C,10,PTTO01002545.1_Contig22,19140393,NC_041728.1,1,autosome,1.0,1,1.7299999999999999e-28,1.0,1.0,1,1,1,1,1,1,1,1,0,0.0022522522522522,0.0022522522522522,0.0,0.0023364485981308,0,1,0
64989510|F|0-63:C>G-63:C>G,64989510,63:C>G,63,PTTO01001349.1_Contig23,28268235,NC_041736.1,9,autosome,1.0,1,1.7299999999999999e-28,0.99734,1.0,1,1,1,1,1,1,1,1,0,0.0,0.0,0.0,0.0,0,0,0
45067917|F|0-38:A>G-38:A>G,45067917,38:A>G,38,PTTO01004116.1_Contig362,763309,NC_041729.1,2,autosome,1.0,2,1.35e-24,1.0,1.0,1,1,1,1,1,1,1,1,0,0.6846846846846847,0.3153153153153153,0.6875,0.6845794392523364,1,1,0
45056148|F|0-62:C>G-62:C>G,45056148,62:C>G,62,PTTO01000230.1_Contig34,14174989,NC_041734.1,7,autosome,1.0,10,1.7299999999999999e-28,0.994681,1.0,1,1,1,1,1,1,1,1,1,0.018018018018018,0.018018018018018,0.5,0.0,1,0,0
45066705|F|0-53:A>T-53:A>T,45066705,53:A>T,53,PTTO01002473.1_Contig1,6613925,NC_041738.1,11,autosome,1.0,1,1.7299999999999999e-28,0.994681,1.0,1,1,1,1,1,1,1,1,1,0.0518018018018018,0.0518018018018018,0.0,0.0537383177570093,0,1,0
45063929|F|0-54:C>A-54:C>A,45063929,54:C>A,54,PTTO01000571.1_Contig170,792377,NC_041730.1,3,autosome,1.0,1,1.7299999999999999e-28,0.99734,1.0,1,1,1,1,1,1,1,1,1,0.0382882882882882,0.0382882882882882,0.0,0.0397196261682243,0,1,0
45066928|F|0-65:T>A-65:T>A,45066928,65:T>A,65,PTTO01003425.1_Contig303,4243751,NC_041743.1,16,autosome,1.0,1,1.7299999999999999e-28,0.986702,1.0,1,1,1,1,1,1,1,1,0,0.4594594594594595,0.4594594594594595,0.5625,0.455607476635514,1,1,0
45064224|F|0-19:G>C-19:G>C,45064224,19:G>C,19,PTTO01002624.1_Contig32,4551321,NC_041728.1,1,autosome,1.0,1,8.05e-27,0.99734,1.0,1,1,1,1,1,1,1,1,1,0.09009009009009,0.09009009009009,0.0,0.0934579439252336,0,1,0
45068947|F|0-47:G>A-47:G>A,45068947,47:G>A,47,PTTO01002561.1_Contig143,2228100,NC_041744.1,17,autosome,1.0,1,1.7299999999999999e-28,0.994681,1.0,1,1,1,1,1,1,1,1,0,0.0495495495495495,0.0495495495495495,0.0,0.0514018691588785,0,1,0
45068956|F|0-35:G>C-35:G>C,45068956,35:G>C,35,PTTO01003571.1_Contig67,26685229,NC_041736.1,9,autosome,1.0,1,1.7299999999999999e-28,1.0,1.0,1,1,1,1,1,1,1,1,0,0.0405405405405405,0.0405405405405405,0.0,0.0420560747663551,0,1,0
45064885|F|0-11:A>C-11:A>C,45064885,11:A>C,11,PTTO01002815.1_Contig4081,1641715,NC_041744.1,17,autosome,1.0,6,1.7299999999999999e-28,0.99734,1.0,1,1,1,1,1,1,1,1,0,0.8806306306306306,0.1193693693693693,1.0,0.8761682242990654,0,1,0
45069144|F|0-68:G>C-68:G>C,45069144,68:G>C,68,PTTO01000980.1_Contig4149,10516,,unanchored,unanchored,1.0,8,1.7299999999999999e-28,0.994681,1.0,1,1,1,1,1,1,1,1,0,0.0157657657657657,0.0157657657657657,0.0,0.0163551401869158,0,1,0
45068422|F|0-20:G>C-20:G>C,45068422,20:G>C,20,PTTO01004080.1_Contig985,49865,NW_021638119.1,unplaced,unplaced,1.0,10,8.05e-27,0.99734,1.0,1,1,1,1,1,1,1,1,1,0.0045045045045045,0.0045045045045045,0.0,0.0046728971962616,0,1,0
45068723|F|0-7:A>G-7:A>G,45068723,7:A>G,7,PTTO01002545.1_Contig22,7885836,NC_041728.1,1,autosome,1.0,1,1.7299999999999999e-28,0.989362,1.0,1,1,1,1,1,1,1,1,0,0.1216216216216216,0.1216216216216216,0.1875,0.1191588785046729,1,1,0
64989534|F|0-6:G>C-6:G>C,64989534,6:G>C,6,PTTO01003256.1_Contig153,293452,NC_041746.1,19,autosome,1.0,11,1.7299999999999999e-28,0.99734,1.0,1,1,1,1,1,1,1,1,0,0.0,0.0,0.0,0.0,0,0,0
64987573|F|0-51:G>T-51:G>T,64987573,51:G>T,51,PTTO01000407.1_Contig836,132038,,unanchored,unanchored,1.0,4,3.22e-25,0.99734,1.0,1,1,1,1,1,1,1,1,0,0.0,0.0,0.0,0.0,0,0,0
45067465|F|0-23:C>T-23:C>T,45067465,23:C>T,23,PTTO01002104.1_Contig16,7306324,NC_041732.1,5,autosome,1.0,1,1.7299999999999999e-28,1.0,1.0,1,1,1,1,1,1,1,1,1,0.25,0.25,0.3125,0.2476635514018691,1,1,0
45067480|F|0-11:G>A-11:G>A,45067480,11:G>A,11,PTTO01002545.1_Contig22,20945710,NC_041728.1,1,autosome,1.0,1,1.7299999999999999e-28,0.994681,1.0,1,1,1,1,1,1,1,1,1,0.0135135135135135,0.0135135135135135,0.0,0.014018691588785,0,1,0
45066097|F|0-38:C>G-38:C>G,45066097,38:C>G,38,PTTO01002476.1_Contig0,82554053,NC_041728.1,1,autosome,1.0,1,8.05e-27,0.989362,1.0,1,1,1,1,1,1,1,1,0,0.4459459459459459,0.4459459459459459,0.0,0.4626168224299065,0,1,0
45069161|F|0-50:A>C-50:A>C,45069161,50:A>C,50,PTTO01004189.1_Contig18,27226943,NC_041729.1,2,autosome,1.0,1,1.13e-24,0.99734,1.0,1,1,1,1,1,1,1,1,0,0.0382882882882882,0.0382882882882882,0.25,0.0303738317757009,1,1,0
45065690|F|0-28:G>A-28:G>A,45065690,28:G>A,28,PTTO01003889.1_Contig165,18867173,NC_041729.1,2,autosome,1.0,1,1.7299999999999999e-28,1.0,1.0,1,1,1,1,1,1,1,1,1,0.0337837837837837,0.0337837837837837,0.25,0.0257009345794392,1,1,0
45068773|F|0-19:T>A-19:T>A,45068773,19:T>A,19,PTTO01002104.1_Contig16,25047640,NC_041732.1,5,autosome,1.0,1,1.7299999999999999e-28,0.99734,1.0,1,1,1,1,1,1,1,1,0,0.1801801801801801,0.1801801801801801,0.0625,0.1845794392523364,1,1,0
45061106|F|0-39:T>C-39:T>C,45061106,39:T>C,39,PTTO01002476.1_Contig0,18364153,NC_041728.1,1,autosome,1.0,1,1.7299999999999999e-28,0.99734,1.0,1,1,1,1,1,1,1,1,1,0.2207207207207207,0.2207207207207207,0.0,0.2289719626168224,0,1,0
64989573|F|0-35:A>G-35:A>G,64989573,35:A>G,35,PTTO01001425.1_Contig235,601084,NW_021638079.1,unplaced,unplaced,1.0,1,8.05e-27,0.99734,1.0,1,1,1,1,1,1,1,1,0,0.9842342342342344,0.0157657657657657,0.75,0.9929906542056076,1,1,0
45069596|F|0-9:C>G-9:C>G,45069596,9:C>G,9,PTTO01002822.1_Contig364,10109404,NC_041731.1,4,autosome,1.0,1,7.080000000000001e-21,0.994681,1.0,1,1,1,1,1,1,1,1,0,0.4504504504504504,0.4504504504504504,0.25,0.4579439252336448,1,1,0
45069349|F|0-30:A>C-30:A>C,45069349,30:A>C,30,PTTO01001881.1_Contig320,13259,,unanchored,unanchored,1.0,4,1.7299999999999999e-28,1.0,1.0,1,1,1,1,1,1,1,1,0,0.4684684684684684,0.4684684684684684,0.3125,0.4742990654205608,1,1,0
45069365|F|0-15:T>C-15:T>C,45069365,15:T>C,15,PTTO01004148.1_Contig220,836458,NC_041738.1,11,autosome,1.0,2,1.7299999999999999e-28,0.99734,1.0,1,1,1,1,1,1,1,1,0,0.0608108108108108,0.0608108108108108,0.0,0.0630841121495327,0,1,0
45069028|F|0-7:T>A-7:T>A,45069028,7:T>A,7,PTTO01002545.1_Contig22,5535545,NC_041728.1,1,autosome,1.0,1,8.05e-27,0.99734,1.0,1,1,1,1,1,1,1,1,0,0.0968468468468468,0.0968468468468468,0.0,0.1004672897196261,0,1,0
45069228|F|0-44:C>A-44:C>A,45069228,44:C>A,44,PTTO01004189.1_Contig18,1019308,NC_041729.1,2,autosome,1.0,1,1.7299999999999999e-28,0.99734,1.0,1,1,1,1,1,1,1,1,0,0.0427927927927927,0.0427927927927927,0.0,0.0443925233644859,0,1,0
45069112|F|0-12:C>T-12:C>T,45069112,12:C>T,12,PTTO01003671.1_Contig19,19371627,NC_041735.1,8,autosome,1.0,1,1.7299999999999999e-28,0.994681,1.0,1,1,1,1,1,1,1,1,0,0.0157657657657657,0.0157657657657657,0.0,0.0163551401869158,0,1,0
45064322|F|0-64:T>C-64:T>C,45064322,64:T>C,64,PTTO01001633.1_Contig312,19337747,NC_041739.1,12,autosome,1.0,24,1.04e-25,0.994681,1.0,1,1,1,1,1,1,1,1,1,0.1238738738738738,0.1238738738738738,0.5,0.1098130841121495,1,1,0
45064402|F|0-8:G>A-8:G>A,45064402,8:G>A,8,PTTO01002551.1_Contig1866,700665,NC_041729.1,2,autosome,1.0,1,1.7299999999999999e-28,1.0,1.0,1,1,1,1,1,1,1,1,1,0.063063063063063,0.063063063063063,0.0,0.0654205607476635,0,1,0
45069520|F|0-32:A>G-32:A>G,45069520,32:A>G,32,PTTO01004415.1_Contig112,323732,NC_041733.1,6,autosome,1.0,4,1.7299999999999999e-28,0.994681,1.0,1,1,1,1,1,1,1,1,0,0.1418918918918918,0.1418918918918918,0.0,0.1471962616822429,0,1,0
45068962|F|0-29:A>G-29:A>G,45068962,29:A>G,29,PTTO01004080.1_Contig985,7688,NW_021638119.1,unplaced,unplaced,1.0,11,8.05e-27,0.994681,1.0,1,1,1,1,1,1,1,1,0,0.3558558558558558,0.3558558558558558,0.0,0.3691588785046729,0,1,0
45059910|F|0-24:G>A-24:G>A,45059910,24:G>A,24,PTTO01002609.1_Contig158,2435909,NC_041737.1,10,autosome,1.0,1,2.24e-27,1.0,1.0,1,1,1,1,1,1,1,1,1,0.072072072072072,0.072072072072072,0.125,0.0700934579439252,1,1,0
64988776|F|0-26:C>G-26:C>G,64988776,26:C>G,26,PTTO01003571.1_Contig67,3132815,NC_041736.1,9,autosome,1.0,1,1.7299999999999999e-28,1.0,1.0,1,1,1,1,1,1,1,1,0,0.0,0.0,0.0,0.0,0,0,0
45069411|F|0-39:G>A-39:G>A,45069411,39:G>A,39,PTTO01000257.1_Contig57,1379630,NC_041740.1,13,autosome,1.0,1,1.7299999999999999e-28,1.0,1.0,1,1,1,1,1,1,1,1,0,0.3626126126126126,0.3626126126126126,0.0,0.3761682242990654,0,1,0
45068992|F|0-18:G>A-18:G>A,45068992,18:G>A,18,PTTO01000885.1_Contig10,3195623,NC_041744.1,17,autosome,1.0,1,1.7299999999999999e-28,0.99734,1.0,1,1,1,1,1,1,1,1,0,0.0653153153153153,0.0653153153153153,0.0,0.0677570093457943,0,1,0
45068772|F|0-16:G>C-16:G>C,45068772,16:G>C,16,PTTO01002473.1_Contig1,2574046,NC_041738.1,11,autosome,1.0,1,1.7299999999999999e-28,1.0,1.0,1,1,1,1,1,1,1,1,0,0.3761261261261261,0.3761261261261261,0.8125,0.3598130841121495,1,1,0
64989356|F|0-63:C>T-63:C>T,64989356,63:C>T,63,PTTO01003146.1_Contig77,1358421,NC_041734.1,7,autosome,1.0,20,1.7299999999999999e-28,0.99734,1.0,1,1,1,1,1,1,1,1,0,0.0022522522522522,0.0022522522522522,0.0,0.0023364485981308,0,1,0
45067925|F|0-53:T>A-53:T>A,45067925,53:T>A,53,PTTO01000875.1_Contig31,6179912,NC_041730.1,3,autosome,1.0,18,1.7299999999999999e-28,0.99734,1.0,1,1,1,1,1,1,1,1,0,0.0022522522522522,0.0022522522522522,0.0,0.0023364485981308,0,1,0
64985757|F|0-62:C>T-62:C>T,64985757,62:C>T,62,PTTO01002967.1_Contig85,16699031,NC_041733.1,6,autosome,1.0,1,1.7299999999999999e-28,1.0,1.0,1,1,1,1,1,1,1,1,0,0.0,0.0,0.0,0.0,0,0,0
45065034|F|0-60:T>C-60:T>C,45065034,60:T>C,60,PTTO01001610.1_Contig358,2809741,NC_041729.1,2,autosome,1.0,1,1.7299999999999999e-28,0.99734,1.0,1,1,1,1,1,1,1,1,0,0.0563063063063063,0.0563063063063063,0.0,0.058411214953271,0,1,0
64988299|F|0-35:G>T-35:G>T,64988299,35:G>T,35,PTTO01004551.1_Contig116,48869,,unanchored,unanchored,1.0,13,1.7299999999999999e-28,0.99734,1.0,1,1,1,1,1,1,1,1,0,0.0,0.0,0.0,0.0,0,0,0
45069151|F|0-27:C>T-27:C>T,45069151,27:C>T,27,PTTO01003256.1_Contig153,7184478,NC_041746.1,19,autosome,1.0,1,1.7299999999999999e-28,0.99734,1.0,1,1,1,1,1,1,1,1,0,0.0247747747747747,0.0247747747747747,0.0,0.0257009345794392,0,1,0
45068729|F|0-52:T>A-52:T>A,45068729,52:T>A,52,PTTO01004116.1_Contig362,76048,NC_041729.1,2,autosome,1.0,1,1.7299999999999999e-28,0.994681,1.0,1,1,1,1,1,1,1,1,0,0.1486486486486486,0.1486486486486486,0.0,0.1542056074766355,0,1,0
45068987|F|0-52:T>G-52:T>G,45068987,52:T>G,52,PTTO01001349.1_Contig23,2803210,NC_041736.1,9,autosome,1.0,1,8.05e-27,1.0,1.0,1,1,1,1,1,1,1,1,0,0.4774774774774775,0.4774774774774775,0.4375,0.4789719626168224,1,1,0
45069277|F|0-33:C>T-33:C>T,45069277,33:C>T,33,PTTO01002624.1_Contig32,10380635,NC_041728.1,1,autosome,1.0,1,8.05e-27,1.0,1.0,1,1,1,1,1,1,1,1,0,0.045045045045045,0.045045045045045,0.0,0.0467289719626168,0,1,0
64989077|F|0-27:C>A-27:C>A,64989077,27:C>A,27,PTTO01001633.1_Contig312,8142140,NC_041739.1,12,autosome,1.0,1,3.22e-25,1.0,1.0,1,1,1,1,1,1,1,1,0,0.0,0.0,0.0,0.0,0,0,0
45068371|F|0-6:T>G-6:T>G,45068371,6:T>G,6,PTTO01000493.1_Contig1165,1824351,NC_041744.1,17,autosome,1.0,1,1.7299999999999999e-28,0.99734,1.0,1,1,1,1,1,1,1,1,1,0.0698198198198198,0.0698198198198198,0.3125,0.0607476635514018,1,1,0
45069126|F|0-26:T>C-26:T>C,45069126,26:T>C,26,PTTO01001565.1_Contig3145,381110,NC_041735.1,8,autosome,1.0,16,1.7299999999999999e-28,0.981383,1.0,1,1,1,1,1,1,1,1,0,0.0,0.0,0.0,0.0,0,0,0
45060800|F|0-8:C>A-8:C>A,45060800,8:C>A,8,PTTO01000947.1_Contig1049,4787136,NC_041739.1,12,autosome,1.0,1,8.05e-27,1.0,1.0,1,1,1,1,1,1,1,1,1,0.0247747747747747,0.0247747747747747,0.0,0.0257009345794392,0,1,0
45069318|F|0-25:C>T-25:C>T,45069318,25:C>T,25,PTTO01001940.1_Contig353,55555,NC_041731.1,4,autosome,1.0,1,1.7299999999999999e-28,0.99734,1.0,1,1,1,1,1,1,1,1,0,0.0472972972972973,0.0472972972972973,0.0,0.0490654205607476,0,1,0
45066543|F|0-17:C>A-17:C>A,45066543,17:C>A,17,PTTO01002057.1_Contig2,48640367,NC_041730.1,3,autosome,1.0,1,1.7299999999999999e-28,0.994681,1.0,1,1,1,1,1,1,1,1,1,0.1103603603603603,0.1103603603603603,0.0,0.1144859813084112,0,1,0
64976463|F|0-40:C>G-40:C>G,64976463,40:C>G,40,PTTO01001839.1_Contig208,19547557,NC_041741.1,14,autosome,1.0,1,1.7299999999999999e-28,1.0,1.0,1,1,1,1,1,1,1,1,0,0.018018018018018,0.018018018018018,0.5,0.0,1,0,0
45068223|F|0-38:A>T-38:A>T,45068223,38:A>T,38,PTTO01003064.1_Contig78,148154,NW_021638276.1,unplaced,unplaced,1.0,20,1.7299999999999999e-28,0.970745,1.0,1,1,1,1,1,1,1,1,1,0.0,0.0,0.0,0.0,0,0,0
45069526|F|0-8:A>G-8:A>G,45069526,8:A>G,8,PTTO01003701.1_Contig73,744268,NW_021638271.1,unplaced,unplaced,1.0,13,1.7299999999999999e-28,0.99734,1.0,1,1,1,1,1,1,1,1,0,0.9234234234234234,0.0765765765765765,1.0,0.9205607476635514,0,1,0
45069528|F|0-21:C>T-21:C>T,45069528,21:C>T,21,PTTO01003701.1_Contig73,772608,NW_021638271.1,unplaced,unplaced,1.0,6,1.7299999999999999e-28,0.99734,1.0,1,1,1,1,1,1,1,1,0,0.1486486486486486,0.1486486486486486,0.125,0.1495327102803738,1,1,0
45069535|F|0-9:A>G-9:A>G,45069535,9:A>G,9,PTTO01001678.1_Contig35,6046887,NC_041737.1,10,autosome,1.0,15,4.8100000000000006e-23,0.994681,1.0,1,1,1,1,1,1,1,1,0,0.0968468468468468,0.0968468468468468,0.0,0.1004672897196261,0,1,0
64989377|F|0-46:G>A-46:G>A,64989377,46:G>A,46,PTTO01001349.1_Contig23,14171645,NC_041736.1,9,autosome,1.0,1,1.7299999999999999e-28,0.99734,1.0,1,1,1,1,1,1,1,1,0,0.0,0.0,0.0,0.0,0,0,0
45062643|F|0-54:G>A-54:G>A,45062643,54:G>A,54,PTTO01001883.1_Contig281,3473905,NC_041729.1,2,autosome,1.0,1,1.7299999999999999e-28,0.994681,1.0,1,1,1,1,1,1,1,1,0,0.1779279279279279,0.1779279279279279,0.0,0.1845794392523364,0,1,0
45069480|F|0-24:G>A-24:G>A,45069480,24:G>A,24,PTTO01000166.1_Contig207,3573622,NC_041747.1,20,autosome,1.0,1,1.7299999999999999e-28,0.99734,1.0,1,1,1,1,1,1,1,1,0,0.0337837837837837,0.0337837837837837,0.0,0.0350467289719626,0,1,0
45064228|F|0-46:G>A-46:G>A,45064228,46:G>A,46,PTTO01003276.1_Contig54,2825717,NC_041738.1,11,autosome,1.0,1,1.7299999999999999e-28,0.992021,1.0,1,1,1,1,1,1,1,1,1,0.1486486486486486,0.1486486486486486,0.0,0.1542056074766355,0,1,0
45069415|F|0-61:T>G-61:T>G,45069415,61:T>G,61,PTTO01002315.1_Contig12,13054750,NC_041729.1,2,autosome,1.0,59,1.7299999999999999e-28,0.99734,1.0,1,1,1,1,1,1,1,1,0,0.0202702702702702,0.0202702702702702,0.125,0.0163551401869158,1,1,0
45069467|F|0-10:G>A-10:G>A,45069467,10:G>A,10,PTTO01001696.1_Contig254,5191649,NC_041747.1,20,autosome,1.0,1,1.7299999999999999e-28,1.0,1.0,1,1,1,1,1,1,1,1,0,0.0990990990990991,0.0990990990990991,0.125,0.0981308411214953,1,1,0
45069990|F|0-43:T>A-43:T>A,45069990,43:T>A,43,PTTO01004262.1_Contig52,8742485,NC_041731.1,4,autosome,1.0,1,7.080000000000001e-21,1.0,1.0,1,1,1,1,1,1,1,1,0,0.0855855855855855,0.0855855855855855,0.0,0.0887850467289719,0,1,0
45069877|F|0-27:T>C-27:T>C,45069877,27:T>C,27,PTTO01002815.1_Contig4081,6645783,NC_041744.1,17,autosome,1.0,1,8.05e-27,0.922872,1.0,1,1,1,1,1,1,1,1,0,0.5855855855855856,0.4144144144144144,0.0,0.6074766355140186,0,1,0
64988235|F|0-57:C>A-57:C>A,64988235,57:C>A,57,PTTO01003543.1_Contig2679,307702,NC_041731.1,4,autosome,1.0,1,1.35e-24,1.0,1.0,1,1,1,1,1,1,1,1,0,0.036036036036036,0.036036036036036,1.0,0.0,0,0,0
45069230|F|0-30:G>A-30:G>A,45069230,30:G>A,30,PTTO01003425.1_Contig303,3950582,NC_041743.1,16,autosome,1.0,1,4.8100000000000006e-23,1.0,1.0,1,1,1,1,1,1,1,1,0,0.3333333333333333,0.3333333333333333,0.0,0.3457943925233644,0,1,0
45069630|F|0-63:C>T-63:C>T,45069630,63:C>T,63,PTTO01004349.1_Contig407,12472,,unanchored,unanchored,1.0,10,1.7299999999999999e-28,1.0,1.0,1,1,1,1,1,1,1,1,0,0.009009009009009,0.009009009009009,0.0625,0.0070093457943925,1,1,0
45069763|F|0-43:C>A-43:C>A,45069763,43:C>A,43,PTTO01002104.1_Contig16,6565922,NC_041732.1,5,autosome,1.0,1,2.9000000000000004e-26,1.0,1.0,1,1,1,1,1,1,1,1,0,0.4234234234234234,0.4234234234234234,0.8125,0.4088785046728972,1,1,0
45067335|F|0-16:A>C-16:A>C,45067335,16:A>C,16,PTTO01001241.1_Contig276,8968370,NC_041740.1,13,autosome,1.0,1,1.7299999999999999e-28,0.978723,1.0,1,1,1,1,1,1,1,1,1,0.0022522522522522,0.0022522522522522,0.0,0.0023364485981308,0,1,0
45065594|F|0-63:C>T-63:C>T,45065594,63:C>T,63,PTTO01003889.1_Contig165,22653770,NC_041729.1,2,autosome,1.0,1,1.7299999999999999e-28,0.99734,1.0,1,1,1,1,1,1,1,1,0,0.0518018018018018,0.0518018018018018,0.0,0.0537383177570093,0,1,0
45067533|F|0-50:G>A-50:G>A,45067533,50:G>A,50,PTTO01004189.1_Contig18,3272086,NC_041729.1,2,autosome,1.0,1,1.7299999999999999e-28,1.0,1.0,1,1,1,1,1,1,1,1,0,0.0563063063063063,0.0563063063063063,0.0,0.058411214953271,0,1,0
45069442|F|0-50:C>G-50:C>G,45069442,50:C>G,50,PTTO01001642.1_Contig996,1046,,unanchored,unanchored,1.0,2968,1.7299999999999999e-28,0.99734,1.0,1,1,1,1,1,1,1,1,0,0.0,0.0,0.0,0.0,0,0,0
45069447|F|0-9:A>C-9:A>C,45069447,9:A>C,9,PTTO01002476.1_Contig0,66546149,NC_041728.1,1,autosome,1.0,1,8.05e-27,0.99734,1.0,1,1,1,1,1,1,1,1,0,0.0788288288288288,0.0788288288288288,0.0,0.0817757009345794,0,1,0
45069522|F|0-18:C>T-18:C>T,45069522,18:C>T,18,PTTO01002057.1_Contig2,45595283,NC_041730.1,3,autosome,1.0,1,8.05e-27,1.0,1.0,1,1,1,1,1,1,1,1,0,0.09009009009009,0.09009009009009,0.125,0.0887850467289719,1,1,0
45065078|F|0-27:T>A-27:T>A,45065078,27:T>A,27,PTTO01002624.1_Contig32,32397412,NC_041728.1,1,autosome,1.0,1,1.7299999999999999e-28,0.994681,1.0,1,1,1,1,1,1,1,1,1,0.2747747747747748,0.2747747747747748,0.0625,0.2827102803738318,1,1,0
64987548|F|0-65:A>C-65:A>C,64987548,65:A>C,65,PTTO01002473.1_Contig1,13152576,NC_041738.1,11,autosome,1.0,1,1.7299999999999999e-28,1.0,1.0,1,1,1,1,1,1,1,1,0,0.018018018018018,0.018018018018018,0.5,0.0,1,0,0
45069914|F|0-13:G>A-13:G>A,45069914,13:G>A,13,PTTO01002908.1_Contig367,257357,NC_041744.1,17,autosome,1.0,4,1.7299999999999999e-28,0.994681,1.0,1,1,1,1,1,1,1,1,0,0.2139639639639639,0.2139639639639639,0.0,0.2219626168224299,0,1,0
45068702|F|0-50:T>C-50:T>C,45068702,50:T>C,50,PTTO01002859.1_Contig48,1683992,NC_041732.1,5,autosome,1.0,1,1.7299999999999999e-28,0.994681,1.0,1,1,1,1,1,1,1,1,0,0.4121621621621621,0.4121621621621621,0.6875,0.4018691588785046,1,1,0
45068894|F|0-68:C>T-68:C>T,45068894,68:C>T,68,PTTO01003889.1_Contig165,7868534,NC_041729.1,2,autosome,1.0,1,1.7299999999999999e-28,0.99734,1.0,1,1,1,1,1,1,1,1,0,0.072072072072072,0.072072072072072,0.0,0.0747663551401869,0,1,0
45069984|F|0-6:C>G-6:C>G,45069984,6:C>G,6,PTTO01001468.1_Contig865,25516,,unanchored,unanchored,1.0,12,1.7299999999999999e-28,0.986702,1.0,1,1,1,1,1,1,1,1,0,0.0833333333333333,0.0833333333333333,0.0,0.0864485981308411,0,1,0
45068700|F|0-33:T>G-33:T>G,45068700,33:T>G,33,PTTO01000276.1_Contig319,3477034,NC_041737.1,10,autosome,1.0,1,1.7299999999999999e-28,0.99734,1.0,1,1,1,1,1,1,1,1,0,0.018018018018018,0.018018018018018,0.0,0.0186915887850467,0,1,0
45067519|F|0-22:C>G-22:C>G,45067519,22:C>G,22,PTTO01002476.1_Contig0,9068342,NC_041728.1,1,autosome,1.0,1,8.05e-27,0.99734,1.0,1,1,1,1,1,1,1,1,1,0.027027027027027,0.027027027027027,0.0,0.02803738317757,0,1,0
45065068|F|0-26:C>T-26:C>T,45065068,26:C>T,26,PTTO01000376.1_Contig11,19298363,NC_041745.1,18,autosome,1.0,1,1.7299999999999999e-28,0.99734,1.0,1,1,1,1,1,1,1,1,0,0.0878378378378378,0.0878378378378378,0.0625,0.0887850467289719,1,1,0
100088757|F|0-42:C>G-42:C>G,100088757,42:C>G,42,PTTO01001349.1_Contig23,954721,NC_041736.1,9,autosome,1.0,1,1.7299999999999999e-28,0.99734,1.0,1,1,1,1,1,1,1,1,0,0.018018018018018,0.018018018018018,0.5,0.0,1,0,0
45063094|F|0-55:C>A-55:C>A,45063094,55:C>A,55,PTTO01002057.1_Contig2,543961,NC_041730.1,3,autosome,1.0,18,1.7299999999999999e-28,1.0,1.0,1,1,1,1,1,1,1,1,0,0.1373873873873874,0.1373873873873874,0.125,0.1378504672897196,1,1,0
64989526|F|0-28:G>A-28:G>A,64989526,28:G>A,28,PTTO01000318.1_Contig139,24026,NC_041730.1,3,autosome,1.0,4,1.7299999999999999e-28,0.986702,1.0,1,1,1,1,1,1,1,1,0,0.0,0.0,0.0,0.0,0,0,0
64989689|F|0-10:T>C-10:T>C,64989689,10:T>C,10,PTTO01002609.1_Contig158,3436875,NC_041737.1,10,autosome,1.0,47,1.7299999999999999e-28,0.99734,1.0,1,1,1,1,1,1,1,1,0,0.1283783783783783,0.1283783783783783,0.0,0.1331775700934579,0,1,0
64989690|F|0-24:T>C-24:T>C,64989690,24:T>C,24,PTTO01000326.1_Contig65,166452,,unanchored,unanchored,1.0,252,1.7299999999999999e-28,1.0,1.0,1,1,1,1,1,1,1,1,0,0.1283783783783783,0.1283783783783783,0.0,0.1331775700934579,0,1,0
45069686|F|0-63:A>T-63:A>T,45069686,63:A>T,63,PTTO01000966.1_Contig89,30776,NC_041731.1,4,autosome,1.0,10,1.7299999999999999e-28,1.0,1.0,1,1,1,1,1,1,1,1,0,0.0,0.0,0.0,0.0,0,0,0
45069731|F|0-28:T>A-28:T>A,45069731,28:T>A,28,PTTO01004427.1_Contig106,78970,NC_041739.1,12,autosome,1.0,9,1.7299999999999999e-28,1.0,1.0,1,1,1,1,1,1,1,1,0,0.018018018018018,0.018018018018018,0.5,0.0,1,0,0
