sample_i,sample_j,population_i,population_j,within_pop,kinship_yang2010,relatedness_scale,n_loci
KI7,KI8,KI,KI,1,-0.26528596591945,-0.26528596591945,1105
KI7,KI1,KI,KI,1,0.20346623713139542,0.20346623713139542,1105
KI7,KI2,KI,KI,1,-0.22502271986434885,-0.22502271986434885,1105
KI7,KI3,KI,KI,1,-0.2382320344311293,-0.2382320344311293,1105
KI7,KI4,KI,KI,1,-0.18512110313015284,-0.18512110313015284,1105
KI7,KI5,KI,KI,1,0.2217943343735198,0.2217943343735198,1105
KI7,KI6,KI,KI,1,-0.26892206837908184,-0.26892206837908184,1105
KI8,KI1,KI,KI,1,-0.2710075444917073,-0.2710075444917073,1105
KI8,KI2,KI,KI,1,0.08944202102573137,0.08944202102573137,1105
KI8,KI3,KI,KI,1,-0.0948356821659989,-0.0948356821659989,1105
KI8,KI4,KI,KI,1,-0.21836094523877325,-0.21836094523877325,1105
KI8,KI5,KI,KI,1,-0.29400049924936783,-0.29400049924936783,1105
KI8,KI6,KI,KI,1,0.1207954840534025,0.1207954840534025,1105
KI1,KI2,KI,KI,1,-0.1958785307201597,-0.1958785307201597,1105
KI1,KI3,KI,KI,1,-0.2806847853001698,-0.2806847853001698,1105
KI1,KI4,KI,KI,1,-0.182543489692811,-0.182543489692811,1105
KI1,KI5,KI,KI,1,0.20399779205209062,0.20399779205209062,1105
KI1,KI6,KI,KI,1,-0.2904523530767873,-0.2904523530767873,1105
KI2,KI3,KI,KI,1,-0.035694622119961474,-0.035694622119961474,1105
KI2,KI4,KI,KI,1,-0.15762441680993727,-0.15762441680993727,1105
KI2,KI5,KI,KI,1,-0.2774430195244673,-0.2774430195244673,1105
KI2,KI6,KI,KI,1,-0.09684019349177725,-0.09684019349177725,1105
KI3,KI4,KI,KI,1,-0.09756867566822322,-0.09756867566822322,1105
KI3,KI5,KI,KI,1,-0.286237724065778,-0.286237724065778,1105
KI3,KI6,KI,KI,1,0.20879319775247374,0.20879319775247374,1105
KI4,KI5,KI,KI,1,-0.20485264358567515,-0.20485264358567515,1105
KI4,KI6,KI,KI,1,-0.19119735970414703,-0.19119735970414703,1105
KI5,KI6,KI,KI,1,-0.29819403321665744,-0.29819403321665744,1105
E65,E68,EUCUMBENE_ABOVE,EUCUMBENE_ABOVE,1,-0.2855702280912363,-0.2855702280912363,1190
E65,E69,EUCUMBENE_ABOVE,EUCUMBENE_ABOVE,1,-0.27919967987194855,-0.27919967987194855,1190
E65,E70,EUCUMBENE_ABOVE,EUCUMBENE_ABOVE,1,-0.31114845938375313,-0.31114845938375313,1190
E68,E69,EUCUMBENE_ABOVE,EUCUMBENE_ABOVE,1,-0.29618247298919553,-0.29618247298919553,1190
E68,E70,EUCUMBENE_ABOVE,EUCUMBENE_ABOVE,1,-0.24925170068027191,-0.24925170068027191,1190
E69,E70,EUCUMBENE_ABOVE,EUCUMBENE_ABOVE,1,-0.2865786314525808,-0.2865786314525808,1190
E1,E9,EUCUMBENE_BELOW,EUCUMBENE_BELOW,1,-0.09480545488055378,-0.09480545488055378,1648
E1,E2,EUCUMBENE_BELOW,EUCUMBENE_BELOW,1,-0.047919550988445594,-0.047919550988445594,1648
E1,E74,EUCUMBENE_BELOW,EUCUMBENE_BELOW,1,-0.061216672574043826,-0.061216672574043826,1648
E1,E10,EUCUMBENE_BELOW,EUCUMBENE_BELOW,1,-0.02854556091237978,-0.02854556091237978,1648
E1,E18,EUCUMBENE_BELOW,EUCUMBENE_BELOW,1,0.1597865648680413,0.1597865648680413,1648
E1,E3,EUCUMBENE_BELOW,EUCUMBENE_BELOW,1,-0.07443649957286091,-0.07443649957286091,1648
E1,E11,EUCUMBENE_BELOW,EUCUMBENE_BELOW,1,-0.10073555045088156,-0.10073555045088156,1648
E1,E19,EUCUMBENE_BELOW,EUCUMBENE_BELOW,1,-0.037503594957322875,-0.037503594957322875,1648
E1,E4,EUCUMBENE_BELOW,EUCUMBENE_BELOW,1,-0.07243757403540817,-0.07243757403540817,1648
E1,E12,EUCUMBENE_BELOW,EUCUMBENE_BELOW,1,0.007240021628153698,0.007240021628153698,1648
E1,E20,EUCUMBENE_BELOW,EUCUMBENE_BELOW,1,-0.008607797151103908,-0.008607797151103908,1648
E1,E28,EUCUMBENE_BELOW,EUCUMBENE_BELOW,1,-0.08274540168807656,-0.08274540168807656,1648
E1,E5,EUCUMBENE_BELOW,EUCUMBENE_BELOW,1,-0.07011669212288878,-0.07011669212288878,1648
E1,E29,EUCUMBENE_BELOW,EUCUMBENE_BELOW,1,-0.044687650146423105,-0.044687650146423105,1648
E1,E6,EUCUMBENE_BELOW,EUCUMBENE_BELOW,1,-0.07059020243820557,-0.07059020243820557,1648
E1,E7,EUCUMBENE_BELOW,EUCUMBENE_BELOW,1,-0.09737469323283486,-0.09737469323283486,1648
E1,E63,EUCUMBENE_BELOW,EUCUMBENE_BELOW,1,-0.11028081714784456,-0.11028081714784456,1648
E1,E8,EUCUMBENE_BELOW,EUCUMBENE_BELOW,1,-0.07866628595991736,-0.07866628595991736,1648
E1,E64,EUCUMBENE_BELOW,EUCUMBENE_BELOW,1,-0.08567352994715202,-0.08567352994715202,1648
E9,E2,EUCUMBENE_BELOW,EUCUMBENE_BELOW,1,-0.06818837579120329,-0.06818837579120329,1648
E9,E74,EUCUMBENE_BELOW,EUCUMBENE_BELOW,1,0.014441466351720889,0.014441466351720889,1648
E9,E10,EUCUMBENE_BELOW,EUCUMBENE_BELOW,1,-0.08182051225828672,-0.08182051225828672,1648
E9,E18,EUCUMBENE_BELOW,EUCUMBENE_BELOW,1,-0.0078099381291495806,-0.0078099381291495806,1648
E9,E3,EUCUMBENE_BELOW,EUCUMBENE_BELOW,1,-0.08024323350809177,-0.08024323350809177,1648
E9,E11,EUCUMBENE_BELOW,EUCUMBENE_BELOW,1,-0.039479211410990825,-0.039479211410990825,1648
E9,E19,EUCUMBENE_BELOW,EUCUMBENE_BELOW,1,-0.07265794942255313,-0.07265794942255313,1648
E9,E4,EUCUMBENE_BELOW,EUCUMBENE_BELOW,1,-0.09623653386441246,-0.09623653386441246,1648
E9,E12,EUCUMBENE_BELOW,EUCUMBENE_BELOW,1,0.0011588850498205857,0.0011588850498205857,1648
E9,E20,EUCUMBENE_BELOW,EUCUMBENE_BELOW,1,-0.056476314257332225,-0.056476314257332225,1648
E9,E28,EUCUMBENE_BELOW,EUCUMBENE_BELOW,1,-0.1293574798995156,-0.1293574798995156,1648
E9,E5,EUCUMBENE_BELOW,EUCUMBENE_BELOW,1,-0.09099080883079205,-0.09099080883079205,1648
E9,E29,EUCUMBENE_BELOW,EUCUMBENE_BELOW,1,-0.1307555261935903,-0.1307555261935903,1648
E9,E6,EUCUMBENE_BELOW,EUCUMBENE_BELOW,1,-0.09810089339716264,-0.09810089339716264,1648
E9,E7,EUCUMBENE_BELOW,EUCUMBENE_BELOW,1,-0.1532378071766456,-0.1532378071766456,1648
E9,E63,EUCUMBENE_BELOW,EUCUMBENE_BELOW,1,-0.0347550430009802,-0.0347550430009802,1648
E9,E8,EUCUMBENE_BELOW,EUCUMBENE_BELOW,1,-0.1166143391778661,-0.1166143391778661,1648
E9,E64,EUCUMBENE_BELOW,EUCUMBENE_BELOW,1,-0.12232099925088213,-0.12232099925088213,1648
E2,E74,EUCUMBENE_BELOW,EUCUMBENE_BELOW,1,0.0069771994039795225,0.0069771994039795225,1648
E2,E10,EUCUMBENE_BELOW,EUCUMBENE_BELOW,1,-0.05135093807949936,-0.05135093807949936,1648
E2,E18,EUCUMBENE_BELOW,EUCUMBENE_BELOW,1,-0.013052127135309075,-0.013052127135309075,1648
E2,E3,EUCUMBENE_BELOW,EUCUMBENE_BELOW,1,-0.03650427455089685,-0.03650427455089685,1648
E2,E11,EUCUMBENE_BELOW,EUCUMBENE_BELOW,1,-0.07263440883694668,-0.07263440883694668,1648
E2,E19,EUCUMBENE_BELOW,EUCUMBENE_BELOW,1,-0.03787413135276347,-0.03787413135276347,1648
E2,E4,EUCUMBENE_BELOW,EUCUMBENE_BELOW,1,-0.06615343750951043,-0.06615343750951043,1648
E2,E12,EUCUMBENE_BELOW,EUCUMBENE_BELOW,1,-0.049932528572486055,-0.049932528572486055,1648
E2,E20,EUCUMBENE_BELOW,EUCUMBENE_BELOW,1,-0.047827671905578746,-0.047827671905578746,1648
E2,E28,EUCUMBENE_BELOW,EUCUMBENE_BELOW,1,-0.06933620880847703,-0.06933620880847703,1648
E2,E5,EUCUMBENE_BELOW,EUCUMBENE_BELOW,1,-0.0944639310425338,-0.0944639310425338,1648
E2,E29,EUCUMBENE_BELOW,EUCUMBENE_BELOW,1,-0.031107458291701213,-0.031107458291701213,1648
E2,E6,EUCUMBENE_BELOW,EUCUMBENE_BELOW,1,-0.07900813690335443,-0.07900813690335443,1648
E2,E7,EUCUMBENE_BELOW,EUCUMBENE_BELOW,1,-0.047376260550147924,-0.047376260550147924,1648
E2,E63,EUCUMBENE_BELOW,EUCUMBENE_BELOW,1,-0.05914487156309825,-0.05914487156309825,1648
E2,E8,EUCUMBENE_BELOW,EUCUMBENE_BELOW,1,-0.07810851006970376,-0.07810851006970376,1648
E2,E64,EUCUMBENE_BELOW,EUCUMBENE_BELOW,1,-0.0784943063771813,-0.0784943063771813,1648
E74,E10,EUCUMBENE_BELOW,EUCUMBENE_BELOW,1,-0.09856663611060403,-0.09856663611060403,1648
E74,E18,EUCUMBENE_BELOW,EUCUMBENE_BELOW,1,-0.07898075582578862,-0.07898075582578862,1648
E74,E3,EUCUMBENE_BELOW,EUCUMBENE_BELOW,1,-0.08410450967180011,-0.08410450967180011,1648
E74,E11,EUCUMBENE_BELOW,EUCUMBENE_BELOW,1,-0.027303370714579656,-0.027303370714579656,1648
E74,E19,EUCUMBENE_BELOW,EUCUMBENE_BELOW,1,-0.0459532271190343,-0.0459532271190343,1648
E74,E4,EUCUMBENE_BELOW,EUCUMBENE_BELOW,1,-0.05696492820332687,-0.05696492820332687,1648
E74,E12,EUCUMBENE_BELOW,EUCUMBENE_BELOW,1,-0.03718670625627042,-0.03718670625627042,1648
E74,E20,EUCUMBENE_BELOW,EUCUMBENE_BELOW,1,-0.012462758567995056,-0.012462758567995056,1648
E74,E28,EUCUMBENE_BELOW,EUCUMBENE_BELOW,1,-0.10675797096632472,-0.10675797096632472,1648
E74,E5,EUCUMBENE_BELOW,EUCUMBENE_BELOW,1,-0.08298001559324761,-0.08298001559324761,1648
E74,E29,EUCUMBENE_BELOW,EUCUMBENE_BELOW,1,-0.04505190780325861,-0.04505190780325861,1648
E74,E6,EUCUMBENE_BELOW,EUCUMBENE_BELOW,1,-0.10086525064709272,-0.10086525064709272,1648
E74,E7,EUCUMBENE_BELOW,EUCUMBENE_BELOW,1,-0.08259920748048304,-0.08259920748048304,1648
E74,E63,EUCUMBENE_BELOW,EUCUMBENE_BELOW,1,-0.086596453151826,-0.086596453151826,1648
E74,E8,EUCUMBENE_BELOW,EUCUMBENE_BELOW,1,-0.0428983645186219,-0.0428983645186219,1648
E74,E64,EUCUMBENE_BELOW,EUCUMBENE_BELOW,1,-0.05649386593497042,-0.05649386593497042,1648
E10,E18,EUCUMBENE_BELOW,EUCUMBENE_BELOW,1,-0.07105993916983544,-0.07105993916983544,1648
E10,E3,EUCUMBENE_BELOW,EUCUMBENE_BELOW,1,-0.09328153020000322,-0.09328153020000322,1648
E10,E11,EUCUMBENE_BELOW,EUCUMBENE_BELOW,1,-0.03573941534105102,-0.03573941534105102,1648
E10,E19,EUCUMBENE_BELOW,EUCUMBENE_BELOW,1,-0.0444512071711197,-0.0444512071711197,1648
E10,E4,EUCUMBENE_BELOW,EUCUMBENE_BELOW,1,-0.07345027501820545,-0.07345027501820545,1648
E10,E12,EUCUMBENE_BELOW,EUCUMBENE_BELOW,1,-0.04317535969370205,-0.04317535969370205,1648
E10,E20,EUCUMBENE_BELOW,EUCUMBENE_BELOW,1,-0.037691477029500764,-0.037691477029500764,1648
E10,E28,EUCUMBENE_BELOW,EUCUMBENE_BELOW,1,-0.05955679127410696,-0.05955679127410696,1648
E10,E5,EUCUMBENE_BELOW,EUCUMBENE_BELOW,1,0.06267910149678554,0.06267910149678554,1648
E10,E29,EUCUMBENE_BELOW,EUCUMBENE_BELOW,1,-0.1153324485026156,-0.1153324485026156,1648
E10,E6,EUCUMBENE_BELOW,EUCUMBENE_BELOW,1,-0.009297097368011268,-0.009297097368011268,1648
E10,E7,EUCUMBENE_BELOW,EUCUMBENE_BELOW,1,-0.1076632756017237,-0.1076632756017237,1648
E10,E63,EUCUMBENE_BELOW,EUCUMBENE_BELOW,1,-0.0655916664889479,-0.0655916664889479,1648
E10,E8,EUCUMBENE_BELOW,EUCUMBENE_BELOW,1,-0.08430045180352866,-0.08430045180352866,1648
E10,E64,EUCUMBENE_BELOW,EUCUMBENE_BELOW,1,0.04257847266054969,0.04257847266054969,1648
E18,E3,EUCUMBENE_BELOW,EUCUMBENE_BELOW,1,-0.06376429536152523,-0.06376429536152523,1648
E18,E11,EUCUMBENE_BELOW,EUCUMBENE_BELOW,1,-0.05180542875783495,-0.05180542875783495,1648
E18,E19,EUCUMBENE_BELOW,EUCUMBENE_BELOW,1,-0.10863608753143476,-0.10863608753143476,1648
E18,E4,EUCUMBENE_BELOW,EUCUMBENE_BELOW,1,-0.08415094519444893,-0.08415094519444893,1648
E18,E12,EUCUMBENE_BELOW,EUCUMBENE_BELOW,1,0.03529347698954321,0.03529347698954321,1648
E18,E20,EUCUMBENE_BELOW,EUCUMBENE_BELOW,1,-0.0443340007467502,-0.0443340007467502,1648
E18,E28,EUCUMBENE_BELOW,EUCUMBENE_BELOW,1,-0.058625529322721116,-0.058625529322721116,1648
E18,E5,EUCUMBENE_BELOW,EUCUMBENE_BELOW,1,-0.09679149725127983,-0.09679149725127983,1648
E18,E29,EUCUMBENE_BELOW,EUCUMBENE_BELOW,1,-0.07880998133905684,-0.07880998133905684,1648
E18,E6,EUCUMBENE_BELOW,EUCUMBENE_BELOW,1,-0.06266782171753432,-0.06266782171753432,1648
E18,E7,EUCUMBENE_BELOW,EUCUMBENE_BELOW,1,-0.09160291815493209,-0.09160291815493209,1648
E18,E63,EUCUMBENE_BELOW,EUCUMBENE_BELOW,1,-0.0772836707475646,-0.0772836707475646,1648
E18,E8,EUCUMBENE_BELOW,EUCUMBENE_BELOW,1,-0.12236285132523127,-0.12236285132523127,1648
E18,E64,EUCUMBENE_BELOW,EUCUMBENE_BELOW,1,-0.11824833419463901,-0.11824833419463901,1648
E3,E11,EUCUMBENE_BELOW,EUCUMBENE_BELOW,1,-0.08545278972530461,-0.08545278972530461,1648
E3,E19,EUCUMBENE_BELOW,EUCUMBENE_BELOW,1,0.006526771494888944,0.006526771494888944,1648
E3,E4,EUCUMBENE_BELOW,EUCUMBENE_BELOW,1,-0.08168470904124688,-0.08168470904124688,1648
E3,E12,EUCUMBENE_BELOW,EUCUMBENE_BELOW,1,0.031860768394375065,0.031860768394375065,1648
E3,E20,EUCUMBENE_BELOW,EUCUMBENE_BELOW,1,-0.08426783608494064,-0.08426783608494064,1648
E3,E28,EUCUMBENE_BELOW,EUCUMBENE_BELOW,1,-0.08567218018929658,-0.08567218018929658,1648
E3,E5,EUCUMBENE_BELOW,EUCUMBENE_BELOW,1,-0.09076846662717876,-0.09076846662717876,1648
E3,E29,EUCUMBENE_BELOW,EUCUMBENE_BELOW,1,0.05530415768934456,0.05530415768934456,1648
E3,E6,EUCUMBENE_BELOW,EUCUMBENE_BELOW,1,-0.08616855641999813,-0.08616855641999813,1648
E3,E7,EUCUMBENE_BELOW,EUCUMBENE_BELOW,1,-0.07656506693403062,-0.07656506693403062,1648
E3,E63,EUCUMBENE_BELOW,EUCUMBENE_BELOW,1,-0.07764700949877466,-0.07764700949877466,1648
E3,E8,EUCUMBENE_BELOW,EUCUMBENE_BELOW,1,-0.07259849635625854,-0.07259849635625854,1648
E3,E64,EUCUMBENE_BELOW,EUCUMBENE_BELOW,1,-0.043337504344232954,-0.043337504344232954,1648
E11,E19,EUCUMBENE_BELOW,EUCUMBENE_BELOW,1,-0.11120029020428346,-0.11120029020428346,1648
E11,E4,EUCUMBENE_BELOW,EUCUMBENE_BELOW,1,-0.047412902835698614,-0.047412902835698614,1648
E11,E12,EUCUMBENE_BELOW,EUCUMBENE_BELOW,1,-0.03400305564590764,-0.03400305564590764,1648
E11,E20,EUCUMBENE_BELOW,EUCUMBENE_BELOW,1,-0.003894830474189108,-0.003894830474189108,1648
E11,E28,EUCUMBENE_BELOW,EUCUMBENE_BELOW,1,-0.06697232668908994,-0.06697232668908994,1648
E11,E5,EUCUMBENE_BELOW,EUCUMBENE_BELOW,1,-0.11728049773219884,-0.11728049773219884,1648
E11,E29,EUCUMBENE_BELOW,EUCUMBENE_BELOW,1,-0.06990455548233422,-0.06990455548233422,1648
E11,E6,EUCUMBENE_BELOW,EUCUMBENE_BELOW,1,-0.08078111861277892,-0.08078111861277892,1648
E11,E7,EUCUMBENE_BELOW,EUCUMBENE_BELOW,1,-0.05665772939049396,-0.05665772939049396,1648
E11,E63,EUCUMBENE_BELOW,EUCUMBENE_BELOW,1,-0.03419662130986978,-0.03419662130986978,1648
E11,E8,EUCUMBENE_BELOW,EUCUMBENE_BELOW,1,-0.05423337881508619,-0.05423337881508619,1648
E11,E64,EUCUMBENE_BELOW,EUCUMBENE_BELOW,1,-0.09057166173414642,-0.09057166173414642,1648
E19,E4,EUCUMBENE_BELOW,EUCUMBENE_BELOW,1,-0.10687122330891882,-0.10687122330891882,1648
E19,E12,EUCUMBENE_BELOW,EUCUMBENE_BELOW,1,-0.06495171828270171,-0.06495171828270171,1648
E19,E20,EUCUMBENE_BELOW,EUCUMBENE_BELOW,1,-0.039117861710277056,-0.039117861710277056,1648
E19,E28,EUCUMBENE_BELOW,EUCUMBENE_BELOW,1,-0.07259443234812994,-0.07259443234812994,1648
E19,E5,EUCUMBENE_BELOW,EUCUMBENE_BELOW,1,-0.04062184805025996,-0.04062184805025996,1648
E19,E29,EUCUMBENE_BELOW,EUCUMBENE_BELOW,1,-0.04894014609279007,-0.04894014609279007,1648
E19,E6,EUCUMBENE_BELOW,EUCUMBENE_BELOW,1,-0.01690972572571488,-0.01690972572571488,1648
E19,E7,EUCUMBENE_BELOW,EUCUMBENE_BELOW,1,-0.04111751779902016,-0.04111751779902016,1648
E19,E63,EUCUMBENE_BELOW,EUCUMBENE_BELOW,1,-0.07099524231472928,-0.07099524231472928,1648
E19,E8,EUCUMBENE_BELOW,EUCUMBENE_BELOW,1,-0.06792423482744314,-0.06792423482744314,1648
E19,E64,EUCUMBENE_BELOW,EUCUMBENE_BELOW,1,-0.044408066193139424,-0.044408066193139424,1648
E4,E12,EUCUMBENE_BELOW,EUCUMBENE_BELOW,1,-0.07080159979871989,-0.07080159979871989,1648
E4,E20,EUCUMBENE_BELOW,EUCUMBENE_BELOW,1,-0.0018405520908486162,-0.0018405520908486162,1648
E4,E28,EUCUMBENE_BELOW,EUCUMBENE_BELOW,1,-0.10704902795382133,-0.10704902795382133,1648
E4,E5,EUCUMBENE_BELOW,EUCUMBENE_BELOW,1,-0.07787134022838274,-0.07787134022838274,1648
E4,E29,EUCUMBENE_BELOW,EUCUMBENE_BELOW,1,0.07230995831274759,0.07230995831274759,1648
E4,E6,EUCUMBENE_BELOW,EUCUMBENE_BELOW,1,-0.059358379173477645,-0.059358379173477645,1648
E4,E7,EUCUMBENE_BELOW,EUCUMBENE_BELOW,1,0.345633316849083,0.345633316849083,1648
E4,E63,EUCUMBENE_BELOW,EUCUMBENE_BELOW,1,-0.12137195989012484,-0.12137195989012484,1648
E4,E8,EUCUMBENE_BELOW,EUCUMBENE_BELOW,1,-0.04007779984528632,-0.04007779984528632,1648
E4,E64,EUCUMBENE_BELOW,EUCUMBENE_BELOW,1,-0.07413840202675533,-0.07413840202675533,1648
E12,E20,EUCUMBENE_BELOW,EUCUMBENE_BELOW,1,-0.0748754451755705,-0.0748754451755705,1648
E12,E28,EUCUMBENE_BELOW,EUCUMBENE_BELOW,1,-0.1064364529032776,-0.1064364529032776,1648
E12,E5,EUCUMBENE_BELOW,EUCUMBENE_BELOW,1,-0.0872894568393072,-0.0872894568393072,1648
E12,E29,EUCUMBENE_BELOW,EUCUMBENE_BELOW,1,-0.08409888921753357,-0.08409888921753357,1648
E12,E6,EUCUMBENE_BELOW,EUCUMBENE_BELOW,1,-0.12496568255678084,-0.12496568255678084,1648
E12,E7,EUCUMBENE_BELOW,EUCUMBENE_BELOW,1,-0.060146881778755046,-0.060146881778755046,1648
E12,E63,EUCUMBENE_BELOW,EUCUMBENE_BELOW,1,-0.08011669758175663,-0.08011669758175663,1648
E12,E8,EUCUMBENE_BELOW,EUCUMBENE_BELOW,1,-0.09503925010984518,-0.09503925010984518,1648
E12,E64,EUCUMBENE_BELOW,EUCUMBENE_BELOW,1,-0.05849519516915854,-0.05849519516915854,1648
E20,E28,EUCUMBENE_BELOW,EUCUMBENE_BELOW,1,-0.0728838545838938,-0.0728838545838938,1648
E20,E5,EUCUMBENE_BELOW,EUCUMBENE_BELOW,1,-0.07139524768583802,-0.07139524768583802,1648
E20,E29,EUCUMBENE_BELOW,EUCUMBENE_BELOW,1,-0.07821636212307316,-0.07821636212307316,1648
E20,E6,EUCUMBENE_BELOW,EUCUMBENE_BELOW,1,-0.00505816695867813,-0.00505816695867813,1648
E20,E7,EUCUMBENE_BELOW,EUCUMBENE_BELOW,1,-0.08059555927895269,-0.08059555927895269,1648
E20,E63,EUCUMBENE_BELOW,EUCUMBENE_BELOW,1,-0.09710890859447402,-0.09710890859447402,1648
E20,E8,EUCUMBENE_BELOW,EUCUMBENE_BELOW,1,-0.04543785736593602,-0.04543785736593602,1648
E20,E64,EUCUMBENE_BELOW,EUCUMBENE_BELOW,1,-0.07458429747862726,-0.07458429747862726,1648
E28,E5,EUCUMBENE_BELOW,EUCUMBENE_BELOW,1,0.011989899599354625,0.011989899599354625,1648
E28,E29,EUCUMBENE_BELOW,EUCUMBENE_BELOW,1,-0.11500992324124683,-0.11500992324124683,1648
E28,E6,EUCUMBENE_BELOW,EUCUMBENE_BELOW,1,0.2747820603066615,0.2747820603066615,1648
E28,E7,EUCUMBENE_BELOW,EUCUMBENE_BELOW,1,-0.15278118885502323,-0.15278118885502323,1648
E28,E63,EUCUMBENE_BELOW,EUCUMBENE_BELOW,1,0.30395289361883865,0.30395289361883865,1648
E28,E8,EUCUMBENE_BELOW,EUCUMBENE_BELOW,1,0.06949745683799048,0.06949745683799048,1648
E28,E64,EUCUMBENE_BELOW,EUCUMBENE_BELOW,1,-0.08221822571295008,-0.08221822571295008,1648
E5,E29,EUCUMBENE_BELOW,EUCUMBENE_BELOW,1,-0.1258728875490257,-0.1258728875490257,1648
E5,E6,EUCUMBENE_BELOW,EUCUMBENE_BELOW,1,0.11782788489167936,0.11782788489167936,1648
E5,E7,EUCUMBENE_BELOW,EUCUMBENE_BELOW,1,-0.12052812894769398,-0.12052812894769398,1648
E5,E63,EUCUMBENE_BELOW,EUCUMBENE_BELOW,1,-0.12739325297537538,-0.12739325297537538,1648
E5,E8,EUCUMBENE_BELOW,EUCUMBENE_BELOW,1,-0.127362210081434,-0.127362210081434,1648
E5,E64,EUCUMBENE_BELOW,EUCUMBENE_BELOW,1,0.348575803682147,0.348575803682147,1648
E29,E6,EUCUMBENE_BELOW,EUCUMBENE_BELOW,1,-0.1120096316595165,-0.1120096316595165,1648
E29,E7,EUCUMBENE_BELOW,EUCUMBENE_BELOW,1,0.3084957782046336,0.3084957782046336,1648
E29,E63,EUCUMBENE_BELOW,EUCUMBENE_BELOW,1,-0.10798633304363137,-0.10798633304363137,1648
E29,E8,EUCUMBENE_BELOW,EUCUMBENE_BELOW,1,-0.030604585645258774,-0.030604585645258774,1648
E29,E64,EUCUMBENE_BELOW,EUCUMBENE_BELOW,1,-0.12013720449591944,-0.12013720449591944,1648
E6,E7,EUCUMBENE_BELOW,EUCUMBENE_BELOW,1,-0.11570950385796808,-0.11570950385796808,1648
E6,E63,EUCUMBENE_BELOW,EUCUMBENE_BELOW,1,-0.07558137538553186,-0.07558137538553186,1648
E6,E8,EUCUMBENE_BELOW,EUCUMBENE_BELOW,1,-0.06510676375862448,-0.06510676375862448,1648
E6,E64,EUCUMBENE_BELOW,EUCUMBENE_BELOW,1,-0.011090069317934638,-0.011090069317934638,1648
E7,E63,EUCUMBENE_BELOW,EUCUMBENE_BELOW,1,-0.1790099138527585,-0.1790099138527585,1648
E7,E8,EUCUMBENE_BELOW,EUCUMBENE_BELOW,1,0.06755152878411005,0.06755152878411005,1648
E7,E64,EUCUMBENE_BELOW,EUCUMBENE_BELOW,1,-0.09806836170348157,-0.09806836170348157,1648
E63,E8,EUCUMBENE_BELOW,EUCUMBENE_BELOW,1,0.3051696123349374,0.3051696123349374,1648
E63,E64,EUCUMBENE_BELOW,EUCUMBENE_BELOW,1,-0.1075982097002211,-0.1075982097002211,1648
E8,E64,EUCUMBENE_BELOW,EUCUMBENE_BELOW,1,-0.07548993624558557,-0.07548993624558557,1648
V1,V2,MITTA_ABOVE,MITTA_ABOVE,1,-0.10692934969531966,-0.10692934969531966,1681
V1,V3,MITTA_ABOVE,MITTA_ABOVE,1,-0.12551136618835046,-0.12551136618835046,1681
V1,V4,MITTA_ABOVE,MITTA_ABOVE,1,-0.07467118874258567,-0.07467118874258567,1681
V1,V5,MITTA_ABOVE,MITTA_ABOVE,1,-0.0815764084051481,-0.0815764084051481,1681
V1,V23,MITTA_ABOVE,MITTA_ABOVE,1,-0.08166727659384429,-0.08166727659384429,1681
V1,V31,MITTA_ABOVE,MITTA_ABOVE,1,-0.09922795393293714,-0.09922795393293714,1681
V1,V24,MITTA_ABOVE,MITTA_ABOVE,1,-0.0694134389223222,-0.0694134389223222,1681
V1,V25,MITTA_ABOVE,MITTA_ABOVE,1,-0.12197418992114947,-0.12197418992114947,1681
V1,V33,MITTA_ABOVE,MITTA_ABOVE,1,-0.0736530536592635,-0.0736530536592635,1681
V1,V21,MITTA_ABOVE,MITTA_ABOVE,1,-0.072879826170531,-0.072879826170531,1681
V1,V22,MITTA_ABOVE,MITTA_ABOVE,1,-0.10784344474267332,-0.10784344474267332,1681
V1,V30,MITTA_ABOVE,MITTA_ABOVE,1,0.06527910386589551,0.06527910386589551,1681
V2,V3,MITTA_ABOVE,MITTA_ABOVE,1,-0.03576730162205209,-0.03576730162205209,1681
V2,V4,MITTA_ABOVE,MITTA_ABOVE,1,-0.06622910494089469,-0.06622910494089469,1681
V2,V5,MITTA_ABOVE,MITTA_ABOVE,1,-0.09142315781406944,-0.09142315781406944,1681
V2,V23,MITTA_ABOVE,MITTA_ABOVE,1,-0.08025782686473647,-0.08025782686473647,1681
V2,V31,MITTA_ABOVE,MITTA_ABOVE,1,-0.11148767621499826,-0.11148767621499826,1681
V2,V24,MITTA_ABOVE,MITTA_ABOVE,1,-0.06616058395789634,-0.06616058395789634,1681
V2,V25,MITTA_ABOVE,MITTA_ABOVE,1,-0.08106246960806204,-0.08106246960806204,1681
V2,V33,MITTA_ABOVE,MITTA_ABOVE,1,-0.11605937212276907,-0.11605937212276907,1681
V2,V21,MITTA_ABOVE,MITTA_ABOVE,1,-0.12222883860792806,-0.12222883860792806,1681
V2,V22,MITTA_ABOVE,MITTA_ABOVE,1,-0.05450242142424657,-0.05450242142424657,1681
V2,V30,MITTA_ABOVE,MITTA_ABOVE,1,-0.09479220776632481,-0.09479220776632481,1681
V3,V4,MITTA_ABOVE,MITTA_ABOVE,1,-0.02873394919395159,-0.02873394919395159,1681
V3,V5,MITTA_ABOVE,MITTA_ABOVE,1,-0.10722158707777468,-0.10722158707777468,1681
V3,V23,MITTA_ABOVE,MITTA_ABOVE,1,-0.0652025803033153,-0.0652025803033153,1681
V3,V31,MITTA_ABOVE,MITTA_ABOVE,1,-0.129739846973455,-0.129739846973455,1681
V3,V24,MITTA_ABOVE,MITTA_ABOVE,1,-0.06704219124465806,-0.06704219124465806,1681
V3,V25,MITTA_ABOVE,MITTA_ABOVE,1,-0.05568153145485557,-0.05568153145485557,1681
V3,V33,MITTA_ABOVE,MITTA_ABOVE,1,-0.07105985063531164,-0.07105985063531164,1681
V3,V21,MITTA_ABOVE,MITTA_ABOVE,1,-0.09870809984023171,-0.09870809984023171,1681
V3,V22,MITTA_ABOVE,MITTA_ABOVE,1,-0.09080134884064445,-0.09080134884064445,1681
V3,V30,MITTA_ABOVE,MITTA_ABOVE,1,-0.08861113479012651,-0.08861113479012651,1681
V4,V5,MITTA_ABOVE,MITTA_ABOVE,1,-0.11606602025747866,-0.11606602025747866,1681
V4,V23,MITTA_ABOVE,MITTA_ABOVE,1,-0.10203572910533465,-0.10203572910533465,1681
V4,V31,MITTA_ABOVE,MITTA_ABOVE,1,-0.097540766247644,-0.097540766247644,1681
V4,V24,MITTA_ABOVE,MITTA_ABOVE,1,-0.09086639863050956,-0.09086639863050956,1681
V4,V25,MITTA_ABOVE,MITTA_ABOVE,1,-0.09835786772116864,-0.09835786772116864,1681
V4,V33,MITTA_ABOVE,MITTA_ABOVE,1,-0.0935316462710756,-0.0935316462710756,1681
V4,V21,MITTA_ABOVE,MITTA_ABOVE,1,-0.10583967556445782,-0.10583967556445782,1681
V4,V22,MITTA_ABOVE,MITTA_ABOVE,1,-0.12314115049341742,-0.12314115049341742,1681
V4,V30,MITTA_ABOVE,MITTA_ABOVE,1,-0.02094252985517703,-0.02094252985517703,1681
V5,V23,MITTA_ABOVE,MITTA_ABOVE,1,-0.11536357252932142,-0.11536357252932142,1681
V5,V31,MITTA_ABOVE,MITTA_ABOVE,1,0.07085521035501942,0.07085521035501942,1681
V5,V24,MITTA_ABOVE,MITTA_ABOVE,1,-0.10681452719775392,-0.10681452719775392,1681
V5,V25,MITTA_ABOVE,MITTA_ABOVE,1,-0.05864813642417102,-0.05864813642417102,1681
V5,V33,MITTA_ABOVE,MITTA_ABOVE,1,0.07113611209514066,0.07113611209514066,1681
V5,V21,MITTA_ABOVE,MITTA_ABOVE,1,-0.11757597989158146,-0.11757597989158146,1681
V5,V22,MITTA_ABOVE,MITTA_ABOVE,1,-0.13069227614702245,-0.13069227614702245,1681
V5,V30,MITTA_ABOVE,MITTA_ABOVE,1,-0.059512340651844506,-0.059512340651844506,1681
V23,V31,MITTA_ABOVE,MITTA_ABOVE,1,-0.01200723080845851,-0.01200723080845851,1681
V23,V24,MITTA_ABOVE,MITTA_ABOVE,1,-0.07439675100502627,-0.07439675100502627,1681
V23,V25,MITTA_ABOVE,MITTA_ABOVE,1,-0.08728766825644568,-0.08728766825644568,1681
V23,V33,MITTA_ABOVE,MITTA_ABOVE,1,-0.11382791022226656,-0.11382791022226656,1681
V23,V21,MITTA_ABOVE,MITTA_ABOVE,1,-0.10339776177278111,-0.10339776177278111,1681
V23,V22,MITTA_ABOVE,MITTA_ABOVE,1,-0.0698404314394716,-0.0698404314394716,1681
V23,V30,MITTA_ABOVE,MITTA_ABOVE,1,-0.07100097364869583,-0.07100097364869583,1681
V31,V24,MITTA_ABOVE,MITTA_ABOVE,1,-0.08721877237284556,-0.08721877237284556,1681
V31,V25,MITTA_ABOVE,MITTA_ABOVE,1,-0.11572095930054259,-0.11572095930054259,1681
V31,V33,MITTA_ABOVE,MITTA_ABOVE,1,0.08740302518305916,0.08740302518305916,1681
V31,V21,MITTA_ABOVE,MITTA_ABOVE,1,-0.12126116141409253,-0.12126116141409253,1681
V31,V22,MITTA_ABOVE,MITTA_ABOVE,1,-0.12583735377591496,-0.12583735377591496,1681
V31,V30,MITTA_ABOVE,MITTA_ABOVE,1,-0.10832904728453491,-0.10832904728453491,1681
V24,V25,MITTA_ABOVE,MITTA_ABOVE,1,-0.09887068187884644,-0.09887068187884644,1681
V24,V33,MITTA_ABOVE,MITTA_ABOVE,1,-0.08647687817961697,-0.08647687817961697,1681
V24,V21,MITTA_ABOVE,MITTA_ABOVE,1,-0.08421243247680671,-0.08421243247680671,1681
V24,V22,MITTA_ABOVE,MITTA_ABOVE,1,-0.1166634929211943,-0.1166634929211943,1681
V24,V30,MITTA_ABOVE,MITTA_ABOVE,1,-0.07085752871231518,-0.07085752871231518,1681
V25,V33,MITTA_ABOVE,MITTA_ABOVE,1,-0.08139492491975425,-0.08139492491975425,1681
V25,V21,MITTA_ABOVE,MITTA_ABOVE,1,-0.070698137398041,-0.070698137398041,1681
V25,V22,MITTA_ABOVE,MITTA_ABOVE,1,-0.1158797163317919,-0.1158797163317919,1681
V25,V30,MITTA_ABOVE,MITTA_ABOVE,1,-0.10967958221715425,-0.10967958221715425,1681
V33,V21,MITTA_ABOVE,MITTA_ABOVE,1,-0.13239846229892735,-0.13239846229892735,1681
V33,V22,MITTA_ABOVE,MITTA_ABOVE,1,-0.13864250673901593,-0.13864250673901593,1681
V33,V30,MITTA_ABOVE,MITTA_ABOVE,1,-0.07003597699073934,-0.07003597699073934,1681
V21,V22,MITTA_ABOVE,MITTA_ABOVE,1,0.0676762677167625,0.0676762677167625,1681
V21,V30,MITTA_ABOVE,MITTA_ABOVE,1,-0.15481446124188922,-0.15481446124188922,1681
V22,V30,MITTA_ABOVE,MITTA_ABOVE,1,-0.1640637641209628,-0.1640637641209628,1681
V35,V20,MITTA_BELOW,MITTA_BELOW,1,-0.27190704032809276,-0.27190704032809276,1254
V35,V36,MITTA_BELOW,MITTA_BELOW,1,-0.2980025822131082,-0.2980025822131082,1254
V35,V37,MITTA_BELOW,MITTA_BELOW,1,-0.31278195488721783,-0.31278195488721783,1254
V20,V36,MITTA_BELOW,MITTA_BELOW,1,-0.30362269309637685,-0.30362269309637685,1254
V20,V37,MITTA_BELOW,MITTA_BELOW,1,-0.2716184400394925,-0.2716184400394925,1254
V36,V37,MITTA_BELOW,MITTA_BELOW,1,-0.2928229665071767,-0.2928229665071767,1254
V6,V7,OVENS,OVENS,1,0.20024323068558458,0.20024323068558458,1859
V6,V15a,OVENS,OVENS,1,-0.08027251758664894,-0.08027251758664894,1859
V6,V8,OVENS,OVENS,1,-0.0012941274935484054,-0.0012941274935484054,1859
V6,V15b,OVENS,OVENS,1,-0.06676821732902635,-0.06676821732902635,1859
V6,V32,OVENS,OVENS,1,-0.05568399567203392,-0.05568399567203392,1859
V6,V9,OVENS,OVENS,1,-0.05343861930903529,-0.05343861930903529,1859
V6,V17,OVENS,OVENS,1,-0.07933836861663146,-0.07933836861663146,1859
V6,V10,OVENS,OVENS,1,-0.08376601266844022,-0.08376601266844022,1859
V6,V18,OVENS,OVENS,1,-0.057909534811897305,-0.057909534811897305,1859
V6,V26,OVENS,OVENS,1,-0.04722449975745562,-0.04722449975745562,1859
V6,V11,OVENS,OVENS,1,-0.09606397002395335,-0.09606397002395335,1859
V6,V19,OVENS,OVENS,1,-0.06830475071388961,-0.06830475071388961,1859
V6,V27,OVENS,OVENS,1,-0.053571172773236204,-0.053571172773236204,1859
V6,V12,OVENS,OVENS,1,-0.09742468392863116,-0.09742468392863116,1859
V6,V28,OVENS,OVENS,1,-0.04173566036359339,-0.04173566036359339,1859
V6,V13,OVENS,OVENS,1,-0.10367955835032425,-0.10367955835032425,1859
V6,V29,OVENS,OVENS,1,-0.07257305274053825,-0.07257305274053825,1859
V6,V14,OVENS,OVENS,1,-0.07960088889376929,-0.07960088889376929,1859
V7,V15a,OVENS,OVENS,1,-0.045977039455153884,-0.045977039455153884,1859
V7,V8,OVENS,OVENS,1,-0.06270402349685317,-0.06270402349685317,1859
V7,V15b,OVENS,OVENS,1,-0.04365124652101374,-0.04365124652101374,1859
V7,V32,OVENS,OVENS,1,-0.039740585941480146,-0.039740585941480146,1859
V7,V9,OVENS,OVENS,1,-0.07072871427492422,-0.07072871427492422,1859
V7,V17,OVENS,OVENS,1,-0.047685537861562786,-0.047685537861562786,1859
V7,V10,OVENS,OVENS,1,-0.07718421541063138,-0.07718421541063138,1859
V7,V18,OVENS,OVENS,1,-0.0982934324662318,-0.0982934324662318,1859
V7,V26,OVENS,OVENS,1,-0.014265116890373067,-0.014265116890373067,1859
V7,V11,OVENS,OVENS,1,-0.10227924642925784,-0.10227924642925784,1859
V7,V19,OVENS,OVENS,1,-0.06008586962056459,-0.06008586962056459,1859
V7,V27,OVENS,OVENS,1,-0.04390180547131373,-0.04390180547131373,1859
V7,V12,OVENS,OVENS,1,-0.078694705122012,-0.078694705122012,1859
V7,V28,OVENS,OVENS,1,-0.07775136835636393,-0.07775136835636393,1859
V7,V13,OVENS,OVENS,1,-0.09973748733634485,-0.09973748733634485,1859
V7,V29,OVENS,OVENS,1,-0.0923247605542327,-0.0923247605542327,1859
V7,V14,OVENS,OVENS,1,-0.09800645802568646,-0.09800645802568646,1859
V15a,V8,OVENS,OVENS,1,-0.029382237181124225,-0.029382237181124225,1859
V15a,V15b,OVENS,OVENS,1,-0.08886878105458126,-0.08886878105458126,1859
V15a,V32,OVENS,OVENS,1,-0.06932248526745334,-0.06932248526745334,1859
V15a,V9,OVENS,OVENS,1,-0.08673761325681298,-0.08673761325681298,1859
V15a,V17,OVENS,OVENS,1,-0.1126290361829617,-0.1126290361829617,1859
V15a,V10,OVENS,OVENS,1,-0.07964573988912736,-0.07964573988912736,1859
V15a,V18,OVENS,OVENS,1,-0.10013092334693804,-0.10013092334693804,1859
V15a,V26,OVENS,OVENS,1,-0.12119965523043044,-0.12119965523043044,1859
V15a,V11,OVENS,OVENS,1,0.14821046358610557,0.14821046358610557,1859
V15a,V19,OVENS,OVENS,1,-0.024976403883222805,-0.024976403883222805,1859
V15a,V27,OVENS,OVENS,1,-0.09154030573310977,-0.09154030573310977,1859
V15a,V12,OVENS,OVENS,1,0.18234436804759677,0.18234436804759677,1859
V15a,V28,OVENS,OVENS,1,-0.0872562927452767,-0.0872562927452767,1859
V15a,V13,OVENS,OVENS,1,-0.0908059790462497,-0.0908059790462497,1859
V15a,V29,OVENS,OVENS,1,-0.09293041463954692,-0.09293041463954692,1859
V15a,V14,OVENS,OVENS,1,0.06057948513911466,0.06057948513911466,1859
V8,V15b,OVENS,OVENS,1,-0.06280987506253001,-0.06280987506253001,1859
V8,V32,OVENS,OVENS,1,-0.07026112024627298,-0.07026112024627298,1859
V8,V9,OVENS,OVENS,1,-0.05616032952237573,-0.05616032952237573,1859
V8,V17,OVENS,OVENS,1,-0.07215637028710786,-0.07215637028710786,1859
V8,V10,OVENS,OVENS,1,-0.06760597679458712,-0.06760597679458712,1859
V8,V18,OVENS,OVENS,1,-0.09054997924140465,-0.09054997924140465,1859
V8,V26,OVENS,OVENS,1,-0.054002236358053166,-0.054002236358053166,1859
V8,V11,OVENS,OVENS,1,-0.029984290357865803,-0.029984290357865803,1859
V8,V19,OVENS,OVENS,1,-0.015672657260696988,-0.015672657260696988,1859
V8,V27,OVENS,OVENS,1,-0.009295295306656697,-0.009295295306656697,1859
V8,V12,OVENS,OVENS,1,-0.03791140236405191,-0.03791140236405191,1859
V8,V28,OVENS,OVENS,1,-0.05296355060418729,-0.05296355060418729,1859
V8,V13,OVENS,OVENS,1,-0.07725726221220301,-0.07725726221220301,1859
V8,V29,OVENS,OVENS,1,-0.09691875772788623,-0.09691875772788623,1859
V8,V14,OVENS,OVENS,1,-0.045609153434889464,-0.045609153434889464,1859
V15b,V32,OVENS,OVENS,1,-0.04408255775600317,-0.04408255775600317,1859
V15b,V9,OVENS,OVENS,1,-0.024561311101573058,-0.024561311101573058,1859
V15b,V17,OVENS,OVENS,1,-0.046866149534849896,-0.046866149534849896,1859
V15b,V10,OVENS,OVENS,1,-0.02554416148203099,-0.02554416148203099,1859
V15b,V18,OVENS,OVENS,1,-0.06432194545237813,-0.06432194545237813,1859
V15b,V26,OVENS,OVENS,1,-0.03890636345872113,-0.03890636345872113,1859
V15b,V11,OVENS,OVENS,1,-0.10468341522644946,-0.10468341522644946,1859
V15b,V19,OVENS,OVENS,1,-0.04695466671507649,-0.04695466671507649,1859
V15b,V27,OVENS,OVENS,1,-0.08849983193211268,-0.08849983193211268,1859
V15b,V12,OVENS,OVENS,1,-0.09992434916912332,-0.09992434916912332,1859
V15b,V28,OVENS,OVENS,1,-0.07127927642313242,-0.07127927642313242,1859
V15b,V13,OVENS,OVENS,1,-0.018886759685584557,-0.018886759685584557,1859
V15b,V29,OVENS,OVENS,1,-0.023959108009640684,-0.023959108009640684,1859
V15b,V14,OVENS,OVENS,1,-0.03906313027957123,-0.03906313027957123,1859
V32,V9,OVENS,OVENS,1,-0.028700765459779558,-0.028700765459779558,1859
V32,V17,OVENS,OVENS,1,-0.07781418899384096,-0.07781418899384096,1859
V32,V10,OVENS,OVENS,1,-0.05095344967063587,-0.05095344967063587,1859
V32,V18,OVENS,OVENS,1,-0.06716969562591808,-0.06716969562591808,1859
V32,V26,OVENS,OVENS,1,-0.061000832593354155,-0.061000832593354155,1859
V32,V11,OVENS,OVENS,1,-0.10425331862388534,-0.10425331862388534,1859
V32,V19,OVENS,OVENS,1,-0.06699418311000628,-0.06699418311000628,1859
V32,V27,OVENS,OVENS,1,-0.0403838104094434,-0.0403838104094434,1859
V32,V12,OVENS,OVENS,1,-0.06930039245831443,-0.06930039245831443,1859
V32,V28,OVENS,OVENS,1,-0.04021596931551685,-0.04021596931551685,1859
V32,V13,OVENS,OVENS,1,-0.052271484929979885,-0.052271484929979885,1859
V32,V29,OVENS,OVENS,1,-0.053869869620545734,-0.053869869620545734,1859
V32,V14,OVENS,OVENS,1,-0.08697279157972204,-0.08697279157972204,1859
V9,V17,OVENS,OVENS,1,-0.04444375447886008,-0.04444375447886008,1859
V9,V10,OVENS,OVENS,1,-0.10964762946203298,-0.10964762946203298,1859
V9,V18,OVENS,OVENS,1,0.041820059632995024,0.041820059632995024,1859
V9,V26,OVENS,OVENS,1,-0.0557657912651146,-0.0557657912651146,1859
V9,V11,OVENS,OVENS,1,-0.11198450560486443,-0.11198450560486443,1859
V9,V19,OVENS,OVENS,1,-0.09278416728659553,-0.09278416728659553,1859
V9,V27,OVENS,OVENS,1,-0.05836774122529477,-0.05836774122529477,1859
V9,V12,OVENS,OVENS,1,-0.11431647875069986,-0.11431647875069986,1859
V9,V28,OVENS,OVENS,1,-0.01809278628729237,-0.01809278628729237,1859
V9,V13,OVENS,OVENS,1,-0.11965705931267218,-0.11965705931267218,1859
V9,V29,OVENS,OVENS,1,0.047014831975497606,0.047014831975497606,1859
V9,V14,OVENS,OVENS,1,-0.06072114457947246,-0.06072114457947246,1859
V17,V10,OVENS,OVENS,1,-0.0036444118434314802,-0.0036444118434314802,1859
V17,V18,OVENS,OVENS,1,-0.07633069554986681,-0.07633069554986681,1859
V17,V26,OVENS,OVENS,1,-0.006456762859670196,-0.006456762859670196,1859
V17,V11,OVENS,OVENS,1,-0.12613304512381052,-0.12613304512381052,1859
V17,V19,OVENS,OVENS,1,-0.03899968532230347,-0.03899968532230347,1859
V17,V27,OVENS,OVENS,1,-0.04825977935344089,-0.04825977935344089,1859
V17,V12,OVENS,OVENS,1,-0.10155469888548774,-0.10155469888548774,1859
V17,V28,OVENS,OVENS,1,-0.009256237870167218,-0.009256237870167218,1859
V17,V13,OVENS,OVENS,1,-0.09314083936619927,-0.09314083936619927,1859
V17,V29,OVENS,OVENS,1,-0.08157155200807825,-0.08157155200807825,1859
V17,V14,OVENS,OVENS,1,-0.06502135311507672,-0.06502135311507672,1859
V10,V18,OVENS,OVENS,1,0.016379194412916142,0.016379194412916142,1859
V10,V26,OVENS,OVENS,1,-0.050367936347917114,-0.050367936347917114,1859
V10,V11,OVENS,OVENS,1,-0.10307643086246183,-0.10307643086246183,1859
V10,V19,OVENS,OVENS,1,-0.054972693789360046,-0.054972693789360046,1859
V10,V27,OVENS,OVENS,1,-0.0568191262863792,-0.0568191262863792,1859
V10,V12,OVENS,OVENS,1,-0.08918001662307648,-0.08918001662307648,1859
V10,V28,OVENS,OVENS,1,-0.08874770739075848,-0.08874770739075848,1859
V10,V13,OVENS,OVENS,1,-0.04687435981285706,-0.04687435981285706,1859
V10,V29,OVENS,OVENS,1,-0.005844624300930471,-0.005844624300930471,1859
V10,V14,OVENS,OVENS,1,-0.0626813724714957,-0.0626813724714957,1859
V18,V26,OVENS,OVENS,1,-0.051471195908828885,-0.051471195908828885,1859
V18,V11,OVENS,OVENS,1,-0.09871673619010167,-0.09871673619010167,1859
V18,V19,OVENS,OVENS,1,-0.0673716212259171,-0.0673716212259171,1859
V18,V27,OVENS,OVENS,1,-0.07370420693963083,-0.07370420693963083,1859
V18,V12,OVENS,OVENS,1,-0.08886818888391866,-0.08886818888391866,1859
V18,V28,OVENS,OVENS,1,-0.08040457388027085,-0.08040457388027085,1859
V18,V13,OVENS,OVENS,1,-0.08462308629227672,-0.08462308629227672,1859
V18,V29,OVENS,OVENS,1,0.15133877940557378,0.15133877940557378,1859
V18,V14,OVENS,OVENS,1,-0.06706340687308877,-0.06706340687308877,1859
V26,V11,OVENS,OVENS,1,-0.1260510969403831,-0.1260510969403831,1859
V26,V19,OVENS,OVENS,1,-0.016162714511615238,-0.016162714511615238,1859
V26,V27,OVENS,OVENS,1,-0.02916809100081622,-0.02916809100081622,1859
V26,V12,OVENS,OVENS,1,-0.09484606169625076,-0.09484606169625076,1859
V26,V28,OVENS,OVENS,1,-0.03879792465539854,-0.03879792465539854,1859
V26,V13,OVENS,OVENS,1,-0.05093457331170937,-0.05093457331170937,1859
V26,V29,OVENS,OVENS,1,-0.05944715646670262,-0.05944715646670262,1859
V26,V14,OVENS,OVENS,1,-0.09657005609189974,-0.09657005609189974,1859
V11,V19,OVENS,OVENS,1,-0.08235120574029194,-0.08235120574029194,1859
V11,V27,OVENS,OVENS,1,-0.06259082909745987,-0.06259082909745987,1859
V11,V12,OVENS,OVENS,1,0.29263269212312726,0.29263269212312726,1859
V11,V28,OVENS,OVENS,1,-0.0967987438508593,-0.0967987438508593,1859
V11,V13,OVENS,OVENS,1,-0.060606124817576316,-0.060606124817576316,1859
V11,V29,OVENS,OVENS,1,-0.09105722391887784,-0.09105722391887784,1859
V11,V14,OVENS,OVENS,1,0.18104970185128602,0.18104970185128602,1859
V19,V27,OVENS,OVENS,1,-0.04888575974423117,-0.04888575974423117,1859
V19,V12,OVENS,OVENS,1,-0.05666488343481579,-0.05666488343481579,1859
V19,V28,OVENS,OVENS,1,-0.017426008289380877,-0.017426008289380877,1859
V19,V13,OVENS,OVENS,1,-0.06774162475980505,-0.06774162475980505,1859
V19,V29,OVENS,OVENS,1,-0.08247745550222628,-0.08247745550222628,1859
V19,V14,OVENS,OVENS,1,-0.06419212902013002,-0.06419212902013002,1859
V27,V12,OVENS,OVENS,1,-0.06979591061645546,-0.06979591061645546,1859
V27,V28,OVENS,OVENS,1,-0.043859746367166386,-0.043859746367166386,1859
V27,V13,OVENS,OVENS,1,-0.08136846767767318,-0.08136846767767318,1859
V27,V29,OVENS,OVENS,1,-0.03979994440926163,-0.03979994440926163,1859
V27,V14,OVENS,OVENS,1,-0.07471578530680748,-0.07471578530680748,1859
V12,V28,OVENS,OVENS,1,-0.06857755154149207,-0.06857755154149207,1859
V12,V13,OVENS,OVENS,1,-0.06879006549336557,-0.06879006549336557,1859
V12,V29,OVENS,OVENS,1,-0.08347188801238178,-0.08347188801238178,1859
V12,V14,OVENS,OVENS,1,-0.06760839753153551,-0.06760839753153551,1859
V28,V13,OVENS,OVENS,1,-0.08031842033018399,-0.08031842033018399,1859
V28,V29,OVENS,OVENS,1,-0.04852323275101584,-0.04852323275101584,1859
V28,V14,OVENS,OVENS,1,-0.09847217889941487,-0.09847217889941487,1859
V13,V29,OVENS,OVENS,1,-0.07412223673270842,-0.07412223673270842,1859
V13,V14,OVENS,OVENS,1,-0.05849208113596277,-0.05849208113596277,1859
V29,V14,OVENS,OVENS,1,-0.09398501607431593,-0.09398501607431593,1859
SUS20,SUS28,SEVERN_ABOVE,SEVERN_ABOVE,1,-0.0760413229147219,-0.0760413229147219,1572
SUS20,SUS36,SEVERN_ABOVE,SEVERN_ABOVE,1,-0.03074637257452985,-0.03074637257452985,1572
SUS20,SUS21,SEVERN_ABOVE,SEVERN_ABOVE,1,-0.09353853522251182,-0.09353853522251182,1572
SUS20,SUS29,SEVERN_ABOVE,SEVERN_ABOVE,1,-0.10121865362611522,-0.10121865362611522,1572
SUS20,SUS37,SEVERN_ABOVE,SEVERN_ABOVE,1,-0.06542195962464141,-0.06542195962464141,1572
SUS20,SUS22,SEVERN_ABOVE,SEVERN_ABOVE,1,0.01938442014362838,0.01938442014362838,1572
SUS20,SUS30,SEVERN_ABOVE,SEVERN_ABOVE,1,-0.09411657464040994,-0.09411657464040994,1572
SUS20,SUS38,SEVERN_ABOVE,SEVERN_ABOVE,1,-0.08375514835096716,-0.08375514835096716,1572
SUS20,SUS23,SEVERN_ABOVE,SEVERN_ABOVE,1,-0.1009335616255188,-0.1009335616255188,1572
SUS20,SUS31,SEVERN_ABOVE,SEVERN_ABOVE,1,0.027923150890332725,0.027923150890332725,1572
SUS20,SUS39,SEVERN_ABOVE,SEVERN_ABOVE,1,-0.07454558238552456,-0.07454558238552456,1572
SUS20,SUS24,SEVERN_ABOVE,SEVERN_ABOVE,1,-0.09659843162880265,-0.09659843162880265,1572
SUS20,SUS32,SEVERN_ABOVE,SEVERN_ABOVE,1,-0.06935845262435911,-0.06935845262435911,1572
SUS20,SUS40,SEVERN_ABOVE,SEVERN_ABOVE,1,-0.07203349900382666,-0.07203349900382666,1572
SUS20,SUS25,SEVERN_ABOVE,SEVERN_ABOVE,1,-0.07073986352226232,-0.07073986352226232,1572
SUS20,SUS33,SEVERN_ABOVE,SEVERN_ABOVE,1,0.030403952897471293,0.030403952897471293,1572
SUS20,SUS41,SEVERN_ABOVE,SEVERN_ABOVE,1,-0.05077022759565142,-0.05077022759565142,1572
SUS20,SUS26,SEVERN_ABOVE,SEVERN_ABOVE,1,-0.05656884413004084,-0.05656884413004084,1572
SUS20,SUS34,SEVERN_ABOVE,SEVERN_ABOVE,1,-0.0426334691417931,-0.0426334691417931,1572
SUS20,SUS19,SEVERN_ABOVE,SEVERN_ABOVE,1,0.07550431681691878,0.07550431681691878,1572
SUS20,SUS27,SEVERN_ABOVE,SEVERN_ABOVE,1,-0.09762765037609,-0.09762765037609,1572
SUS20,SUS35,SEVERN_ABOVE,SEVERN_ABOVE,1,0.2260431772145185,0.2260431772145185,1572
SUS28,SUS36,SEVERN_ABOVE,SEVERN_ABOVE,1,-0.1364985985584688,-0.1364985985584688,1572
SUS28,SUS21,SEVERN_ABOVE,SEVERN_ABOVE,1,-0.04860787011578017,-0.04860787011578017,1572
SUS28,SUS29,SEVERN_ABOVE,SEVERN_ABOVE,1,0.1695352089079408,0.1695352089079408,1572
SUS28,SUS37,SEVERN_ABOVE,SEVERN_ABOVE,1,-0.042594709065105554,-0.042594709065105554,1572
SUS28,SUS22,SEVERN_ABOVE,SEVERN_ABOVE,1,-0.07495028753109906,-0.07495028753109906,1572
SUS28,SUS30,SEVERN_ABOVE,SEVERN_ABOVE,1,-0.01277729711228932,-0.01277729711228932,1572
SUS28,SUS38,SEVERN_ABOVE,SEVERN_ABOVE,1,-0.09057902489345329,-0.09057902489345329,1572
SUS28,SUS23,SEVERN_ABOVE,SEVERN_ABOVE,1,-0.07914335688507194,-0.07914335688507194,1572
SUS28,SUS31,SEVERN_ABOVE,SEVERN_ABOVE,1,-0.11185026415710361,-0.11185026415710361,1572
SUS28,SUS39,SEVERN_ABOVE,SEVERN_ABOVE,1,-0.07115043484671635,-0.07115043484671635,1572
SUS28,SUS24,SEVERN_ABOVE,SEVERN_ABOVE,1,-0.045030134955876204,-0.045030134955876204,1572
SUS28,SUS32,SEVERN_ABOVE,SEVERN_ABOVE,1,-0.07107408588046114,-0.07107408588046114,1572
SUS28,SUS40,SEVERN_ABOVE,SEVERN_ABOVE,1,-0.07878365564998153,-0.07878365564998153,1572
SUS28,SUS25,SEVERN_ABOVE,SEVERN_ABOVE,1,0.015838418371004442,0.015838418371004442,1572
SUS28,SUS33,SEVERN_ABOVE,SEVERN_ABOVE,1,-0.08793386430772139,-0.08793386430772139,1572
SUS28,SUS41,SEVERN_ABOVE,SEVERN_ABOVE,1,-0.02688739458795362,-0.02688739458795362,1572
SUS28,SUS26,SEVERN_ABOVE,SEVERN_ABOVE,1,0.002180846500864804,0.002180846500864804,1572
SUS28,SUS34,SEVERN_ABOVE,SEVERN_ABOVE,1,-0.12472463035874178,-0.12472463035874178,1572
SUS28,SUS19,SEVERN_ABOVE,SEVERN_ABOVE,1,-0.0854299806280951,-0.0854299806280951,1572
SUS28,SUS27,SEVERN_ABOVE,SEVERN_ABOVE,1,-0.0023415068680016768,-0.0023415068680016768,1572
SUS28,SUS35,SEVERN_ABOVE,SEVERN_ABOVE,1,-0.11685066152541278,-0.11685066152541278,1572
SUS36,SUS21,SEVERN_ABOVE,SEVERN_ABOVE,1,-0.11302769304130413,-0.11302769304130413,1572
SUS36,SUS29,SEVERN_ABOVE,SEVERN_ABOVE,1,-0.06481219619155995,-0.06481219619155995,1572
SUS36,SUS37,SEVERN_ABOVE,SEVERN_ABOVE,1,0.013783255886096555,0.013783255886096555,1572
SUS36,SUS22,SEVERN_ABOVE,SEVERN_ABOVE,1,-0.10829375527537102,-0.10829375527537102,1572
SUS36,SUS30,SEVERN_ABOVE,SEVERN_ABOVE,1,-0.08919041360781768,-0.08919041360781768,1572
SUS36,SUS38,SEVERN_ABOVE,SEVERN_ABOVE,1,0.11642766164255074,0.11642766164255074,1572
SUS36,SUS23,SEVERN_ABOVE,SEVERN_ABOVE,1,-0.10419655128765873,-0.10419655128765873,1572
SUS36,SUS31,SEVERN_ABOVE,SEVERN_ABOVE,1,-0.11455870134460648,-0.11455870134460648,1572
SUS36,SUS39,SEVERN_ABOVE,SEVERN_ABOVE,1,-0.03321691551543844,-0.03321691551543844,1572
SUS36,SUS24,SEVERN_ABOVE,SEVERN_ABOVE,1,-0.11884052783321343,-0.11884052783321343,1572
SUS36,SUS32,SEVERN_ABOVE,SEVERN_ABOVE,1,-0.018188606926985224,-0.018188606926985224,1572
SUS36,SUS40,SEVERN_ABOVE,SEVERN_ABOVE,1,0.31545963253428305,0.31545963253428305,1572
SUS36,SUS25,SEVERN_ABOVE,SEVERN_ABOVE,1,-0.09621257737855064,-0.09621257737855064,1572
SUS36,SUS33,SEVERN_ABOVE,SEVERN_ABOVE,1,0.2798723738303818,0.2798723738303818,1572
SUS36,SUS41,SEVERN_ABOVE,SEVERN_ABOVE,1,-0.05400006581502974,-0.05400006581502974,1572
SUS36,SUS26,SEVERN_ABOVE,SEVERN_ABOVE,1,-0.11876151033566425,-0.11876151033566425,1572
SUS36,SUS34,SEVERN_ABOVE,SEVERN_ABOVE,1,-0.0982230601633675,-0.0982230601633675,1572
SUS36,SUS19,SEVERN_ABOVE,SEVERN_ABOVE,1,-0.11282151940196654,-0.11282151940196654,1572
SUS36,SUS27,SEVERN_ABOVE,SEVERN_ABOVE,1,-0.12101532610884541,-0.12101532610884541,1572
SUS36,SUS35,SEVERN_ABOVE,SEVERN_ABOVE,1,-0.006689648866790498,-0.006689648866790498,1572
SUS21,SUS29,SEVERN_ABOVE,SEVERN_ABOVE,1,-0.07002361554903676,-0.07002361554903676,1572
SUS21,SUS37,SEVERN_ABOVE,SEVERN_ABOVE,1,-0.08993112701111065,-0.08993112701111065,1572
SUS21,SUS22,SEVERN_ABOVE,SEVERN_ABOVE,1,-0.03879843906552688,-0.03879843906552688,1572
SUS21,SUS30,SEVERN_ABOVE,SEVERN_ABOVE,1,-0.06694816614715784,-0.06694816614715784,1572
SUS21,SUS38,SEVERN_ABOVE,SEVERN_ABOVE,1,-0.12132589897685153,-0.12132589897685153,1572
SUS21,SUS23,SEVERN_ABOVE,SEVERN_ABOVE,1,0.01453144056569758,0.01453144056569758,1572
SUS21,SUS31,SEVERN_ABOVE,SEVERN_ABOVE,1,-0.06951252973456025,-0.06951252973456025,1572
SUS21,SUS39,SEVERN_ABOVE,SEVERN_ABOVE,1,-0.046726491207191974,-0.046726491207191974,1572
SUS21,SUS24,SEVERN_ABOVE,SEVERN_ABOVE,1,0.03367205833850193,0.03367205833850193,1572
SUS21,SUS32,SEVERN_ABOVE,SEVERN_ABOVE,1,-0.03171255793703647,-0.03171255793703647,1572
SUS21,SUS40,SEVERN_ABOVE,SEVERN_ABOVE,1,-0.05467740909707203,-0.05467740909707203,1572
SUS21,SUS25,SEVERN_ABOVE,SEVERN_ABOVE,1,0.03697036091720291,0.03697036091720291,1572
SUS21,SUS33,SEVERN_ABOVE,SEVERN_ABOVE,1,-0.10141064227766894,-0.10141064227766894,1572
SUS21,SUS41,SEVERN_ABOVE,SEVERN_ABOVE,1,-0.0947930622806893,-0.0947930622806893,1572
SUS21,SUS26,SEVERN_ABOVE,SEVERN_ABOVE,1,-0.04038048741683185,-0.04038048741683185,1572
SUS21,SUS34,SEVERN_ABOVE,SEVERN_ABOVE,1,-0.053612848395907964,-0.053612848395907964,1572
SUS21,SUS19,SEVERN_ABOVE,SEVERN_ABOVE,1,-0.05314785067005167,-0.05314785067005167,1572
SUS21,SUS27,SEVERN_ABOVE,SEVERN_ABOVE,1,0.008229469194850203,0.008229469194850203,1572
SUS21,SUS35,SEVERN_ABOVE,SEVERN_ABOVE,1,-0.0802323107304242,-0.0802323107304242,1572
SUS29,SUS37,SEVERN_ABOVE,SEVERN_ABOVE,1,-0.10141701336358591,-0.10141701336358591,1572
SUS29,SUS22,SEVERN_ABOVE,SEVERN_ABOVE,1,-0.06250883980775208,-0.06250883980775208,1572
SUS29,SUS30,SEVERN_ABOVE,SEVERN_ABOVE,1,-0.030967654625441297,-0.030967654625441297,1572
SUS29,SUS38,SEVERN_ABOVE,SEVERN_ABOVE,1,-0.06758326250639565,-0.06758326250639565,1572
SUS29,SUS23,SEVERN_ABOVE,SEVERN_ABOVE,1,-0.06828293036454625,-0.06828293036454625,1572
SUS29,SUS31,SEVERN_ABOVE,SEVERN_ABOVE,1,-0.037425046316494244,-0.037425046316494244,1572
SUS29,SUS39,SEVERN_ABOVE,SEVERN_ABOVE,1,-0.0897271005157751,-0.0897271005157751,1572
SUS29,SUS24,SEVERN_ABOVE,SEVERN_ABOVE,1,-0.02002966571869336,-0.02002966571869336,1572
SUS29,SUS32,SEVERN_ABOVE,SEVERN_ABOVE,1,-0.09306389160514109,-0.09306389160514109,1572
SUS29,SUS40,SEVERN_ABOVE,SEVERN_ABOVE,1,-0.021058866822629505,-0.021058866822629505,1572
SUS29,SUS25,SEVERN_ABOVE,SEVERN_ABOVE,1,-0.06383322474816931,-0.06383322474816931,1572
SUS29,SUS33,SEVERN_ABOVE,SEVERN_ABOVE,1,-0.08153612014029704,-0.08153612014029704,1572
SUS29,SUS41,SEVERN_ABOVE,SEVERN_ABOVE,1,-0.05840023530959769,-0.05840023530959769,1572
SUS29,SUS26,SEVERN_ABOVE,SEVERN_ABOVE,1,0.014951885577740366,0.014951885577740366,1572
SUS29,SUS34,SEVERN_ABOVE,SEVERN_ABOVE,1,-0.03236489081860888,-0.03236489081860888,1572
SUS29,SUS19,SEVERN_ABOVE,SEVERN_ABOVE,1,-0.0694546731555132,-0.0694546731555132,1572
SUS29,SUS27,SEVERN_ABOVE,SEVERN_ABOVE,1,0.0459306961779751,0.0459306961779751,1572
SUS29,SUS35,SEVERN_ABOVE,SEVERN_ABOVE,1,-0.09510163900895734,-0.09510163900895734,1572
SUS37,SUS22,SEVERN_ABOVE,SEVERN_ABOVE,1,-0.05166860267175359,-0.05166860267175359,1572
SUS37,SUS30,SEVERN_ABOVE,SEVERN_ABOVE,1,0.043340500174723864,0.043340500174723864,1572
SUS37,SUS38,SEVERN_ABOVE,SEVERN_ABOVE,1,-0.07227175238703329,-0.07227175238703329,1572
SUS37,SUS23,SEVERN_ABOVE,SEVERN_ABOVE,1,-0.0814432026713312,-0.0814432026713312,1572
SUS37,SUS31,SEVERN_ABOVE,SEVERN_ABOVE,1,-0.08622878402682521,-0.08622878402682521,1572
SUS37,SUS39,SEVERN_ABOVE,SEVERN_ABOVE,1,-0.08767609290849074,-0.08767609290849074,1572
SUS37,SUS24,SEVERN_ABOVE,SEVERN_ABOVE,1,-0.10913761853446892,-0.10913761853446892,1572
SUS37,SUS32,SEVERN_ABOVE,SEVERN_ABOVE,1,0.13534627462135473,0.13534627462135473,1572
SUS37,SUS40,SEVERN_ABOVE,SEVERN_ABOVE,1,-0.02875916050525511,-0.02875916050525511,1572
SUS37,SUS25,SEVERN_ABOVE,SEVERN_ABOVE,1,-0.11120954465496957,-0.11120954465496957,1572
SUS37,SUS33,SEVERN_ABOVE,SEVERN_ABOVE,1,-0.05522636816961342,-0.05522636816961342,1572
SUS37,SUS41,SEVERN_ABOVE,SEVERN_ABOVE,1,-0.07134469879761368,-0.07134469879761368,1572
SUS37,SUS26,SEVERN_ABOVE,SEVERN_ABOVE,1,-0.07848385928080075,-0.07848385928080075,1572
SUS37,SUS34,SEVERN_ABOVE,SEVERN_ABOVE,1,-0.12414569289933858,-0.12414569289933858,1572
SUS37,SUS19,SEVERN_ABOVE,SEVERN_ABOVE,1,-0.08330914118342969,-0.08330914118342969,1572
SUS37,SUS27,SEVERN_ABOVE,SEVERN_ABOVE,1,-0.051949328250592945,-0.051949328250592945,1572
SUS37,SUS35,SEVERN_ABOVE,SEVERN_ABOVE,1,-0.07428087425255268,-0.07428087425255268,1572
SUS22,SUS30,SEVERN_ABOVE,SEVERN_ABOVE,1,-0.026389633633394444,-0.026389633633394444,1572
SUS22,SUS38,SEVERN_ABOVE,SEVERN_ABOVE,1,-0.048675099010310564,-0.048675099010310564,1572
SUS22,SUS23,SEVERN_ABOVE,SEVERN_ABOVE,1,-0.07334347636602795,-0.07334347636602795,1572
SUS22,SUS31,SEVERN_ABOVE,SEVERN_ABOVE,1,-0.08393342701566649,-0.08393342701566649,1572
SUS22,SUS39,SEVERN_ABOVE,SEVERN_ABOVE,1,0.17084192678687432,0.17084192678687432,1572
SUS22,SUS24,SEVERN_ABOVE,SEVERN_ABOVE,1,-0.09840235520929425,-0.09840235520929425,1572
SUS22,SUS32,SEVERN_ABOVE,SEVERN_ABOVE,1,-0.028019857005581794,-0.028019857005581794,1572
SUS22,SUS40,SEVERN_ABOVE,SEVERN_ABOVE,1,-0.1291863405066116,-0.1291863405066116,1572
SUS22,SUS25,SEVERN_ABOVE,SEVERN_ABOVE,1,0.009853351952606029,0.009853351952606029,1572
SUS22,SUS33,SEVERN_ABOVE,SEVERN_ABOVE,1,-0.039584752925555446,-0.039584752925555446,1572
SUS22,SUS41,SEVERN_ABOVE,SEVERN_ABOVE,1,-0.05302330689269241,-0.05302330689269241,1572
SUS22,SUS26,SEVERN_ABOVE,SEVERN_ABOVE,1,-0.07786974732833049,-0.07786974732833049,1572
SUS22,SUS34,SEVERN_ABOVE,SEVERN_ABOVE,1,-0.08441738286260905,-0.08441738286260905,1572
SUS22,SUS19,SEVERN_ABOVE,SEVERN_ABOVE,1,0.09366794128342994,0.09366794128342994,1572
SUS22,SUS27,SEVERN_ABOVE,SEVERN_ABOVE,1,-0.06175620329739107,-0.06175620329739107,1572
SUS22,SUS35,SEVERN_ABOVE,SEVERN_ABOVE,1,-0.08151373314844079,-0.08151373314844079,1572
SUS30,SUS38,SEVERN_ABOVE,SEVERN_ABOVE,1,-0.08180336072741806,-0.08180336072741806,1572
SUS30,SUS23,SEVERN_ABOVE,SEVERN_ABOVE,1,-0.10194063783562057,-0.10194063783562057,1572
SUS30,SUS31,SEVERN_ABOVE,SEVERN_ABOVE,1,-0.06517150046815073,-0.06517150046815073,1572
SUS30,SUS39,SEVERN_ABOVE,SEVERN_ABOVE,1,-0.05299443320120704,-0.05299443320120704,1572
SUS30,SUS24,SEVERN_ABOVE,SEVERN_ABOVE,1,-0.08275567404915311,-0.08275567404915311,1572
SUS30,SUS32,SEVERN_ABOVE,SEVERN_ABOVE,1,0.03264935250114972,0.03264935250114972,1572
SUS30,SUS40,SEVERN_ABOVE,SEVERN_ABOVE,1,-0.051707681770445976,-0.051707681770445976,1572
SUS30,SUS25,SEVERN_ABOVE,SEVERN_ABOVE,1,-0.057950000203255525,-0.057950000203255525,1572
SUS30,SUS33,SEVERN_ABOVE,SEVERN_ABOVE,1,-0.09916495774720835,-0.09916495774720835,1572
SUS30,SUS41,SEVERN_ABOVE,SEVERN_ABOVE,1,-0.004490051877346801,-0.004490051877346801,1572
SUS30,SUS26,SEVERN_ABOVE,SEVERN_ABOVE,1,-0.05540328208177377,-0.05540328208177377,1572
SUS30,SUS34,SEVERN_ABOVE,SEVERN_ABOVE,1,-0.09625678544875894,-0.09625678544875894,1572
SUS30,SUS19,SEVERN_ABOVE,SEVERN_ABOVE,1,-0.0673923108930347,-0.0673923108930347,1572
SUS30,SUS27,SEVERN_ABOVE,SEVERN_ABOVE,1,-0.065051409274072,-0.065051409274072,1572
SUS30,SUS35,SEVERN_ABOVE,SEVERN_ABOVE,1,-0.08088964656303886,-0.08088964656303886,1572
SUS38,SUS23,SEVERN_ABOVE,SEVERN_ABOVE,1,-0.08343218221594803,-0.08343218221594803,1572
SUS38,SUS31,SEVERN_ABOVE,SEVERN_ABOVE,1,-0.07436637553173278,-0.07436637553173278,1572
SUS38,SUS39,SEVERN_ABOVE,SEVERN_ABOVE,1,0.10187746532081018,0.10187746532081018,1572
SUS38,SUS24,SEVERN_ABOVE,SEVERN_ABOVE,1,-0.08220647884134703,-0.08220647884134703,1572
SUS38,SUS32,SEVERN_ABOVE,SEVERN_ABOVE,1,-0.07630605871086774,-0.07630605871086774,1572
SUS38,SUS40,SEVERN_ABOVE,SEVERN_ABOVE,1,0.028331209332960603,0.028331209332960603,1572
SUS38,SUS25,SEVERN_ABOVE,SEVERN_ABOVE,1,-0.07368692000852486,-0.07368692000852486,1572
SUS38,SUS33,SEVERN_ABOVE,SEVERN_ABOVE,1,0.03497669391377723,0.03497669391377723,1572
SUS38,SUS41,SEVERN_ABOVE,SEVERN_ABOVE,1,0.041400199556444486,0.041400199556444486,1572
SUS38,SUS26,SEVERN_ABOVE,SEVERN_ABOVE,1,-0.04507763490368568,-0.04507763490368568,1572
SUS38,SUS34,SEVERN_ABOVE,SEVERN_ABOVE,1,-0.10268223947034077,-0.10268223947034077,1572
SUS38,SUS19,SEVERN_ABOVE,SEVERN_ABOVE,1,-0.06945911662064563,-0.06945911662064563,1572
SUS38,SUS27,SEVERN_ABOVE,SEVERN_ABOVE,1,-0.10608838088289957,-0.10608838088289957,1572
SUS38,SUS35,SEVERN_ABOVE,SEVERN_ABOVE,1,-0.05414822183107809,-0.05414822183107809,1572
SUS23,SUS31,SEVERN_ABOVE,SEVERN_ABOVE,1,-0.08420997351919694,-0.08420997351919694,1572
SUS23,SUS39,SEVERN_ABOVE,SEVERN_ABOVE,1,-0.08201468423851507,-0.08201468423851507,1572
SUS23,SUS24,SEVERN_ABOVE,SEVERN_ABOVE,1,0.2781264738998525,0.2781264738998525,1572
SUS23,SUS32,SEVERN_ABOVE,SEVERN_ABOVE,1,-0.08357888660692753,-0.08357888660692753,1572
SUS23,SUS40,SEVERN_ABOVE,SEVERN_ABOVE,1,-0.09882877365629349,-0.09882877365629349,1572
SUS23,SUS25,SEVERN_ABOVE,SEVERN_ABOVE,1,-0.011614329946766084,-0.011614329946766084,1572
SUS23,SUS33,SEVERN_ABOVE,SEVERN_ABOVE,1,-0.07427121207010638,-0.07427121207010638,1572
SUS23,SUS41,SEVERN_ABOVE,SEVERN_ABOVE,1,-0.06781507547331202,-0.06781507547331202,1572
SUS23,SUS26,SEVERN_ABOVE,SEVERN_ABOVE,1,0.06401343182361566,0.06401343182361566,1572
SUS23,SUS34,SEVERN_ABOVE,SEVERN_ABOVE,1,0.08065791317699576,0.08065791317699576,1572
SUS23,SUS19,SEVERN_ABOVE,SEVERN_ABOVE,1,-0.07622877341471865,-0.07622877341471865,1572
SUS23,SUS27,SEVERN_ABOVE,SEVERN_ABOVE,1,0.03264734571300673,0.03264734571300673,1572
SUS23,SUS35,SEVERN_ABOVE,SEVERN_ABOVE,1,-0.08903359071189776,-0.08903359071189776,1572
SUS31,SUS39,SEVERN_ABOVE,SEVERN_ABOVE,1,-0.08357147143331876,-0.08357147143331876,1572
SUS31,SUS24,SEVERN_ABOVE,SEVERN_ABOVE,1,-0.06544854855304261,-0.06544854855304261,1572
SUS31,SUS32,SEVERN_ABOVE,SEVERN_ABOVE,1,-0.0366499921321896,-0.0366499921321896,1572
SUS31,SUS40,SEVERN_ABOVE,SEVERN_ABOVE,1,-0.08675031813360173,-0.08675031813360173,1572
SUS31,SUS25,SEVERN_ABOVE,SEVERN_ABOVE,1,-0.11722727635750982,-0.11722727635750982,1572
SUS31,SUS33,SEVERN_ABOVE,SEVERN_ABOVE,1,-0.09661567798233502,-0.09661567798233502,1572
SUS31,SUS41,SEVERN_ABOVE,SEVERN_ABOVE,1,-0.05982177152440455,-0.05982177152440455,1572
SUS31,SUS26,SEVERN_ABOVE,SEVERN_ABOVE,1,-0.05778850286641283,-0.05778850286641283,1572
SUS31,SUS34,SEVERN_ABOVE,SEVERN_ABOVE,1,0.3259993023122545,0.3259993023122545,1572
SUS31,SUS19,SEVERN_ABOVE,SEVERN_ABOVE,1,0.18533479891609975,0.18533479891609975,1572
SUS31,SUS27,SEVERN_ABOVE,SEVERN_ABOVE,1,-0.061838733416428746,-0.061838733416428746,1572
SUS31,SUS35,SEVERN_ABOVE,SEVERN_ABOVE,1,-0.02136762090438496,-0.02136762090438496,1572
SUS39,SUS24,SEVERN_ABOVE,SEVERN_ABOVE,1,-0.09005242209098445,-0.09005242209098445,1572
SUS39,SUS32,SEVERN_ABOVE,SEVERN_ABOVE,1,-0.04527460638161728,-0.04527460638161728,1572
SUS39,SUS40,SEVERN_ABOVE,SEVERN_ABOVE,1,-0.10841613438239027,-0.10841613438239027,1572
SUS39,SUS25,SEVERN_ABOVE,SEVERN_ABOVE,1,-0.014864727732786107,-0.014864727732786107,1572
SUS39,SUS33,SEVERN_ABOVE,SEVERN_ABOVE,1,-0.08234362259598223,-0.08234362259598223,1572
SUS39,SUS41,SEVERN_ABOVE,SEVERN_ABOVE,1,0.12830078451621954,0.12830078451621954,1572
SUS39,SUS26,SEVERN_ABOVE,SEVERN_ABOVE,1,-0.03667716924371213,-0.03667716924371213,1572
SUS39,SUS34,SEVERN_ABOVE,SEVERN_ABOVE,1,-0.11206759057165874,-0.11206759057165874,1572
SUS39,SUS19,SEVERN_ABOVE,SEVERN_ABOVE,1,-0.0916275473278293,-0.0916275473278293,1572
SUS39,SUS27,SEVERN_ABOVE,SEVERN_ABOVE,1,-0.04763116301045013,-0.04763116301045013,1572
SUS39,SUS35,SEVERN_ABOVE,SEVERN_ABOVE,1,-0.027234110889980154,-0.027234110889980154,1572
SUS24,SUS32,SEVERN_ABOVE,SEVERN_ABOVE,1,-0.0572099967241757,-0.0572099967241757,1572
SUS24,SUS40,SEVERN_ABOVE,SEVERN_ABOVE,1,-0.05482258886661518,-0.05482258886661518,1572
SUS24,SUS25,SEVERN_ABOVE,SEVERN_ABOVE,1,0.01267780997678691,0.01267780997678691,1572
SUS24,SUS33,SEVERN_ABOVE,SEVERN_ABOVE,1,-0.08074045604023948,-0.08074045604023948,1572
SUS24,SUS41,SEVERN_ABOVE,SEVERN_ABOVE,1,-0.09017576091189893,-0.09017576091189893,1572
SUS24,SUS26,SEVERN_ABOVE,SEVERN_ABOVE,1,-0.0669025880094968,-0.0669025880094968,1572
SUS24,SUS34,SEVERN_ABOVE,SEVERN_ABOVE,1,0.006794822575170479,0.006794822575170479,1572
SUS24,SUS19,SEVERN_ABOVE,SEVERN_ABOVE,1,-0.026440725719468754,-0.026440725719468754,1572
SUS24,SUS27,SEVERN_ABOVE,SEVERN_ABOVE,1,-0.05234762957825022,-0.05234762957825022,1572
SUS24,SUS35,SEVERN_ABOVE,SEVERN_ABOVE,1,-0.05387548358296189,-0.05387548358296189,1572
SUS32,SUS40,SEVERN_ABOVE,SEVERN_ABOVE,1,-0.06055817805765812,-0.06055817805765812,1572
SUS32,SUS25,SEVERN_ABOVE,SEVERN_ABOVE,1,-0.06282640411002008,-0.06282640411002008,1572
SUS32,SUS33,SEVERN_ABOVE,SEVERN_ABOVE,1,-0.0717444917241762,-0.0717444917241762,1572
SUS32,SUS41,SEVERN_ABOVE,SEVERN_ABOVE,1,-0.009404963072989533,-0.009404963072989533,1572
SUS32,SUS26,SEVERN_ABOVE,SEVERN_ABOVE,1,-0.0852836967671342,-0.0852836967671342,1572
SUS32,SUS34,SEVERN_ABOVE,SEVERN_ABOVE,1,-0.09256764757734119,-0.09256764757734119,1572
SUS32,SUS19,SEVERN_ABOVE,SEVERN_ABOVE,1,-0.07794972502421224,-0.07794972502421224,1572
SUS32,SUS27,SEVERN_ABOVE,SEVERN_ABOVE,1,-0.06102336016264684,-0.06102336016264684,1572
SUS32,SUS35,SEVERN_ABOVE,SEVERN_ABOVE,1,-0.039010654760547304,-0.039010654760547304,1572
SUS40,SUS25,SEVERN_ABOVE,SEVERN_ABOVE,1,-0.024974276424664585,-0.024974276424664585,1572
SUS40,SUS33,SEVERN_ABOVE,SEVERN_ABOVE,1,0.12649566616585167,0.12649566616585167,1572
SUS40,SUS41,SEVERN_ABOVE,SEVERN_ABOVE,1,-0.0797410441094823,-0.0797410441094823,1572
SUS40,SUS26,SEVERN_ABOVE,SEVERN_ABOVE,1,-0.07241111149076235,-0.07241111149076235,1572
SUS40,SUS34,SEVERN_ABOVE,SEVERN_ABOVE,1,-0.10522704953827208,-0.10522704953827208,1572
SUS40,SUS19,SEVERN_ABOVE,SEVERN_ABOVE,1,-0.08355326037159123,-0.08355326037159123,1572
SUS40,SUS27,SEVERN_ABOVE,SEVERN_ABOVE,1,-0.07605816289843675,-0.07605816289843675,1572
SUS40,SUS35,SEVERN_ABOVE,SEVERN_ABOVE,1,-0.06371476903994348,-0.06371476903994348,1572
SUS25,SUS33,SEVERN_ABOVE,SEVERN_ABOVE,1,-0.07553407435907933,-0.07553407435907933,1572
SUS25,SUS41,SEVERN_ABOVE,SEVERN_ABOVE,1,-0.05719980853537247,-0.05719980853537247,1572
SUS25,SUS26,SEVERN_ABOVE,SEVERN_ABOVE,1,-0.04930764025335382,-0.04930764025335382,1572
SUS25,SUS34,SEVERN_ABOVE,SEVERN_ABOVE,1,-0.07471361825171664,-0.07471361825171664,1572
SUS25,SUS19,SEVERN_ABOVE,SEVERN_ABOVE,1,-0.08743280111392226,-0.08743280111392226,1572
SUS25,SUS27,SEVERN_ABOVE,SEVERN_ABOVE,1,-0.024194177609395535,-0.024194177609395535,1572
SUS25,SUS35,SEVERN_ABOVE,SEVERN_ABOVE,1,-0.07824905210434349,-0.07824905210434349,1572
SUS33,SUS41,SEVERN_ABOVE,SEVERN_ABOVE,1,-0.03304453703680139,-0.03304453703680139,1572
SUS33,SUS26,SEVERN_ABOVE,SEVERN_ABOVE,1,-0.08380693832998903,-0.08380693832998903,1572
SUS33,SUS34,SEVERN_ABOVE,SEVERN_ABOVE,1,-0.09049013835762643,-0.09049013835762643,1572
SUS33,SUS19,SEVERN_ABOVE,SEVERN_ABOVE,1,-0.07677069634807121,-0.07677069634807121,1572
SUS33,SUS27,SEVERN_ABOVE,SEVERN_ABOVE,1,-0.07713928577976244,-0.07713928577976244,1572
SUS33,SUS35,SEVERN_ABOVE,SEVERN_ABOVE,1,-0.041754183975727145,-0.041754183975727145,1572
SUS41,SUS26,SEVERN_ABOVE,SEVERN_ABOVE,1,-0.07759520642651488,-0.07759520642651488,1572
SUS41,SUS34,SEVERN_ABOVE,SEVERN_ABOVE,1,-0.05623020233498359,-0.05623020233498359,1572
SUS41,SUS19,SEVERN_ABOVE,SEVERN_ABOVE,1,-0.09203459287551971,-0.09203459287551971,1572
SUS41,SUS27,SEVERN_ABOVE,SEVERN_ABOVE,1,-0.08877174227590633,-0.08877174227590633,1572
SUS41,SUS35,SEVERN_ABOVE,SEVERN_ABOVE,1,-0.0018764208061680242,-0.0018764208061680242,1572
SUS26,SUS34,SEVERN_ABOVE,SEVERN_ABOVE,1,-0.03415056035799544,-0.03415056035799544,1572
SUS26,SUS19,SEVERN_ABOVE,SEVERN_ABOVE,1,-0.08370803625520755,-0.08370803625520755,1572
SUS26,SUS27,SEVERN_ABOVE,SEVERN_ABOVE,1,0.052100219087507456,0.052100219087507456,1572
SUS26,SUS35,SEVERN_ABOVE,SEVERN_ABOVE,1,-0.0347781052752625,-0.0347781052752625,1572
SUS34,SUS19,SEVERN_ABOVE,SEVERN_ABOVE,1,0.2809327262744505,0.2809327262744505,1572
SUS34,SUS27,SEVERN_ABOVE,SEVERN_ABOVE,1,-0.06482697052575674,-0.06482697052575674,1572
SUS34,SUS35,SEVERN_ABOVE,SEVERN_ABOVE,1,-0.023813655358468643,-0.023813655358468643,1572
SUS19,SUS27,SEVERN_ABOVE,SEVERN_ABOVE,1,-0.07413981195704315,-0.07413981195704315,1572
SUS19,SUS35,SEVERN_ABOVE,SEVERN_ABOVE,1,-0.0835124916106148,-0.0835124916106148,1572
SUS27,SUS35,SEVERN_ABOVE,SEVERN_ABOVE,1,-0.0548359265460261,-0.0548359265460261,1572
SDS4,SDS12,SEVERN_BELOW,SEVERN_BELOW,1,-0.08685272712205384,-0.08685272712205384,1516
SDS4,SDS5,SEVERN_BELOW,SEVERN_BELOW,1,-0.08143434740434155,-0.08143434740434155,1516
SDS4,SDS13,SEVERN_BELOW,SEVERN_BELOW,1,-0.10778590407681207,-0.10778590407681207,1516
SDS4,SDS6,SEVERN_BELOW,SEVERN_BELOW,1,-0.08992440137923557,-0.08992440137923557,1516
SDS4,SDS14,SEVERN_BELOW,SEVERN_BELOW,1,-0.07156741447349117,-0.07156741447349117,1516
SDS4,SDS7,SEVERN_BELOW,SEVERN_BELOW,1,-0.07909046350012884,-0.07909046350012884,1516
SDS4,SDS15,SEVERN_BELOW,SEVERN_BELOW,1,-0.016251618369837482,-0.016251618369837482,1516
SDS4,SDS8,SEVERN_BELOW,SEVERN_BELOW,1,-0.07824147075441897,-0.07824147075441897,1516
SDS4,SDS16,SEVERN_BELOW,SEVERN_BELOW,1,-0.04627573374706048,-0.04627573374706048,1516
SDS4,SDS9,SEVERN_BELOW,SEVERN_BELOW,1,-0.06066563468346133,-0.06066563468346133,1516
SDS4,SDS17,SEVERN_BELOW,SEVERN_BELOW,1,-0.052079228778646604,-0.052079228778646604,1516
SDS4,SDS2,SEVERN_BELOW,SEVERN_BELOW,1,0.013447252017860544,0.013447252017860544,1516
SDS4,SDS10,SEVERN_BELOW,SEVERN_BELOW,1,-0.04984149109874793,-0.04984149109874793,1516
SDS4,SDS18,SEVERN_BELOW,SEVERN_BELOW,1,-0.07007660247922638,-0.07007660247922638,1516
SDS4,SDS3,SEVERN_BELOW,SEVERN_BELOW,1,-0.03679927816262999,-0.03679927816262999,1516
SDS4,SDS11,SEVERN_BELOW,SEVERN_BELOW,1,-0.043098629622972,-0.043098629622972,1516
SDS12,SDS5,SEVERN_BELOW,SEVERN_BELOW,1,0.011258231038818406,0.011258231038818406,1516
SDS12,SDS13,SEVERN_BELOW,SEVERN_BELOW,1,-0.0531860025737905,-0.0531860025737905,1516
SDS12,SDS6,SEVERN_BELOW,SEVERN_BELOW,1,-0.07795965883196083,-0.07795965883196083,1516
SDS12,SDS14,SEVERN_BELOW,SEVERN_BELOW,1,-0.10319161972818496,-0.10319161972818496,1516
SDS12,SDS7,SEVERN_BELOW,SEVERN_BELOW,1,-0.11080117399458882,-0.11080117399458882,1516
SDS12,SDS15,SEVERN_BELOW,SEVERN_BELOW,1,-0.08826722297069314,-0.08826722297069314,1516
SDS12,SDS8,SEVERN_BELOW,SEVERN_BELOW,1,0.005995933543663168,0.005995933543663168,1516
SDS12,SDS16,SEVERN_BELOW,SEVERN_BELOW,1,0.016360583305446277,0.016360583305446277,1516
SDS12,SDS9,SEVERN_BELOW,SEVERN_BELOW,1,-0.0923887739605096,-0.0923887739605096,1516
SDS12,SDS17,SEVERN_BELOW,SEVERN_BELOW,1,0.04864653609526278,0.04864653609526278,1516
SDS12,SDS2,SEVERN_BELOW,SEVERN_BELOW,1,-0.07017415179197252,-0.07017415179197252,1516
SDS12,SDS10,SEVERN_BELOW,SEVERN_BELOW,1,-0.11226556277124355,-0.11226556277124355,1516
SDS12,SDS18,SEVERN_BELOW,SEVERN_BELOW,1,-0.13719371228472546,-0.13719371228472546,1516
SDS12,SDS3,SEVERN_BELOW,SEVERN_BELOW,1,-0.0780169092837667,-0.0780169092837667,1516
SDS12,SDS11,SEVERN_BELOW,SEVERN_BELOW,1,-0.045956294760381135,-0.045956294760381135,1516
SDS5,SDS13,SEVERN_BELOW,SEVERN_BELOW,1,-0.026391138100123546,-0.026391138100123546,1516
SDS5,SDS6,SEVERN_BELOW,SEVERN_BELOW,1,-0.05702371070241398,-0.05702371070241398,1516
SDS5,SDS14,SEVERN_BELOW,SEVERN_BELOW,1,-0.04922411249184828,-0.04922411249184828,1516
SDS5,SDS7,SEVERN_BELOW,SEVERN_BELOW,1,-0.0987948896672891,-0.0987948896672891,1516
SDS5,SDS15,SEVERN_BELOW,SEVERN_BELOW,1,-0.0849047713856744,-0.0849047713856744,1516
SDS5,SDS8,SEVERN_BELOW,SEVERN_BELOW,1,-0.04877864131802799,-0.04877864131802799,1516
SDS5,SDS16,SEVERN_BELOW,SEVERN_BELOW,1,-0.06863798416058992,-0.06863798416058992,1516
SDS5,SDS9,SEVERN_BELOW,SEVERN_BELOW,1,-0.07056551964678175,-0.07056551964678175,1516
SDS5,SDS17,SEVERN_BELOW,SEVERN_BELOW,1,-0.07095904326840811,-0.07095904326840811,1516
SDS5,SDS2,SEVERN_BELOW,SEVERN_BELOW,1,-0.060041260932030355,-0.060041260932030355,1516
SDS5,SDS10,SEVERN_BELOW,SEVERN_BELOW,1,-0.07080264660688132,-0.07080264660688132,1516
SDS5,SDS18,SEVERN_BELOW,SEVERN_BELOW,1,-0.0404682167669167,-0.0404682167669167,1516
SDS5,SDS3,SEVERN_BELOW,SEVERN_BELOW,1,-0.023571778467030503,-0.023571778467030503,1516
SDS5,SDS11,SEVERN_BELOW,SEVERN_BELOW,1,-0.03184708664668207,-0.03184708664668207,1516
SDS13,SDS6,SEVERN_BELOW,SEVERN_BELOW,1,-0.02739667791645865,-0.02739667791645865,1516
SDS13,SDS14,SEVERN_BELOW,SEVERN_BELOW,1,-0.011235779436813228,-0.011235779436813228,1516
SDS13,SDS7,SEVERN_BELOW,SEVERN_BELOW,1,-0.04277068947255015,-0.04277068947255015,1516
SDS13,SDS15,SEVERN_BELOW,SEVERN_BELOW,1,-0.05106597656002232,-0.05106597656002232,1516
SDS13,SDS8,SEVERN_BELOW,SEVERN_BELOW,1,-0.0237213625411572,-0.0237213625411572,1516
SDS13,SDS16,SEVERN_BELOW,SEVERN_BELOW,1,-0.09020863551907649,-0.09020863551907649,1516
SDS13,SDS9,SEVERN_BELOW,SEVERN_BELOW,1,-0.10447916375304164,-0.10447916375304164,1516
SDS13,SDS17,SEVERN_BELOW,SEVERN_BELOW,1,-0.028981174875329273,-0.028981174875329273,1516
SDS13,SDS2,SEVERN_BELOW,SEVERN_BELOW,1,-0.09299602145920635,-0.09299602145920635,1516
SDS13,SDS10,SEVERN_BELOW,SEVERN_BELOW,1,-0.08104648460901472,-0.08104648460901472,1516
SDS13,SDS18,SEVERN_BELOW,SEVERN_BELOW,1,-0.09704840123138338,-0.09704840123138338,1516
SDS13,SDS3,SEVERN_BELOW,SEVERN_BELOW,1,-0.11135345088097852,-0.11135345088097852,1516
SDS13,SDS11,SEVERN_BELOW,SEVERN_BELOW,1,-0.043648357760196724,-0.043648357760196724,1516
SDS6,SDS14,SEVERN_BELOW,SEVERN_BELOW,1,-0.03474386988968746,-0.03474386988968746,1516
SDS6,SDS7,SEVERN_BELOW,SEVERN_BELOW,1,-0.07303476605308667,-0.07303476605308667,1516
SDS6,SDS15,SEVERN_BELOW,SEVERN_BELOW,1,-0.03909911920781891,-0.03909911920781891,1516
SDS6,SDS8,SEVERN_BELOW,SEVERN_BELOW,1,-0.08198528013298201,-0.08198528013298201,1516
SDS6,SDS16,SEVERN_BELOW,SEVERN_BELOW,1,-0.04259720018939277,-0.04259720018939277,1516
SDS6,SDS9,SEVERN_BELOW,SEVERN_BELOW,1,0.006787432819490524,0.006787432819490524,1516
SDS6,SDS17,SEVERN_BELOW,SEVERN_BELOW,1,-0.10664764182510875,-0.10664764182510875,1516
SDS6,SDS2,SEVERN_BELOW,SEVERN_BELOW,1,-0.08928418984431705,-0.08928418984431705,1516
SDS6,SDS10,SEVERN_BELOW,SEVERN_BELOW,1,-0.025036222573147963,-0.025036222573147963,1516
SDS6,SDS18,SEVERN_BELOW,SEVERN_BELOW,1,-0.06674677475282917,-0.06674677475282917,1516
SDS6,SDS3,SEVERN_BELOW,SEVERN_BELOW,1,-0.11623412117016746,-0.11623412117016746,1516
SDS6,SDS11,SEVERN_BELOW,SEVERN_BELOW,1,-0.056334819768244955,-0.056334819768244955,1516
SDS14,SDS7,SEVERN_BELOW,SEVERN_BELOW,1,-0.07781954364743406,-0.07781954364743406,1516
SDS14,SDS15,SEVERN_BELOW,SEVERN_BELOW,1,-0.07012460647087507,-0.07012460647087507,1516
SDS14,SDS8,SEVERN_BELOW,SEVERN_BELOW,1,-0.06825553111419345,-0.06825553111419345,1516
SDS14,SDS16,SEVERN_BELOW,SEVERN_BELOW,1,-0.033065189475809026,-0.033065189475809026,1516
SDS14,SDS9,SEVERN_BELOW,SEVERN_BELOW,1,-0.03927533644459338,-0.03927533644459338,1516
SDS14,SDS17,SEVERN_BELOW,SEVERN_BELOW,1,-0.07904652913339749,-0.07904652913339749,1516
SDS14,SDS2,SEVERN_BELOW,SEVERN_BELOW,1,-0.12620097214255246,-0.12620097214255246,1516
SDS14,SDS10,SEVERN_BELOW,SEVERN_BELOW,1,-0.05513314425628539,-0.05513314425628539,1516
SDS14,SDS18,SEVERN_BELOW,SEVERN_BELOW,1,-0.08396904227259083,-0.08396904227259083,1516
SDS14,SDS3,SEVERN_BELOW,SEVERN_BELOW,1,-0.06612870234340286,-0.06612870234340286,1516
SDS14,SDS11,SEVERN_BELOW,SEVERN_BELOW,1,-0.035053939295067636,-0.035053939295067636,1516
SDS7,SDS15,SEVERN_BELOW,SEVERN_BELOW,1,-0.08583465190820361,-0.08583465190820361,1516
SDS7,SDS8,SEVERN_BELOW,SEVERN_BELOW,1,-0.030927424897189505,-0.030927424897189505,1516
SDS7,SDS16,SEVERN_BELOW,SEVERN_BELOW,1,-0.040076139886467195,-0.040076139886467195,1516
SDS7,SDS9,SEVERN_BELOW,SEVERN_BELOW,1,-0.014221844023360202,-0.014221844023360202,1516
SDS7,SDS17,SEVERN_BELOW,SEVERN_BELOW,1,-0.05630833580636523,-0.05630833580636523,1516
SDS7,SDS2,SEVERN_BELOW,SEVERN_BELOW,1,-0.0850105417327986,-0.0850105417327986,1516
SDS7,SDS10,SEVERN_BELOW,SEVERN_BELOW,1,-0.045101536778868974,-0.045101536778868974,1516
SDS7,SDS18,SEVERN_BELOW,SEVERN_BELOW,1,-0.07222337009794223,-0.07222337009794223,1516
SDS7,SDS3,SEVERN_BELOW,SEVERN_BELOW,1,-0.08047265413834728,-0.08047265413834728,1516
SDS7,SDS11,SEVERN_BELOW,SEVERN_BELOW,1,-0.009847805936009564,-0.009847805936009564,1516
SDS15,SDS8,SEVERN_BELOW,SEVERN_BELOW,1,-0.08854442138794426,-0.08854442138794426,1516
SDS15,SDS16,SEVERN_BELOW,SEVERN_BELOW,1,-0.09743159412968483,-0.09743159412968483,1516
SDS15,SDS9,SEVERN_BELOW,SEVERN_BELOW,1,-0.03597337676843798,-0.03597337676843798,1516
SDS15,SDS17,SEVERN_BELOW,SEVERN_BELOW,1,-0.0801860808055278,-0.0801860808055278,1516
SDS15,SDS2,SEVERN_BELOW,SEVERN_BELOW,1,0.038764673882112945,0.038764673882112945,1516
SDS15,SDS10,SEVERN_BELOW,SEVERN_BELOW,1,-0.07318140098491865,-0.07318140098491865,1516
SDS15,SDS18,SEVERN_BELOW,SEVERN_BELOW,1,-0.07377080000853256,-0.07377080000853256,1516
SDS15,SDS3,SEVERN_BELOW,SEVERN_BELOW,1,0.030421756203936792,0.030421756203936792,1516
SDS15,SDS11,SEVERN_BELOW,SEVERN_BELOW,1,-0.1011831916325499,-0.1011831916325499,1516
SDS8,SDS16,SEVERN_BELOW,SEVERN_BELOW,1,-0.03990250133803702,-0.03990250133803702,1516
SDS8,SDS9,SEVERN_BELOW,SEVERN_BELOW,1,-0.024760910221177105,-0.024760910221177105,1516
SDS8,SDS17,SEVERN_BELOW,SEVERN_BELOW,1,-0.03976759615735268,-0.03976759615735268,1516
SDS8,SDS2,SEVERN_BELOW,SEVERN_BELOW,1,-0.0684891426919805,-0.0684891426919805,1516
SDS8,SDS10,SEVERN_BELOW,SEVERN_BELOW,1,-0.11481826380208252,-0.11481826380208252,1516
SDS8,SDS18,SEVERN_BELOW,SEVERN_BELOW,1,-0.07132122576669585,-0.07132122576669585,1516
SDS8,SDS3,SEVERN_BELOW,SEVERN_BELOW,1,-0.11859819743820123,-0.11859819743820123,1516
SDS8,SDS11,SEVERN_BELOW,SEVERN_BELOW,1,-0.05151244773922626,-0.05151244773922626,1516
SDS16,SDS9,SEVERN_BELOW,SEVERN_BELOW,1,-0.0574006740645469,-0.0574006740645469,1516
SDS16,SDS17,SEVERN_BELOW,SEVERN_BELOW,1,-0.08663610004101362,-0.08663610004101362,1516
SDS16,SDS2,SEVERN_BELOW,SEVERN_BELOW,1,-0.08018565920074457,-0.08018565920074457,1516
SDS16,SDS10,SEVERN_BELOW,SEVERN_BELOW,1,-0.06305342730637091,-0.06305342730637091,1516
SDS16,SDS18,SEVERN_BELOW,SEVERN_BELOW,1,-0.04664151132694677,-0.04664151132694677,1516
SDS16,SDS3,SEVERN_BELOW,SEVERN_BELOW,1,-0.07352221147003261,-0.07352221147003261,1516
SDS16,SDS11,SEVERN_BELOW,SEVERN_BELOW,1,-0.054908748359998684,-0.054908748359998684,1516
SDS9,SDS17,SEVERN_BELOW,SEVERN_BELOW,1,-0.07380404143490622,-0.07380404143490622,1516
SDS9,SDS2,SEVERN_BELOW,SEVERN_BELOW,1,-0.045883554040039985,-0.045883554040039985,1516
SDS9,SDS10,SEVERN_BELOW,SEVERN_BELOW,1,-0.07844301022488578,-0.07844301022488578,1516
SDS9,SDS18,SEVERN_BELOW,SEVERN_BELOW,1,-0.08289914060612255,-0.08289914060612255,1516
SDS9,SDS3,SEVERN_BELOW,SEVERN_BELOW,1,-0.14514728173545238,-0.14514728173545238,1516
SDS9,SDS11,SEVERN_BELOW,SEVERN_BELOW,1,-0.07911642204614273,-0.07911642204614273,1516
SDS17,SDS2,SEVERN_BELOW,SEVERN_BELOW,1,-0.09658609475344866,-0.09658609475344866,1516
SDS17,SDS10,SEVERN_BELOW,SEVERN_BELOW,1,-0.08311055375066478,-0.08311055375066478,1516
SDS17,SDS18,SEVERN_BELOW,SEVERN_BELOW,1,-0.0614645848664103,-0.0614645848664103,1516
SDS17,SDS3,SEVERN_BELOW,SEVERN_BELOW,1,-0.07625957900961308,-0.07625957900961308,1516
SDS17,SDS11,SEVERN_BELOW,SEVERN_BELOW,1,-0.06814387873026408,-0.06814387873026408,1516
SDS2,SDS10,SEVERN_BELOW,SEVERN_BELOW,1,-0.09534110996672537,-0.09534110996672537,1516
SDS2,SDS18,SEVERN_BELOW,SEVERN_BELOW,1,-0.08585315757735656,-0.08585315757735656,1516
SDS2,SDS3,SEVERN_BELOW,SEVERN_BELOW,1,0.04128414049465627,0.04128414049465627,1516
SDS2,SDS11,SEVERN_BELOW,SEVERN_BELOW,1,-0.04269682964716463,-0.04269682964716463,1516
SDS10,SDS18,SEVERN_BELOW,SEVERN_BELOW,1,-0.06444407178624718,-0.06444407178624718,1516
SDS10,SDS3,SEVERN_BELOW,SEVERN_BELOW,1,-0.0593092713609989,-0.0593092713609989,1516
SDS10,SDS11,SEVERN_BELOW,SEVERN_BELOW,1,-0.0796465300358474,-0.0796465300358474,1516
SDS18,SDS3,SEVERN_BELOW,SEVERN_BELOW,1,-0.0482872939959861,-0.0482872939959861,1516
SDS18,SDS11,SEVERN_BELOW,SEVERN_BELOW,1,-0.013606132557572401,-0.013606132557572401,1516
SDS3,SDS11,SEVERN_BELOW,SEVERN_BELOW,1,-0.06452790994296874,-0.06452790994296874,1516
E73,E81,SNOWY,SNOWY,1,0.018659233967178654,0.018659233967178654,2183
E73,E89,SNOWY,SNOWY,1,-0.062352367054054295,-0.062352367054054295,2183
E73,E25,SNOWY,SNOWY,1,-0.012403130028667456,-0.012403130028667456,2183
E73,E33,SNOWY,SNOWY,1,-0.03238746059865064,-0.03238746059865064,2183
E73,E41,SNOWY,SNOWY,1,0.005060756461869992,0.005060756461869992,2183
E73,E49,SNOWY,SNOWY,1,-0.03940371752408559,-0.03940371752408559,2183
E73,E57,SNOWY,SNOWY,1,-0.037867925519830516,-0.037867925519830516,2183
E73,E82,SNOWY,SNOWY,1,0.028670347256043394,0.028670347256043394,2183
E73,E26,SNOWY,SNOWY,1,-0.030590766669364257,-0.030590766669364257,2183
E73,E34,SNOWY,SNOWY,1,-0.029717892181999973,-0.029717892181999973,2183
E73,E42,SNOWY,SNOWY,1,-0.05510305449025703,-0.05510305449025703,2183
E73,E50,SNOWY,SNOWY,1,-0.023722836750558206,-0.023722836750558206,2183
E73,E58,SNOWY,SNOWY,1,-0.03688753600733948,-0.03688753600733948,2183
E73,E83,SNOWY,SNOWY,1,0.027535568416942068,0.027535568416942068,2183
E73,E27,SNOWY,SNOWY,1,-0.07395709202778754,-0.07395709202778754,2183
E73,E43,SNOWY,SNOWY,1,0.009810872975034333,0.009810872975034333,2183
E73,E51,SNOWY,SNOWY,1,-0.03709422633811492,-0.03709422633811492,2183
E73,E59,SNOWY,SNOWY,1,0.003513786748572142,0.003513786748572142,2183
E73,E67,SNOWY,SNOWY,1,-0.028577744946920235,-0.028577744946920235,2183
E73,E84,SNOWY,SNOWY,1,-0.04210717375278353,-0.04210717375278353,2183
E73,E36,SNOWY,SNOWY,1,-0.0035469717409669387,-0.0035469717409669387,2183
E73,E44,SNOWY,SNOWY,1,-0.06774462512953469,-0.06774462512953469,2183
E73,E52,SNOWY,SNOWY,1,-0.030795713827142503,-0.030795713827142503,2183
E73,E85,SNOWY,SNOWY,1,-0.017624752319684443,-0.017624752319684443,2183
E73,E93,SNOWY,SNOWY,1,-0.061360450529911466,-0.061360450529911466,2183
E73,E13,SNOWY,SNOWY,1,-0.009622966124205158,-0.009622966124205158,2183
E73,E21,SNOWY,SNOWY,1,-0.017335021354543536,-0.017335021354543536,2183
E73,E37,SNOWY,SNOWY,1,0.009384851120238577,0.009384851120238577,2183
E73,E45,SNOWY,SNOWY,1,-0.013206479524035778,-0.013206479524035778,2183
E73,E53,SNOWY,SNOWY,1,-0.018077697024801814,-0.018077697024801814,2183
E73,E86,SNOWY,SNOWY,1,-0.047001828853019526,-0.047001828853019526,2183
E73,E94,SNOWY,SNOWY,1,-0.036883918010205255,-0.036883918010205255,2183
E73,E14,SNOWY,SNOWY,1,0.001255584900512536,0.001255584900512536,2183
E73,E22,SNOWY,SNOWY,1,-0.03555422475120862,-0.03555422475120862,2183
E73,E38,SNOWY,SNOWY,1,-0.02910835578921845,-0.02910835578921845,2183
E73,E46,SNOWY,SNOWY,1,-0.055431496244601884,-0.055431496244601884,2183
E73,E54,SNOWY,SNOWY,1,-0.000942443027172554,-0.000942443027172554,2183
E73,E79,SNOWY,SNOWY,1,-0.01551304800032463,-0.01551304800032463,2183
E73,E87,SNOWY,SNOWY,1,-0.040069896443133815,-0.040069896443133815,2183
E73,E23,SNOWY,SNOWY,1,-0.0207311175953311,-0.0207311175953311,2183
E73,E39,SNOWY,SNOWY,1,-0.02814207757504831,-0.02814207757504831,2183
E73,E47,SNOWY,SNOWY,1,-0.02348354344465033,-0.02348354344465033,2183
E73,E71,SNOWY,SNOWY,1,0.0006482804556093498,0.0006482804556093498,2183
E73,E80,SNOWY,SNOWY,1,-0.009703680957703064,-0.009703680957703064,2183
E73,E88,SNOWY,SNOWY,1,-0.01605502682704279,-0.01605502682704279,2183
E73,E24,SNOWY,SNOWY,1,0.004849135885847262,0.004849135885847262,2183
E73,E40,SNOWY,SNOWY,1,-0.004265813334126199,-0.004265813334126199,2183
E73,E48,SNOWY,SNOWY,1,-0.012866405490884057,-0.012866405490884057,2183
E73,E72,SNOWY,SNOWY,1,-0.024992558882980156,-0.024992558882980156,2183
E73,E95,SNOWY,SNOWY,1,0.026533464298231252,0.026533464298231252,2183
E73,E96,SNOWY,SNOWY,1,0.0031596919261439762,0.0031596919261439762,2183
E73,E97,SNOWY,SNOWY,1,-0.003500484973862487,-0.003500484973862487,2183
E73,E98,SNOWY,SNOWY,1,-0.05850930609047871,-0.05850930609047871,2183
E73,E99,SNOWY,SNOWY,1,-0.013658661684759538,-0.013658661684759538,2183
E73,E100,SNOWY,SNOWY,1,-0.014591492968452876,-0.014591492968452876,2183
E81,E89,SNOWY,SNOWY,1,-0.03944754998847043,-0.03944754998847043,2183
E81,E25,SNOWY,SNOWY,1,-0.03626262050154957,-0.03626262050154957,2183
E81,E33,SNOWY,SNOWY,1,-0.027202662607231108,-0.027202662607231108,2183
E81,E41,SNOWY,SNOWY,1,-0.057055776608569364,-0.057055776608569364,2183
E81,E49,SNOWY,SNOWY,1,-0.00860084085394503,-0.00860084085394503,2183
E81,E57,SNOWY,SNOWY,1,-0.012903947496363482,-0.012903947496363482,2183
E81,E82,SNOWY,SNOWY,1,-0.04840771169230073,-0.04840771169230073,2183
E81,E26,SNOWY,SNOWY,1,-0.017573289179060533,-0.017573289179060533,2183
E81,E34,SNOWY,SNOWY,1,-0.05087429535010445,-0.05087429535010445,2183
E81,E42,SNOWY,SNOWY,1,-0.016101176466569448,-0.016101176466569448,2183
E81,E50,SNOWY,SNOWY,1,-0.017459689628842853,-0.017459689628842853,2183
E81,E58,SNOWY,SNOWY,1,-0.045999157389496254,-0.045999157389496254,2183
E81,E83,SNOWY,SNOWY,1,0.0005816146256419076,0.0005816146256419076,2183
E81,E27,SNOWY,SNOWY,1,-0.012252895417302938,-0.012252895417302938,2183
E81,E43,SNOWY,SNOWY,1,0.011514862362487758,0.011514862362487758,2183
E81,E51,SNOWY,SNOWY,1,0.028113255496602447,0.028113255496602447,2183
E81,E59,SNOWY,SNOWY,1,-0.02610849637658264,-0.02610849637658264,2183
E81,E67,SNOWY,SNOWY,1,0.006891429442714077,0.006891429442714077,2183
E81,E84,SNOWY,SNOWY,1,-0.04485409009939844,-0.04485409009939844,2183
E81,E36,SNOWY,SNOWY,1,0.0019787296920014893,0.0019787296920014893,2183
E81,E44,SNOWY,SNOWY,1,-0.049848268105062585,-0.049848268105062585,2183
E81,E52,SNOWY,SNOWY,1,-0.060074026671531035,-0.060074026671531035,2183
E81,E85,SNOWY,SNOWY,1,0.013775189181486038,0.013775189181486038,2183
E81,E93,SNOWY,SNOWY,1,-0.024982224365898698,-0.024982224365898698,2183
E81,E13,SNOWY,SNOWY,1,-0.04359294414829375,-0.04359294414829375,2183
E81,E21,SNOWY,SNOWY,1,-0.06452884783996762,-0.06452884783996762,2183
E81,E37,SNOWY,SNOWY,1,-0.03554398688883817,-0.03554398688883817,2183
E81,E45,SNOWY,SNOWY,1,-0.05210872089390164,-0.05210872089390164,2183
E81,E53,SNOWY,SNOWY,1,-0.056730071333236966,-0.056730071333236966,2183
E81,E86,SNOWY,SNOWY,1,0.10626001227144428,0.10626001227144428,2183
E81,E94,SNOWY,SNOWY,1,-0.054366609134648886,-0.054366609134648886,2183
E81,E14,SNOWY,SNOWY,1,0.015987887220979526,0.015987887220979526,2183
E81,E22,SNOWY,SNOWY,1,0.005221633878337014,0.005221633878337014,2183
E81,E38,SNOWY,SNOWY,1,-0.025477602029578026,-0.025477602029578026,2183
E81,E46,SNOWY,SNOWY,1,0.024144124606778804,0.024144124606778804,2183
E81,E54,SNOWY,SNOWY,1,-0.024536096890315846,-0.024536096890315846,2183
E81,E79,SNOWY,SNOWY,1,-0.013478466576357036,-0.013478466576357036,2183
E81,E87,SNOWY,SNOWY,1,-0.014768392082238464,-0.014768392082238464,2183
E81,E23,SNOWY,SNOWY,1,-0.059842284860549357,-0.059842284860549357,2183
E81,E39,SNOWY,SNOWY,1,-0.017941850134013136,-0.017941850134013136,2183
E81,E47,SNOWY,SNOWY,1,0.026660661937541207,0.026660661937541207,2183
E81,E71,SNOWY,SNOWY,1,-0.037002276681673864,-0.037002276681673864,2183
E81,E80,SNOWY,SNOWY,1,-0.019996104212711505,-0.019996104212711505,2183
E81,E88,SNOWY,SNOWY,1,-0.05420368386654057,-0.05420368386654057,2183
E81,E24,SNOWY,SNOWY,1,-0.04917061777029514,-0.04917061777029514,2183
E81,E40,SNOWY,SNOWY,1,-0.02263899910581888,-0.02263899910581888,2183
E81,E48,SNOWY,SNOWY,1,-0.032248455125375004,-0.032248455125375004,2183
E81,E72,SNOWY,SNOWY,1,-0.014525804983036501,-0.014525804983036501,2183
E81,E95,SNOWY,SNOWY,1,-0.07115611944648961,-0.07115611944648961,2183
E81,E96,SNOWY,SNOWY,1,0.00901282165360552,0.00901282165360552,2183
E81,E97,SNOWY,SNOWY,1,-0.02023045467388048,-0.02023045467388048,2183
E81,E98,SNOWY,SNOWY,1,-0.013198519522723048,-0.013198519522723048,2183
E81,E99,SNOWY,SNOWY,1,-0.03693939079083794,-0.03693939079083794,2183
E81,E100,SNOWY,SNOWY,1,-0.044436867524249024,-0.044436867524249024,2183
E89,E25,SNOWY,SNOWY,1,-0.028094106919171614,-0.028094106919171614,2183
E89,E33,SNOWY,SNOWY,1,-0.021303147641016287,-0.021303147641016287,2183
E89,E41,SNOWY,SNOWY,1,-0.04679790040791097,-0.04679790040791097,2183
E89,E49,SNOWY,SNOWY,1,-0.053375343998832994,-0.053375343998832994,2183
E89,E57,SNOWY,SNOWY,1,-0.015079727147075337,-0.015079727147075337,2183
E89,E82,SNOWY,SNOWY,1,-0.06667099852267504,-0.06667099852267504,2183
E89,E26,SNOWY,SNOWY,1,-0.02973002439323874,-0.02973002439323874,2183
E89,E34,SNOWY,SNOWY,1,-0.0005063471515983031,-0.0005063471515983031,2183
E89,E42,SNOWY,SNOWY,1,-0.004136073426674401,-0.004136073426674401,2183
E89,E50,SNOWY,SNOWY,1,-0.034222160622091484,-0.034222160622091484,2183
E89,E58,SNOWY,SNOWY,1,-0.02893817332301386,-0.02893817332301386,2183
E89,E83,SNOWY,SNOWY,1,-0.01728437953151328,-0.01728437953151328,2183
E89,E27,SNOWY,SNOWY,1,-0.024372215367699353,-0.024372215367699353,2183
E89,E43,SNOWY,SNOWY,1,-0.018249304708175266,-0.018249304708175266,2183
E89,E51,SNOWY,SNOWY,1,-0.03310213780909657,-0.03310213780909657,2183
E89,E59,SNOWY,SNOWY,1,-0.03972682820971177,-0.03972682820971177,2183
E89,E67,SNOWY,SNOWY,1,-0.008922460809811057,-0.008922460809811057,2183
E89,E84,SNOWY,SNOWY,1,0.002504036992963252,0.002504036992963252,2183
E89,E36,SNOWY,SNOWY,1,-0.027752212002506493,-0.027752212002506493,2183
E89,E44,SNOWY,SNOWY,1,-0.018043908440105713,-0.018043908440105713,2183
E89,E52,SNOWY,SNOWY,1,0.0002440666645270665,0.0002440666645270665,2183
E89,E85,SNOWY,SNOWY,1,-0.01505018304999349,-0.01505018304999349,2183
E89,E93,SNOWY,SNOWY,1,-0.02114381857821599,-0.02114381857821599,2183
E89,E13,SNOWY,SNOWY,1,-0.011510394649845972,-0.011510394649845972,2183
E89,E21,SNOWY,SNOWY,1,-0.009732371083265827,-0.009732371083265827,2183
E89,E37,SNOWY,SNOWY,1,-0.03878926782517448,-0.03878926782517448,2183
E89,E45,SNOWY,SNOWY,1,-0.022749148318599678,-0.022749148318599678,2183
E89,E53,SNOWY,SNOWY,1,-0.000936833091903979,-0.000936833091903979,2183
E89,E86,SNOWY,SNOWY,1,0.010930622353074059,0.010930622353074059,2183
E89,E94,SNOWY,SNOWY,1,-0.007641054855822693,-0.007641054855822693,2183
E89,E14,SNOWY,SNOWY,1,0.012710699176516857,0.012710699176516857,2183
E89,E22,SNOWY,SNOWY,1,-0.008170515063770683,-0.008170515063770683,2183
E89,E38,SNOWY,SNOWY,1,-0.03306901887531789,-0.03306901887531789,2183
E89,E46,SNOWY,SNOWY,1,-0.013622202575272406,-0.013622202575272406,2183
E89,E54,SNOWY,SNOWY,1,-0.020809764321940108,-0.020809764321940108,2183
E89,E79,SNOWY,SNOWY,1,0.04006925203663464,0.04006925203663464,2183
E89,E87,SNOWY,SNOWY,1,-0.01556749871203132,-0.01556749871203132,2183
E89,E23,SNOWY,SNOWY,1,-0.033234979367043456,-0.033234979367043456,2183
E89,E39,SNOWY,SNOWY,1,-0.007798111137242633,-0.007798111137242633,2183
E89,E47,SNOWY,SNOWY,1,-0.016143997403447526,-0.016143997403447526,2183
E89,E71,SNOWY,SNOWY,1,-0.05361968696804371,-0.05361968696804371,2183
E89,E80,SNOWY,SNOWY,1,-0.03437169422596181,-0.03437169422596181,2183
E89,E88,SNOWY,SNOWY,1,-0.03858885091954018,-0.03858885091954018,2183
E89,E24,SNOWY,SNOWY,1,-0.02572286529327813,-0.02572286529327813,2183
E89,E40,SNOWY,SNOWY,1,0.0026294218167459004,0.0026294218167459004,2183
E89,E48,SNOWY,SNOWY,1,0.0017564853444538742,0.0017564853444538742,2183
E89,E72,SNOWY,SNOWY,1,0.04163311808788455,0.04163311808788455,2183
E89,E95,SNOWY,SNOWY,1,-0.038121102880505534,-0.038121102880505534,2183
E89,E96,SNOWY,SNOWY,1,-0.0355642016838794,-0.0355642016838794,2183
E89,E97,SNOWY,SNOWY,1,0.03559422537957559,0.03559422537957559,2183
E89,E98,SNOWY,SNOWY,1,-0.0302043165276949,-0.0302043165276949,2183
E89,E99,SNOWY,SNOWY,1,-0.043040169763731914,-0.043040169763731914,2183
E89,E100,SNOWY,SNOWY,1,-0.04077671495402541,-0.04077671495402541,2183
E25,E33,SNOWY,SNOWY,1,-0.07787447078005182,-0.07787447078005182,2183
E25,E41,SNOWY,SNOWY,1,-0.06486403509526109,-0.06486403509526109,2183
E25,E49,SNOWY,SNOWY,1,-0.03809126032849495,-0.03809126032849495,2183
E25,E57,SNOWY,SNOWY,1,-0.03341090729893226,-0.03341090729893226,2183
E25,E82,SNOWY,SNOWY,1,-0.03607177669642469,-0.03607177669642469,2183
E25,E26,SNOWY,SNOWY,1,-0.028359125460959454,-0.028359125460959454,2183
E25,E34,SNOWY,SNOWY,1,-0.029201637755897854,-0.029201637755897854,2183
E25,E42,SNOWY,SNOWY,1,-0.024571606747155146,-0.024571606747155146,2183
E25,E50,SNOWY,SNOWY,1,0.007022265618776723,0.007022265618776723,2183
E25,E58,SNOWY,SNOWY,1,-0.03187266338466805,-0.03187266338466805,2183
E25,E83,SNOWY,SNOWY,1,-0.005864750031451571,-0.005864750031451571,2183
E25,E27,SNOWY,SNOWY,1,-0.047113910727383766,-0.047113910727383766,2183
E25,E43,SNOWY,SNOWY,1,-0.015257772161192456,-0.015257772161192456,2183
E25,E51,SNOWY,SNOWY,1,-0.02715926659984767,-0.02715926659984767,2183
E25,E59,SNOWY,SNOWY,1,0.3855092964708414,0.3855092964708414,2183
E25,E67,SNOWY,SNOWY,1,-0.01871030240571126,-0.01871030240571126,2183
E25,E84,SNOWY,SNOWY,1,-0.024687665561633113,-0.024687665561633113,2183
E25,E36,SNOWY,SNOWY,1,-0.0485457109822901,-0.0485457109822901,2183
E25,E44,SNOWY,SNOWY,1,-0.03690448756066231,-0.03690448756066231,2183
E25,E52,SNOWY,SNOWY,1,-0.01814425518774342,-0.01814425518774342,2183
E25,E85,SNOWY,SNOWY,1,0.006051020758869521,0.006051020758869521,2183
E25,E93,SNOWY,SNOWY,1,-0.06080256295109041,-0.06080256295109041,2183
E25,E13,SNOWY,SNOWY,1,-0.014310926251831828,-0.014310926251831828,2183
E25,E21,SNOWY,SNOWY,1,-0.04817151813536813,-0.04817151813536813,2183
E25,E37,SNOWY,SNOWY,1,-0.05433707860683361,-0.05433707860683361,2183
E25,E45,SNOWY,SNOWY,1,-0.03107395415606234,-0.03107395415606234,2183
E25,E53,SNOWY,SNOWY,1,-0.044982462651657014,-0.044982462651657014,2183
E25,E86,SNOWY,SNOWY,1,-0.03381331693605865,-0.03381331693605865,2183
E25,E94,SNOWY,SNOWY,1,0.008414994012745347,0.008414994012745347,2183
E25,E14,SNOWY,SNOWY,1,-0.039514981784974014,-0.039514981784974014,2183
E25,E22,SNOWY,SNOWY,1,0.007092356440259614,0.007092356440259614,2183
E25,E38,SNOWY,SNOWY,1,-0.00035309537395874,-0.00035309537395874,2183
E25,E46,SNOWY,SNOWY,1,-0.041635691017066136,-0.041635691017066136,2183
E25,E54,SNOWY,SNOWY,1,-0.044040437849349044,-0.044040437849349044,2183
E25,E79,SNOWY,SNOWY,1,-0.02569489869382774,-0.02569489869382774,2183
E25,E87,SNOWY,SNOWY,1,-0.021184536439676556,-0.021184536439676556,2183
E25,E23,SNOWY,SNOWY,1,-0.039846107326700964,-0.039846107326700964,2183
E25,E39,SNOWY,SNOWY,1,-0.04335363788308531,-0.04335363788308531,2183
E25,E47,SNOWY,SNOWY,1,-0.043791774356899904,-0.043791774356899904,2183
E25,E71,SNOWY,SNOWY,1,-0.044708760196123166,-0.044708760196123166,2183
E25,E80,SNOWY,SNOWY,1,-0.04195098615740253,-0.04195098615740253,2183
E25,E88,SNOWY,SNOWY,1,0.15486410315866309,0.15486410315866309,2183
E25,E24,SNOWY,SNOWY,1,-0.03696951004661249,-0.03696951004661249,2183
E25,E40,SNOWY,SNOWY,1,-0.04129980017419064,-0.04129980017419064,2183
E25,E48,SNOWY,SNOWY,1,-0.01844532352696721,-0.01844532352696721,2183
E25,E72,SNOWY,SNOWY,1,-0.022109100455533555,-0.022109100455533555,2183
E25,E95,SNOWY,SNOWY,1,-0.002389967977541119,-0.002389967977541119,2183
E25,E96,SNOWY,SNOWY,1,0.05417657922386619,0.05417657922386619,2183
E25,E97,SNOWY,SNOWY,1,-0.019684219100296958,-0.019684219100296958,2183
E25,E98,SNOWY,SNOWY,1,-0.03751978519044781,-0.03751978519044781,2183
E25,E99,SNOWY,SNOWY,1,0.054330062108110755,0.054330062108110755,2183
E25,E100,SNOWY,SNOWY,1,-0.03837015188946264,-0.03837015188946264,2183
E33,E41,SNOWY,SNOWY,1,-0.028562441851697942,-0.028562441851697942,2183
E33,E49,SNOWY,SNOWY,1,-0.03621244494642468,-0.03621244494642468,2183
E33,E57,SNOWY,SNOWY,1,0.029102157352549354,0.029102157352549354,2183
E33,E82,SNOWY,SNOWY,1,0.03319392632139959,0.03319392632139959,2183
E33,E26,SNOWY,SNOWY,1,-0.08157946942949139,-0.08157946942949139,2183
E33,E34,SNOWY,SNOWY,1,-0.02324800330610487,-0.02324800330610487,2183
E33,E42,SNOWY,SNOWY,1,-0.06080104132959238,-0.06080104132959238,2183
E33,E50,SNOWY,SNOWY,1,-0.04228922357849388,-0.04228922357849388,2183
E33,E58,SNOWY,SNOWY,1,0.00025702731915855354,0.00025702731915855354,2183
E33,E83,SNOWY,SNOWY,1,-0.033501818906226395,-0.033501818906226395,2183
E33,E27,SNOWY,SNOWY,1,-0.022911062216412783,-0.022911062216412783,2183
E33,E43,SNOWY,SNOWY,1,-0.060469839863858545,-0.060469839863858545,2183
E33,E51,SNOWY,SNOWY,1,0.011599797797811224,0.011599797797811224,2183
E33,E59,SNOWY,SNOWY,1,-0.04213427108513073,-0.04213427108513073,2183
E33,E67,SNOWY,SNOWY,1,-0.05095656086513606,-0.05095656086513606,2183
E33,E84,SNOWY,SNOWY,1,0.01652606720556157,0.01652606720556157,2183
E33,E36,SNOWY,SNOWY,1,-0.06261869100464765,-0.06261869100464765,2183
E33,E44,SNOWY,SNOWY,1,-0.04189914651045383,-0.04189914651045383,2183
E33,E52,SNOWY,SNOWY,1,-0.06707518613274477,-0.06707518613274477,2183
E33,E85,SNOWY,SNOWY,1,-0.029256265326237374,-0.029256265326237374,2183
E33,E93,SNOWY,SNOWY,1,-0.025741274206412056,-0.025741274206412056,2183
E33,E13,SNOWY,SNOWY,1,-0.025416959400558797,-0.025416959400558797,2183
E33,E21,SNOWY,SNOWY,1,-0.046221162241845616,-0.046221162241845616,2183
E33,E37,SNOWY,SNOWY,1,-0.08422199310703188,-0.08422199310703188,2183
E33,E45,SNOWY,SNOWY,1,-0.03143567900183654,-0.03143567900183654,2183
E33,E53,SNOWY,SNOWY,1,-0.006642578364009827,-0.006642578364009827,2183
E33,E86,SNOWY,SNOWY,1,-0.05097989594026525,-0.05097989594026525,2183
E33,E94,SNOWY,SNOWY,1,-0.033173776384069965,-0.033173776384069965,2183
E33,E14,SNOWY,SNOWY,1,-0.03232756493848525,-0.03232756493848525,2183
E33,E22,SNOWY,SNOWY,1,-0.025848165953079927,-0.025848165953079927,2183
E33,E38,SNOWY,SNOWY,1,-0.015439793598434916,-0.015439793598434916,2183
E33,E46,SNOWY,SNOWY,1,-0.038659142575755534,-0.038659142575755534,2183
E33,E54,SNOWY,SNOWY,1,-0.013010997405077114,-0.013010997405077114,2183
E33,E79,SNOWY,SNOWY,1,-0.014295409995647672,-0.014295409995647672,2183
E33,E87,SNOWY,SNOWY,1,0.1537625726972832,0.1537625726972832,2183
E33,E23,SNOWY,SNOWY,1,0.008487877728257636,0.008487877728257636,2183
E33,E39,SNOWY,SNOWY,1,-0.045930527117774046,-0.045930527117774046,2183
E33,E47,SNOWY,SNOWY,1,-0.0407294284286224,-0.0407294284286224,2183
E33,E71,SNOWY,SNOWY,1,0.4158977499379751,0.4158977499379751,2183
E33,E80,SNOWY,SNOWY,1,-0.006347205189854834,-0.006347205189854834,2183
E33,E88,SNOWY,SNOWY,1,-0.03216066621642875,-0.03216066621642875,2183
E33,E24,SNOWY,SNOWY,1,-0.0020167543649824995,-0.0020167543649824995,2183
E33,E40,SNOWY,SNOWY,1,-0.0039941631590360155,-0.0039941631590360155,2183
E33,E48,SNOWY,SNOWY,1,-0.01636647135092127,-0.01636647135092127,2183
E33,E72,SNOWY,SNOWY,1,-0.038281368772414795,-0.038281368772414795,2183
E33,E95,SNOWY,SNOWY,1,-0.006823599364270293,-0.006823599364270293,2183
E33,E96,SNOWY,SNOWY,1,-0.05838296984117519,-0.05838296984117519,2183
E33,E97,SNOWY,SNOWY,1,-0.04090109789851602,-0.04090109789851602,2183
E33,E98,SNOWY,SNOWY,1,-0.055267931946715296,-0.055267931946715296,2183
E33,E99,SNOWY,SNOWY,1,-0.05879622258602287,-0.05879622258602287,2183
E33,E100,SNOWY,SNOWY,1,0.012774141048757475,0.012774141048757475,2183
E41,E49,SNOWY,SNOWY,1,-0.03128652892323165,-0.03128652892323165,2183
E41,E57,SNOWY,SNOWY,1,-0.018052498008960298,-0.018052498008960298,2183
E41,E82,SNOWY,SNOWY,1,0.007995110744206637,0.007995110744206637,2183
E41,E26,SNOWY,SNOWY,1,0.027302577039454753,0.027302577039454753,2183
E41,E34,SNOWY,SNOWY,1,-0.009368513107071503,-0.009368513107071503,2183
E41,E42,SNOWY,SNOWY,1,0.0013024600911644812,0.0013024600911644812,2183
E41,E50,SNOWY,SNOWY,1,-0.05213576068312316,-0.05213576068312316,2183
E41,E58,SNOWY,SNOWY,1,-0.057854527201995104,-0.057854527201995104,2183
E41,E83,SNOWY,SNOWY,1,0.012711227362646323,0.012711227362646323,2183
E41,E27,SNOWY,SNOWY,1,-0.05654767626148821,-0.05654767626148821,2183
E41,E43,SNOWY,SNOWY,1,-0.0017493242327138992,-0.0017493242327138992,2183
E41,E51,SNOWY,SNOWY,1,-0.033841830260271495,-0.033841830260271495,2183
E41,E59,SNOWY,SNOWY,1,-0.05930169958703601,-0.05930169958703601,2183
E41,E67,SNOWY,SNOWY,1,-0.005697986971603427,-0.005697986971603427,2183
E41,E84,SNOWY,SNOWY,1,-0.05673716416998477,-0.05673716416998477,2183
E41,E36,SNOWY,SNOWY,1,0.037496163895488495,0.037496163895488495,2183
E41,E44,SNOWY,SNOWY,1,0.21183772810885432,0.21183772810885432,2183
E41,E52,SNOWY,SNOWY,1,-0.04375351134030917,-0.04375351134030917,2183
E41,E85,SNOWY,SNOWY,1,-0.019540914342636606,-0.019540914342636606,2183
E41,E93,SNOWY,SNOWY,1,-0.04219526388466247,-0.04219526388466247,2183
E41,E13,SNOWY,SNOWY,1,-0.0172809596514819,-0.0172809596514819,2183
E41,E21,SNOWY,SNOWY,1,-0.031670256867565603,-0.031670256867565603,2183
E41,E37,SNOWY,SNOWY,1,0.008180932161470068,0.008180932161470068,2183
E41,E45,SNOWY,SNOWY,1,-0.023547042756063088,-0.023547042756063088,2183
E41,E53,SNOWY,SNOWY,1,-0.028612442125472932,-0.028612442125472932,2183
E41,E86,SNOWY,SNOWY,1,-0.03744777736844671,-0.03744777736844671,2183
E41,E94,SNOWY,SNOWY,1,-0.012167983222452513,-0.012167983222452513,2183
E41,E14,SNOWY,SNOWY,1,0.008074069061485698,0.008074069061485698,2183
E41,E22,SNOWY,SNOWY,1,-0.020554800642696516,-0.020554800642696516,2183
E41,E38,SNOWY,SNOWY,1,0.008064740398348294,0.008064740398348294,2183
E41,E46,SNOWY,SNOWY,1,-0.011170304759313913,-0.011170304759313913,2183
E41,E54,SNOWY,SNOWY,1,-0.03233106488217584,-0.03233106488217584,2183
E41,E79,SNOWY,SNOWY,1,-0.0440272901914705,-0.0440272901914705,2183
E41,E87,SNOWY,SNOWY,1,-0.029402610231015806,-0.029402610231015806,2183
E41,E23,SNOWY,SNOWY,1,-0.017995761021066804,-0.017995761021066804,2183
E41,E39,SNOWY,SNOWY,1,0.016883858346650484,0.016883858346650484,2183
E41,E47,SNOWY,SNOWY,1,-0.03890740838145996,-0.03890740838145996,2183
E41,E71,SNOWY,SNOWY,1,-0.01963099927820357,-0.01963099927820357,2183
E41,E80,SNOWY,SNOWY,1,-0.04070071192682239,-0.04070071192682239,2183
E41,E88,SNOWY,SNOWY,1,-0.005232462961797237,-0.005232462961797237,2183
E41,E24,SNOWY,SNOWY,1,0.015892993666251194,0.015892993666251194,2183
E41,E40,SNOWY,SNOWY,1,-0.015373472476327475,-0.015373472476327475,2183
E41,E48,SNOWY,SNOWY,1,-0.04328074261794263,-0.04328074261794263,2183
E41,E72,SNOWY,SNOWY,1,-0.03995193693181666,-0.03995193693181666,2183
E41,E95,SNOWY,SNOWY,1,-0.01607046947512122,-0.01607046947512122,2183
E41,E96,SNOWY,SNOWY,1,-0.05312163254561521,-0.05312163254561521,2183
E41,E97,SNOWY,SNOWY,1,-0.03499723982016145,-0.03499723982016145,2183
E41,E98,SNOWY,SNOWY,1,-0.01424569494180406,-0.01424569494180406,2183
E41,E99,SNOWY,SNOWY,1,-0.05878220076582292,-0.05878220076582292,2183
E41,E100,SNOWY,SNOWY,1,-0.00792396070621404,-0.00792396070621404,2183
E49,E57,SNOWY,SNOWY,1,-0.05073590246893976,-0.05073590246893976,2183
E49,E82,SNOWY,SNOWY,1,-0.05161636471100279,-0.05161636471100279,2183
E49,E26,SNOWY,SNOWY,1,-0.02799177942756158,-0.02799177942756158,2183
E49,E34,SNOWY,SNOWY,1,-0.04630922089357788,-0.04630922089357788,2183
E49,E42,SNOWY,SNOWY,1,-0.025443234349717767,-0.025443234349717767,2183
E49,E50,SNOWY,SNOWY,1,0.0003854151561298248,0.0003854151561298248,2183
E49,E58,SNOWY,SNOWY,1,-0.02506575498112293,-0.02506575498112293,2183
E49,E83,SNOWY,SNOWY,1,0.0014416704865434292,0.0014416704865434292,2183
E49,E27,SNOWY,SNOWY,1,0.007473967307131263,0.007473967307131263,2183
E49,E43,SNOWY,SNOWY,1,-0.032528929845932815,-0.032528929845932815,2183
E49,E51,SNOWY,SNOWY,1,0.0026907447842021144,0.0026907447842021144,2183
E49,E59,SNOWY,SNOWY,1,-0.017168405360726058,-0.017168405360726058,2183
E49,E67,SNOWY,SNOWY,1,-0.025400053636156283,-0.025400053636156283,2183
E49,E84,SNOWY,SNOWY,1,-0.0803970695209385,-0.0803970695209385,2183
E49,E36,SNOWY,SNOWY,1,-0.03494341361914805,-0.03494341361914805,2183
E49,E44,SNOWY,SNOWY,1,0.001974158751669099,0.001974158751669099,2183
E49,E52,SNOWY,SNOWY,1,-0.020305309339807287,-0.020305309339807287,2183
E49,E85,SNOWY,SNOWY,1,0.045603511075939455,0.045603511075939455,2183
E49,E93,SNOWY,SNOWY,1,-0.008241873413515864,-0.008241873413515864,2183
E49,E13,SNOWY,SNOWY,1,-0.02341254189195182,-0.02341254189195182,2183
E49,E21,SNOWY,SNOWY,1,-0.029417138748141884,-0.029417138748141884,2183
E49,E37,SNOWY,SNOWY,1,-0.030495557273002516,-0.030495557273002516,2183
E49,E45,SNOWY,SNOWY,1,-0.0397208670348292,-0.0397208670348292,2183
E49,E53,SNOWY,SNOWY,1,-0.025421137820618278,-0.025421137820618278,2183
E49,E86,SNOWY,SNOWY,1,0.0011428965397368277,0.0011428965397368277,2183
E49,E94,SNOWY,SNOWY,1,-0.006305095309627775,-0.006305095309627775,2183
E49,E14,SNOWY,SNOWY,1,-0.02427285891512865,-0.02427285891512865,2183
E49,E22,SNOWY,SNOWY,1,-0.017962641180050976,-0.017962641180050976,2183
E49,E38,SNOWY,SNOWY,1,0.1743554395913367,0.1743554395913367,2183
E49,E46,SNOWY,SNOWY,1,-0.04025626345858935,-0.04025626345858935,2183
E49,E54,SNOWY,SNOWY,1,-0.046600804043282915,-0.046600804043282915,2183
E49,E79,SNOWY,SNOWY,1,-0.029040390518021146,-0.029040390518021146,2183
E49,E87,SNOWY,SNOWY,1,-0.009796901518257501,-0.009796901518257501,2183
E49,E23,SNOWY,SNOWY,1,-0.013482573067590238,-0.013482573067590238,2183
E49,E39,SNOWY,SNOWY,1,-0.015108018068205543,-0.015108018068205543,2183
E49,E47,SNOWY,SNOWY,1,-0.031831557089085326,-0.031831557089085326,2183
E49,E71,SNOWY,SNOWY,1,-0.012937060884344575,-0.012937060884344575,2183
E49,E80,SNOWY,SNOWY,1,-0.02466159137796104,-0.02466159137796104,2183
E49,E88,SNOWY,SNOWY,1,-0.0319627022173743,-0.0319627022173743,2183
E49,E24,SNOWY,SNOWY,1,0.007443645473829841,0.007443645473829841,2183
E49,E40,SNOWY,SNOWY,1,-0.019894986066156726,-0.019894986066156726,2183
E49,E48,SNOWY,SNOWY,1,-0.01322516047115507,-0.01322516047115507,2183
E49,E72,SNOWY,SNOWY,1,-0.02900973999167303,-0.02900973999167303,2183
E49,E95,SNOWY,SNOWY,1,-0.037623175107609805,-0.037623175107609805,2183
E49,E96,SNOWY,SNOWY,1,-0.03390697187025941,-0.03390697187025941,2183
E49,E97,SNOWY,SNOWY,1,-0.03218629092824139,-0.03218629092824139,2183
E49,E98,SNOWY,SNOWY,1,-0.02243531824960766,-0.02243531824960766,2183
E49,E99,SNOWY,SNOWY,1,-0.026248337835447878,-0.026248337835447878,2183
E49,E100,SNOWY,SNOWY,1,-0.017095620489555104,-0.017095620489555104,2183
E57,E82,SNOWY,SNOWY,1,0.07202596365582653,0.07202596365582653,2183
E57,E26,SNOWY,SNOWY,1,0.0033763341197508667,0.0033763341197508667,2183
E57,E34,SNOWY,SNOWY,1,-0.015573845610142622,-0.015573845610142622,2183
E57,E42,SNOWY,SNOWY,1,-0.03306229855235576,-0.03306229855235576,2183
E57,E50,SNOWY,SNOWY,1,-0.023160479127220513,-0.023160479127220513,2183
E57,E58,SNOWY,SNOWY,1,-0.005227112174805089,-0.005227112174805089,2183
E57,E83,SNOWY,SNOWY,1,-0.028848061323508103,-0.028848061323508103,2183
E57,E27,SNOWY,SNOWY,1,-0.048861814027370505,-0.048861814027370505,2183
E57,E43,SNOWY,SNOWY,1,-0.035178187230055565,-0.035178187230055565,2183
E57,E51,SNOWY,SNOWY,1,-0.004619343164942039,-0.004619343164942039,2183
E57,E59,SNOWY,SNOWY,1,-0.041607366872901494,-0.041607366872901494,2183
E57,E67,SNOWY,SNOWY,1,-0.018317673921865934,-0.018317673921865934,2183
E57,E84,SNOWY,SNOWY,1,0.02608381850892084,0.02608381850892084,2183
E57,E36,SNOWY,SNOWY,1,-0.0628864161460086,-0.0628864161460086,2183
E57,E44,SNOWY,SNOWY,1,-0.029777587050016825,-0.029777587050016825,2183
E57,E52,SNOWY,SNOWY,1,-0.03179851199404968,-0.03179851199404968,2183
E57,E85,SNOWY,SNOWY,1,0.0027682640281170524,0.0027682640281170524,2183
E57,E93,SNOWY,SNOWY,1,-0.03284306889598493,-0.03284306889598493,2183
E57,E13,SNOWY,SNOWY,1,-0.018772261903451475,-0.018772261903451475,2183
E57,E21,SNOWY,SNOWY,1,-0.011103436041435702,-0.011103436041435702,2183
E57,E37,SNOWY,SNOWY,1,-0.027512910191851602,-0.027512910191851602,2183
E57,E45,SNOWY,SNOWY,1,-0.015895344954878165,-0.015895344954878165,2183
E57,E53,SNOWY,SNOWY,1,-0.039086159362017925,-0.039086159362017925,2183
E57,E86,SNOWY,SNOWY,1,-0.04053467418598691,-0.04053467418598691,2183
E57,E94,SNOWY,SNOWY,1,-0.014733742648515156,-0.014733742648515156,2183
E57,E14,SNOWY,SNOWY,1,-0.02354676886004166,-0.02354676886004166,2183
E57,E22,SNOWY,SNOWY,1,-0.00508346203470571,-0.00508346203470571,2183
E57,E38,SNOWY,SNOWY,1,-0.024770438509481178,-0.024770438509481178,2183
E57,E46,SNOWY,SNOWY,1,-0.022687710336107773,-0.022687710336107773,2183
E57,E54,SNOWY,SNOWY,1,-0.03362009353608789,-0.03362009353608789,2183
E57,E79,SNOWY,SNOWY,1,-0.029065260141062695,-0.029065260141062695,2183
E57,E87,SNOWY,SNOWY,1,0.015679337573993944,0.015679337573993944,2183
E57,E23,SNOWY,SNOWY,1,-0.018379934476007904,-0.018379934476007904,2183
E57,E39,SNOWY,SNOWY,1,-0.037355381100080735,-0.037355381100080735,2183
E57,E47,SNOWY,SNOWY,1,-0.027081351155734092,-0.027081351155734092,2183
E57,E71,SNOWY,SNOWY,1,0.01900191595542642,0.01900191595542642,2183
E57,E80,SNOWY,SNOWY,1,-0.02297551164173839,-0.02297551164173839,2183
E57,E88,SNOWY,SNOWY,1,-0.02506720104980589,-0.02506720104980589,2183
E57,E24,SNOWY,SNOWY,1,-0.00278863655989385,-0.00278863655989385,2183
E57,E40,SNOWY,SNOWY,1,0.02046967365943634,0.02046967365943634,2183
E57,E48,SNOWY,SNOWY,1,-0.011837130087076531,-0.011837130087076531,2183
E57,E72,SNOWY,SNOWY,1,-0.04405988826520433,-0.04405988826520433,2183
E57,E95,SNOWY,SNOWY,1,0.011516476872120129,0.011516476872120129,2183
E57,E96,SNOWY,SNOWY,1,-0.03503680069045095,-0.03503680069045095,2183
E57,E97,SNOWY,SNOWY,1,-0.02765940199455276,-0.02765940199455276,2183
E57,E98,SNOWY,SNOWY,1,-0.03793401873488375,-0.03793401873488375,2183
E57,E99,SNOWY,SNOWY,1,-0.009597196488403481,-0.009597196488403481,2183
E57,E100,SNOWY,SNOWY,1,-0.009774029581304567,-0.009774029581304567,2183
E82,E26,SNOWY,SNOWY,1,-0.049877520097475855,-0.049877520097475855,2183
E82,E34,SNOWY,SNOWY,1,-0.03796259918283754,-0.03796259918283754,2183
E82,E42,SNOWY,SNOWY,1,-0.05205566073926759,-0.05205566073926759,2183
E82,E50,SNOWY,SNOWY,1,-0.03286762524199315,-0.03286762524199315,2183
E82,E58,SNOWY,SNOWY,1,-0.0314653377913794,-0.0314653377913794,2183
E82,E83,SNOWY,SNOWY,1,-0.009298813214739098,-0.009298813214739098,2183
E82,E27,SNOWY,SNOWY,1,-0.047195850159919533,-0.047195850159919533,2183
E82,E43,SNOWY,SNOWY,1,-0.059877226869531404,-0.059877226869531404,2183
E82,E51,SNOWY,SNOWY,1,-0.015432642224979072,-0.015432642224979072,2183
E82,E59,SNOWY,SNOWY,1,-0.05973526779573742,-0.05973526779573742,2183
E82,E67,SNOWY,SNOWY,1,-0.007574973048169536,-0.007574973048169536,2183
E82,E84,SNOWY,SNOWY,1,0.23745121417577353,0.23745121417577353,2183
E82,E36,SNOWY,SNOWY,1,-0.05535672058831483,-0.05535672058831483,2183
E82,E44,SNOWY,SNOWY,1,-0.0537026215229431,-0.0537026215229431,2183
E82,E52,SNOWY,SNOWY,1,-0.028727945679174718,-0.028727945679174718,2183
E82,E85,SNOWY,SNOWY,1,0.0011695789093797238,0.0011695789093797238,2183
E82,E93,SNOWY,SNOWY,1,-0.017677807945288893,-0.017677807945288893,2183
E82,E13,SNOWY,SNOWY,1,-0.021502812066838014,-0.021502812066838014,2183
E82,E21,SNOWY,SNOWY,1,-0.0408867984293971,-0.0408867984293971,2183
E82,E37,SNOWY,SNOWY,1,-0.05190325754594937,-0.05190325754594937,2183
E82,E45,SNOWY,SNOWY,1,-0.03703642261916068,-0.03703642261916068,2183
E82,E53,SNOWY,SNOWY,1,-0.013677935959671277,-0.013677935959671277,2183
E82,E86,SNOWY,SNOWY,1,-0.03162616546801294,-0.03162616546801294,2183
E82,E94,SNOWY,SNOWY,1,-0.02489110534679348,-0.02489110534679348,2183
E82,E14,SNOWY,SNOWY,1,0.01092898986750835,0.01092898986750835,2183
E82,E22,SNOWY,SNOWY,1,-0.03587323943104095,-0.03587323943104095,2183
E82,E38,SNOWY,SNOWY,1,-0.004965864551172099,-0.004965864551172099,2183
E82,E46,SNOWY,SNOWY,1,-0.021079204978205004,-0.021079204978205004,2183
E82,E54,SNOWY,SNOWY,1,-0.04101608651067547,-0.04101608651067547,2183
E82,E79,SNOWY,SNOWY,1,-0.003911622023357646,-0.003911622023357646,2183
E82,E87,SNOWY,SNOWY,1,0.013662024994744452,0.013662024994744452,2183
E82,E23,SNOWY,SNOWY,1,-0.033342807535723835,-0.033342807535723835,2183
E82,E39,SNOWY,SNOWY,1,-0.0524207256782854,-0.0524207256782854,2183
E82,E47,SNOWY,SNOWY,1,-0.040626353692811874,-0.040626353692811874,2183
E82,E71,SNOWY,SNOWY,1,-0.00914595666704577,-0.00914595666704577,2183
E82,E80,SNOWY,SNOWY,1,-0.025118846009611135,-0.025118846009611135,2183
E82,E88,SNOWY,SNOWY,1,-0.028192511103231493,-0.028192511103231493,2183
E82,E24,SNOWY,SNOWY,1,-0.036729906938360105,-0.036729906938360105,2183
E82,E40,SNOWY,SNOWY,1,-0.01587372449256936,-0.01587372449256936,2183
E82,E48,SNOWY,SNOWY,1,-0.02560287432603104,-0.02560287432603104,2183
E82,E72,SNOWY,SNOWY,1,-0.007891701466417734,-0.007891701466417734,2183
E82,E95,SNOWY,SNOWY,1,0.06461082062856427,0.06461082062856427,2183
E82,E96,SNOWY,SNOWY,1,-0.05718764828527604,-0.05718764828527604,2183
E82,E97,SNOWY,SNOWY,1,-0.015035344636825331,-0.015035344636825331,2183
E82,E98,SNOWY,SNOWY,1,-0.024289615739593595,-0.024289615739593595,2183
E82,E99,SNOWY,SNOWY,1,-0.053771932045271836,-0.053771932045271836,2183
E82,E100,SNOWY,SNOWY,1,-0.05228983141779619,-0.05228983141779619,2183
E26,E34,SNOWY,SNOWY,1,-0.04565531529244708,-0.04565531529244708,2183
E26,E42,SNOWY,SNOWY,1,0.11146626187954235,0.11146626187954235,2183
E26,E50,SNOWY,SNOWY,1,-0.038176420098318335,-0.038176420098318335,2183
E26,E58,SNOWY,SNOWY,1,-0.06855222016282361,-0.06855222016282361,2183
E26,E83,SNOWY,SNOWY,1,-0.027337789370335118,-0.027337789370335118,2183
E26,E27,SNOWY,SNOWY,1,-0.028836980222383905,-0.028836980222383905,2183
E26,E43,SNOWY,SNOWY,1,-0.032687055977937966,-0.032687055977937966,2183
E26,E51,SNOWY,SNOWY,1,-0.05309524253099671,-0.05309524253099671,2183
E26,E59,SNOWY,SNOWY,1,-0.04055985455274454,-0.04055985455274454,2183
E26,E67,SNOWY,SNOWY,1,0.0047079060149215314,0.0047079060149215314,2183
E26,E84,SNOWY,SNOWY,1,-0.023083029080384797,-0.023083029080384797,2183
E26,E36,SNOWY,SNOWY,1,0.1148202433346548,0.1148202433346548,2183
E26,E44,SNOWY,SNOWY,1,0.011069900895212736,0.011069900895212736,2183
E26,E52,SNOWY,SNOWY,1,-0.07176264979585635,-0.07176264979585635,2183
E26,E85,SNOWY,SNOWY,1,-0.06223335200348636,-0.06223335200348636,2183
E26,E93,SNOWY,SNOWY,1,-0.030118958275845816,-0.030118958275845816,2183
E26,E13,SNOWY,SNOWY,1,-0.033050917101763395,-0.033050917101763395,2183
E26,E21,SNOWY,SNOWY,1,-0.07408619891013435,-0.07408619891013435,2183
E26,E37,SNOWY,SNOWY,1,0.46575173797859676,0.46575173797859676,2183
E26,E45,SNOWY,SNOWY,1,-0.019068285297113404,-0.019068285297113404,2183
E26,E53,SNOWY,SNOWY,1,-0.04582866322048104,-0.04582866322048104,2183
E26,E86,SNOWY,SNOWY,1,-0.0328585614139958,-0.0328585614139958,2183
E26,E94,SNOWY,SNOWY,1,-0.05203102073868132,-0.05203102073868132,2183
E26,E14,SNOWY,SNOWY,1,-0.06323441719656892,-0.06323441719656892,2183
E26,E22,SNOWY,SNOWY,1,-0.051203712741453564,-0.051203712741453564,2183
E26,E38,SNOWY,SNOWY,1,-0.06443241926376171,-0.06443241926376171,2183
E26,E46,SNOWY,SNOWY,1,-0.028375503820390748,-0.028375503820390748,2183
E26,E54,SNOWY,SNOWY,1,-0.04327779564674765,-0.04327779564674765,2183
E26,E79,SNOWY,SNOWY,1,-0.03732477081550432,-0.03732477081550432,2183
E26,E87,SNOWY,SNOWY,1,-0.029065420104409774,-0.029065420104409774,2183
E26,E23,SNOWY,SNOWY,1,-0.06513995435353122,-0.06513995435353122,2183
E26,E39,SNOWY,SNOWY,1,0.020306103681289683,0.020306103681289683,2183
E26,E47,SNOWY,SNOWY,1,-0.04496610957870774,-0.04496610957870774,2183
E26,E71,SNOWY,SNOWY,1,-0.06839281877499939,-0.06839281877499939,2183
E26,E80,SNOWY,SNOWY,1,-0.06907788739034473,-0.06907788739034473,2183
E26,E88,SNOWY,SNOWY,1,-0.058224665344658255,-0.058224665344658255,2183
E26,E24,SNOWY,SNOWY,1,-0.02727553674223239,-0.02727553674223239,2183
E26,E40,SNOWY,SNOWY,1,-0.0389759010252414,-0.0389759010252414,2183
E26,E48,SNOWY,SNOWY,1,-0.0655565099186092,-0.0655565099186092,2183
E26,E72,SNOWY,SNOWY,1,0.02396805415829632,0.02396805415829632,2183
E26,E95,SNOWY,SNOWY,1,-0.0376269597085,-0.0376269597085,2183
E26,E96,SNOWY,SNOWY,1,-0.013495668899540136,-0.013495668899540136,2183
E26,E97,SNOWY,SNOWY,1,-0.06704419673578163,-0.06704419673578163,2183
E26,E98,SNOWY,SNOWY,1,0.1842693766735125,0.1842693766735125,2183
E26,E99,SNOWY,SNOWY,1,-0.03403132111525592,-0.03403132111525592,2183
E26,E100,SNOWY,SNOWY,1,-0.05844899204593878,-0.05844899204593878,2183
E34,E42,SNOWY,SNOWY,1,-0.015324408501679371,-0.015324408501679371,2183
E34,E50,SNOWY,SNOWY,1,-0.0007619241939268075,-0.0007619241939268075,2183
E34,E58,SNOWY,SNOWY,1,0.013615183506213166,0.013615183506213166,2183
E34,E83,SNOWY,SNOWY,1,-0.03136103765080852,-0.03136103765080852,2183
E34,E27,SNOWY,SNOWY,1,0.016746096202135487,0.016746096202135487,2183
E34,E43,SNOWY,SNOWY,1,0.03589745243191531,0.03589745243191531,2183
E34,E51,SNOWY,SNOWY,1,-0.015537355291199775,-0.015537355291199775,2183
E34,E59,SNOWY,SNOWY,1,-0.02756133863128092,-0.02756133863128092,2183
E34,E67,SNOWY,SNOWY,1,-0.0108298795402613,-0.0108298795402613,2183
E34,E84,SNOWY,SNOWY,1,-0.0022222851261539892,-0.0022222851261539892,2183
E34,E36,SNOWY,SNOWY,1,-0.052055211761565766,-0.052055211761565766,2183
E34,E44,SNOWY,SNOWY,1,0.028695321319283568,0.028695321319283568,2183
E34,E52,SNOWY,SNOWY,1,-0.02163849366592464,-0.02163849366592464,2183
E34,E85,SNOWY,SNOWY,1,-0.06524371510393034,-0.06524371510393034,2183
E34,E93,SNOWY,SNOWY,1,-0.0028815349094256067,-0.0028815349094256067,2183
E34,E13,SNOWY,SNOWY,1,0.02839457778692196,0.02839457778692196,2183
E34,E21,SNOWY,SNOWY,1,-0.05961838879823681,-0.05961838879823681,2183
E34,E37,SNOWY,SNOWY,1,-0.009859805791631608,-0.009859805791631608,2183
E34,E45,SNOWY,SNOWY,1,-0.010774630214029395,-0.010774630214029395,2183
E34,E53,SNOWY,SNOWY,1,0.0036269870860400543,0.0036269870860400543,2183
E34,E86,SNOWY,SNOWY,1,-0.02531099282070654,-0.02531099282070654,2183
E34,E94,SNOWY,SNOWY,1,-0.05373674098105432,-0.05373674098105432,2183
E34,E14,SNOWY,SNOWY,1,-0.016534921834749104,-0.016534921834749104,2183
E34,E22,SNOWY,SNOWY,1,-0.053912787930230924,-0.053912787930230924,2183
E34,E38,SNOWY,SNOWY,1,0.017796766612348268,0.017796766612348268,2183
E34,E46,SNOWY,SNOWY,1,-0.009059327563244804,-0.009059327563244804,2183
E34,E54,SNOWY,SNOWY,1,-0.004969819206882323,-0.004969819206882323,2183
E34,E79,SNOWY,SNOWY,1,0.0140693839469182,0.0140693839469182,2183
E34,E87,SNOWY,SNOWY,1,-0.014453498990388414,-0.014453498990388414,2183
E34,E23,SNOWY,SNOWY,1,-0.0018109115305870195,-0.0018109115305870195,2183
E34,E39,SNOWY,SNOWY,1,0.040339443562093354,0.040339443562093354,2183
E34,E47,SNOWY,SNOWY,1,-0.007909313066046761,-0.007909313066046761,2183
E34,E71,SNOWY,SNOWY,1,-0.026018487896397553,-0.026018487896397553,2183
E34,E80,SNOWY,SNOWY,1,0.02642437992070231,0.02642437992070231,2183
E34,E88,SNOWY,SNOWY,1,-0.03864750172097574,-0.03864750172097574,2183
E34,E24,SNOWY,SNOWY,1,-0.05340861514263269,-0.05340861514263269,2183
E34,E40,SNOWY,SNOWY,1,-0.013179082533372001,-0.013179082533372001,2183
E34,E48,SNOWY,SNOWY,1,-0.034500452386526166,-0.034500452386526166,2183
E34,E72,SNOWY,SNOWY,1,-0.0028310836500441607,-0.0028310836500441607,2183
E34,E95,SNOWY,SNOWY,1,-0.056154734757332944,-0.056154734757332944,2183
E34,E96,SNOWY,SNOWY,1,-0.040059952060723894,-0.040059952060723894,2183
E34,E97,SNOWY,SNOWY,1,-0.04381411808861573,-0.04381411808861573,2183
E34,E98,SNOWY,SNOWY,1,-0.0390322054766931,-0.0390322054766931,2183
E34,E99,SNOWY,SNOWY,1,-0.026517837667287242,-0.026517837667287242,2183
E34,E100,SNOWY,SNOWY,1,-0.037558430953895196,-0.037558430953895196,2183
E42,E50,SNOWY,SNOWY,1,-0.013142515666803172,-0.013142515666803172,2183
E42,E58,SNOWY,SNOWY,1,-0.0679945872846189,-0.0679945872846189,2183
E42,E83,SNOWY,SNOWY,1,-0.0856709608368964,-0.0856709608368964,2183
E42,E27,SNOWY,SNOWY,1,-0.013617546535540773,-0.013617546535540773,2183
E42,E43,SNOWY,SNOWY,1,-0.026838288555839748,-0.026838288555839748,2183
E42,E51,SNOWY,SNOWY,1,-0.051275710673474834,-0.051275710673474834,2183
E42,E59,SNOWY,SNOWY,1,-0.026509683652722073,-0.026509683652722073,2183
E42,E67,SNOWY,SNOWY,1,-0.014109335167494162,-0.014109335167494162,2183
E42,E84,SNOWY,SNOWY,1,-0.03713658386561321,-0.03713658386561321,2183
E42,E36,SNOWY,SNOWY,1,0.04972487568544738,0.04972487568544738,2183
E42,E44,SNOWY,SNOWY,1,-0.016440556477289554,-0.016440556477289554,2183
E42,E52,SNOWY,SNOWY,1,-0.033898587212394235,-0.033898587212394235,2183
E42,E85,SNOWY,SNOWY,1,-0.04341972629952831,-0.04341972629952831,2183
E42,E93,SNOWY,SNOWY,1,-0.023799340190194033,-0.023799340190194033,2183
E42,E13,SNOWY,SNOWY,1,-0.04368078973906707,-0.04368078973906707,2183
E42,E21,SNOWY,SNOWY,1,-0.0359717412341942,-0.0359717412341942,2183
E42,E37,SNOWY,SNOWY,1,0.1418474341408293,0.1418474341408293,2183
E42,E45,SNOWY,SNOWY,1,-0.058497941267718054,-0.058497941267718054,2183
E42,E53,SNOWY,SNOWY,1,-0.026846045315944585,-0.026846045315944585,2183
E42,E86,SNOWY,SNOWY,1,-0.029174761506010453,-0.029174761506010453,2183
E42,E94,SNOWY,SNOWY,1,-0.04390310588356491,-0.04390310588356491,2183
E42,E14,SNOWY,SNOWY,1,-0.02111085467146313,-0.02111085467146313,2183
E42,E22,SNOWY,SNOWY,1,-0.02771557874094001,-0.02771557874094001,2183
E42,E38,SNOWY,SNOWY,1,-0.05860012043998171,-0.05860012043998171,2183
E42,E46,SNOWY,SNOWY,1,0.012108900596084913,0.012108900596084913,2183
E42,E54,SNOWY,SNOWY,1,-0.021320667920614704,-0.021320667920614704,2183
E42,E79,SNOWY,SNOWY,1,-0.033828859653190255,-0.033828859653190255,2183
E42,E87,SNOWY,SNOWY,1,-0.04152527710520679,-0.04152527710520679,2183
E42,E23,SNOWY,SNOWY,1,-0.053891486526708415,-0.053891486526708415,2183
E42,E39,SNOWY,SNOWY,1,0.3156879010559418,0.3156879010559418,2183
E42,E47,SNOWY,SNOWY,1,-0.021224751273063922,-0.021224751273063922,2183
E42,E71,SNOWY,SNOWY,1,-0.06366002306819266,-0.06366002306819266,2183
E42,E80,SNOWY,SNOWY,1,-0.04223753036465428,-0.04223753036465428,2183
E42,E88,SNOWY,SNOWY,1,-0.06962565919319376,-0.06962565919319376,2183
E42,E24,SNOWY,SNOWY,1,-0.017957657211618343,-0.017957657211618343,2183
E42,E40,SNOWY,SNOWY,1,-0.03584312597673929,-0.03584312597673929,2183
E42,E48,SNOWY,SNOWY,1,-0.05997660814467108,-0.05997660814467108,2183
E42,E72,SNOWY,SNOWY,1,-0.027073326390778217,-0.027073326390778217,2183
E42,E95,SNOWY,SNOWY,1,-0.02988424701994825,-0.02988424701994825,2183
E42,E96,SNOWY,SNOWY,1,-0.039517712105969216,-0.039517712105969216,2183
E42,E97,SNOWY,SNOWY,1,-0.04836532115519057,-0.04836532115519057,2183
E42,E98,SNOWY,SNOWY,1,0.36803342703805775,0.36803342703805775,2183
E42,E99,SNOWY,SNOWY,1,-0.039512284001487756,-0.039512284001487756,2183
E42,E100,SNOWY,SNOWY,1,-0.04882340236323827,-0.04882340236323827,2183
E50,E58,SNOWY,SNOWY,1,0.0008963862949033757,0.0008963862949033757,2183
E50,E83,SNOWY,SNOWY,1,-0.02616383031538992,-0.02616383031538992,2183
E50,E27,SNOWY,SNOWY,1,-0.029724410521524393,-0.029724410521524393,2183
E50,E43,SNOWY,SNOWY,1,-0.04095548036410063,-0.04095548036410063,2183
E50,E51,SNOWY,SNOWY,1,-0.005731295193516991,-0.005731295193516991,2183
E50,E59,SNOWY,SNOWY,1,-0.007797652756124298,-0.007797652756124298,2183
E50,E67,SNOWY,SNOWY,1,-0.028972773344562042,-0.028972773344562042,2183
E50,E84,SNOWY,SNOWY,1,0.0005724303766307437,0.0005724303766307437,2183
E50,E36,SNOWY,SNOWY,1,-0.022866126775990463,-0.022866126775990463,2183
E50,E44,SNOWY,SNOWY,1,-0.0544862554558341,-0.0544862554558341,2183
E50,E52,SNOWY,SNOWY,1,-0.047182052750706735,-0.047182052750706735,2183
E50,E85,SNOWY,SNOWY,1,-0.010800344213763092,-0.010800344213763092,2183
E50,E93,SNOWY,SNOWY,1,-0.026648081177919117,-0.026648081177919117,2183
E50,E13,SNOWY,SNOWY,1,-0.0027543229894073373,-0.0027543229894073373,2183
E50,E21,SNOWY,SNOWY,1,0.037695719165822344,0.037695719165822344,2183
E50,E37,SNOWY,SNOWY,1,-0.027115194260921557,-0.027115194260921557,2183
E50,E45,SNOWY,SNOWY,1,-0.02546238177957735,-0.02546238177957735,2183
E50,E53,SNOWY,SNOWY,1,-0.04268065357909433,-0.04268065357909433,2183
E50,E86,SNOWY,SNOWY,1,0.020500791102876205,0.020500791102876205,2183
E50,E94,SNOWY,SNOWY,1,-0.004450114252519306,-0.004450114252519306,2183
E50,E14,SNOWY,SNOWY,1,-0.04381086743068522,-0.04381086743068522,2183
E50,E22,SNOWY,SNOWY,1,-0.012244818382512592,-0.012244818382512592,2183
E50,E38,SNOWY,SNOWY,1,0.006404666177633443,0.006404666177633443,2183
E50,E46,SNOWY,SNOWY,1,0.014043553144748278,0.014043553144748278,2183
E50,E54,SNOWY,SNOWY,1,0.010424713346340498,0.010424713346340498,2183
E50,E79,SNOWY,SNOWY,1,-0.01213352992987681,-0.01213352992987681,2183
E50,E87,SNOWY,SNOWY,1,-0.024797351833633123,-0.024797351833633123,2183
E50,E23,SNOWY,SNOWY,1,0.001358822027867965,0.001358822027867965,2183
E50,E39,SNOWY,SNOWY,1,-0.012475714239250054,-0.012475714239250054,2183
E50,E47,SNOWY,SNOWY,1,-0.04453247861166979,-0.04453247861166979,2183
E50,E71,SNOWY,SNOWY,1,-0.05704799069121925,-0.05704799069121925,2183
E50,E80,SNOWY,SNOWY,1,-0.01603621607205781,-0.01603621607205781,2183
E50,E88,SNOWY,SNOWY,1,-0.009674327371391537,-0.009674327371391537,2183
E50,E24,SNOWY,SNOWY,1,-0.035084711186582095,-0.035084711186582095,2183
E50,E40,SNOWY,SNOWY,1,-0.02951210698605858,-0.02951210698605858,2183
E50,E48,SNOWY,SNOWY,1,-0.002746187265519745,-0.002746187265519745,2183
E50,E72,SNOWY,SNOWY,1,-0.0017041757028210195,-0.0017041757028210195,2183
E50,E95,SNOWY,SNOWY,1,0.02126049229654267,0.02126049229654267,2183
E50,E96,SNOWY,SNOWY,1,-0.03382649326852698,-0.03382649326852698,2183
E50,E97,SNOWY,SNOWY,1,0.0077905834796591624,0.0077905834796591624,2183
E50,E98,SNOWY,SNOWY,1,-0.03953784604001235,-0.03953784604001235,2183
E50,E99,SNOWY,SNOWY,1,-0.042199123413155876,-0.042199123413155876,2183
E50,E100,SNOWY,SNOWY,1,-0.010443295992640983,-0.010443295992640983,2183
E58,E83,SNOWY,SNOWY,1,-0.011109680767940578,-0.011109680767940578,2183
E58,E27,SNOWY,SNOWY,1,-0.04349025235860803,-0.04349025235860803,2183
E58,E43,SNOWY,SNOWY,1,-0.05146473824340447,-0.05146473824340447,2183
E58,E51,SNOWY,SNOWY,1,-0.03571139734868453,-0.03571139734868453,2183
E58,E59,SNOWY,SNOWY,1,-0.014625521927874854,-0.014625521927874854,2183
E58,E67,SNOWY,SNOWY,1,-0.03492860419614872,-0.03492860419614872,2183
E58,E84,SNOWY,SNOWY,1,-0.027320514656544018,-0.027320514656544018,2183
E58,E36,SNOWY,SNOWY,1,-0.05000240456610911,-0.05000240456610911,2183
E58,E44,SNOWY,SNOWY,1,-0.03171454915303642,-0.03171454915303642,2183
E58,E52,SNOWY,SNOWY,1,-0.04493792969613203,-0.04493792969613203,2183
E58,E85,SNOWY,SNOWY,1,-0.02293355251745727,-0.02293355251745727,2183
E58,E93,SNOWY,SNOWY,1,-0.03424339058134166,-0.03424339058134166,2183
E58,E13,SNOWY,SNOWY,1,0.024926266490356116,0.024926266490356116,2183
E58,E21,SNOWY,SNOWY,1,-0.030546065097666247,-0.030546065097666247,2183
E58,E37,SNOWY,SNOWY,1,-0.07565715567855676,-0.07565715567855676,2183
E58,E45,SNOWY,SNOWY,1,-0.02510902233841508,-0.02510902233841508,2183
E58,E53,SNOWY,SNOWY,1,0.02548378976076971,0.02548378976076971,2183
E58,E86,SNOWY,SNOWY,1,-0.015722855058473345,-0.015722855058473345,2183
E58,E94,SNOWY,SNOWY,1,-0.017084892773881175,-0.017084892773881175,2183
E58,E14,SNOWY,SNOWY,1,-0.03999093770201485,-0.03999093770201485,2183
E58,E22,SNOWY,SNOWY,1,-0.007316360431017355,-0.007316360431017355,2183
E58,E38,SNOWY,SNOWY,1,-0.022398036871720213,-0.022398036871720213,2183
E58,E46,SNOWY,SNOWY,1,-0.008915202440837757,-0.008915202440837757,2183
E58,E54,SNOWY,SNOWY,1,-0.004671959917243577,-0.004671959917243577,2183
E58,E79,SNOWY,SNOWY,1,-1.0320400554459672e-05,-1.0320400554459672e-05,2183
E58,E87,SNOWY,SNOWY,1,0.0002886328518605055,0.0002886328518605055,2183
E58,E23,SNOWY,SNOWY,1,-0.025630281415794504,-0.025630281415794504,2183
E58,E39,SNOWY,SNOWY,1,-0.06477950351152577,-0.06477950351152577,2183
E58,E47,SNOWY,SNOWY,1,-0.013083297828733515,-0.013083297828733515,2183
E58,E71,SNOWY,SNOWY,1,-0.01900936420266763,-0.01900936420266763,2183
E58,E80,SNOWY,SNOWY,1,0.3845311197565703,0.3845311197565703,2183
E58,E88,SNOWY,SNOWY,1,-0.019641536278211826,-0.019641536278211826,2183
E58,E24,SNOWY,SNOWY,1,-0.011224626581838173,-0.011224626581838173,2183
E58,E40,SNOWY,SNOWY,1,-0.0007706774728226994,-0.0007706774728226994,2183
E58,E48,SNOWY,SNOWY,1,-0.052362101043213295,-0.052362101043213295,2183
E58,E72,SNOWY,SNOWY,1,-0.04679017864735297,-0.04679017864735297,2183
E58,E95,SNOWY,SNOWY,1,-0.003410395283450909,-0.003410395283450909,2183
E58,E96,SNOWY,SNOWY,1,-0.05690733141035977,-0.05690733141035977,2183
E58,E97,SNOWY,SNOWY,1,0.005865666170001601,0.005865666170001601,2183
E58,E98,SNOWY,SNOWY,1,-0.06904993566415336,-0.06904993566415336,2183
E58,E99,SNOWY,SNOWY,1,-0.0607924473455318,-0.0607924473455318,2183
E58,E100,SNOWY,SNOWY,1,0.008908076103865058,0.008908076103865058,2183
E83,E27,SNOWY,SNOWY,1,-0.0033205523312850923,-0.0033205523312850923,2183
E83,E43,SNOWY,SNOWY,1,0.002976828741851904,0.002976828741851904,2183
E83,E51,SNOWY,SNOWY,1,-0.04399363356576881,-0.04399363356576881,2183
E83,E59,SNOWY,SNOWY,1,0.015804646150682458,0.015804646150682458,2183
E83,E67,SNOWY,SNOWY,1,-0.04020551365518757,-0.04020551365518757,2183
E83,E84,SNOWY,SNOWY,1,-0.0045749564696143516,-0.0045749564696143516,2183
E83,E36,SNOWY,SNOWY,1,-0.037234514754514815,-0.037234514754514815,2183
E83,E44,SNOWY,SNOWY,1,-0.04704677350052457,-0.04704677350052457,2183
E83,E52,SNOWY,SNOWY,1,-0.05842170716620153,-0.05842170716620153,2183
E83,E85,SNOWY,SNOWY,1,-0.023470703401304933,-0.023470703401304933,2183
E83,E93,SNOWY,SNOWY,1,0.01974227407150088,0.01974227407150088,2183
E83,E13,SNOWY,SNOWY,1,-0.05546745616465164,-0.05546745616465164,2183
E83,E21,SNOWY,SNOWY,1,-0.07504003559819672,-0.07504003559819672,2183
E83,E37,SNOWY,SNOWY,1,-0.07089080616438281,-0.07089080616438281,2183
E83,E45,SNOWY,SNOWY,1,-0.030749018548239596,-0.030749018548239596,2183
E83,E53,SNOWY,SNOWY,1,-0.043475911251547844,-0.043475911251547844,2183
E83,E86,SNOWY,SNOWY,1,0.020514662671680964,0.020514662671680964,2183
E83,E94,SNOWY,SNOWY,1,0.024556471983631593,0.024556471983631593,2183
E83,E14,SNOWY,SNOWY,1,0.0209974979444347,0.0209974979444347,2183
E83,E22,SNOWY,SNOWY,1,0.0022341506972645784,0.0022341506972645784,2183
E83,E38,SNOWY,SNOWY,1,0.0243107032986136,0.0243107032986136,2183
E83,E46,SNOWY,SNOWY,1,-0.004065339675872986,-0.004065339675872986,2183
E83,E54,SNOWY,SNOWY,1,-0.027475414727387345,-0.027475414727387345,2183
E83,E79,SNOWY,SNOWY,1,-0.024596497959614345,-0.024596497959614345,2183
E83,E87,SNOWY,SNOWY,1,-0.03343414470266363,-0.03343414470266363,2183
E83,E23,SNOWY,SNOWY,1,-0.02853447942138992,-0.02853447942138992,2183
E83,E39,SNOWY,SNOWY,1,-0.08628622183125165,-0.08628622183125165,2183
E83,E47,SNOWY,SNOWY,1,-0.033411220696771556,-0.033411220696771556,2183
E83,E71,SNOWY,SNOWY,1,-0.0347639002119463,-0.0347639002119463,2183
E83,E80,SNOWY,SNOWY,1,-0.019265813428687727,-0.019265813428687727,2183
E83,E88,SNOWY,SNOWY,1,-0.010157314872412957,-0.010157314872412957,2183
E83,E24,SNOWY,SNOWY,1,0.01674817370054043,0.01674817370054043,2183
E83,E40,SNOWY,SNOWY,1,-0.04091292043098419,-0.04091292043098419,2183
E83,E48,SNOWY,SNOWY,1,-0.014204269162932394,-0.014204269162932394,2183
E83,E72,SNOWY,SNOWY,1,-0.0438908725955613,-0.0438908725955613,2183
E83,E95,SNOWY,SNOWY,1,0.008640399063728179,0.008640399063728179,2183
E83,E96,SNOWY,SNOWY,1,-0.03505532016051558,-0.03505532016051558,2183
E83,E97,SNOWY,SNOWY,1,0.012888390024014325,0.012888390024014325,2183
E83,E98,SNOWY,SNOWY,1,-0.07338655147455944,-0.07338655147455944,2183
E83,E99,SNOWY,SNOWY,1,-0.04990743166592015,-0.04990743166592015,2183
E83,E100,SNOWY,SNOWY,1,0.014689274286350883,0.014689274286350883,2183
E27,E43,SNOWY,SNOWY,1,-0.009397749486361186,-0.009397749486361186,2183
E27,E51,SNOWY,SNOWY,1,0.03243567260463079,0.03243567260463079,2183
E27,E59,SNOWY,SNOWY,1,-0.04538245821951535,-0.04538245821951535,2183
E27,E67,SNOWY,SNOWY,1,-0.0323993382210125,-0.0323993382210125,2183
E27,E84,SNOWY,SNOWY,1,-0.05724006733413315,-0.05724006733413315,2183
E27,E36,SNOWY,SNOWY,1,-0.05562971234545158,-0.05562971234545158,2183
E27,E44,SNOWY,SNOWY,1,0.3690223381950326,0.3690223381950326,2183
E27,E52,SNOWY,SNOWY,1,0.06427603090182846,0.06427603090182846,2183
E27,E85,SNOWY,SNOWY,1,-0.02633348706919961,-0.02633348706919961,2183
E27,E93,SNOWY,SNOWY,1,0.3442930596443693,0.3442930596443693,2183
E27,E13,SNOWY,SNOWY,1,-0.06541366573499033,-0.06541366573499033,2183
E27,E21,SNOWY,SNOWY,1,-0.0192712854325632,-0.0192712854325632,2183
E27,E37,SNOWY,SNOWY,1,-0.024641983284564434,-0.024641983284564434,2183
E27,E45,SNOWY,SNOWY,1,-0.04905791485008467,-0.04905791485008467,2183
E27,E53,SNOWY,SNOWY,1,-0.03542750634789583,-0.03542750634789583,2183
E27,E86,SNOWY,SNOWY,1,-0.040991039901417434,-0.040991039901417434,2183
E27,E94,SNOWY,SNOWY,1,-0.051547352559944304,-0.051547352559944304,2183
E27,E14,SNOWY,SNOWY,1,-0.054596969308653306,-0.054596969308653306,2183
E27,E22,SNOWY,SNOWY,1,0.051990164431706815,0.051990164431706815,2183
E27,E38,SNOWY,SNOWY,1,-0.02209368139990331,-0.02209368139990331,2183
E27,E46,SNOWY,SNOWY,1,-0.053411202855644005,-0.053411202855644005,2183
E27,E54,SNOWY,SNOWY,1,-0.028740923186885103,-0.028740923186885103,2183
E27,E79,SNOWY,SNOWY,1,-0.013913120354102386,-0.013913120354102386,2183
E27,E87,SNOWY,SNOWY,1,-0.0663666978081032,-0.0663666978081032,2183
E27,E23,SNOWY,SNOWY,1,-0.053927216533357025,-0.053927216533357025,2183
E27,E39,SNOWY,SNOWY,1,0.0018041816961032954,0.0018041816961032954,2183
E27,E47,SNOWY,SNOWY,1,-0.02974540689677863,-0.02974540689677863,2183
E27,E71,SNOWY,SNOWY,1,-0.009462780342831312,-0.009462780342831312,2183
E27,E80,SNOWY,SNOWY,1,-0.07251417931423372,-0.07251417931423372,2183
E27,E88,SNOWY,SNOWY,1,-0.039409856733756105,-0.039409856733756105,2183
E27,E24,SNOWY,SNOWY,1,-0.028072855891376477,-0.028072855891376477,2183
E27,E40,SNOWY,SNOWY,1,-0.04241485646258209,-0.04241485646258209,2183
E27,E48,SNOWY,SNOWY,1,-0.05432650710924982,-0.05432650710924982,2183
E27,E72,SNOWY,SNOWY,1,-0.031259402772498474,-0.031259402772498474,2183
E27,E95,SNOWY,SNOWY,1,-0.027774141970442257,-0.027774141970442257,2183
E27,E96,SNOWY,SNOWY,1,-0.0359556067272566,-0.0359556067272566,2183
E27,E97,SNOWY,SNOWY,1,-0.03608008252532116,-0.03608008252532116,2183
E27,E98,SNOWY,SNOWY,1,-0.012395790225008337,-0.012395790225008337,2183
E27,E99,SNOWY,SNOWY,1,-0.021909110878374796,-0.021909110878374796,2183
E27,E100,SNOWY,SNOWY,1,-0.016276419830939828,-0.016276419830939828,2183
E43,E51,SNOWY,SNOWY,1,-0.0660060394261209,-0.0660060394261209,2183
E43,E59,SNOWY,SNOWY,1,0.00013018911472348606,0.00013018911472348606,2183
E43,E67,SNOWY,SNOWY,1,0.09315919636321525,0.09315919636321525,2183
E43,E84,SNOWY,SNOWY,1,-0.03954155762100941,-0.03954155762100941,2183
E43,E36,SNOWY,SNOWY,1,-0.028722351200642766,-0.028722351200642766,2183
E43,E44,SNOWY,SNOWY,1,-0.02311368594211479,-0.02311368594211479,2183
E43,E52,SNOWY,SNOWY,1,0.01651580241435499,0.01651580241435499,2183
E43,E85,SNOWY,SNOWY,1,0.004039585091895898,0.004039585091895898,2183
E43,E93,SNOWY,SNOWY,1,-0.003988250590520935,-0.003988250590520935,2183
E43,E13,SNOWY,SNOWY,1,0.025919801973582648,0.025919801973582648,2183
E43,E21,SNOWY,SNOWY,1,-0.026524324891471145,-0.026524324891471145,2183
E43,E37,SNOWY,SNOWY,1,-0.03729828678613819,-0.03729828678613819,2183
E43,E45,SNOWY,SNOWY,1,0.07308090034262184,0.07308090034262184,2183
E43,E53,SNOWY,SNOWY,1,0.048080613943294125,0.048080613943294125,2183
E43,E86,SNOWY,SNOWY,1,-0.0362576888140241,-0.0362576888140241,2183
E43,E94,SNOWY,SNOWY,1,-0.04710834648124245,-0.04710834648124245,2183
E43,E14,SNOWY,SNOWY,1,-0.0308241915214062,-0.0308241915214062,2183
E43,E22,SNOWY,SNOWY,1,-0.013332808687385917,-0.013332808687385917,2183
E43,E38,SNOWY,SNOWY,1,0.010219023757010868,0.010219023757010868,2183
E43,E46,SNOWY,SNOWY,1,-0.004451276591097666,-0.004451276591097666,2183
E43,E54,SNOWY,SNOWY,1,-0.01571721038449231,-0.01571721038449231,2183
E43,E79,SNOWY,SNOWY,1,-0.024050676091984045,-0.024050676091984045,2183
E43,E87,SNOWY,SNOWY,1,-0.015721818520764486,-0.015721818520764486,2183
E43,E23,SNOWY,SNOWY,1,0.0025849685014419023,0.0025849685014419023,2183
E43,E39,SNOWY,SNOWY,1,-0.028591049587657756,-0.028591049587657756,2183
E43,E47,SNOWY,SNOWY,1,-0.035103126409616624,-0.035103126409616624,2183
E43,E71,SNOWY,SNOWY,1,-0.06544233759673784,-0.06544233759673784,2183
E43,E80,SNOWY,SNOWY,1,-0.042970340229234745,-0.042970340229234745,2183
E43,E88,SNOWY,SNOWY,1,-0.03893486109993417,-0.03893486109993417,2183
E43,E24,SNOWY,SNOWY,1,0.006369245282793394,0.006369245282793394,2183
E43,E40,SNOWY,SNOWY,1,-0.03659517677675995,-0.03659517677675995,2183
E43,E48,SNOWY,SNOWY,1,-0.03657347238298892,-0.03657347238298892,2183
E43,E72,SNOWY,SNOWY,1,-0.034211312231292874,-0.034211312231292874,2183
E43,E95,SNOWY,SNOWY,1,-0.0448069368909692,-0.0448069368909692,2183
E43,E96,SNOWY,SNOWY,1,-0.023365231962507265,-0.023365231962507265,2183
E43,E97,SNOWY,SNOWY,1,-0.002322464622032973,-0.002322464622032973,2183
E43,E98,SNOWY,SNOWY,1,-0.01627011189142605,-0.01627011189142605,2183
E43,E99,SNOWY,SNOWY,1,-0.03921269142735069,-0.03921269142735069,2183
E43,E100,SNOWY,SNOWY,1,0.0033076314502656053,0.0033076314502656053,2183
E51,E59,SNOWY,SNOWY,1,-0.0287544692635369,-0.0287544692635369,2183
E51,E67,SNOWY,SNOWY,1,-0.019687937063325067,-0.019687937063325067,2183
E51,E84,SNOWY,SNOWY,1,-0.01743318662925959,-0.01743318662925959,2183
E51,E36,SNOWY,SNOWY,1,0.004746822571542386,0.004746822571542386,2183
E51,E44,SNOWY,SNOWY,1,0.0023416408251434326,0.0023416408251434326,2183
E51,E52,SNOWY,SNOWY,1,-0.025867017102412057,-0.025867017102412057,2183
E51,E85,SNOWY,SNOWY,1,-0.0299713282854872,-0.0299713282854872,2183
E51,E93,SNOWY,SNOWY,1,0.00893750182520644,0.00893750182520644,2183
E51,E13,SNOWY,SNOWY,1,-0.020547088734803598,-0.020547088734803598,2183
E51,E21,SNOWY,SNOWY,1,-0.0016384899722153405,-0.0016384899722153405,2183
E51,E37,SNOWY,SNOWY,1,-0.04268082424496261,-0.04268082424496261,2183
E51,E45,SNOWY,SNOWY,1,-0.01591228503522902,-0.01591228503522902,2183
E51,E53,SNOWY,SNOWY,1,-0.01832444550265897,-0.01832444550265897,2183
E51,E86,SNOWY,SNOWY,1,-0.013758206632779605,-0.013758206632779605,2183
E51,E94,SNOWY,SNOWY,1,-0.044566919496921896,-0.044566919496921896,2183
E51,E14,SNOWY,SNOWY,1,-0.02272634134592584,-0.02272634134592584,2183
E51,E22,SNOWY,SNOWY,1,0.03699337785579516,0.03699337785579516,2183
E51,E38,SNOWY,SNOWY,1,-0.01802137737228819,-0.01802137737228819,2183
E51,E46,SNOWY,SNOWY,1,-0.041615273493981704,-0.041615273493981704,2183
E51,E54,SNOWY,SNOWY,1,-0.030084851825731052,-0.030084851825731052,2183
E51,E79,SNOWY,SNOWY,1,-0.014852914706676107,-0.014852914706676107,2183
E51,E87,SNOWY,SNOWY,1,-0.012566743644882689,-0.012566743644882689,2183
E51,E23,SNOWY,SNOWY,1,-0.01213893382658775,-0.01213893382658775,2183
E51,E39,SNOWY,SNOWY,1,-0.015343428845455627,-0.015343428845455627,2183
E51,E47,SNOWY,SNOWY,1,0.12387251375210405,0.12387251375210405,2183
E51,E71,SNOWY,SNOWY,1,-0.003196102396822022,-0.003196102396822022,2183
E51,E80,SNOWY,SNOWY,1,-0.053004236761506916,-0.053004236761506916,2183
E51,E88,SNOWY,SNOWY,1,-0.033135504898536734,-0.033135504898536734,2183
E51,E24,SNOWY,SNOWY,1,-0.027036868606247984,-0.027036868606247984,2183
E51,E40,SNOWY,SNOWY,1,-0.02114315752076963,-0.02114315752076963,2183
E51,E48,SNOWY,SNOWY,1,-0.01449311675943089,-0.01449311675943089,2183
E51,E72,SNOWY,SNOWY,1,-0.021824789551825135,-0.021824789551825135,2183
E51,E95,SNOWY,SNOWY,1,-0.006714513465020899,-0.006714513465020899,2183
E51,E96,SNOWY,SNOWY,1,-0.014850013326716552,-0.014850013326716552,2183
E51,E97,SNOWY,SNOWY,1,-0.013880134001233448,-0.013880134001233448,2183
E51,E98,SNOWY,SNOWY,1,-0.03810923692802541,-0.03810923692802541,2183
E51,E99,SNOWY,SNOWY,1,-0.04188650466348628,-0.04188650466348628,2183
E51,E100,SNOWY,SNOWY,1,-0.023056902047101986,-0.023056902047101986,2183
E59,E67,SNOWY,SNOWY,1,-0.04635751561918766,-0.04635751561918766,2183
E59,E84,SNOWY,SNOWY,1,-0.043877479107828916,-0.043877479107828916,2183
E59,E36,SNOWY,SNOWY,1,-0.044927974002215015,-0.044927974002215015,2183
E59,E44,SNOWY,SNOWY,1,-0.030359408971241626,-0.030359408971241626,2183
E59,E52,SNOWY,SNOWY,1,-0.03403927502971557,-0.03403927502971557,2183
E59,E85,SNOWY,SNOWY,1,-0.04902578433615153,-0.04902578433615153,2183
E59,E93,SNOWY,SNOWY,1,-0.05767193184453679,-0.05767193184453679,2183
E59,E13,SNOWY,SNOWY,1,-0.025011430779955466,-0.025011430779955466,2183
E59,E21,SNOWY,SNOWY,1,-0.053033259353435766,-0.053033259353435766,2183
E59,E37,SNOWY,SNOWY,1,-0.055837350911069755,-0.055837350911069755,2183
E59,E45,SNOWY,SNOWY,1,-0.026863533313586183,-0.026863533313586183,2183
E59,E53,SNOWY,SNOWY,1,-0.007148825962872496,-0.007148825962872496,2183
E59,E86,SNOWY,SNOWY,1,-0.019430706281629944,-0.019430706281629944,2183
E59,E94,SNOWY,SNOWY,1,-0.02553906175999446,-0.02553906175999446,2183
E59,E14,SNOWY,SNOWY,1,-0.03593010319000617,-0.03593010319000617,2183
E59,E22,SNOWY,SNOWY,1,-0.03672980616332247,-0.03672980616332247,2183
E59,E38,SNOWY,SNOWY,1,-0.003383244895656946,-0.003383244895656946,2183
E59,E46,SNOWY,SNOWY,1,-0.02197733753860056,-0.02197733753860056,2183
E59,E54,SNOWY,SNOWY,1,-0.02094900587712304,-0.02094900587712304,2183
E59,E79,SNOWY,SNOWY,1,-0.011985691737342218,-0.011985691737342218,2183
E59,E87,SNOWY,SNOWY,1,-0.04485477943725103,-0.04485477943725103,2183
E59,E23,SNOWY,SNOWY,1,-0.04415451274405268,-0.04415451274405268,2183
E59,E39,SNOWY,SNOWY,1,-0.060691465184618223,-0.060691465184618223,2183
E59,E47,SNOWY,SNOWY,1,-0.04701489898522545,-0.04701489898522545,2183
E59,E71,SNOWY,SNOWY,1,-0.00011659943679354842,-0.00011659943679354842,2183
E59,E80,SNOWY,SNOWY,1,-0.05262587127635569,-0.05262587127635569,2183
E59,E88,SNOWY,SNOWY,1,0.04940521469528481,0.04940521469528481,2183
E59,E24,SNOWY,SNOWY,1,0.011891612266409191,0.011891612266409191,2183
E59,E40,SNOWY,SNOWY,1,-0.011890510631030339,-0.011890510631030339,2183
E59,E48,SNOWY,SNOWY,1,-0.02888733877874331,-0.02888733877874331,2183
E59,E72,SNOWY,SNOWY,1,0.009167971754171918,0.009167971754171918,2183
E59,E95,SNOWY,SNOWY,1,0.014221163331804334,0.014221163331804334,2183
E59,E96,SNOWY,SNOWY,1,0.0014702140983582368,0.0014702140983582368,2183
E59,E97,SNOWY,SNOWY,1,-0.03958162918959588,-0.03958162918959588,2183
E59,E98,SNOWY,SNOWY,1,-0.01375012440598062,-0.01375012440598062,2183
E59,E99,SNOWY,SNOWY,1,0.019974272349176196,0.019974272349176196,2183
E59,E100,SNOWY,SNOWY,1,-0.03463642212677185,-0.03463642212677185,2183
E67,E84,SNOWY,SNOWY,1,-0.02367154702306856,-0.02367154702306856,2183
E67,E36,SNOWY,SNOWY,1,-0.0030762175506871903,-0.0030762175506871903,2183
E67,E44,SNOWY,SNOWY,1,-0.02948553941055166,-0.02948553941055166,2183
E67,E52,SNOWY,SNOWY,1,-0.013549735766406319,-0.013549735766406319,2183
E67,E85,SNOWY,SNOWY,1,-0.027500361176712364,-0.027500361176712364,2183
E67,E93,SNOWY,SNOWY,1,-0.04346030508440347,-0.04346030508440347,2183
E67,E13,SNOWY,SNOWY,1,-0.04323825894662088,-0.04323825894662088,2183
E67,E21,SNOWY,SNOWY,1,-0.03502851687159381,-0.03502851687159381,2183
E67,E37,SNOWY,SNOWY,1,-0.026338737524298005,-0.026338737524298005,2183
E67,E45,SNOWY,SNOWY,1,0.007168332222724148,0.007168332222724148,2183
E67,E53,SNOWY,SNOWY,1,-0.01337833246194284,-0.01337833246194284,2183
E67,E86,SNOWY,SNOWY,1,-0.03448643601611221,-0.03448643601611221,2183
E67,E94,SNOWY,SNOWY,1,-0.013180140445202155,-0.013180140445202155,2183
E67,E14,SNOWY,SNOWY,1,-0.010416943654867405,-0.010416943654867405,2183
E67,E22,SNOWY,SNOWY,1,-0.03472653860539465,-0.03472653860539465,2183
E67,E38,SNOWY,SNOWY,1,-0.04670504495765166,-0.04670504495765166,2183
E67,E46,SNOWY,SNOWY,1,0.043724147949778525,0.043724147949778525,2183
E67,E54,SNOWY,SNOWY,1,-0.050508035413641565,-0.050508035413641565,2183
E67,E79,SNOWY,SNOWY,1,-0.0412626796643938,-0.0412626796643938,2183
E67,E87,SNOWY,SNOWY,1,-0.018570409903527006,-0.018570409903527006,2183
E67,E23,SNOWY,SNOWY,1,-0.015401918339537158,-0.015401918339537158,2183
E67,E39,SNOWY,SNOWY,1,-0.03713661716695628,-0.03713661716695628,2183
E67,E47,SNOWY,SNOWY,1,0.020553565973244616,0.020553565973244616,2183
E67,E71,SNOWY,SNOWY,1,0.008471224624923567,0.008471224624923567,2183
E67,E80,SNOWY,SNOWY,1,-0.010899003414468998,-0.010899003414468998,2183
E67,E88,SNOWY,SNOWY,1,-0.061585848479378834,-0.061585848479378834,2183
E67,E24,SNOWY,SNOWY,1,-0.012238295449458984,-0.012238295449458984,2183
E67,E40,SNOWY,SNOWY,1,-0.005236289980893288,-0.005236289980893288,2183
E67,E48,SNOWY,SNOWY,1,-0.0037481064072398323,-0.0037481064072398323,2183
E67,E72,SNOWY,SNOWY,1,-0.007814945469623188,-0.007814945469623188,2183
E67,E95,SNOWY,SNOWY,1,-0.03353843062234476,-0.03353843062234476,2183
E67,E96,SNOWY,SNOWY,1,-0.04824478950638932,-0.04824478950638932,2183
E67,E97,SNOWY,SNOWY,1,-0.009925987961540242,-0.009925987961540242,2183
E67,E98,SNOWY,SNOWY,1,-0.011137561749456735,-0.011137561749456735,2183
E67,E99,SNOWY,SNOWY,1,-0.056717701708893654,-0.056717701708893654,2183
E67,E100,SNOWY,SNOWY,1,-0.012174319411190728,-0.012174319411190728,2183
E84,E36,SNOWY,SNOWY,1,-0.05302811477306546,-0.05302811477306546,2183
E84,E44,SNOWY,SNOWY,1,-0.08030969718968986,-0.08030969718968986,2183
E84,E52,SNOWY,SNOWY,1,-0.07339724050481988,-0.07339724050481988,2183
E84,E85,SNOWY,SNOWY,1,-0.03596253727057686,-0.03596253727057686,2183
E84,E93,SNOWY,SNOWY,1,-0.04268977984957464,-0.04268977984957464,2183
E84,E13,SNOWY,SNOWY,1,-0.05105819834318948,-0.05105819834318948,2183
E84,E21,SNOWY,SNOWY,1,-0.03954929330449325,-0.03954929330449325,2183
E84,E37,SNOWY,SNOWY,1,-0.040086806458219125,-0.040086806458219125,2183
E84,E45,SNOWY,SNOWY,1,-0.057674665863669095,-0.057674665863669095,2183
E84,E53,SNOWY,SNOWY,1,-0.05018333328837592,-0.05018333328837592,2183
E84,E86,SNOWY,SNOWY,1,-0.0013865791172756538,-0.0013865791172756538,2183
E84,E94,SNOWY,SNOWY,1,-0.016519541095731734,-0.016519541095731734,2183
E84,E14,SNOWY,SNOWY,1,0.00395911271530252,0.00395911271530252,2183
E84,E22,SNOWY,SNOWY,1,-0.004243398684062263,-0.004243398684062263,2183
E84,E38,SNOWY,SNOWY,1,-0.005623502930250962,-0.005623502930250962,2183
E84,E46,SNOWY,SNOWY,1,-0.012169110814208439,-0.012169110814208439,2183
E84,E54,SNOWY,SNOWY,1,-0.04608422940197362,-0.04608422940197362,2183
E84,E79,SNOWY,SNOWY,1,-0.036608017253046694,-0.036608017253046694,2183
E84,E87,SNOWY,SNOWY,1,0.07672673792340101,0.07672673792340101,2183
E84,E23,SNOWY,SNOWY,1,-0.04228729752682421,-0.04228729752682421,2183
E84,E39,SNOWY,SNOWY,1,-0.002271526376894163,-0.002271526376894163,2183
E84,E47,SNOWY,SNOWY,1,-0.04948207073440656,-0.04948207073440656,2183
E84,E71,SNOWY,SNOWY,1,-0.01923364143871748,-0.01923364143871748,2183
E84,E80,SNOWY,SNOWY,1,0.021710878224082002,0.021710878224082002,2183
E84,E88,SNOWY,SNOWY,1,0.006343231181590177,0.006343231181590177,2183
E84,E24,SNOWY,SNOWY,1,-0.05397569480396857,-0.05397569480396857,2183
E84,E40,SNOWY,SNOWY,1,-0.016791165215894556,-0.016791165215894556,2183
E84,E48,SNOWY,SNOWY,1,-0.0359688129235627,-0.0359688129235627,2183
E84,E72,SNOWY,SNOWY,1,0.014146094280684297,0.014146094280684297,2183
E84,E95,SNOWY,SNOWY,1,0.0410287732466076,0.0410287732466076,2183
E84,E96,SNOWY,SNOWY,1,-0.012997265674363006,-0.012997265674363006,2183
E84,E97,SNOWY,SNOWY,1,-0.009633883703650018,-0.009633883703650018,2183
E84,E98,SNOWY,SNOWY,1,-0.04995352155356867,-0.04995352155356867,2183
E84,E99,SNOWY,SNOWY,1,0.007139187327632032,0.007139187327632032,2183
E84,E100,SNOWY,SNOWY,1,-0.004993305623867334,-0.004993305623867334,2183
E36,E44,SNOWY,SNOWY,1,-0.032504595122375156,-0.032504595122375156,2183
E36,E52,SNOWY,SNOWY,1,-0.059274328303588426,-0.059274328303588426,2183
E36,E85,SNOWY,SNOWY,1,-0.04201536244540019,-0.04201536244540019,2183
E36,E93,SNOWY,SNOWY,1,-0.05745236150038275,-0.05745236150038275,2183
E36,E13,SNOWY,SNOWY,1,-0.02889469696278695,-0.02889469696278695,2183
E36,E21,SNOWY,SNOWY,1,-0.02097748641170528,-0.02097748641170528,2183
E36,E37,SNOWY,SNOWY,1,0.18986012245086428,0.18986012245086428,2183
E36,E45,SNOWY,SNOWY,1,-0.022419658222944127,-0.022419658222944127,2183
E36,E53,SNOWY,SNOWY,1,0.0045406736398971494,0.0045406736398971494,2183
E36,E86,SNOWY,SNOWY,1,-0.013941795872834945,-0.013941795872834945,2183
E36,E94,SNOWY,SNOWY,1,-0.0411944020824604,-0.0411944020824604,2183
E36,E14,SNOWY,SNOWY,1,0.0020626805730294667,0.0020626805730294667,2183
E36,E22,SNOWY,SNOWY,1,-0.041396730492343874,-0.041396730492343874,2183
E36,E38,SNOWY,SNOWY,1,-0.07407888906833833,-0.07407888906833833,2183
E36,E46,SNOWY,SNOWY,1,-0.0008812687699701419,-0.0008812687699701419,2183
E36,E54,SNOWY,SNOWY,1,-0.027022838471136432,-0.027022838471136432,2183
E36,E79,SNOWY,SNOWY,1,-0.005581729922568906,-0.005581729922568906,2183
E36,E87,SNOWY,SNOWY,1,-0.026669275273386975,-0.026669275273386975,2183
E36,E23,SNOWY,SNOWY,1,-0.03184495919661403,-0.03184495919661403,2183
E36,E39,SNOWY,SNOWY,1,-0.008938663613352455,-0.008938663613352455,2183
E36,E47,SNOWY,SNOWY,1,-0.012470792345419928,-0.012470792345419928,2183
E36,E71,SNOWY,SNOWY,1,-0.05334038757819707,-0.05334038757819707,2183
E36,E80,SNOWY,SNOWY,1,-0.010443714315175101,-0.010443714315175101,2183
E36,E88,SNOWY,SNOWY,1,-0.03601269247066613,-0.03601269247066613,2183
E36,E24,SNOWY,SNOWY,1,0.030179117719369628,0.030179117719369628,2183
E36,E40,SNOWY,SNOWY,1,-0.01812922946996833,-0.01812922946996833,2183
E36,E48,SNOWY,SNOWY,1,0.00021769416003887968,0.00021769416003887968,2183
E36,E72,SNOWY,SNOWY,1,0.003431884634007599,0.003431884634007599,2183
E36,E95,SNOWY,SNOWY,1,-0.017509938420730824,-0.017509938420730824,2183
E36,E96,SNOWY,SNOWY,1,-0.0255320005515628,-0.0255320005515628,2183
E36,E97,SNOWY,SNOWY,1,-0.06369136988812285,-0.06369136988812285,2183
E36,E98,SNOWY,SNOWY,1,0.06548553258444194,0.06548553258444194,2183
E36,E99,SNOWY,SNOWY,1,-0.019188069866544005,-0.019188069866544005,2183
E36,E100,SNOWY,SNOWY,1,-0.05529380400854929,-0.05529380400854929,2183
E44,E52,SNOWY,SNOWY,1,0.0056202542960349,0.0056202542960349,2183
E44,E85,SNOWY,SNOWY,1,-0.06174878590854762,-0.06174878590854762,2183
E44,E93,SNOWY,SNOWY,1,0.15213527224471168,0.15213527224471168,2183
E44,E13,SNOWY,SNOWY,1,-0.024900777958682695,-0.024900777958682695,2183
E44,E21,SNOWY,SNOWY,1,-0.01249996495411301,-0.01249996495411301,2183
E44,E37,SNOWY,SNOWY,1,-1.1091153033416371e-05,-1.1091153033416371e-05,2183
E44,E45,SNOWY,SNOWY,1,-0.03633348544578722,-0.03633348544578722,2183
E44,E53,SNOWY,SNOWY,1,-0.05629222478893526,-0.05629222478893526,2183
E44,E86,SNOWY,SNOWY,1,-0.08926414486289858,-0.08926414486289858,2183
E44,E94,SNOWY,SNOWY,1,-0.07645501261285371,-0.07645501261285371,2183
E44,E14,SNOWY,SNOWY,1,-0.03766171909344773,-0.03766171909344773,2183
E44,E22,SNOWY,SNOWY,1,0.012276412543363943,0.012276412543363943,2183
E44,E38,SNOWY,SNOWY,1,0.014090016971897828,0.014090016971897828,2183
E44,E46,SNOWY,SNOWY,1,-0.04702222523940557,-0.04702222523940557,2183
E44,E54,SNOWY,SNOWY,1,-0.013395903588306968,-0.013395903588306968,2183
E44,E79,SNOWY,SNOWY,1,-0.047315559995566456,-0.047315559995566456,2183
E44,E87,SNOWY,SNOWY,1,-0.04587714563246302,-0.04587714563246302,2183
E44,E23,SNOWY,SNOWY,1,-0.04518826009356542,-0.04518826009356542,2183
E44,E39,SNOWY,SNOWY,1,0.011849986700933037,0.011849986700933037,2183
E44,E47,SNOWY,SNOWY,1,-0.02014439977885912,-0.02014439977885912,2183
E44,E71,SNOWY,SNOWY,1,-0.051033500663085964,-0.051033500663085964,2183
E44,E80,SNOWY,SNOWY,1,-0.07206317835301591,-0.07206317835301591,2183
E44,E88,SNOWY,SNOWY,1,-0.01698738763344245,-0.01698738763344245,2183
E44,E24,SNOWY,SNOWY,1,-0.044284706095196975,-0.044284706095196975,2183
E44,E40,SNOWY,SNOWY,1,-0.06670871854439196,-0.06670871854439196,2183
E44,E48,SNOWY,SNOWY,1,-0.07110594244009527,-0.07110594244009527,2183
E44,E72,SNOWY,SNOWY,1,-0.013144821959144274,-0.013144821959144274,2183
E44,E95,SNOWY,SNOWY,1,-0.04965079338180053,-0.04965079338180053,2183
E44,E96,SNOWY,SNOWY,1,-0.045496949845139634,-0.045496949845139634,2183
E44,E97,SNOWY,SNOWY,1,-0.0445506575247494,-0.0445506575247494,2183
E44,E98,SNOWY,SNOWY,1,-0.013266486776178133,-0.013266486776178133,2183
E44,E99,SNOWY,SNOWY,1,-0.028806301718280698,-0.028806301718280698,2183
E44,E100,SNOWY,SNOWY,1,0.0076073005871426435,0.0076073005871426435,2183
E52,E85,SNOWY,SNOWY,1,-0.013654238615488198,-0.013654238615488198,2183
E52,E93,SNOWY,SNOWY,1,0.010571644825403024,0.010571644825403024,2183
E52,E13,SNOWY,SNOWY,1,-0.024962617658735448,-0.024962617658735448,2183
E52,E21,SNOWY,SNOWY,1,0.43069924876700727,0.43069924876700727,2183
E52,E37,SNOWY,SNOWY,1,-0.03603379317624044,-0.03603379317624044,2183
E52,E45,SNOWY,SNOWY,1,-0.0116481163758787,-0.0116481163758787,2183
E52,E53,SNOWY,SNOWY,1,-0.03347415122783785,-0.03347415122783785,2183
E52,E86,SNOWY,SNOWY,1,-0.031298567700465865,-0.031298567700465865,2183
E52,E94,SNOWY,SNOWY,1,-0.025764943663746268,-0.025764943663746268,2183
E52,E14,SNOWY,SNOWY,1,-0.03412366257852117,-0.03412366257852117,2183
E52,E22,SNOWY,SNOWY,1,-0.026683023687702204,-0.026683023687702204,2183
E52,E38,SNOWY,SNOWY,1,-0.03831181589462413,-0.03831181589462413,2183
E52,E46,SNOWY,SNOWY,1,-0.04022681210550103,-0.04022681210550103,2183
E52,E54,SNOWY,SNOWY,1,0.006478479238376152,0.006478479238376152,2183
E52,E79,SNOWY,SNOWY,1,-0.028731704785638506,-0.028731704785638506,2183
E52,E87,SNOWY,SNOWY,1,-0.026418970450710164,-0.026418970450710164,2183
E52,E23,SNOWY,SNOWY,1,-0.032630920457159214,-0.032630920457159214,2183
E52,E39,SNOWY,SNOWY,1,-0.02196083603343598,-0.02196083603343598,2183
E52,E47,SNOWY,SNOWY,1,-0.002312058436673049,-0.002312058436673049,2183
E52,E71,SNOWY,SNOWY,1,-0.037569521432068105,-0.037569521432068105,2183
E52,E80,SNOWY,SNOWY,1,-0.026158137679193172,-0.026158137679193172,2183
E52,E88,SNOWY,SNOWY,1,-0.032575949415964256,-0.032575949415964256,2183
E52,E24,SNOWY,SNOWY,1,-0.04314802101245217,-0.04314802101245217,2183
E52,E40,SNOWY,SNOWY,1,-0.05502817520179176,-0.05502817520179176,2183
E52,E48,SNOWY,SNOWY,1,0.023198008149076594,0.023198008149076594,2183
E52,E72,SNOWY,SNOWY,1,-0.015413816806252739,-0.015413816806252739,2183
E52,E95,SNOWY,SNOWY,1,-0.05100861137206589,-0.05100861137206589,2183
E52,E96,SNOWY,SNOWY,1,-0.020287393275301997,-0.020287393275301997,2183
E52,E97,SNOWY,SNOWY,1,0.0040563126370830776,0.0040563126370830776,2183
E52,E98,SNOWY,SNOWY,1,-0.03244380463487161,-0.03244380463487161,2183
E52,E99,SNOWY,SNOWY,1,-0.000995154415178833,-0.000995154415178833,2183
E52,E100,SNOWY,SNOWY,1,-0.02643162058237752,-0.02643162058237752,2183
E85,E93,SNOWY,SNOWY,1,-0.008140269256398934,-0.008140269256398934,2183
E85,E13,SNOWY,SNOWY,1,-0.00022806368575520105,-0.00022806368575520105,2183
E85,E21,SNOWY,SNOWY,1,-0.008097018215946753,-0.008097018215946753,2183
E85,E37,SNOWY,SNOWY,1,-0.046732898782484815,-0.046732898782484815,2183
E85,E45,SNOWY,SNOWY,1,-0.018998466685767483,-0.018998466685767483,2183
E85,E53,SNOWY,SNOWY,1,-0.01622562823325909,-0.01622562823325909,2183
E85,E86,SNOWY,SNOWY,1,-0.008550771097573014,-0.008550771097573014,2183
E85,E94,SNOWY,SNOWY,1,0.024543851083996242,0.024543851083996242,2183
E85,E14,SNOWY,SNOWY,1,0.020908939102182653,0.020908939102182653,2183
E85,E22,SNOWY,SNOWY,1,0.0049330765469668076,0.0049330765469668076,2183
E85,E38,SNOWY,SNOWY,1,-0.02172634585107088,-0.02172634585107088,2183
E85,E46,SNOWY,SNOWY,1,-0.033523309293304396,-0.033523309293304396,2183
E85,E54,SNOWY,SNOWY,1,-0.024513741553726934,-0.024513741553726934,2183
E85,E79,SNOWY,SNOWY,1,-0.04140950833951708,-0.04140950833951708,2183
E85,E87,SNOWY,SNOWY,1,0.011815030504010808,0.011815030504010808,2183
E85,E23,SNOWY,SNOWY,1,-0.008200429014041721,-0.008200429014041721,2183
E85,E39,SNOWY,SNOWY,1,0.0036828557370884663,0.0036828557370884663,2183
E85,E47,SNOWY,SNOWY,1,-0.005860514967502125,-0.005860514967502125,2183
E85,E71,SNOWY,SNOWY,1,-0.02165353202712852,-0.02165353202712852,2183
E85,E80,SNOWY,SNOWY,1,-0.01878337871321089,-0.01878337871321089,2183
E85,E88,SNOWY,SNOWY,1,0.0006364534725900596,0.0006364534725900596,2183
E85,E24,SNOWY,SNOWY,1,-0.0057033033488012785,-0.0057033033488012785,2183
E85,E40,SNOWY,SNOWY,1,-0.03419224004310961,-0.03419224004310961,2183
E85,E48,SNOWY,SNOWY,1,-0.006940952534936642,-0.006940952534936642,2183
E85,E72,SNOWY,SNOWY,1,-0.03146992473568982,-0.03146992473568982,2183
E85,E95,SNOWY,SNOWY,1,-0.007383255599384853,-0.007383255599384853,2183
E85,E96,SNOWY,SNOWY,1,-0.04254362159965121,-0.04254362159965121,2183
E85,E97,SNOWY,SNOWY,1,-0.00255365813582191,-0.00255365813582191,2183
E85,E98,SNOWY,SNOWY,1,-0.04523838519194095,-0.04523838519194095,2183
E85,E99,SNOWY,SNOWY,1,-0.015158268462088535,-0.015158268462088535,2183
E85,E100,SNOWY,SNOWY,1,0.011542160573616598,0.011542160573616598,2183
E93,E13,SNOWY,SNOWY,1,-0.035792962748813564,-0.035792962748813564,2183
E93,E21,SNOWY,SNOWY,1,-0.027593204761095533,-0.027593204761095533,2183
E93,E37,SNOWY,SNOWY,1,-0.043776104545847364,-0.043776104545847364,2183
E93,E45,SNOWY,SNOWY,1,-0.026425050869131324,-0.026425050869131324,2183
E93,E53,SNOWY,SNOWY,1,-0.029028742425562165,-0.029028742425562165,2183
E93,E86,SNOWY,SNOWY,1,0.02781381391967559,0.02781381391967559,2183
E93,E94,SNOWY,SNOWY,1,-0.04087570387124874,-0.04087570387124874,2183
E93,E14,SNOWY,SNOWY,1,-0.03165446369168153,-0.03165446369168153,2183
E93,E22,SNOWY,SNOWY,1,0.024239111188792278,0.024239111188792278,2183
E93,E38,SNOWY,SNOWY,1,-0.03578028348315536,-0.03578028348315536,2183
E93,E46,SNOWY,SNOWY,1,-0.026269635178649085,-0.026269635178649085,2183
E93,E54,SNOWY,SNOWY,1,-0.01616923153669199,-0.01616923153669199,2183
E93,E79,SNOWY,SNOWY,1,-0.004245256115695104,-0.004245256115695104,2183
E93,E87,SNOWY,SNOWY,1,-0.04961596180256677,-0.04961596180256677,2183
E93,E23,SNOWY,SNOWY,1,-0.07235688018793879,-0.07235688018793879,2183
E93,E39,SNOWY,SNOWY,1,-0.0271971350876114,-0.0271971350876114,2183
E93,E47,SNOWY,SNOWY,1,-0.04986186968727724,-0.04986186968727724,2183
E93,E71,SNOWY,SNOWY,1,-0.04434387249188719,-0.04434387249188719,2183
E93,E80,SNOWY,SNOWY,1,-0.03792485448055256,-0.03792485448055256,2183
E93,E88,SNOWY,SNOWY,1,-0.05714622491641162,-0.05714622491641162,2183
E93,E24,SNOWY,SNOWY,1,0.0244851270386821,0.0244851270386821,2183
E93,E40,SNOWY,SNOWY,1,-0.006875215919124717,-0.006875215919124717,2183
E93,E48,SNOWY,SNOWY,1,-0.06059428612738094,-0.06059428612738094,2183
E93,E72,SNOWY,SNOWY,1,-0.019226571521729338,-0.019226571521729338,2183
E93,E95,SNOWY,SNOWY,1,-0.042247240951763465,-0.042247240951763465,2183
E93,E96,SNOWY,SNOWY,1,-0.023991184946430842,-0.023991184946430842,2183
E93,E97,SNOWY,SNOWY,1,-0.009356839119065602,-0.009356839119065602,2183
E93,E98,SNOWY,SNOWY,1,-0.021588181102916625,-0.021588181102916625,2183
E93,E99,SNOWY,SNOWY,1,-0.03440839479184158,-0.03440839479184158,2183
E93,E100,SNOWY,SNOWY,1,-0.04526864263770099,-0.04526864263770099,2183
E13,E21,SNOWY,SNOWY,1,-0.014415929683312987,-0.014415929683312987,2183
E13,E37,SNOWY,SNOWY,1,-0.035256555619245476,-0.035256555619245476,2183
E13,E45,SNOWY,SNOWY,1,-0.012210967178240354,-0.012210967178240354,2183
E13,E53,SNOWY,SNOWY,1,0.04841361494540348,0.04841361494540348,2183
E13,E86,SNOWY,SNOWY,1,-0.01704519970912997,-0.01704519970912997,2183
E13,E94,SNOWY,SNOWY,1,-0.02674504428283256,-0.02674504428283256,2183
E13,E14,SNOWY,SNOWY,1,-0.016451898547754557,-0.016451898547754557,2183
E13,E22,SNOWY,SNOWY,1,-0.02591727282384828,-0.02591727282384828,2183
E13,E38,SNOWY,SNOWY,1,-0.031318916278687874,-0.031318916278687874,2183
E13,E46,SNOWY,SNOWY,1,-0.022009450969411835,-0.022009450969411835,2183
E13,E54,SNOWY,SNOWY,1,-0.016490056310556795,-0.016490056310556795,2183
E13,E79,SNOWY,SNOWY,1,0.014949298039097315,0.014949298039097315,2183
E13,E87,SNOWY,SNOWY,1,0.008357780011634303,0.008357780011634303,2183
E13,E23,SNOWY,SNOWY,1,0.036232543838826264,0.036232543838826264,2183
E13,E39,SNOWY,SNOWY,1,-0.0008964709906088128,-0.0008964709906088128,2183
E13,E47,SNOWY,SNOWY,1,-0.03750818789715413,-0.03750818789715413,2183
E13,E71,SNOWY,SNOWY,1,-0.0257155317893223,-0.0257155317893223,2183
E13,E80,SNOWY,SNOWY,1,-0.02542827749839425,-0.02542827749839425,2183
E13,E88,SNOWY,SNOWY,1,0.01743515244858612,0.01743515244858612,2183
E13,E24,SNOWY,SNOWY,1,-0.015210162922600775,-0.015210162922600775,2183
E13,E40,SNOWY,SNOWY,1,-0.026611508897171437,-0.026611508897171437,2183
E13,E48,SNOWY,SNOWY,1,-0.03278278978282883,-0.03278278978282883,2183
E13,E72,SNOWY,SNOWY,1,-0.02827667388359904,-0.02827667388359904,2183
E13,E95,SNOWY,SNOWY,1,-0.003314112879283065,-0.003314112879283065,2183
E13,E96,SNOWY,SNOWY,1,0.0033393666554815842,0.0033393666554815842,2183
E13,E97,SNOWY,SNOWY,1,-0.051516577205155914,-0.051516577205155914,2183
E13,E98,SNOWY,SNOWY,1,-0.020579395949793407,-0.020579395949793407,2183
E13,E99,SNOWY,SNOWY,1,0.012602083903859721,0.012602083903859721,2183
E13,E100,SNOWY,SNOWY,1,0.021040599483055925,0.021040599483055925,2183
E21,E37,SNOWY,SNOWY,1,-0.01904421982274862,-0.01904421982274862,2183
E21,E45,SNOWY,SNOWY,1,-0.00912105184009821,-0.00912105184009821,2183
E21,E53,SNOWY,SNOWY,1,-0.06432817601994774,-0.06432817601994774,2183
E21,E86,SNOWY,SNOWY,1,-0.025693363127559793,-0.025693363127559793,2183
E21,E94,SNOWY,SNOWY,1,-0.03858262665352914,-0.03858262665352914,2183
E21,E14,SNOWY,SNOWY,1,0.0036905454911457794,0.0036905454911457794,2183
E21,E22,SNOWY,SNOWY,1,-0.01631458799840142,-0.01631458799840142,2183
E21,E38,SNOWY,SNOWY,1,-0.047741919314671526,-0.047741919314671526,2183
E21,E46,SNOWY,SNOWY,1,-0.017896591284536998,-0.017896591284536998,2183
E21,E54,SNOWY,SNOWY,1,0.0020320213521431547,0.0020320213521431547,2183
E21,E79,SNOWY,SNOWY,1,-0.01470454357065423,-0.01470454357065423,2183
E21,E87,SNOWY,SNOWY,1,-0.047866246406572416,-0.047866246406572416,2183
E21,E23,SNOWY,SNOWY,1,0.003260178880667597,0.003260178880667597,2183
E21,E39,SNOWY,SNOWY,1,-0.006178030059757536,-0.006178030059757536,2183
E21,E47,SNOWY,SNOWY,1,0.006216527584131803,0.006216527584131803,2183
E21,E71,SNOWY,SNOWY,1,-0.014313977472725989,-0.014313977472725989,2183
E21,E80,SNOWY,SNOWY,1,-0.021591052677774374,-0.021591052677774374,2183
E21,E88,SNOWY,SNOWY,1,-0.004523981712670612,-0.004523981712670612,2183
E21,E24,SNOWY,SNOWY,1,-0.024569907097248093,-0.024569907097248093,2183
E21,E40,SNOWY,SNOWY,1,-0.033937594938118924,-0.033937594938118924,2183
E21,E48,SNOWY,SNOWY,1,0.014922848711271669,0.014922848711271669,2183
E21,E72,SNOWY,SNOWY,1,0.01875041886590578,0.01875041886590578,2183
E21,E95,SNOWY,SNOWY,1,-0.03249389139881481,-0.03249389139881481,2183
E21,E96,SNOWY,SNOWY,1,-0.05547941844547653,-0.05547941844547653,2183
E21,E97,SNOWY,SNOWY,1,-0.008656249945237334,-0.008656249945237334,2183
E21,E98,SNOWY,SNOWY,1,-0.06227507833768813,-0.06227507833768813,2183
E21,E99,SNOWY,SNOWY,1,-0.03237350038287519,-0.03237350038287519,2183
E21,E100,SNOWY,SNOWY,1,-0.030403413691849734,-0.030403413691849734,2183
E37,E45,SNOWY,SNOWY,1,-0.05836360521845706,-0.05836360521845706,2183
E37,E53,SNOWY,SNOWY,1,-0.05837358458098012,-0.05837358458098012,2183
E37,E86,SNOWY,SNOWY,1,-0.0412825275661876,-0.0412825275661876,2183
E37,E94,SNOWY,SNOWY,1,-0.056947639289194225,-0.056947639289194225,2183
E37,E14,SNOWY,SNOWY,1,-0.07498144124506453,-0.07498144124506453,2183
E37,E22,SNOWY,SNOWY,1,-0.05395950924878391,-0.05395950924878391,2183
E37,E38,SNOWY,SNOWY,1,-0.05357207970127541,-0.05357207970127541,2183
E37,E46,SNOWY,SNOWY,1,-0.05195833087748885,-0.05195833087748885,2183
E37,E54,SNOWY,SNOWY,1,-0.048843178019847604,-0.048843178019847604,2183
E37,E79,SNOWY,SNOWY,1,-0.03450514611302608,-0.03450514611302608,2183
E37,E87,SNOWY,SNOWY,1,-0.02069188635110019,-0.02069188635110019,2183
E37,E23,SNOWY,SNOWY,1,-0.06542917298137711,-0.06542917298137711,2183
E37,E39,SNOWY,SNOWY,1,0.016679266837150215,0.016679266837150215,2183
E37,E47,SNOWY,SNOWY,1,-0.033888102695927125,-0.033888102695927125,2183
E37,E71,SNOWY,SNOWY,1,-0.06609509463544468,-0.06609509463544468,2183
E37,E80,SNOWY,SNOWY,1,-0.039454869344585135,-0.039454869344585135,2183
E37,E88,SNOWY,SNOWY,1,-0.047242565508968604,-0.047242565508968604,2183
E37,E24,SNOWY,SNOWY,1,-0.012854822619998508,-0.012854822619998508,2183
E37,E40,SNOWY,SNOWY,1,-0.027245106018831018,-0.027245106018831018,2183
E37,E48,SNOWY,SNOWY,1,-0.06616172565156138,-0.06616172565156138,2183
E37,E72,SNOWY,SNOWY,1,0.0798062160553614,0.0798062160553614,2183
E37,E95,SNOWY,SNOWY,1,-0.03284833047545176,-0.03284833047545176,2183
E37,E96,SNOWY,SNOWY,1,-0.030195538142372715,-0.030195538142372715,2183
E37,E97,SNOWY,SNOWY,1,-0.04658713724831804,-0.04658713724831804,2183
E37,E98,SNOWY,SNOWY,1,0.23430005999194212,0.23430005999194212,2183
E37,E99,SNOWY,SNOWY,1,-0.045435119890200826,-0.045435119890200826,2183
E37,E100,SNOWY,SNOWY,1,-0.07689902098452238,-0.07689902098452238,2183
E45,E53,SNOWY,SNOWY,1,-0.022586356006739233,-0.022586356006739233,2183
E45,E86,SNOWY,SNOWY,1,-0.05488368936774536,-0.05488368936774536,2183
E45,E94,SNOWY,SNOWY,1,-0.03560926052066822,-0.03560926052066822,2183
E45,E14,SNOWY,SNOWY,1,-0.01548802454567864,-0.01548802454567864,2183
E45,E22,SNOWY,SNOWY,1,-0.03965210938902537,-0.03965210938902537,2183
E45,E38,SNOWY,SNOWY,1,-0.048201597477864726,-0.048201597477864726,2183
E45,E46,SNOWY,SNOWY,1,-0.01146074590768936,-0.01146074590768936,2183
E45,E54,SNOWY,SNOWY,1,0.38050329237699676,0.38050329237699676,2183
E45,E79,SNOWY,SNOWY,1,-0.028081646086053028,-0.028081646086053028,2183
E45,E87,SNOWY,SNOWY,1,0.00914760588506764,0.00914760588506764,2183
E45,E23,SNOWY,SNOWY,1,-0.015251184412663314,-0.015251184412663314,2183
E45,E39,SNOWY,SNOWY,1,0.004165488299530943,0.004165488299530943,2183
E45,E47,SNOWY,SNOWY,1,0.028090140002907344,0.028090140002907344,2183
E45,E71,SNOWY,SNOWY,1,-0.034502593196869005,-0.034502593196869005,2183
E45,E80,SNOWY,SNOWY,1,-0.02852659921224142,-0.02852659921224142,2183
E45,E88,SNOWY,SNOWY,1,-0.03575728728497364,-0.03575728728497364,2183
E45,E24,SNOWY,SNOWY,1,-0.0366221334540102,-0.0366221334540102,2183
E45,E40,SNOWY,SNOWY,1,-0.01563964227267476,-0.01563964227267476,2183
E45,E48,SNOWY,SNOWY,1,-0.031056183326406427,-0.031056183326406427,2183
E45,E72,SNOWY,SNOWY,1,-0.005016932138721428,-0.005016932138721428,2183
E45,E95,SNOWY,SNOWY,1,-0.04825498586439748,-0.04825498586439748,2183
E45,E96,SNOWY,SNOWY,1,-0.05717359613924637,-0.05717359613924637,2183
E45,E97,SNOWY,SNOWY,1,-0.01297434979689647,-0.01297434979689647,2183
E45,E98,SNOWY,SNOWY,1,-0.061509269884262086,-0.061509269884262086,2183
E45,E99,SNOWY,SNOWY,1,-0.026708003102523588,-0.026708003102523588,2183
E45,E100,SNOWY,SNOWY,1,-0.023810654508521555,-0.023810654508521555,2183
E53,E86,SNOWY,SNOWY,1,0.01319843828423579,0.01319843828423579,2183
E53,E94,SNOWY,SNOWY,1,-0.020532354918626528,-0.020532354918626528,2183
E53,E14,SNOWY,SNOWY,1,-0.026394686378382187,-0.026394686378382187,2183
E53,E22,SNOWY,SNOWY,1,-0.013917827695260428,-0.013917827695260428,2183
E53,E38,SNOWY,SNOWY,1,-0.0426661700015295,-0.0426661700015295,2183
E53,E46,SNOWY,SNOWY,1,0.007426429078310806,0.007426429078310806,2183
E53,E54,SNOWY,SNOWY,1,-0.024345616101414898,-0.024345616101414898,2183
E53,E79,SNOWY,SNOWY,1,0.013327445280433538,0.013327445280433538,2183
E53,E87,SNOWY,SNOWY,1,-0.04372501723945576,-0.04372501723945576,2183
E53,E23,SNOWY,SNOWY,1,0.033455671672094026,0.033455671672094026,2183
E53,E39,SNOWY,SNOWY,1,-0.013230385129585494,-0.013230385129585494,2183
E53,E47,SNOWY,SNOWY,1,0.01215198270320389,0.01215198270320389,2183
E53,E71,SNOWY,SNOWY,1,-0.0326634676908445,-0.0326634676908445,2183
E53,E80,SNOWY,SNOWY,1,0.0040626367346199045,0.0040626367346199045,2183
E53,E88,SNOWY,SNOWY,1,-0.01213903409228397,-0.01213903409228397,2183
E53,E24,SNOWY,SNOWY,1,-0.04133174304515451,-0.04133174304515451,2183
E53,E40,SNOWY,SNOWY,1,0.04193878578764771,0.04193878578764771,2183
E53,E48,SNOWY,SNOWY,1,0.00852972816144857,0.00852972816144857,2183
E53,E72,SNOWY,SNOWY,1,-0.05459736741273217,-0.05459736741273217,2183
E53,E95,SNOWY,SNOWY,1,-0.027153363150059392,-0.027153363150059392,2183
E53,E96,SNOWY,SNOWY,1,-0.03205974595722342,-0.03205974595722342,2183
E53,E97,SNOWY,SNOWY,1,0.015242032672927355,0.015242032672927355,2183
E53,E98,SNOWY,SNOWY,1,-0.02315769592013228,-0.02315769592013228,2183
E53,E99,SNOWY,SNOWY,1,-0.039634171847078424,-0.039634171847078424,2183
E53,E100,SNOWY,SNOWY,1,-0.003386345020723914,-0.003386345020723914,2183
E86,E94,SNOWY,SNOWY,1,0.00045102198520561524,0.00045102198520561524,2183
E86,E14,SNOWY,SNOWY,1,-0.022366540799952248,-0.022366540799952248,2183
E86,E22,SNOWY,SNOWY,1,-0.008757795488474626,-0.008757795488474626,2183
E86,E38,SNOWY,SNOWY,1,-0.03073945187861916,-0.03073945187861916,2183
E86,E46,SNOWY,SNOWY,1,0.01343475020275387,0.01343475020275387,2183
E86,E54,SNOWY,SNOWY,1,-0.039861453397692176,-0.039861453397692176,2183
E86,E79,SNOWY,SNOWY,1,-0.020946031804085996,-0.020946031804085996,2183
E86,E87,SNOWY,SNOWY,1,-0.062101820700053274,-0.062101820700053274,2183
E86,E23,SNOWY,SNOWY,1,-0.03103167145257301,-0.03103167145257301,2183
E86,E39,SNOWY,SNOWY,1,-0.05662069770534236,-0.05662069770534236,2183
E86,E47,SNOWY,SNOWY,1,-0.04968066079537939,-0.04968066079537939,2183
E86,E71,SNOWY,SNOWY,1,-0.05778118959393252,-0.05778118959393252,2183
E86,E80,SNOWY,SNOWY,1,-0.03505147573187181,-0.03505147573187181,2183
E86,E88,SNOWY,SNOWY,1,-0.03941700110074389,-0.03941700110074389,2183
E86,E24,SNOWY,SNOWY,1,-0.028652538160898567,-0.028652538160898567,2183
E86,E40,SNOWY,SNOWY,1,0.13564764813257452,0.13564764813257452,2183
E86,E48,SNOWY,SNOWY,1,-0.03788299285990185,-0.03788299285990185,2183
E86,E72,SNOWY,SNOWY,1,-0.034429400013296294,-0.034429400013296294,2183
E86,E95,SNOWY,SNOWY,1,0.03045189857948822,0.03045189857948822,2183
E86,E96,SNOWY,SNOWY,1,-0.018684593959197478,-0.018684593959197478,2183
E86,E97,SNOWY,SNOWY,1,-0.03507168939780979,-0.03507168939780979,2183
E86,E98,SNOWY,SNOWY,1,-0.024037818649709764,-0.024037818649709764,2183
E86,E99,SNOWY,SNOWY,1,-0.033503812299773776,-0.033503812299773776,2183
E86,E100,SNOWY,SNOWY,1,-0.03724185610631098,-0.03724185610631098,2183
E94,E14,SNOWY,SNOWY,1,-0.05608533856473636,-0.05608533856473636,2183
E94,E22,SNOWY,SNOWY,1,-0.038371804315370704,-0.038371804315370704,2183
E94,E38,SNOWY,SNOWY,1,-0.03280318696494323,-0.03280318696494323,2183
E94,E46,SNOWY,SNOWY,1,-0.021085865786284245,-0.021085865786284245,2183
E94,E54,SNOWY,SNOWY,1,-0.05846986300135605,-0.05846986300135605,2183
E94,E79,SNOWY,SNOWY,1,-0.06518931872079382,-0.06518931872079382,2183
E94,E87,SNOWY,SNOWY,1,-0.03360289012797397,-0.03360289012797397,2183
E94,E23,SNOWY,SNOWY,1,-0.035815539532302605,-0.035815539532302605,2183
E94,E39,SNOWY,SNOWY,1,-0.040878870727843804,-0.040878870727843804,2183
E94,E47,SNOWY,SNOWY,1,-0.027633169552751583,-0.027633169552751583,2183
E94,E71,SNOWY,SNOWY,1,-0.047401096931621214,-0.047401096931621214,2183
E94,E80,SNOWY,SNOWY,1,-0.026005566329020458,-0.026005566329020458,2183
E94,E88,SNOWY,SNOWY,1,-0.01934951226080378,-0.01934951226080378,2183
E94,E24,SNOWY,SNOWY,1,-0.042205920481918235,-0.042205920481918235,2183
E94,E40,SNOWY,SNOWY,1,-0.037856928110844984,-0.037856928110844984,2183
E94,E48,SNOWY,SNOWY,1,-0.01666585812604358,-0.01666585812604358,2183
E94,E72,SNOWY,SNOWY,1,-0.03949256319733638,-0.03949256319733638,2183
E94,E95,SNOWY,SNOWY,1,-0.051558881271088756,-0.051558881271088756,2183
E94,E96,SNOWY,SNOWY,1,-0.027434070542145042,-0.027434070542145042,2183
E94,E97,SNOWY,SNOWY,1,0.01681538908722001,0.01681538908722001,2183
E94,E98,SNOWY,SNOWY,1,-0.022413528280248934,-0.022413528280248934,2183
E94,E99,SNOWY,SNOWY,1,-0.030380983043182788,-0.030380983043182788,2183
E94,E100,SNOWY,SNOWY,1,0.0191676137500679,0.0191676137500679,2183
E14,E22,SNOWY,SNOWY,1,-0.03276746281854191,-0.03276746281854191,2183
E14,E38,SNOWY,SNOWY,1,-0.011095330899439105,-0.011095330899439105,2183
E14,E46,SNOWY,SNOWY,1,0.03100718787163259,0.03100718787163259,2183
E14,E54,SNOWY,SNOWY,1,-0.04530050763960733,-0.04530050763960733,2183
E14,E79,SNOWY,SNOWY,1,0.0011708111120059537,0.0011708111120059537,2183
E14,E87,SNOWY,SNOWY,1,-0.027268467863701195,-0.027268467863701195,2183
E14,E23,SNOWY,SNOWY,1,0.006614782106217431,0.006614782106217431,2183
E14,E39,SNOWY,SNOWY,1,0.005148325785592913,0.005148325785592913,2183
E14,E47,SNOWY,SNOWY,1,0.011906655264544761,0.011906655264544761,2183
E14,E71,SNOWY,SNOWY,1,-0.020956999618634363,-0.020956999618634363,2183
E14,E80,SNOWY,SNOWY,1,-0.02253849192072684,-0.02253849192072684,2183
E14,E88,SNOWY,SNOWY,1,-0.009446611236767544,-0.009446611236767544,2183
E14,E24,SNOWY,SNOWY,1,-0.0052646724019548945,-0.0052646724019548945,2183
E14,E40,SNOWY,SNOWY,1,-0.04161839298011747,-0.04161839298011747,2183
E14,E48,SNOWY,SNOWY,1,-0.029005600831687493,-0.029005600831687493,2183
E14,E72,SNOWY,SNOWY,1,0.0029550736339918806,0.0029550736339918806,2183
E14,E95,SNOWY,SNOWY,1,-0.03067628641777992,-0.03067628641777992,2183
E14,E96,SNOWY,SNOWY,1,-0.0469434477872788,-0.0469434477872788,2183
E14,E97,SNOWY,SNOWY,1,0.0031551336241760295,0.0031551336241760295,2183
E14,E98,SNOWY,SNOWY,1,-0.03801733390320703,-0.03801733390320703,2183
E14,E99,SNOWY,SNOWY,1,-0.057210958566567785,-0.057210958566567785,2183
E14,E100,SNOWY,SNOWY,1,-0.04143679369091548,-0.04143679369091548,2183
E22,E38,SNOWY,SNOWY,1,0.013881386248827019,0.013881386248827019,2183
E22,E46,SNOWY,SNOWY,1,0.003230852743701314,0.003230852743701314,2183
E22,E54,SNOWY,SNOWY,1,0.007572445949435851,0.007572445949435851,2183
E22,E79,SNOWY,SNOWY,1,-0.024046964804207524,-0.024046964804207524,2183
E22,E87,SNOWY,SNOWY,1,-0.029658510109765605,-0.029658510109765605,2183
E22,E23,SNOWY,SNOWY,1,-0.00986292127459744,-0.00986292127459744,2183
E22,E39,SNOWY,SNOWY,1,-0.054060951995712564,-0.054060951995712564,2183
E22,E47,SNOWY,SNOWY,1,-0.01713207374956466,-0.01713207374956466,2183
E22,E71,SNOWY,SNOWY,1,0.0030399849068592096,0.0030399849068592096,2183
E22,E80,SNOWY,SNOWY,1,-0.010231268743534654,-0.010231268743534654,2183
E22,E88,SNOWY,SNOWY,1,-0.021464224064475724,-0.021464224064475724,2183
E22,E24,SNOWY,SNOWY,1,-0.0067483367118209205,-0.0067483367118209205,2183
E22,E40,SNOWY,SNOWY,1,0.008309795562154129,0.008309795562154129,2183
E22,E48,SNOWY,SNOWY,1,0.013863150885921742,0.013863150885921742,2183
E22,E72,SNOWY,SNOWY,1,-0.019758502012105918,-0.019758502012105918,2183
E22,E95,SNOWY,SNOWY,1,-0.009894472082666762,-0.009894472082666762,2183
E22,E96,SNOWY,SNOWY,1,-0.017752725110638225,-0.017752725110638225,2183
E22,E97,SNOWY,SNOWY,1,-0.007907891668745837,-0.007907891668745837,2183
E22,E98,SNOWY,SNOWY,1,-0.04834760421219837,-0.04834760421219837,2183
E22,E99,SNOWY,SNOWY,1,-0.014585856934724844,-0.014585856934724844,2183
E22,E100,SNOWY,SNOWY,1,-0.011560958745690736,-0.011560958745690736,2183
E38,E46,SNOWY,SNOWY,1,-0.03186611428555446,-0.03186611428555446,2183
E38,E54,SNOWY,SNOWY,1,-0.041583420838606104,-0.041583420838606104,2183
E38,E79,SNOWY,SNOWY,1,-0.031228551662582496,-0.031228551662582496,2183
E38,E87,SNOWY,SNOWY,1,-0.023222826643100825,-0.023222826643100825,2183
E38,E23,SNOWY,SNOWY,1,0.006230441669809925,0.006230441669809925,2183
E38,E39,SNOWY,SNOWY,1,-0.03545067626507179,-0.03545067626507179,2183
E38,E47,SNOWY,SNOWY,1,-0.009960523750834959,-0.009960523750834959,2183
E38,E71,SNOWY,SNOWY,1,0.03081760972280384,0.03081760972280384,2183
E38,E80,SNOWY,SNOWY,1,-0.02374942843728457,-0.02374942843728457,2183
E38,E88,SNOWY,SNOWY,1,-0.02496648230934661,-0.02496648230934661,2183
E38,E24,SNOWY,SNOWY,1,-0.021652086814140152,-0.021652086814140152,2183
E38,E40,SNOWY,SNOWY,1,-0.0027786417368947706,-0.0027786417368947706,2183
E38,E48,SNOWY,SNOWY,1,-0.05177651655404902,-0.05177651655404902,2183
E38,E72,SNOWY,SNOWY,1,-0.01617455158921394,-0.01617455158921394,2183
E38,E95,SNOWY,SNOWY,1,0.006560328562795365,0.006560328562795365,2183
E38,E96,SNOWY,SNOWY,1,-0.004743076363655838,-0.004743076363655838,2183
E38,E97,SNOWY,SNOWY,1,0.0033034515837207373,0.0033034515837207373,2183
E38,E98,SNOWY,SNOWY,1,-0.054184071377643854,-0.054184071377643854,2183
E38,E99,SNOWY,SNOWY,1,-0.009655805483473532,-0.009655805483473532,2183
E38,E100,SNOWY,SNOWY,1,-0.032244048689954105,-0.032244048689954105,2183
E46,E54,SNOWY,SNOWY,1,-0.0253583131867124,-0.0253583131867124,2183
E46,E79,SNOWY,SNOWY,1,-0.03929032387349032,-0.03929032387349032,2183
E46,E87,SNOWY,SNOWY,1,-0.011618829010606034,-0.011618829010606034,2183
E46,E23,SNOWY,SNOWY,1,-0.027152795670869343,-0.027152795670869343,2183
E46,E39,SNOWY,SNOWY,1,-0.031284054431227386,-0.031284054431227386,2183
E46,E47,SNOWY,SNOWY,1,-0.013566806734649849,-0.013566806734649849,2183
E46,E71,SNOWY,SNOWY,1,-0.021283258134989873,-0.021283258134989873,2183
E46,E80,SNOWY,SNOWY,1,-0.028650447989642218,-0.028650447989642218,2183
E46,E88,SNOWY,SNOWY,1,-0.04418619312944197,-0.04418619312944197,2183
E46,E24,SNOWY,SNOWY,1,-0.01882398095304949,-0.01882398095304949,2183
E46,E40,SNOWY,SNOWY,1,-0.036635646548379794,-0.036635646548379794,2183
E46,E48,SNOWY,SNOWY,1,-0.03197940011397567,-0.03197940011397567,2183
E46,E72,SNOWY,SNOWY,1,-0.023695011699177492,-0.023695011699177492,2183
E46,E95,SNOWY,SNOWY,1,-0.019000010675274563,-0.019000010675274563,2183
E46,E96,SNOWY,SNOWY,1,-0.053079219165734166,-0.053079219165734166,2183
E46,E97,SNOWY,SNOWY,1,-0.056852853341844777,-0.056852853341844777,2183
E46,E98,SNOWY,SNOWY,1,0.04854680231316347,0.04854680231316347,2183
E46,E99,SNOWY,SNOWY,1,-0.029199544756509394,-0.029199544756509394,2183
E46,E100,SNOWY,SNOWY,1,-0.022766577216015417,-0.022766577216015417,2183
E54,E79,SNOWY,SNOWY,1,-0.00502843156566274,-0.00502843156566274,2183
E54,E87,SNOWY,SNOWY,1,0.019951901356467704,0.019951901356467704,2183
E54,E23,SNOWY,SNOWY,1,0.0019874148474376347,0.0019874148474376347,2183
E54,E39,SNOWY,SNOWY,1,-0.0012035529140851642,-0.0012035529140851642,2183
E54,E47,SNOWY,SNOWY,1,0.016639711813656297,0.016639711813656297,2183
E54,E71,SNOWY,SNOWY,1,-0.039134759530920306,-0.039134759530920306,2183
E54,E80,SNOWY,SNOWY,1,-0.014553947205435132,-0.014553947205435132,2183
E54,E88,SNOWY,SNOWY,1,-0.03790055025943288,-0.03790055025943288,2183
E54,E24,SNOWY,SNOWY,1,-0.042327526278907526,-0.042327526278907526,2183
E54,E40,SNOWY,SNOWY,1,0.016475732496868647,0.016475732496868647,2183
E54,E48,SNOWY,SNOWY,1,-0.017542582017783838,-0.017542582017783838,2183
E54,E72,SNOWY,SNOWY,1,-0.00608628949338669,-0.00608628949338669,2183
E54,E95,SNOWY,SNOWY,1,-0.03459382803030898,-0.03459382803030898,2183
E54,E96,SNOWY,SNOWY,1,-0.04211574376399982,-0.04211574376399982,2183
E54,E97,SNOWY,SNOWY,1,-0.05133360124022457,-0.05133360124022457,2183
E54,E98,SNOWY,SNOWY,1,-0.03092750342972891,-0.03092750342972891,2183
E54,E99,SNOWY,SNOWY,1,-0.009167610991585131,-0.009167610991585131,2183
E54,E100,SNOWY,SNOWY,1,-0.04027049097458204,-0.04027049097458204,2183
E79,E87,SNOWY,SNOWY,1,-0.05601942598101665,-0.05601942598101665,2183
E79,E23,SNOWY,SNOWY,1,0.01122166192702158,0.01122166192702158,2183
E79,E39,SNOWY,SNOWY,1,-0.01727762833817206,-0.01727762833817206,2183
E79,E47,SNOWY,SNOWY,1,0.006105100744285065,0.006105100744285065,2183
E79,E71,SNOWY,SNOWY,1,0.020750097266958867,0.020750097266958867,2183
E79,E80,SNOWY,SNOWY,1,-0.016873655230935675,-0.016873655230935675,2183
E79,E88,SNOWY,SNOWY,1,-0.01252293620172358,-0.01252293620172358,2183
E79,E24,SNOWY,SNOWY,1,-0.012329820511007318,-0.012329820511007318,2183
E79,E40,SNOWY,SNOWY,1,-0.019336467638410043,-0.019336467638410043,2183
E79,E48,SNOWY,SNOWY,1,0.0264346672685402,0.0264346672685402,2183
E79,E72,SNOWY,SNOWY,1,-0.010909892891236454,-0.010909892891236454,2183
E79,E95,SNOWY,SNOWY,1,-0.03568606222147345,-0.03568606222147345,2183
E79,E96,SNOWY,SNOWY,1,-0.02377387675309386,-0.02377387675309386,2183
E79,E97,SNOWY,SNOWY,1,-0.02615758612513989,-0.02615758612513989,2183
E79,E98,SNOWY,SNOWY,1,-0.03242862530951116,-0.03242862530951116,2183
E79,E99,SNOWY,SNOWY,1,-0.016549622148075704,-0.016549622148075704,2183
E79,E100,SNOWY,SNOWY,1,-0.010793444204994238,-0.010793444204994238,2183
E87,E23,SNOWY,SNOWY,1,-0.05842710659578824,-0.05842710659578824,2183
E87,E39,SNOWY,SNOWY,1,-0.0101490703495609,-0.0101490703495609,2183
E87,E47,SNOWY,SNOWY,1,-0.038314591183922726,-0.038314591183922726,2183
E87,E71,SNOWY,SNOWY,1,-0.059345794980576,-0.059345794980576,2183
E87,E80,SNOWY,SNOWY,1,0.00040107057655112185,0.00040107057655112185,2183
E87,E88,SNOWY,SNOWY,1,-0.02282981581323952,-0.02282981581323952,2183
E87,E24,SNOWY,SNOWY,1,0.0001345289617813273,0.0001345289617813273,2183
E87,E40,SNOWY,SNOWY,1,-0.027747823551854893,-0.027747823551854893,2183
E87,E48,SNOWY,SNOWY,1,-0.05991220231787518,-0.05991220231787518,2183
E87,E72,SNOWY,SNOWY,1,-0.021274215963098697,-0.021274215963098697,2183
E87,E95,SNOWY,SNOWY,1,0.002967928286585322,0.002967928286585322,2183
E87,E96,SNOWY,SNOWY,1,-0.029122495631466298,-0.029122495631466298,2183
E87,E97,SNOWY,SNOWY,1,-0.022575416947163265,-0.022575416947163265,2183
E87,E98,SNOWY,SNOWY,1,-0.04461991349286267,-0.04461991349286267,2183
E87,E99,SNOWY,SNOWY,1,-0.0478352907296083,-0.0478352907296083,2183
E87,E100,SNOWY,SNOWY,1,-0.007390420356745236,-0.007390420356745236,2183
E23,E39,SNOWY,SNOWY,1,-0.01712468213071883,-0.01712468213071883,2183
E23,E47,SNOWY,SNOWY,1,0.010054540021416487,0.010054540021416487,2183
E23,E71,SNOWY,SNOWY,1,0.05037997890329833,0.05037997890329833,2183
E23,E80,SNOWY,SNOWY,1,-0.014638561666259849,-0.014638561666259849,2183
E23,E88,SNOWY,SNOWY,1,0.2026200893633334,0.2026200893633334,2183
E23,E24,SNOWY,SNOWY,1,-0.04954402146917037,-0.04954402146917037,2183
E23,E40,SNOWY,SNOWY,1,-0.03718341263211672,-0.03718341263211672,2183
E23,E48,SNOWY,SNOWY,1,0.0002123445175811438,0.0002123445175811438,2183
E23,E72,SNOWY,SNOWY,1,-0.0261755389508703,-0.0261755389508703,2183
E23,E95,SNOWY,SNOWY,1,-0.033745167896344096,-0.033745167896344096,2183
E23,E96,SNOWY,SNOWY,1,-0.047234666263272926,-0.047234666263272926,2183
E23,E97,SNOWY,SNOWY,1,0.00652623733923602,0.00652623733923602,2183
E23,E98,SNOWY,SNOWY,1,-0.02140168491298162,-0.02140168491298162,2183
E23,E99,SNOWY,SNOWY,1,-0.0503555033953306,-0.0503555033953306,2183
E23,E100,SNOWY,SNOWY,1,-0.02153435072708693,-0.02153435072708693,2183
E39,E47,SNOWY,SNOWY,1,0.024126786057045067,0.024126786057045067,2183
E39,E71,SNOWY,SNOWY,1,-0.050534934463379436,-0.050534934463379436,2183
E39,E80,SNOWY,SNOWY,1,-0.031132364135091246,-0.031132364135091246,2183
E39,E88,SNOWY,SNOWY,1,-0.05627677538202022,-0.05627677538202022,2183
E39,E24,SNOWY,SNOWY,1,-0.0333848435763,-0.0333848435763,2183
E39,E40,SNOWY,SNOWY,1,-0.04416689672058874,-0.04416689672058874,2183
E39,E48,SNOWY,SNOWY,1,-0.042248063100074965,-0.042248063100074965,2183
E39,E72,SNOWY,SNOWY,1,0.056010436101505225,0.056010436101505225,2183
E39,E95,SNOWY,SNOWY,1,-0.04258775382438995,-0.04258775382438995,2183
E39,E96,SNOWY,SNOWY,1,-0.06016046595415676,-0.06016046595415676,2183
E39,E97,SNOWY,SNOWY,1,-0.008552155437204568,-0.008552155437204568,2183
E39,E98,SNOWY,SNOWY,1,-0.04443727437035978,-0.04443727437035978,2183
E39,E99,SNOWY,SNOWY,1,-0.04230077107244982,-0.04230077107244982,2183
E39,E100,SNOWY,SNOWY,1,-0.02264408164027116,-0.02264408164027116,2183
E47,E71,SNOWY,SNOWY,1,-0.010981189778262321,-0.010981189778262321,2183
E47,E80,SNOWY,SNOWY,1,0.004384438225594459,0.004384438225594459,2183
E47,E88,SNOWY,SNOWY,1,-0.029199786281615125,-0.029199786281615125,2183
E47,E24,SNOWY,SNOWY,1,-0.031853003255452844,-0.031853003255452844,2183
E47,E40,SNOWY,SNOWY,1,-0.044218780024381635,-0.044218780024381635,2183
E47,E48,SNOWY,SNOWY,1,0.01739471620027084,0.01739471620027084,2183
E47,E72,SNOWY,SNOWY,1,-0.02028554618214454,-0.02028554618214454,2183
E47,E95,SNOWY,SNOWY,1,-0.05737949319139096,-0.05737949319139096,2183
E47,E96,SNOWY,SNOWY,1,0.006912040356383656,0.006912040356383656,2183
E47,E97,SNOWY,SNOWY,1,0.014694012581260872,0.014694012581260872,2183
E47,E98,SNOWY,SNOWY,1,-0.0496309677699603,-0.0496309677699603,2183
E47,E99,SNOWY,SNOWY,1,-0.033090159313257844,-0.033090159313257844,2183
E47,E100,SNOWY,SNOWY,1,-0.033136344096055585,-0.033136344096055585,2183
E71,E80,SNOWY,SNOWY,1,-0.03259199045787923,-0.03259199045787923,2183
E71,E88,SNOWY,SNOWY,1,0.002978486026786584,0.002978486026786584,2183
E71,E24,SNOWY,SNOWY,1,-0.011645177371525641,-0.011645177371525641,2183
E71,E40,SNOWY,SNOWY,1,-0.0413813624600724,-0.0413813624600724,2183
E71,E48,SNOWY,SNOWY,1,-0.03717216000727033,-0.03717216000727033,2183
E71,E72,SNOWY,SNOWY,1,-0.044687475823049314,-0.044687475823049314,2183
E71,E95,SNOWY,SNOWY,1,-0.035338816021149085,-0.035338816021149085,2183
E71,E96,SNOWY,SNOWY,1,-0.01933189017354586,-0.01933189017354586,2183
E71,E97,SNOWY,SNOWY,1,-0.03813767286601356,-0.03813767286601356,2183
E71,E98,SNOWY,SNOWY,1,-0.06362695192291747,-0.06362695192291747,2183
E71,E99,SNOWY,SNOWY,1,-0.01779950820323141,-0.01779950820323141,2183
E71,E100,SNOWY,SNOWY,1,0.030251901520775178,0.030251901520775178,2183
E80,E88,SNOWY,SNOWY,1,-0.0199282501082693,-0.0199282501082693,2183
E80,E24,SNOWY,SNOWY,1,-0.019237440682197057,-0.019237440682197057,2183
E80,E40,SNOWY,SNOWY,1,0.004925040536080431,0.004925040536080431,2183
E80,E48,SNOWY,SNOWY,1,-0.0299027891659553,-0.0299027891659553,2183
E80,E72,SNOWY,SNOWY,1,-0.03773025326244762,-0.03773025326244762,2183
E80,E95,SNOWY,SNOWY,1,-0.04595691621557002,-0.04595691621557002,2183
E80,E96,SNOWY,SNOWY,1,-0.04310641918366212,-0.04310641918366212,2183
E80,E97,SNOWY,SNOWY,1,-0.0047603364747969825,-0.0047603364747969825,2183
E80,E98,SNOWY,SNOWY,1,-0.04596083902044476,-0.04596083902044476,2183
E80,E99,SNOWY,SNOWY,1,-0.04871842955470816,-0.04871842955470816,2183
E80,E100,SNOWY,SNOWY,1,-0.033297638819325,-0.033297638819325,2183
E88,E24,SNOWY,SNOWY,1,0.01212146477086783,0.01212146477086783,2183
E88,E40,SNOWY,SNOWY,1,-0.05333142514762428,-0.05333142514762428,2183
E88,E48,SNOWY,SNOWY,1,0.009892173726870068,0.009892173726870068,2183
E88,E72,SNOWY,SNOWY,1,-0.04717826093557624,-0.04717826093557624,2183
E88,E95,SNOWY,SNOWY,1,-0.020190818155551203,-0.020190818155551203,2183
E88,E96,SNOWY,SNOWY,1,0.015824492285458746,0.015824492285458746,2183
E88,E97,SNOWY,SNOWY,1,-0.030772944115671188,-0.030772944115671188,2183
E88,E98,SNOWY,SNOWY,1,-0.04151025428468058,-0.04151025428468058,2183
E88,E99,SNOWY,SNOWY,1,0.030585388057379294,0.030585388057379294,2183
E88,E100,SNOWY,SNOWY,1,-0.028864578277950782,-0.028864578277950782,2183
E24,E40,SNOWY,SNOWY,1,-0.020739388678465052,-0.020739388678465052,2183
E24,E48,SNOWY,SNOWY,1,-0.012254563456757695,-0.012254563456757695,2183
E24,E72,SNOWY,SNOWY,1,-0.04188127437017095,-0.04188127437017095,2183
E24,E95,SNOWY,SNOWY,1,0.03337765373167222,0.03337765373167222,2183
E24,E96,SNOWY,SNOWY,1,-0.05330610119168037,-0.05330610119168037,2183
E24,E97,SNOWY,SNOWY,1,-0.0003024176562176896,-0.0003024176562176896,2183
E24,E98,SNOWY,SNOWY,1,-0.010480639468314965,-0.010480639468314965,2183
E24,E99,SNOWY,SNOWY,1,-0.030479928004440823,-0.030479928004440823,2183
E24,E100,SNOWY,SNOWY,1,-0.01758987454100591,-0.01758987454100591,2183
E40,E48,SNOWY,SNOWY,1,-0.03202951725898228,-0.03202951725898228,2183
E40,E72,SNOWY,SNOWY,1,-0.02241874158875285,-0.02241874158875285,2183
E40,E95,SNOWY,SNOWY,1,-0.012078244334281549,-0.012078244334281549,2183
E40,E96,SNOWY,SNOWY,1,-0.026117506819206753,-0.026117506819206753,2183
E40,E97,SNOWY,SNOWY,1,-0.01601668438251359,-0.01601668438251359,2183
E40,E98,SNOWY,SNOWY,1,-0.018481882507114637,-0.018481882507114637,2183
E40,E99,SNOWY,SNOWY,1,-0.011041625033892432,-0.011041625033892432,2183
E40,E100,SNOWY,SNOWY,1,-0.01132710953509621,-0.01132710953509621,2183
E48,E72,SNOWY,SNOWY,1,-0.011867984123614825,-0.011867984123614825,2183
E48,E95,SNOWY,SNOWY,1,0.021413967420392147,0.021413967420392147,2183
E48,E96,SNOWY,SNOWY,1,0.0022499901632071534,0.0022499901632071534,2183
E48,E97,SNOWY,SNOWY,1,0.060086712752407186,0.060086712752407186,2183
E48,E98,SNOWY,SNOWY,1,-0.05230613073329329,-0.05230613073329329,2183
E48,E99,SNOWY,SNOWY,1,-0.016296618227515453,-0.016296618227515453,2183
E48,E100,SNOWY,SNOWY,1,-0.012039952084350889,-0.012039952084350889,2183
E72,E95,SNOWY,SNOWY,1,-0.034884881541602804,-0.034884881541602804,2183
E72,E96,SNOWY,SNOWY,1,-0.033979906601713065,-0.033979906601713065,2183
E72,E97,SNOWY,SNOWY,1,-0.06070209306533106,-0.06070209306533106,2183
E72,E98,SNOWY,SNOWY,1,-0.04575673760154611,-0.04575673760154611,2183
E72,E99,SNOWY,SNOWY,1,-0.019358738815175223,-0.019358738815175223,2183
E72,E100,SNOWY,SNOWY,1,-0.02431955982187801,-0.02431955982187801,2183
E95,E96,SNOWY,SNOWY,1,-0.04677311852678628,-0.04677311852678628,2183
E95,E97,SNOWY,SNOWY,1,-0.00571551287301663,-0.00571551287301663,2183
E95,E98,SNOWY,SNOWY,1,-0.013470041190570126,-0.013470041190570126,2183
E95,E99,SNOWY,SNOWY,1,-0.046841711586099774,-0.046841711586099774,2183
E95,E100,SNOWY,SNOWY,1,-0.03239108972853859,-0.03239108972853859,2183
E96,E97,SNOWY,SNOWY,1,-0.04280794072693029,-0.04280794072693029,2183
E96,E98,SNOWY,SNOWY,1,-0.018898131412701785,-0.018898131412701785,2183
E96,E99,SNOWY,SNOWY,1,0.530101728836371,0.530101728836371,2183
E96,E100,SNOWY,SNOWY,1,-0.06423817729685809,-0.06423817729685809,2183
E97,E98,SNOWY,SNOWY,1,-0.07630888183255628,-0.07630888183255628,2183
E97,E99,SNOWY,SNOWY,1,-0.041595580947167365,-0.041595580947167365,2183
E97,E100,SNOWY,SNOWY,1,0.014443680808913782,0.014443680808913782,2183
E98,E99,SNOWY,SNOWY,1,-0.021909285603022185,-0.021909285603022185,2183
E98,E100,SNOWY,SNOWY,1,-0.04649452313024369,-0.04649452313024369,2183
E99,E100,SNOWY,SNOWY,1,-0.026860528893011243,-0.026860528893011243,2183
T27,T35,TENTERFIELD,TENTERFIELD,1,-0.032151250219696705,-0.032151250219696705,1890
T27,T11,TENTERFIELD,TENTERFIELD,1,-0.041310956192480444,-0.041310956192480444,1890
T27,T19,TENTERFIELD,TENTERFIELD,1,-0.03231984015610575,-0.03231984015610575,1890
T27,T28,TENTERFIELD,TENTERFIELD,1,0.0012745865703483433,0.0012745865703483433,1890
T27,T36,TENTERFIELD,TENTERFIELD,1,-0.04017062175006034,-0.04017062175006034,1890
T27,T4,TENTERFIELD,TENTERFIELD,1,-0.01082895513698105,-0.01082895513698105,1890
T27,T12,TENTERFIELD,TENTERFIELD,1,0.17978699698619766,0.17978699698619766,1890
T27,T20,TENTERFIELD,TENTERFIELD,1,-0.025353760317815773,-0.025353760317815773,1890
T27,T29,TENTERFIELD,TENTERFIELD,1,-0.038627132080811005,-0.038627132080811005,1890
T27,T5,TENTERFIELD,TENTERFIELD,1,-0.029021756624019627,-0.029021756624019627,1890
T27,T13,TENTERFIELD,TENTERFIELD,1,-0.028801235930572853,-0.028801235930572853,1890
T27,T21,TENTERFIELD,TENTERFIELD,1,-0.059471200095236036,-0.059471200095236036,1890
T27,T30,TENTERFIELD,TENTERFIELD,1,0.09142591094462396,0.09142591094462396,1890
T27,T38,TENTERFIELD,TENTERFIELD,1,0.0024050775022562173,0.0024050775022562173,1890
T27,T6,TENTERFIELD,TENTERFIELD,1,-0.02950126410612362,-0.02950126410612362,1890
T27,T14,TENTERFIELD,TENTERFIELD,1,-0.01136494415270385,-0.01136494415270385,1890
T27,T22,TENTERFIELD,TENTERFIELD,1,-0.02465699058646856,-0.02465699058646856,1890
T27,T31,TENTERFIELD,TENTERFIELD,1,-0.008934126031229929,-0.008934126031229929,1890
T27,T39,TENTERFIELD,TENTERFIELD,1,-0.07542409234713987,-0.07542409234713987,1890
T27,T7,TENTERFIELD,TENTERFIELD,1,-0.040725175813975806,-0.040725175813975806,1890
T27,T15,TENTERFIELD,TENTERFIELD,1,-0.036528283611504155,-0.036528283611504155,1890
T27,T23,TENTERFIELD,TENTERFIELD,1,-0.052488392773728486,-0.052488392773728486,1890
T27,T32,TENTERFIELD,TENTERFIELD,1,-0.024443446427228992,-0.024443446427228992,1890
T27,T40,TENTERFIELD,TENTERFIELD,1,-0.05630450584084508,-0.05630450584084508,1890
T27,T8,TENTERFIELD,TENTERFIELD,1,0.012007959248340194,0.012007959248340194,1890
T27,T16,TENTERFIELD,TENTERFIELD,1,-0.05497507936770964,-0.05497507936770964,1890
T27,T24,TENTERFIELD,TENTERFIELD,1,-0.04952272940920478,-0.04952272940920478,1890
T27,T33,TENTERFIELD,TENTERFIELD,1,-0.05348297051047428,-0.05348297051047428,1890
T27,T41,TENTERFIELD,TENTERFIELD,1,-0.047469193461902384,-0.047469193461902384,1890
T27,T1,TENTERFIELD,TENTERFIELD,1,-0.006000068626809523,-0.006000068626809523,1890
T27,T9,TENTERFIELD,TENTERFIELD,1,-0.04177395972674325,-0.04177395972674325,1890
T27,T17,TENTERFIELD,TENTERFIELD,1,-0.05262677421884556,-0.05262677421884556,1890
T27,T25,TENTERFIELD,TENTERFIELD,1,-0.024066704019186685,-0.024066704019186685,1890
T27,T34,TENTERFIELD,TENTERFIELD,1,-0.06956086370423685,-0.06956086370423685,1890
T27,T2,TENTERFIELD,TENTERFIELD,1,-0.07109270368669787,-0.07109270368669787,1890
T27,T10,TENTERFIELD,TENTERFIELD,1,-0.02384146646706772,-0.02384146646706772,1890
T27,T18,TENTERFIELD,TENTERFIELD,1,-0.0019777039102629687,-0.0019777039102629687,1890
T27,T26,TENTERFIELD,TENTERFIELD,1,0.007455453418577568,0.007455453418577568,1890
T35,T11,TENTERFIELD,TENTERFIELD,1,-0.07243229987226832,-0.07243229987226832,1890
T35,T19,TENTERFIELD,TENTERFIELD,1,-0.06000505047951016,-0.06000505047951016,1890
T35,T28,TENTERFIELD,TENTERFIELD,1,-0.054454432082693106,-0.054454432082693106,1890
T35,T36,TENTERFIELD,TENTERFIELD,1,-0.035476217839204,-0.035476217839204,1890
T35,T4,TENTERFIELD,TENTERFIELD,1,-0.054961286718703956,-0.054961286718703956,1890
T35,T12,TENTERFIELD,TENTERFIELD,1,-0.06801643008821529,-0.06801643008821529,1890
T35,T20,TENTERFIELD,TENTERFIELD,1,-0.05632843837761994,-0.05632843837761994,1890
T35,T29,TENTERFIELD,TENTERFIELD,1,-0.06278028042536067,-0.06278028042536067,1890
T35,T5,TENTERFIELD,TENTERFIELD,1,-0.02753253332838378,-0.02753253332838378,1890
T35,T13,TENTERFIELD,TENTERFIELD,1,-0.05345027702448085,-0.05345027702448085,1890
T35,T21,TENTERFIELD,TENTERFIELD,1,0.019251769484655606,0.019251769484655606,1890
T35,T30,TENTERFIELD,TENTERFIELD,1,-0.07299594817779217,-0.07299594817779217,1890
T35,T38,TENTERFIELD,TENTERFIELD,1,-0.04325507086460901,-0.04325507086460901,1890
T35,T6,TENTERFIELD,TENTERFIELD,1,0.011182376526600143,0.011182376526600143,1890
T35,T14,TENTERFIELD,TENTERFIELD,1,-0.026927422189214657,-0.026927422189214657,1890
T35,T22,TENTERFIELD,TENTERFIELD,1,-0.06149316610402263,-0.06149316610402263,1890
T35,T31,TENTERFIELD,TENTERFIELD,1,-0.047903797701783705,-0.047903797701783705,1890
T35,T39,TENTERFIELD,TENTERFIELD,1,0.4056534389959531,0.4056534389959531,1890
T35,T7,TENTERFIELD,TENTERFIELD,1,-0.08430464225848727,-0.08430464225848727,1890
T35,T15,TENTERFIELD,TENTERFIELD,1,-0.06211265356668083,-0.06211265356668083,1890
T35,T23,TENTERFIELD,TENTERFIELD,1,-0.049454580985274964,-0.049454580985274964,1890
T35,T32,TENTERFIELD,TENTERFIELD,1,-0.04378213701602651,-0.04378213701602651,1890
T35,T40,TENTERFIELD,TENTERFIELD,1,-0.03975915145788583,-0.03975915145788583,1890
T35,T8,TENTERFIELD,TENTERFIELD,1,-0.018424289243921144,-0.018424289243921144,1890
T35,T16,TENTERFIELD,TENTERFIELD,1,0.0033727819375457243,0.0033727819375457243,1890
T35,T24,TENTERFIELD,TENTERFIELD,1,-0.06803646366996714,-0.06803646366996714,1890
T35,T33,TENTERFIELD,TENTERFIELD,1,-0.011102693315087587,-0.011102693315087587,1890
T35,T41,TENTERFIELD,TENTERFIELD,1,-0.034353216750917,-0.034353216750917,1890
T35,T1,TENTERFIELD,TENTERFIELD,1,-0.00611865272874874,-0.00611865272874874,1890
T35,T9,TENTERFIELD,TENTERFIELD,1,-0.0002694609096744449,-0.0002694609096744449,1890
T35,T17,TENTERFIELD,TENTERFIELD,1,-0.03246518693379644,-0.03246518693379644,1890
T35,T25,TENTERFIELD,TENTERFIELD,1,-0.052991763183740964,-0.052991763183740964,1890
T35,T34,TENTERFIELD,TENTERFIELD,1,-0.03668985406394812,-0.03668985406394812,1890
T35,T2,TENTERFIELD,TENTERFIELD,1,-0.08009462617382893,-0.08009462617382893,1890
T35,T10,TENTERFIELD,TENTERFIELD,1,-0.013685767731705845,-0.013685767731705845,1890
T35,T18,TENTERFIELD,TENTERFIELD,1,-0.06566419600084059,-0.06566419600084059,1890
T35,T26,TENTERFIELD,TENTERFIELD,1,0.018334191500688896,0.018334191500688896,1890
T11,T19,TENTERFIELD,TENTERFIELD,1,-0.018544105799404915,-0.018544105799404915,1890
T11,T28,TENTERFIELD,TENTERFIELD,1,-0.03605731179097009,-0.03605731179097009,1890
T11,T36,TENTERFIELD,TENTERFIELD,1,0.009992644802327933,0.009992644802327933,1890
T11,T4,TENTERFIELD,TENTERFIELD,1,0.01237728214616274,0.01237728214616274,1890
T11,T12,TENTERFIELD,TENTERFIELD,1,-0.01963589151684786,-0.01963589151684786,1890
T11,T20,TENTERFIELD,TENTERFIELD,1,-0.015931691783855884,-0.015931691783855884,1890
T11,T29,TENTERFIELD,TENTERFIELD,1,-0.0386977760106037,-0.0386977760106037,1890
T11,T5,TENTERFIELD,TENTERFIELD,1,-0.018928775317282345,-0.018928775317282345,1890
T11,T13,TENTERFIELD,TENTERFIELD,1,-0.06894268443649898,-0.06894268443649898,1890
T11,T21,TENTERFIELD,TENTERFIELD,1,-0.0017995335450159634,-0.0017995335450159634,1890
T11,T30,TENTERFIELD,TENTERFIELD,1,-0.013836610496161385,-0.013836610496161385,1890
T11,T38,TENTERFIELD,TENTERFIELD,1,-0.016842314040506096,-0.016842314040506096,1890
T11,T6,TENTERFIELD,TENTERFIELD,1,-0.029037768376578066,-0.029037768376578066,1890
T11,T14,TENTERFIELD,TENTERFIELD,1,-0.02433945628283149,-0.02433945628283149,1890
T11,T22,TENTERFIELD,TENTERFIELD,1,-0.04518406240481917,-0.04518406240481917,1890
T11,T31,TENTERFIELD,TENTERFIELD,1,-0.015022338967381187,-0.015022338967381187,1890
T11,T39,TENTERFIELD,TENTERFIELD,1,-0.027658244235314714,-0.027658244235314714,1890
T11,T7,TENTERFIELD,TENTERFIELD,1,0.04670272876847137,0.04670272876847137,1890
T11,T15,TENTERFIELD,TENTERFIELD,1,-0.006530742770939025,-0.006530742770939025,1890
T11,T23,TENTERFIELD,TENTERFIELD,1,0.044539402083396455,0.044539402083396455,1890
T11,T32,TENTERFIELD,TENTERFIELD,1,-0.04618181769069587,-0.04618181769069587,1890
T11,T40,TENTERFIELD,TENTERFIELD,1,-0.054848238137993596,-0.054848238137993596,1890
T11,T8,TENTERFIELD,TENTERFIELD,1,-0.02803548339651547,-0.02803548339651547,1890
T11,T16,TENTERFIELD,TENTERFIELD,1,-0.04780027414788726,-0.04780027414788726,1890
T11,T24,TENTERFIELD,TENTERFIELD,1,-0.023093133716173112,-0.023093133716173112,1890
T11,T33,TENTERFIELD,TENTERFIELD,1,-0.037620924068827936,-0.037620924068827936,1890
T11,T41,TENTERFIELD,TENTERFIELD,1,-0.05378119298227677,-0.05378119298227677,1890
T11,T1,TENTERFIELD,TENTERFIELD,1,-0.04840497679218208,-0.04840497679218208,1890
T11,T9,TENTERFIELD,TENTERFIELD,1,-0.041018360734410834,-0.041018360734410834,1890
T11,T17,TENTERFIELD,TENTERFIELD,1,-0.056559862995233044,-0.056559862995233044,1890
T11,T25,TENTERFIELD,TENTERFIELD,1,-0.02293442143481788,-0.02293442143481788,1890
T11,T34,TENTERFIELD,TENTERFIELD,1,-0.04747894201136372,-0.04747894201136372,1890
T11,T2,TENTERFIELD,TENTERFIELD,1,0.019779872205504274,0.019779872205504274,1890
T11,T10,TENTERFIELD,TENTERFIELD,1,-0.026372745053359483,-0.026372745053359483,1890
T11,T18,TENTERFIELD,TENTERFIELD,1,-0.024804827652523984,-0.024804827652523984,1890
T11,T26,TENTERFIELD,TENTERFIELD,1,-0.0008968136366866228,-0.0008968136366866228,1890
T19,T28,TENTERFIELD,TENTERFIELD,1,-0.05145992775306064,-0.05145992775306064,1890
T19,T36,TENTERFIELD,TENTERFIELD,1,-0.08359954197867102,-0.08359954197867102,1890
T19,T4,TENTERFIELD,TENTERFIELD,1,-0.03523883303916873,-0.03523883303916873,1890
T19,T12,TENTERFIELD,TENTERFIELD,1,-0.07231834321098796,-0.07231834321098796,1890
T19,T20,TENTERFIELD,TENTERFIELD,1,-0.058666652072671764,-0.058666652072671764,1890
T19,T29,TENTERFIELD,TENTERFIELD,1,0.003253387680030634,0.003253387680030634,1890
T19,T5,TENTERFIELD,TENTERFIELD,1,0.12504096071636656,0.12504096071636656,1890
T19,T13,TENTERFIELD,TENTERFIELD,1,-0.01442556626089029,-0.01442556626089029,1890
T19,T21,TENTERFIELD,TENTERFIELD,1,-0.05156967906855196,-0.05156967906855196,1890
T19,T30,TENTERFIELD,TENTERFIELD,1,0.026533956949174077,0.026533956949174077,1890
T19,T38,TENTERFIELD,TENTERFIELD,1,-0.06949978713478241,-0.06949978713478241,1890
T19,T6,TENTERFIELD,TENTERFIELD,1,-0.005456773892096324,-0.005456773892096324,1890
T19,T14,TENTERFIELD,TENTERFIELD,1,-0.04554332670719773,-0.04554332670719773,1890
T19,T22,TENTERFIELD,TENTERFIELD,1,-0.06792745161554807,-0.06792745161554807,1890
T19,T31,TENTERFIELD,TENTERFIELD,1,-0.030174293331811083,-0.030174293331811083,1890
T19,T39,TENTERFIELD,TENTERFIELD,1,-0.08753034796110139,-0.08753034796110139,1890
T19,T7,TENTERFIELD,TENTERFIELD,1,0.01807674533613703,0.01807674533613703,1890
T19,T15,TENTERFIELD,TENTERFIELD,1,0.006620550902210525,0.006620550902210525,1890
T19,T23,TENTERFIELD,TENTERFIELD,1,0.01730412289414322,0.01730412289414322,1890
T19,T32,TENTERFIELD,TENTERFIELD,1,-0.02937640608523052,-0.02937640608523052,1890
T19,T40,TENTERFIELD,TENTERFIELD,1,-0.05491892103223742,-0.05491892103223742,1890
T19,T8,TENTERFIELD,TENTERFIELD,1,-0.07879314598477422,-0.07879314598477422,1890
T19,T16,TENTERFIELD,TENTERFIELD,1,-0.03732369315347288,-0.03732369315347288,1890
T19,T24,TENTERFIELD,TENTERFIELD,1,0.00846737410065277,0.00846737410065277,1890
T19,T33,TENTERFIELD,TENTERFIELD,1,-0.0784027482875037,-0.0784027482875037,1890
T19,T41,TENTERFIELD,TENTERFIELD,1,-0.050003795462639986,-0.050003795462639986,1890
T19,T1,TENTERFIELD,TENTERFIELD,1,0.006754147702135493,0.006754147702135493,1890
T19,T9,TENTERFIELD,TENTERFIELD,1,-0.049012860083127156,-0.049012860083127156,1890
T19,T17,TENTERFIELD,TENTERFIELD,1,-0.021721773752159796,-0.021721773752159796,1890
T19,T25,TENTERFIELD,TENTERFIELD,1,-0.03296308302216688,-0.03296308302216688,1890
T19,T34,TENTERFIELD,TENTERFIELD,1,0.021220358571253192,0.021220358571253192,1890
T19,T2,TENTERFIELD,TENTERFIELD,1,0.015385540837102389,0.015385540837102389,1890
T19,T10,TENTERFIELD,TENTERFIELD,1,-0.034566367565889565,-0.034566367565889565,1890
T19,T18,TENTERFIELD,TENTERFIELD,1,-0.031026218177779903,-0.031026218177779903,1890
T19,T26,TENTERFIELD,TENTERFIELD,1,-0.020486709749931362,-0.020486709749931362,1890
T28,T36,TENTERFIELD,TENTERFIELD,1,-0.03649460337422528,-0.03649460337422528,1890
T28,T4,TENTERFIELD,TENTERFIELD,1,-0.03985626544065123,-0.03985626544065123,1890
T28,T12,TENTERFIELD,TENTERFIELD,1,-0.027023030414460546,-0.027023030414460546,1890
T28,T20,TENTERFIELD,TENTERFIELD,1,-0.04743779509761901,-0.04743779509761901,1890
T28,T29,TENTERFIELD,TENTERFIELD,1,0.006206404933205625,0.006206404933205625,1890
T28,T5,TENTERFIELD,TENTERFIELD,1,0.0007387626450871633,0.0007387626450871633,1890
T28,T13,TENTERFIELD,TENTERFIELD,1,-0.05396137720251408,-0.05396137720251408,1890
T28,T21,TENTERFIELD,TENTERFIELD,1,-0.043008727929658666,-0.043008727929658666,1890
T28,T30,TENTERFIELD,TENTERFIELD,1,-0.02749870885707591,-0.02749870885707591,1890
T28,T38,TENTERFIELD,TENTERFIELD,1,0.03303614221296158,0.03303614221296158,1890
T28,T6,TENTERFIELD,TENTERFIELD,1,-0.0405141327492166,-0.0405141327492166,1890
T28,T14,TENTERFIELD,TENTERFIELD,1,0.01174580707110943,0.01174580707110943,1890
T28,T22,TENTERFIELD,TENTERFIELD,1,-0.05799444523167922,-0.05799444523167922,1890
T28,T31,TENTERFIELD,TENTERFIELD,1,-0.057004171849972626,-0.057004171849972626,1890
T28,T39,TENTERFIELD,TENTERFIELD,1,-0.05577835673222747,-0.05577835673222747,1890
T28,T7,TENTERFIELD,TENTERFIELD,1,-0.0020389292327544634,-0.0020389292327544634,1890
T28,T15,TENTERFIELD,TENTERFIELD,1,-0.0372148041836864,-0.0372148041836864,1890
T28,T23,TENTERFIELD,TENTERFIELD,1,-0.019514750030205127,-0.019514750030205127,1890
T28,T32,TENTERFIELD,TENTERFIELD,1,-0.010300298519673737,-0.010300298519673737,1890
T28,T40,TENTERFIELD,TENTERFIELD,1,-0.0043254174650436215,-0.0043254174650436215,1890
T28,T8,TENTERFIELD,TENTERFIELD,1,-0.03676466379776858,-0.03676466379776858,1890
T28,T16,TENTERFIELD,TENTERFIELD,1,-0.016311025778223905,-0.016311025778223905,1890
T28,T24,TENTERFIELD,TENTERFIELD,1,-0.011076176305606856,-0.011076176305606856,1890
T28,T33,TENTERFIELD,TENTERFIELD,1,-0.04472281823241917,-0.04472281823241917,1890
T28,T41,TENTERFIELD,TENTERFIELD,1,-0.06420740765508094,-0.06420740765508094,1890
T28,T1,TENTERFIELD,TENTERFIELD,1,-0.041446722240681626,-0.041446722240681626,1890
T28,T9,TENTERFIELD,TENTERFIELD,1,-0.01861906479686728,-0.01861906479686728,1890
T28,T17,TENTERFIELD,TENTERFIELD,1,-0.04833630540554256,-0.04833630540554256,1890
T28,T25,TENTERFIELD,TENTERFIELD,1,0.011040359572876276,0.011040359572876276,1890
T28,T34,TENTERFIELD,TENTERFIELD,1,0.009543673998927962,0.009543673998927962,1890
T28,T2,TENTERFIELD,TENTERFIELD,1,0.011485376340818743,0.011485376340818743,1890
T28,T10,TENTERFIELD,TENTERFIELD,1,-0.014623120564142398,-0.014623120564142398,1890
T28,T18,TENTERFIELD,TENTERFIELD,1,-0.0347270898768138,-0.0347270898768138,1890
T28,T26,TENTERFIELD,TENTERFIELD,1,-0.03951496499538668,-0.03951496499538668,1890
T36,T4,TENTERFIELD,TENTERFIELD,1,-0.02709511522994808,-0.02709511522994808,1890
T36,T12,TENTERFIELD,TENTERFIELD,1,0.11674054487356274,0.11674054487356274,1890
T36,T20,TENTERFIELD,TENTERFIELD,1,-0.04460208396447622,-0.04460208396447622,1890
T36,T29,TENTERFIELD,TENTERFIELD,1,-0.036539353508811795,-0.036539353508811795,1890
T36,T5,TENTERFIELD,TENTERFIELD,1,-0.038834072397152364,-0.038834072397152364,1890
T36,T13,TENTERFIELD,TENTERFIELD,1,-0.03935434909275621,-0.03935434909275621,1890
T36,T21,TENTERFIELD,TENTERFIELD,1,-0.05416471368463166,-0.05416471368463166,1890
T36,T30,TENTERFIELD,TENTERFIELD,1,-0.07236120009190321,-0.07236120009190321,1890
T36,T38,TENTERFIELD,TENTERFIELD,1,0.3390114296280932,0.3390114296280932,1890
T36,T6,TENTERFIELD,TENTERFIELD,1,-0.0563904272212028,-0.0563904272212028,1890
T36,T14,TENTERFIELD,TENTERFIELD,1,-0.058989465028221125,-0.058989465028221125,1890
T36,T22,TENTERFIELD,TENTERFIELD,1,-0.0487385306752038,-0.0487385306752038,1890
T36,T31,TENTERFIELD,TENTERFIELD,1,0.05232615841781015,0.05232615841781015,1890
T36,T39,TENTERFIELD,TENTERFIELD,1,-0.04345927212509852,-0.04345927212509852,1890
T36,T7,TENTERFIELD,TENTERFIELD,1,0.0045035069199554105,0.0045035069199554105,1890
T36,T15,TENTERFIELD,TENTERFIELD,1,-0.027260298688343947,-0.027260298688343947,1890
T36,T23,TENTERFIELD,TENTERFIELD,1,-0.05018517849564512,-0.05018517849564512,1890
T36,T32,TENTERFIELD,TENTERFIELD,1,-0.04290874497167471,-0.04290874497167471,1890
T36,T40,TENTERFIELD,TENTERFIELD,1,-0.05339746097876015,-0.05339746097876015,1890
T36,T8,TENTERFIELD,TENTERFIELD,1,-0.06569750602815128,-0.06569750602815128,1890
T36,T16,TENTERFIELD,TENTERFIELD,1,-0.03360587538340951,-0.03360587538340951,1890
T36,T24,TENTERFIELD,TENTERFIELD,1,-0.06579775854984855,-0.06579775854984855,1890
T36,T33,TENTERFIELD,TENTERFIELD,1,-0.0326784028803565,-0.0326784028803565,1890
T36,T41,TENTERFIELD,TENTERFIELD,1,-0.05288103447939489,-0.05288103447939489,1890
T36,T1,TENTERFIELD,TENTERFIELD,1,-0.04827485232228554,-0.04827485232228554,1890
T36,T9,TENTERFIELD,TENTERFIELD,1,-0.018355587483391594,-0.018355587483391594,1890
T36,T17,TENTERFIELD,TENTERFIELD,1,-0.03423257878552885,-0.03423257878552885,1890
T36,T25,TENTERFIELD,TENTERFIELD,1,-0.03227957174908234,-0.03227957174908234,1890
T36,T34,TENTERFIELD,TENTERFIELD,1,-0.02245951715683828,-0.02245951715683828,1890
T36,T2,TENTERFIELD,TENTERFIELD,1,-0.0007495235907373052,-0.0007495235907373052,1890
T36,T10,TENTERFIELD,TENTERFIELD,1,-0.032949116407016275,-0.032949116407016275,1890
T36,T18,TENTERFIELD,TENTERFIELD,1,-0.04342008875794433,-0.04342008875794433,1890
T36,T26,TENTERFIELD,TENTERFIELD,1,-0.017939567873063857,-0.017939567873063857,1890
T4,T12,TENTERFIELD,TENTERFIELD,1,-0.027666801325656847,-0.027666801325656847,1890
T4,T20,TENTERFIELD,TENTERFIELD,1,-0.0325881342691622,-0.0325881342691622,1890
T4,T29,TENTERFIELD,TENTERFIELD,1,-0.02841552978136162,-0.02841552978136162,1890
T4,T5,TENTERFIELD,TENTERFIELD,1,-0.014991967939968284,-0.014991967939968284,1890
T4,T13,TENTERFIELD,TENTERFIELD,1,-0.02435838533168067,-0.02435838533168067,1890
T4,T21,TENTERFIELD,TENTERFIELD,1,-0.06057871660846854,-0.06057871660846854,1890
T4,T30,TENTERFIELD,TENTERFIELD,1,-0.0547276729696295,-0.0547276729696295,1890
T4,T38,TENTERFIELD,TENTERFIELD,1,-0.04200726540285047,-0.04200726540285047,1890
T4,T6,TENTERFIELD,TENTERFIELD,1,-0.03878213204398434,-0.03878213204398434,1890
T4,T14,TENTERFIELD,TENTERFIELD,1,-0.004444366012570876,-0.004444366012570876,1890
T4,T22,TENTERFIELD,TENTERFIELD,1,-0.05943730106263335,-0.05943730106263335,1890
T4,T31,TENTERFIELD,TENTERFIELD,1,-0.0649035801309381,-0.0649035801309381,1890
T4,T39,TENTERFIELD,TENTERFIELD,1,-0.0350407178997761,-0.0350407178997761,1890
T4,T7,TENTERFIELD,TENTERFIELD,1,0.01729137062108589,0.01729137062108589,1890
T4,T15,TENTERFIELD,TENTERFIELD,1,-0.016693445250085905,-0.016693445250085905,1890
T4,T23,TENTERFIELD,TENTERFIELD,1,-0.0005470282840204924,-0.0005470282840204924,1890
T4,T32,TENTERFIELD,TENTERFIELD,1,-0.03680833383207595,-0.03680833383207595,1890
T4,T40,TENTERFIELD,TENTERFIELD,1,-0.039151076864849026,-0.039151076864849026,1890
T4,T8,TENTERFIELD,TENTERFIELD,1,0.016872263593300504,0.016872263593300504,1890
T4,T16,TENTERFIELD,TENTERFIELD,1,-0.005180245190457352,-0.005180245190457352,1890
T4,T24,TENTERFIELD,TENTERFIELD,1,-0.024273436870887122,-0.024273436870887122,1890
T4,T33,TENTERFIELD,TENTERFIELD,1,-0.04766339635512998,-0.04766339635512998,1890
T4,T41,TENTERFIELD,TENTERFIELD,1,-0.08436801085310042,-0.08436801085310042,1890
T4,T1,TENTERFIELD,TENTERFIELD,1,0.042475424394544097,0.042475424394544097,1890
T4,T9,TENTERFIELD,TENTERFIELD,1,-0.04729624502339856,-0.04729624502339856,1890
T4,T17,TENTERFIELD,TENTERFIELD,1,8.546999108870627e-05,8.546999108870627e-05,1890
T4,T25,TENTERFIELD,TENTERFIELD,1,-0.017271316200762724,-0.017271316200762724,1890
T4,T34,TENTERFIELD,TENTERFIELD,1,0.0017674313335863596,0.0017674313335863596,1890
T4,T2,TENTERFIELD,TENTERFIELD,1,0.02072239223501881,0.02072239223501881,1890
T4,T10,TENTERFIELD,TENTERFIELD,1,-0.059148730863323076,-0.059148730863323076,1890
T4,T18,TENTERFIELD,TENTERFIELD,1,0.028801065224395513,0.028801065224395513,1890
T4,T26,TENTERFIELD,TENTERFIELD,1,-0.049500002474374395,-0.049500002474374395,1890
T12,T20,TENTERFIELD,TENTERFIELD,1,-0.055312479108460724,-0.055312479108460724,1890
T12,T29,TENTERFIELD,TENTERFIELD,1,-0.04306600142981418,-0.04306600142981418,1890
T12,T5,TENTERFIELD,TENTERFIELD,1,-0.006199338564303219,-0.006199338564303219,1890
T12,T13,TENTERFIELD,TENTERFIELD,1,-0.03560607464353897,-0.03560607464353897,1890
T12,T21,TENTERFIELD,TENTERFIELD,1,-0.009214197323237005,-0.009214197323237005,1890
T12,T30,TENTERFIELD,TENTERFIELD,1,-0.05075038632607799,-0.05075038632607799,1890
T12,T38,TENTERFIELD,TENTERFIELD,1,0.041746047630449507,0.041746047630449507,1890
T12,T6,TENTERFIELD,TENTERFIELD,1,-0.050060274683291814,-0.050060274683291814,1890
T12,T14,TENTERFIELD,TENTERFIELD,1,-0.05687428737401659,-0.05687428737401659,1890
T12,T22,TENTERFIELD,TENTERFIELD,1,-0.015243408638759268,-0.015243408638759268,1890
T12,T31,TENTERFIELD,TENTERFIELD,1,0.09272154641222151,0.09272154641222151,1890
T12,T39,TENTERFIELD,TENTERFIELD,1,-0.06985223219769374,-0.06985223219769374,1890
T12,T7,TENTERFIELD,TENTERFIELD,1,-0.019325759597865026,-0.019325759597865026,1890
T12,T15,TENTERFIELD,TENTERFIELD,1,-0.08132764844086966,-0.08132764844086966,1890
T12,T23,TENTERFIELD,TENTERFIELD,1,-0.028732247330972134,-0.028732247330972134,1890
T12,T32,TENTERFIELD,TENTERFIELD,1,-0.030032167121042567,-0.030032167121042567,1890
T12,T40,TENTERFIELD,TENTERFIELD,1,-0.0664186869775648,-0.0664186869775648,1890
T12,T8,TENTERFIELD,TENTERFIELD,1,-0.04530604040887853,-0.04530604040887853,1890
T12,T16,TENTERFIELD,TENTERFIELD,1,-0.010252080148271508,-0.010252080148271508,1890
T12,T24,TENTERFIELD,TENTERFIELD,1,-0.04974190417761755,-0.04974190417761755,1890
T12,T33,TENTERFIELD,TENTERFIELD,1,-0.04197931877891652,-0.04197931877891652,1890
T12,T41,TENTERFIELD,TENTERFIELD,1,-0.05362164588891393,-0.05362164588891393,1890
T12,T1,TENTERFIELD,TENTERFIELD,1,0.011887845712358758,0.011887845712358758,1890
T12,T9,TENTERFIELD,TENTERFIELD,1,0.004839909195606521,0.004839909195606521,1890
T12,T17,TENTERFIELD,TENTERFIELD,1,-0.03478161187835173,-0.03478161187835173,1890
T12,T25,TENTERFIELD,TENTERFIELD,1,-0.011108715054759079,-0.011108715054759079,1890
T12,T34,TENTERFIELD,TENTERFIELD,1,-0.03938820252914067,-0.03938820252914067,1890
T12,T2,TENTERFIELD,TENTERFIELD,1,-0.053825988533985264,-0.053825988533985264,1890
T12,T10,TENTERFIELD,TENTERFIELD,1,-0.014054532313231964,-0.014054532313231964,1890
T12,T18,TENTERFIELD,TENTERFIELD,1,-0.01795076137840666,-0.01795076137840666,1890
T12,T26,TENTERFIELD,TENTERFIELD,1,-0.0329566350152904,-0.0329566350152904,1890
T20,T29,TENTERFIELD,TENTERFIELD,1,-0.050353834487970525,-0.050353834487970525,1890
T20,T5,TENTERFIELD,TENTERFIELD,1,-0.02643274031410819,-0.02643274031410819,1890
T20,T13,TENTERFIELD,TENTERFIELD,1,-0.06185914965495938,-0.06185914965495938,1890
T20,T21,TENTERFIELD,TENTERFIELD,1,0.14351045737764612,0.14351045737764612,1890
T20,T30,TENTERFIELD,TENTERFIELD,1,-0.054958948408121905,-0.054958948408121905,1890
T20,T38,TENTERFIELD,TENTERFIELD,1,-0.0379813427981416,-0.0379813427981416,1890
T20,T6,TENTERFIELD,TENTERFIELD,1,-0.04055453650903111,-0.04055453650903111,1890
T20,T14,TENTERFIELD,TENTERFIELD,1,-0.043386647994737015,-0.043386647994737015,1890
T20,T22,TENTERFIELD,TENTERFIELD,1,0.3816446443160945,0.3816446443160945,1890
T20,T31,TENTERFIELD,TENTERFIELD,1,-0.045408815056605566,-0.045408815056605566,1890
T20,T39,TENTERFIELD,TENTERFIELD,1,-0.05901291032517902,-0.05901291032517902,1890
T20,T7,TENTERFIELD,TENTERFIELD,1,-0.03916988984647855,-0.03916988984647855,1890
T20,T15,TENTERFIELD,TENTERFIELD,1,0.0319292179399059,0.0319292179399059,1890
T20,T23,TENTERFIELD,TENTERFIELD,1,-0.041202912069860896,-0.041202912069860896,1890
T20,T32,TENTERFIELD,TENTERFIELD,1,-0.009868824847382319,-0.009868824847382319,1890
T20,T40,TENTERFIELD,TENTERFIELD,1,-0.048153980788060005,-0.048153980788060005,1890
T20,T8,TENTERFIELD,TENTERFIELD,1,0.02264907869944559,0.02264907869944559,1890
T20,T16,TENTERFIELD,TENTERFIELD,1,-0.06991154514960246,-0.06991154514960246,1890
T20,T24,TENTERFIELD,TENTERFIELD,1,-0.01549941446867419,-0.01549941446867419,1890
T20,T33,TENTERFIELD,TENTERFIELD,1,-0.048698211044534895,-0.048698211044534895,1890
T20,T41,TENTERFIELD,TENTERFIELD,1,-0.04132556775937219,-0.04132556775937219,1890
T20,T1,TENTERFIELD,TENTERFIELD,1,0.019026708751152387,0.019026708751152387,1890
T20,T9,TENTERFIELD,TENTERFIELD,1,-0.05256510372061017,-0.05256510372061017,1890
T20,T17,TENTERFIELD,TENTERFIELD,1,-0.040426108073721455,-0.040426108073721455,1890
T20,T25,TENTERFIELD,TENTERFIELD,1,-0.040884264105310146,-0.040884264105310146,1890
T20,T34,TENTERFIELD,TENTERFIELD,1,-0.0453658637171245,-0.0453658637171245,1890
T20,T2,TENTERFIELD,TENTERFIELD,1,-0.030815668026684194,-0.030815668026684194,1890
T20,T10,TENTERFIELD,TENTERFIELD,1,-0.06414564913812965,-0.06414564913812965,1890
T20,T18,TENTERFIELD,TENTERFIELD,1,-0.06057622719393101,-0.06057622719393101,1890
T20,T26,TENTERFIELD,TENTERFIELD,1,-0.049198117681246795,-0.049198117681246795,1890
T29,T5,TENTERFIELD,TENTERFIELD,1,-0.00027300907576950563,-0.00027300907576950563,1890
T29,T13,TENTERFIELD,TENTERFIELD,1,-0.0712549674057784,-0.0712549674057784,1890
T29,T21,TENTERFIELD,TENTERFIELD,1,-0.051121606936297304,-0.051121606936297304,1890
T29,T30,TENTERFIELD,TENTERFIELD,1,0.14599971824495603,0.14599971824495603,1890
T29,T38,TENTERFIELD,TENTERFIELD,1,-0.04017851756092474,-0.04017851756092474,1890
T29,T6,TENTERFIELD,TENTERFIELD,1,0.013204384068092781,0.013204384068092781,1890
T29,T14,TENTERFIELD,TENTERFIELD,1,-0.04170946059786955,-0.04170946059786955,1890
T29,T22,TENTERFIELD,TENTERFIELD,1,-0.023146522602737397,-0.023146522602737397,1890
T29,T31,TENTERFIELD,TENTERFIELD,1,0.037742919315621536,0.037742919315621536,1890
T29,T39,TENTERFIELD,TENTERFIELD,1,-0.04354582361000852,-0.04354582361000852,1890
T29,T7,TENTERFIELD,TENTERFIELD,1,-0.04990234240763925,-0.04990234240763925,1890
T29,T15,TENTERFIELD,TENTERFIELD,1,-0.004875453256021201,-0.004875453256021201,1890
T29,T23,TENTERFIELD,TENTERFIELD,1,-0.04936877150032835,-0.04936877150032835,1890
T29,T32,TENTERFIELD,TENTERFIELD,1,-0.0505091073064611,-0.0505091073064611,1890
T29,T40,TENTERFIELD,TENTERFIELD,1,-0.07154331151931931,-0.07154331151931931,1890
T29,T8,TENTERFIELD,TENTERFIELD,1,-0.040696672233515044,-0.040696672233515044,1890
T29,T16,TENTERFIELD,TENTERFIELD,1,-0.058077090852969054,-0.058077090852969054,1890
T29,T24,TENTERFIELD,TENTERFIELD,1,0.01401963521711364,0.01401963521711364,1890
T29,T33,TENTERFIELD,TENTERFIELD,1,-0.0836958428314373,-0.0836958428314373,1890
T29,T41,TENTERFIELD,TENTERFIELD,1,-0.020888185216709803,-0.020888185216709803,1890
T29,T1,TENTERFIELD,TENTERFIELD,1,-0.06706026298341715,-0.06706026298341715,1890
T29,T9,TENTERFIELD,TENTERFIELD,1,0.0017926334884350477,0.0017926334884350477,1890
T29,T17,TENTERFIELD,TENTERFIELD,1,-0.04371721064262522,-0.04371721064262522,1890
T29,T25,TENTERFIELD,TENTERFIELD,1,-0.06222559368198041,-0.06222559368198041,1890
T29,T34,TENTERFIELD,TENTERFIELD,1,0.03967460726391205,0.03967460726391205,1890
T29,T2,TENTERFIELD,TENTERFIELD,1,-0.005671593611250413,-0.005671593611250413,1890
T29,T10,TENTERFIELD,TENTERFIELD,1,-0.018488535096345418,-0.018488535096345418,1890
T29,T18,TENTERFIELD,TENTERFIELD,1,-0.03299082539062473,-0.03299082539062473,1890
T29,T26,TENTERFIELD,TENTERFIELD,1,-0.022729395889968324,-0.022729395889968324,1890
T5,T13,TENTERFIELD,TENTERFIELD,1,-0.012772944255546589,-0.012772944255546589,1890
T5,T21,TENTERFIELD,TENTERFIELD,1,-0.03625474874945396,-0.03625474874945396,1890
T5,T30,TENTERFIELD,TENTERFIELD,1,-0.05404914239776449,-0.05404914239776449,1890
T5,T38,TENTERFIELD,TENTERFIELD,1,-0.043113748369385786,-0.043113748369385786,1890
T5,T6,TENTERFIELD,TENTERFIELD,1,0.026412894347263263,0.026412894347263263,1890
T5,T14,TENTERFIELD,TENTERFIELD,1,-0.026782004405900884,-0.026782004405900884,1890
T5,T22,TENTERFIELD,TENTERFIELD,1,-0.025477018426611667,-0.025477018426611667,1890
T5,T31,TENTERFIELD,TENTERFIELD,1,-0.06233078917415492,-0.06233078917415492,1890
T5,T39,TENTERFIELD,TENTERFIELD,1,-0.05072868575692853,-0.05072868575692853,1890
T5,T7,TENTERFIELD,TENTERFIELD,1,-0.07635189848791396,-0.07635189848791396,1890
T5,T15,TENTERFIELD,TENTERFIELD,1,0.004119198046373916,0.004119198046373916,1890
T5,T23,TENTERFIELD,TENTERFIELD,1,-0.06871114617307104,-0.06871114617307104,1890
T5,T32,TENTERFIELD,TENTERFIELD,1,-0.004204929301374218,-0.004204929301374218,1890
T5,T40,TENTERFIELD,TENTERFIELD,1,0.0036136862094644597,0.0036136862094644597,1890
T5,T8,TENTERFIELD,TENTERFIELD,1,-0.01468766213554562,-0.01468766213554562,1890
T5,T16,TENTERFIELD,TENTERFIELD,1,-0.035268793213420344,-0.035268793213420344,1890
T5,T24,TENTERFIELD,TENTERFIELD,1,-0.021880851265406984,-0.021880851265406984,1890
T5,T33,TENTERFIELD,TENTERFIELD,1,-0.06382670969309565,-0.06382670969309565,1890
T5,T41,TENTERFIELD,TENTERFIELD,1,-0.07914049561668486,-0.07914049561668486,1890
T5,T1,TENTERFIELD,TENTERFIELD,1,-0.01440949326432174,-0.01440949326432174,1890
T5,T9,TENTERFIELD,TENTERFIELD,1,-0.057126724638208705,-0.057126724638208705,1890
T5,T17,TENTERFIELD,TENTERFIELD,1,-0.0032673255521102175,-0.0032673255521102175,1890
T5,T25,TENTERFIELD,TENTERFIELD,1,-0.009892743860103952,-0.009892743860103952,1890
T5,T34,TENTERFIELD,TENTERFIELD,1,-0.007480505552667209,-0.007480505552667209,1890
T5,T2,TENTERFIELD,TENTERFIELD,1,-0.006298345119500003,-0.006298345119500003,1890
T5,T10,TENTERFIELD,TENTERFIELD,1,-0.03917415888390865,-0.03917415888390865,1890
T5,T18,TENTERFIELD,TENTERFIELD,1,-0.03729515055873012,-0.03729515055873012,1890
T5,T26,TENTERFIELD,TENTERFIELD,1,-0.043325235879413844,-0.043325235879413844,1890
T13,T21,TENTERFIELD,TENTERFIELD,1,-0.07346252146541131,-0.07346252146541131,1890
T13,T30,TENTERFIELD,TENTERFIELD,1,-0.06641108554898555,-0.06641108554898555,1890
T13,T38,TENTERFIELD,TENTERFIELD,1,-0.03584625176308229,-0.03584625176308229,1890
T13,T6,TENTERFIELD,TENTERFIELD,1,-0.021299123692298496,-0.021299123692298496,1890
T13,T14,TENTERFIELD,TENTERFIELD,1,0.0030122826659100877,0.0030122826659100877,1890
T13,T22,TENTERFIELD,TENTERFIELD,1,-0.03434821520190258,-0.03434821520190258,1890
T13,T31,TENTERFIELD,TENTERFIELD,1,-0.03791144332484919,-0.03791144332484919,1890
T13,T39,TENTERFIELD,TENTERFIELD,1,-0.07963410207504222,-0.07963410207504222,1890
T13,T7,TENTERFIELD,TENTERFIELD,1,-0.05304579672054638,-0.05304579672054638,1890
T13,T15,TENTERFIELD,TENTERFIELD,1,-0.028582404076212153,-0.028582404076212153,1890
T13,T23,TENTERFIELD,TENTERFIELD,1,-0.030850319841774106,-0.030850319841774106,1890
T13,T32,TENTERFIELD,TENTERFIELD,1,-0.028138372439948385,-0.028138372439948385,1890
T13,T40,TENTERFIELD,TENTERFIELD,1,-0.036675128880024735,-0.036675128880024735,1890
T13,T8,TENTERFIELD,TENTERFIELD,1,-0.05696517834239333,-0.05696517834239333,1890
T13,T16,TENTERFIELD,TENTERFIELD,1,0.4294552176665796,0.4294552176665796,1890
T13,T24,TENTERFIELD,TENTERFIELD,1,-0.02247072103866701,-0.02247072103866701,1890
T13,T33,TENTERFIELD,TENTERFIELD,1,-0.057386979945773395,-0.057386979945773395,1890
T13,T41,TENTERFIELD,TENTERFIELD,1,-0.028772210011557157,-0.028772210011557157,1890
T13,T1,TENTERFIELD,TENTERFIELD,1,-0.05365251575122202,-0.05365251575122202,1890
T13,T9,TENTERFIELD,TENTERFIELD,1,-6.212780015927941e-05,-6.212780015927941e-05,1890
T13,T17,TENTERFIELD,TENTERFIELD,1,0.01008386470586618,0.01008386470586618,1890
T13,T25,TENTERFIELD,TENTERFIELD,1,0.0010019800452145656,0.0010019800452145656,1890
T13,T34,TENTERFIELD,TENTERFIELD,1,-0.0801562984132615,-0.0801562984132615,1890
T13,T2,TENTERFIELD,TENTERFIELD,1,0.03385953740908422,0.03385953740908422,1890
T13,T10,TENTERFIELD,TENTERFIELD,1,-0.0537482637667961,-0.0537482637667961,1890
T13,T18,TENTERFIELD,TENTERFIELD,1,-0.04172212998019274,-0.04172212998019274,1890
T13,T26,TENTERFIELD,TENTERFIELD,1,-0.028235898213077416,-0.028235898213077416,1890
T21,T30,TENTERFIELD,TENTERFIELD,1,-0.04881510197679359,-0.04881510197679359,1890
T21,T38,TENTERFIELD,TENTERFIELD,1,-0.06979625982090383,-0.06979625982090383,1890
T21,T6,TENTERFIELD,TENTERFIELD,1,-0.056166669897694234,-0.056166669897694234,1890
T21,T14,TENTERFIELD,TENTERFIELD,1,-0.056139841121641505,-0.056139841121641505,1890
T21,T22,TENTERFIELD,TENTERFIELD,1,0.07773969658628015,0.07773969658628015,1890
T21,T31,TENTERFIELD,TENTERFIELD,1,-0.011773651000495228,-0.011773651000495228,1890
T21,T39,TENTERFIELD,TENTERFIELD,1,0.001189614552576467,0.001189614552576467,1890
T21,T7,TENTERFIELD,TENTERFIELD,1,-0.000178861139829756,-0.000178861139829756,1890
T21,T15,TENTERFIELD,TENTERFIELD,1,-0.038863767936279825,-0.038863767936279825,1890
T21,T23,TENTERFIELD,TENTERFIELD,1,-0.05362104688633844,-0.05362104688633844,1890
T21,T32,TENTERFIELD,TENTERFIELD,1,0.0021133801620921,0.0021133801620921,1890
T21,T40,TENTERFIELD,TENTERFIELD,1,-0.05666043760461506,-0.05666043760461506,1890
T21,T8,TENTERFIELD,TENTERFIELD,1,-0.02510208399462276,-0.02510208399462276,1890
T21,T16,TENTERFIELD,TENTERFIELD,1,-0.07894507565716936,-0.07894507565716936,1890
T21,T24,TENTERFIELD,TENTERFIELD,1,-0.060672242592424624,-0.060672242592424624,1890
T21,T33,TENTERFIELD,TENTERFIELD,1,-0.04934413888083284,-0.04934413888083284,1890
T21,T41,TENTERFIELD,TENTERFIELD,1,-0.04964269517338117,-0.04964269517338117,1890
T21,T1,TENTERFIELD,TENTERFIELD,1,-0.03129676630164213,-0.03129676630164213,1890
T21,T9,TENTERFIELD,TENTERFIELD,1,-0.03981405383337166,-0.03981405383337166,1890
T21,T17,TENTERFIELD,TENTERFIELD,1,0.06137912104160649,0.06137912104160649,1890
T21,T25,TENTERFIELD,TENTERFIELD,1,-0.020712177056201854,-0.020712177056201854,1890
T21,T34,TENTERFIELD,TENTERFIELD,1,-0.013319855975495402,-0.013319855975495402,1890
T21,T2,TENTERFIELD,TENTERFIELD,1,-0.033478531668060446,-0.033478531668060446,1890
T21,T10,TENTERFIELD,TENTERFIELD,1,-0.010765840328166932,-0.010765840328166932,1890
T21,T18,TENTERFIELD,TENTERFIELD,1,-0.06297492376336548,-0.06297492376336548,1890
T21,T26,TENTERFIELD,TENTERFIELD,1,-0.0008445928902752303,-0.0008445928902752303,1890
T30,T38,TENTERFIELD,TENTERFIELD,1,0.016497262141257584,0.016497262141257584,1890
T30,T6,TENTERFIELD,TENTERFIELD,1,-0.03286470389823859,-0.03286470389823859,1890
T30,T14,TENTERFIELD,TENTERFIELD,1,0.009925190478087808,0.009925190478087808,1890
T30,T22,TENTERFIELD,TENTERFIELD,1,-0.027855853427838553,-0.027855853427838553,1890
T30,T31,TENTERFIELD,TENTERFIELD,1,0.017524823755509063,0.017524823755509063,1890
T30,T39,TENTERFIELD,TENTERFIELD,1,-0.04387447203821772,-0.04387447203821772,1890
T30,T7,TENTERFIELD,TENTERFIELD,1,-0.018754197129194152,-0.018754197129194152,1890
T30,T15,TENTERFIELD,TENTERFIELD,1,0.014483502908793399,0.014483502908793399,1890
T30,T23,TENTERFIELD,TENTERFIELD,1,-0.032579805752157076,-0.032579805752157076,1890
T30,T32,TENTERFIELD,TENTERFIELD,1,-0.0394109919175655,-0.0394109919175655,1890
T30,T40,TENTERFIELD,TENTERFIELD,1,-0.05990947620002447,-0.05990947620002447,1890
T30,T8,TENTERFIELD,TENTERFIELD,1,-0.01512832993687848,-0.01512832993687848,1890
T30,T16,TENTERFIELD,TENTERFIELD,1,-0.062484426203786914,-0.062484426203786914,1890
T30,T24,TENTERFIELD,TENTERFIELD,1,-0.022553705851323463,-0.022553705851323463,1890
T30,T33,TENTERFIELD,TENTERFIELD,1,-0.05715100255885234,-0.05715100255885234,1890
T30,T41,TENTERFIELD,TENTERFIELD,1,-0.03797233510628689,-0.03797233510628689,1890
T30,T1,TENTERFIELD,TENTERFIELD,1,-0.044007192678714585,-0.044007192678714585,1890
T30,T9,TENTERFIELD,TENTERFIELD,1,-0.03803776113964749,-0.03803776113964749,1890
T30,T17,TENTERFIELD,TENTERFIELD,1,-0.05319353911932174,-0.05319353911932174,1890
T30,T25,TENTERFIELD,TENTERFIELD,1,-0.034022218212232225,-0.034022218212232225,1890
T30,T34,TENTERFIELD,TENTERFIELD,1,-0.05064302450894095,-0.05064302450894095,1890
T30,T2,TENTERFIELD,TENTERFIELD,1,-0.04117650096854356,-0.04117650096854356,1890
T30,T10,TENTERFIELD,TENTERFIELD,1,-0.0025058282220681255,-0.0025058282220681255,1890
T30,T18,TENTERFIELD,TENTERFIELD,1,0.015854580158532326,0.015854580158532326,1890
T30,T26,TENTERFIELD,TENTERFIELD,1,0.011210693623689556,0.011210693623689556,1890
T38,T6,TENTERFIELD,TENTERFIELD,1,-0.054042870923120816,-0.054042870923120816,1890
T38,T14,TENTERFIELD,TENTERFIELD,1,-0.05074753003746001,-0.05074753003746001,1890
T38,T22,TENTERFIELD,TENTERFIELD,1,-0.01148830297456661,-0.01148830297456661,1890
T38,T31,TENTERFIELD,TENTERFIELD,1,0.011033542968190342,0.011033542968190342,1890
T38,T39,TENTERFIELD,TENTERFIELD,1,-0.011787834930729041,-0.011787834930729041,1890
T38,T7,TENTERFIELD,TENTERFIELD,1,-0.046165198471763404,-0.046165198471763404,1890
T38,T15,TENTERFIELD,TENTERFIELD,1,-0.05790051394391132,-0.05790051394391132,1890
T38,T23,TENTERFIELD,TENTERFIELD,1,-0.05411703252940113,-0.05411703252940113,1890
T38,T32,TENTERFIELD,TENTERFIELD,1,-0.026289026911663287,-0.026289026911663287,1890
T38,T40,TENTERFIELD,TENTERFIELD,1,-0.06653962294440177,-0.06653962294440177,1890
T38,T8,TENTERFIELD,TENTERFIELD,1,-0.05823577272938577,-0.05823577272938577,1890
T38,T16,TENTERFIELD,TENTERFIELD,1,-0.04305282438122903,-0.04305282438122903,1890
T38,T24,TENTERFIELD,TENTERFIELD,1,-0.0479028080028334,-0.0479028080028334,1890
T38,T33,TENTERFIELD,TENTERFIELD,1,-0.03044473665138451,-0.03044473665138451,1890
T38,T41,TENTERFIELD,TENTERFIELD,1,-0.06125999291529631,-0.06125999291529631,1890
T38,T1,TENTERFIELD,TENTERFIELD,1,-0.02926645900889667,-0.02926645900889667,1890
T38,T9,TENTERFIELD,TENTERFIELD,1,-0.03051677588215436,-0.03051677588215436,1890
T38,T17,TENTERFIELD,TENTERFIELD,1,-0.04389270471585921,-0.04389270471585921,1890
T38,T25,TENTERFIELD,TENTERFIELD,1,-0.026584307429432436,-0.026584307429432436,1890
T38,T34,TENTERFIELD,TENTERFIELD,1,-0.03457311881816527,-0.03457311881816527,1890
T38,T2,TENTERFIELD,TENTERFIELD,1,-0.04096259882457887,-0.04096259882457887,1890
T38,T10,TENTERFIELD,TENTERFIELD,1,0.01693081935461476,0.01693081935461476,1890
T38,T18,TENTERFIELD,TENTERFIELD,1,-0.02583418820251252,-0.02583418820251252,1890
T38,T26,TENTERFIELD,TENTERFIELD,1,-0.00028806392413277835,-0.00028806392413277835,1890
T6,T14,TENTERFIELD,TENTERFIELD,1,-0.06512983999209085,-0.06512983999209085,1890
T6,T22,TENTERFIELD,TENTERFIELD,1,-0.009852366765015405,-0.009852366765015405,1890
T6,T31,TENTERFIELD,TENTERFIELD,1,-0.06387858056536748,-0.06387858056536748,1890
T6,T39,TENTERFIELD,TENTERFIELD,1,-0.010616508332842967,-0.010616508332842967,1890
T6,T7,TENTERFIELD,TENTERFIELD,1,-0.011044892705202817,-0.011044892705202817,1890
T6,T15,TENTERFIELD,TENTERFIELD,1,-0.01407298050199986,-0.01407298050199986,1890
T6,T23,TENTERFIELD,TENTERFIELD,1,0.009158762744772711,0.009158762744772711,1890
T6,T32,TENTERFIELD,TENTERFIELD,1,0.026058856761824553,0.026058856761824553,1890
T6,T40,TENTERFIELD,TENTERFIELD,1,-0.020163226117493067,-0.020163226117493067,1890
T6,T8,TENTERFIELD,TENTERFIELD,1,-0.061005388256996376,-0.061005388256996376,1890
T6,T16,TENTERFIELD,TENTERFIELD,1,-0.06525620803292073,-0.06525620803292073,1890
T6,T24,TENTERFIELD,TENTERFIELD,1,-0.01641480330159665,-0.01641480330159665,1890
T6,T33,TENTERFIELD,TENTERFIELD,1,-0.02321419199105876,-0.02321419199105876,1890
T6,T41,TENTERFIELD,TENTERFIELD,1,-0.04314256204503031,-0.04314256204503031,1890
T6,T1,TENTERFIELD,TENTERFIELD,1,-0.035627497735862254,-0.035627497735862254,1890
T6,T9,TENTERFIELD,TENTERFIELD,1,-0.07104379592855645,-0.07104379592855645,1890
T6,T17,TENTERFIELD,TENTERFIELD,1,-0.034142125217728865,-0.034142125217728865,1890
T6,T25,TENTERFIELD,TENTERFIELD,1,0.011970324279340064,0.011970324279340064,1890
T6,T34,TENTERFIELD,TENTERFIELD,1,-0.0225525487346333,-0.0225525487346333,1890
T6,T2,TENTERFIELD,TENTERFIELD,1,-0.053902664819555746,-0.053902664819555746,1890
T6,T10,TENTERFIELD,TENTERFIELD,1,-0.022437033194520808,-0.022437033194520808,1890
T6,T18,TENTERFIELD,TENTERFIELD,1,0.017884249166253446,0.017884249166253446,1890
T6,T26,TENTERFIELD,TENTERFIELD,1,-0.034362693670172806,-0.034362693670172806,1890
T14,T22,TENTERFIELD,TENTERFIELD,1,-0.05407128436019863,-0.05407128436019863,1890
T14,T31,TENTERFIELD,TENTERFIELD,1,-0.03194865949083085,-0.03194865949083085,1890
T14,T39,TENTERFIELD,TENTERFIELD,1,-0.025902339269067435,-0.025902339269067435,1890
T14,T7,TENTERFIELD,TENTERFIELD,1,-0.03606605802173461,-0.03606605802173461,1890
T14,T15,TENTERFIELD,TENTERFIELD,1,-0.0388397388377179,-0.0388397388377179,1890
T14,T23,TENTERFIELD,TENTERFIELD,1,-0.01579819113779405,-0.01579819113779405,1890
T14,T32,TENTERFIELD,TENTERFIELD,1,-0.059457507511774484,-0.059457507511774484,1890
T14,T40,TENTERFIELD,TENTERFIELD,1,-0.04926271415902007,-0.04926271415902007,1890
T14,T8,TENTERFIELD,TENTERFIELD,1,0.03605177690292503,0.03605177690292503,1890
T14,T16,TENTERFIELD,TENTERFIELD,1,-0.021877180477211138,-0.021877180477211138,1890
T14,T24,TENTERFIELD,TENTERFIELD,1,-0.020906785984875283,-0.020906785984875283,1890
T14,T33,TENTERFIELD,TENTERFIELD,1,-0.004509560826994395,-0.004509560826994395,1890
T14,T41,TENTERFIELD,TENTERFIELD,1,-0.03585852144277572,-0.03585852144277572,1890
T14,T1,TENTERFIELD,TENTERFIELD,1,-0.031220458385019956,-0.031220458385019956,1890
T14,T9,TENTERFIELD,TENTERFIELD,1,0.03529083100825859,0.03529083100825859,1890
T14,T17,TENTERFIELD,TENTERFIELD,1,-0.02477076009384216,-0.02477076009384216,1890
T14,T25,TENTERFIELD,TENTERFIELD,1,-0.054298177541171756,-0.054298177541171756,1890
T14,T34,TENTERFIELD,TENTERFIELD,1,0.01737971248790102,0.01737971248790102,1890
T14,T2,TENTERFIELD,TENTERFIELD,1,-0.05677994333416713,-0.05677994333416713,1890
T14,T10,TENTERFIELD,TENTERFIELD,1,-0.014282594325530614,-0.014282594325530614,1890
T14,T18,TENTERFIELD,TENTERFIELD,1,-0.055583067622298574,-0.055583067622298574,1890
T14,T26,TENTERFIELD,TENTERFIELD,1,-0.011523460076304518,-0.011523460076304518,1890
T22,T31,TENTERFIELD,TENTERFIELD,1,-0.052009971774289725,-0.052009971774289725,1890
T22,T39,TENTERFIELD,TENTERFIELD,1,-0.09741035031892911,-0.09741035031892911,1890
T22,T7,TENTERFIELD,TENTERFIELD,1,-0.038010655471335926,-0.038010655471335926,1890
T22,T15,TENTERFIELD,TENTERFIELD,1,0.007944196158764112,0.007944196158764112,1890
T22,T23,TENTERFIELD,TENTERFIELD,1,-0.0696862276801165,-0.0696862276801165,1890
T22,T32,TENTERFIELD,TENTERFIELD,1,-0.014561159520122869,-0.014561159520122869,1890
T22,T40,TENTERFIELD,TENTERFIELD,1,-0.07052383952318465,-0.07052383952318465,1890
T22,T8,TENTERFIELD,TENTERFIELD,1,-0.014612291786357371,-0.014612291786357371,1890
T22,T16,TENTERFIELD,TENTERFIELD,1,-0.05137848360775669,-0.05137848360775669,1890
T22,T24,TENTERFIELD,TENTERFIELD,1,-0.021732966284596797,-0.021732966284596797,1890
T22,T33,TENTERFIELD,TENTERFIELD,1,-0.03738761907152626,-0.03738761907152626,1890
T22,T41,TENTERFIELD,TENTERFIELD,1,-0.06055598758261272,-0.06055598758261272,1890
T22,T1,TENTERFIELD,TENTERFIELD,1,-0.030841515435579885,-0.030841515435579885,1890
T22,T9,TENTERFIELD,TENTERFIELD,1,-0.041294469566068845,-0.041294469566068845,1890
T22,T17,TENTERFIELD,TENTERFIELD,1,-0.028144206343055145,-0.028144206343055145,1890
T22,T25,TENTERFIELD,TENTERFIELD,1,-0.05262622500984745,-0.05262622500984745,1890
T22,T34,TENTERFIELD,TENTERFIELD,1,-0.04096986465697299,-0.04096986465697299,1890
T22,T2,TENTERFIELD,TENTERFIELD,1,-0.023422556698437465,-0.023422556698437465,1890
T22,T10,TENTERFIELD,TENTERFIELD,1,-0.053085221253960264,-0.053085221253960264,1890
T22,T18,TENTERFIELD,TENTERFIELD,1,-0.044244884409300286,-0.044244884409300286,1890
T22,T26,TENTERFIELD,TENTERFIELD,1,0.006346690243897901,0.006346690243897901,1890
T31,T39,TENTERFIELD,TENTERFIELD,1,-0.06832502499219814,-0.06832502499219814,1890
T31,T7,TENTERFIELD,TENTERFIELD,1,-0.05264782949824864,-0.05264782949824864,1890
T31,T15,TENTERFIELD,TENTERFIELD,1,-0.0618970580372213,-0.0618970580372213,1890
T31,T23,TENTERFIELD,TENTERFIELD,1,-0.012387134061447425,-0.012387134061447425,1890
T31,T32,TENTERFIELD,TENTERFIELD,1,-0.10361075046125783,-0.10361075046125783,1890
T31,T40,TENTERFIELD,TENTERFIELD,1,-0.035937471786791436,-0.035937471786791436,1890
T31,T8,TENTERFIELD,TENTERFIELD,1,-0.06523489030079757,-0.06523489030079757,1890
T31,T16,TENTERFIELD,TENTERFIELD,1,-0.017470244093785305,-0.017470244093785305,1890
T31,T24,TENTERFIELD,TENTERFIELD,1,-0.053356835332977526,-0.053356835332977526,1890
T31,T33,TENTERFIELD,TENTERFIELD,1,-0.08785315509069277,-0.08785315509069277,1890
T31,T41,TENTERFIELD,TENTERFIELD,1,-0.05229353500223028,-0.05229353500223028,1890
T31,T1,TENTERFIELD,TENTERFIELD,1,-0.06524041479344574,-0.06524041479344574,1890
T31,T9,TENTERFIELD,TENTERFIELD,1,0.005307867608153488,0.005307867608153488,1890
T31,T17,TENTERFIELD,TENTERFIELD,1,0.01970339129194375,0.01970339129194375,1890
T31,T25,TENTERFIELD,TENTERFIELD,1,-0.016573918536988363,-0.016573918536988363,1890
T31,T34,TENTERFIELD,TENTERFIELD,1,-0.03018879677790906,-0.03018879677790906,1890
T31,T2,TENTERFIELD,TENTERFIELD,1,-0.02426538597242455,-0.02426538597242455,1890
T31,T10,TENTERFIELD,TENTERFIELD,1,0.20147610567522034,0.20147610567522034,1890
T31,T18,TENTERFIELD,TENTERFIELD,1,-0.06290403618811632,-0.06290403618811632,1890
T31,T26,TENTERFIELD,TENTERFIELD,1,-0.05161350011135013,-0.05161350011135013,1890
T39,T7,TENTERFIELD,TENTERFIELD,1,-0.04530004491048805,-0.04530004491048805,1890
T39,T15,TENTERFIELD,TENTERFIELD,1,-0.0499500878945571,-0.0499500878945571,1890
T39,T23,TENTERFIELD,TENTERFIELD,1,-0.02986255883615454,-0.02986255883615454,1890
T39,T32,TENTERFIELD,TENTERFIELD,1,-0.04600469507915437,-0.04600469507915437,1890
T39,T40,TENTERFIELD,TENTERFIELD,1,-0.003964296172129988,-0.003964296172129988,1890
T39,T8,TENTERFIELD,TENTERFIELD,1,0.0031000866179482444,0.0031000866179482444,1890
T39,T16,TENTERFIELD,TENTERFIELD,1,-0.0596615725805011,-0.0596615725805011,1890
T39,T24,TENTERFIELD,TENTERFIELD,1,-0.08293874715545632,-0.08293874715545632,1890
T39,T33,TENTERFIELD,TENTERFIELD,1,-0.06301871753007782,-0.06301871753007782,1890
T39,T41,TENTERFIELD,TENTERFIELD,1,-0.07949708402187106,-0.07949708402187106,1890
T39,T1,TENTERFIELD,TENTERFIELD,1,0.003787259602445627,0.003787259602445627,1890
T39,T9,TENTERFIELD,TENTERFIELD,1,0.0005963055023096573,0.0005963055023096573,1890
T39,T17,TENTERFIELD,TENTERFIELD,1,-0.022510487309709875,-0.022510487309709875,1890
T39,T25,TENTERFIELD,TENTERFIELD,1,-0.050600649570167314,-0.050600649570167314,1890
T39,T34,TENTERFIELD,TENTERFIELD,1,-0.040965269859620304,-0.040965269859620304,1890
T39,T2,TENTERFIELD,TENTERFIELD,1,-0.09665832592938554,-0.09665832592938554,1890
T39,T10,TENTERFIELD,TENTERFIELD,1,0.0253206156177309,0.0253206156177309,1890
T39,T18,TENTERFIELD,TENTERFIELD,1,-0.028828698067466144,-0.028828698067466144,1890
T39,T26,TENTERFIELD,TENTERFIELD,1,-0.04023772267688657,-0.04023772267688657,1890
T7,T15,TENTERFIELD,TENTERFIELD,1,-0.005488707296649597,-0.005488707296649597,1890
T7,T23,TENTERFIELD,TENTERFIELD,1,-0.018634037911158544,-0.018634037911158544,1890
T7,T32,TENTERFIELD,TENTERFIELD,1,-0.01723157617479922,-0.01723157617479922,1890
T7,T40,TENTERFIELD,TENTERFIELD,1,-0.05590050202013945,-0.05590050202013945,1890
T7,T8,TENTERFIELD,TENTERFIELD,1,-0.008197720652752349,-0.008197720652752349,1890
T7,T16,TENTERFIELD,TENTERFIELD,1,-0.0813084131084427,-0.0813084131084427,1890
T7,T24,TENTERFIELD,TENTERFIELD,1,-0.03946123131026277,-0.03946123131026277,1890
T7,T33,TENTERFIELD,TENTERFIELD,1,-0.05857327748428911,-0.05857327748428911,1890
T7,T41,TENTERFIELD,TENTERFIELD,1,-0.051021923041467535,-0.051021923041467535,1890
T7,T1,TENTERFIELD,TENTERFIELD,1,-0.01598129410528057,-0.01598129410528057,1890
T7,T9,TENTERFIELD,TENTERFIELD,1,-0.027472746847408972,-0.027472746847408972,1890
T7,T17,TENTERFIELD,TENTERFIELD,1,-0.047116808279508426,-0.047116808279508426,1890
T7,T25,TENTERFIELD,TENTERFIELD,1,0.0234578419921591,0.0234578419921591,1890
T7,T34,TENTERFIELD,TENTERFIELD,1,-0.05475522079440541,-0.05475522079440541,1890
T7,T2,TENTERFIELD,TENTERFIELD,1,-0.011083150452736602,-0.011083150452736602,1890
T7,T10,TENTERFIELD,TENTERFIELD,1,-0.05422996256260962,-0.05422996256260962,1890
T7,T18,TENTERFIELD,TENTERFIELD,1,-0.0050768599212438845,-0.0050768599212438845,1890
T7,T26,TENTERFIELD,TENTERFIELD,1,-0.016574357487165337,-0.016574357487165337,1890
T15,T23,TENTERFIELD,TENTERFIELD,1,-0.053492768351634024,-0.053492768351634024,1890
T15,T32,TENTERFIELD,TENTERFIELD,1,-0.07721506020228498,-0.07721506020228498,1890
T15,T40,TENTERFIELD,TENTERFIELD,1,-0.04433291314002489,-0.04433291314002489,1890
T15,T8,TENTERFIELD,TENTERFIELD,1,0.00398994237872153,0.00398994237872153,1890
T15,T16,TENTERFIELD,TENTERFIELD,1,-0.03441870043430839,-0.03441870043430839,1890
T15,T24,TENTERFIELD,TENTERFIELD,1,-0.01925184620653506,-0.01925184620653506,1890
T15,T33,TENTERFIELD,TENTERFIELD,1,-0.03425584949699931,-0.03425584949699931,1890
T15,T41,TENTERFIELD,TENTERFIELD,1,-0.03339626673800844,-0.03339626673800844,1890
T15,T1,TENTERFIELD,TENTERFIELD,1,0.010440497459503772,0.010440497459503772,1890
T15,T9,TENTERFIELD,TENTERFIELD,1,-0.03346217509595781,-0.03346217509595781,1890
T15,T17,TENTERFIELD,TENTERFIELD,1,-0.039518350766524366,-0.039518350766524366,1890
T15,T25,TENTERFIELD,TENTERFIELD,1,0.004989281708005873,0.004989281708005873,1890
T15,T34,TENTERFIELD,TENTERFIELD,1,-0.015452436563949306,-0.015452436563949306,1890
T15,T2,TENTERFIELD,TENTERFIELD,1,-0.014581303136612708,-0.014581303136612708,1890
T15,T10,TENTERFIELD,TENTERFIELD,1,-0.09413821413891513,-0.09413821413891513,1890
T15,T18,TENTERFIELD,TENTERFIELD,1,-0.025205492011713484,-0.025205492011713484,1890
T15,T26,TENTERFIELD,TENTERFIELD,1,-0.04579667690009165,-0.04579667690009165,1890
T23,T32,TENTERFIELD,TENTERFIELD,1,-0.02564209460596241,-0.02564209460596241,1890
T23,T40,TENTERFIELD,TENTERFIELD,1,-0.0662075615485935,-0.0662075615485935,1890
T23,T8,TENTERFIELD,TENTERFIELD,1,-0.04466004091821132,-0.04466004091821132,1890
T23,T16,TENTERFIELD,TENTERFIELD,1,-0.024961703677436806,-0.024961703677436806,1890
T23,T24,TENTERFIELD,TENTERFIELD,1,-0.039380492898450435,-0.039380492898450435,1890
T23,T33,TENTERFIELD,TENTERFIELD,1,0.004790410301102167,0.004790410301102167,1890
T23,T41,TENTERFIELD,TENTERFIELD,1,-0.04476669358295124,-0.04476669358295124,1890
T23,T1,TENTERFIELD,TENTERFIELD,1,-0.07010437600647243,-0.07010437600647243,1890
T23,T9,TENTERFIELD,TENTERFIELD,1,-0.038761001986540984,-0.038761001986540984,1890
T23,T17,TENTERFIELD,TENTERFIELD,1,-0.05889751440560523,-0.05889751440560523,1890
T23,T25,TENTERFIELD,TENTERFIELD,1,-0.07122518063794842,-0.07122518063794842,1890
T23,T34,TENTERFIELD,TENTERFIELD,1,0.043047331763094165,0.043047331763094165,1890
T23,T2,TENTERFIELD,TENTERFIELD,1,0.019949814489389175,0.019949814489389175,1890
T23,T10,TENTERFIELD,TENTERFIELD,1,-0.027530973402823917,-0.027530973402823917,1890
T23,T18,TENTERFIELD,TENTERFIELD,1,0.035010102279877345,0.035010102279877345,1890
T23,T26,TENTERFIELD,TENTERFIELD,1,-0.053044709056272454,-0.053044709056272454,1890
T32,T40,TENTERFIELD,TENTERFIELD,1,-0.031541566007438564,-0.031541566007438564,1890
T32,T8,TENTERFIELD,TENTERFIELD,1,-0.024678679428570032,-0.024678679428570032,1890
T32,T16,TENTERFIELD,TENTERFIELD,1,-0.02314320421199025,-0.02314320421199025,1890
T32,T24,TENTERFIELD,TENTERFIELD,1,0.022864834696829355,0.022864834696829355,1890
T32,T33,TENTERFIELD,TENTERFIELD,1,-0.023877883548047547,-0.023877883548047547,1890
T32,T41,TENTERFIELD,TENTERFIELD,1,-0.0460629137808496,-0.0460629137808496,1890
T32,T1,TENTERFIELD,TENTERFIELD,1,-0.023671836890531768,-0.023671836890531768,1890
T32,T9,TENTERFIELD,TENTERFIELD,1,-0.0700379134712181,-0.0700379134712181,1890
T32,T17,TENTERFIELD,TENTERFIELD,1,0.001593230615900658,0.001593230615900658,1890
T32,T25,TENTERFIELD,TENTERFIELD,1,-0.011406337995633906,-0.011406337995633906,1890
T32,T34,TENTERFIELD,TENTERFIELD,1,-0.04649211400189427,-0.04649211400189427,1890
T32,T2,TENTERFIELD,TENTERFIELD,1,-0.038822541929508125,-0.038822541929508125,1890
T32,T10,TENTERFIELD,TENTERFIELD,1,-0.057126331809465525,-0.057126331809465525,1890
T32,T18,TENTERFIELD,TENTERFIELD,1,0.06064309216056397,0.06064309216056397,1890
T32,T26,TENTERFIELD,TENTERFIELD,1,-0.048956713585722185,-0.048956713585722185,1890
T40,T8,TENTERFIELD,TENTERFIELD,1,-0.03974025560160267,-0.03974025560160267,1890
T40,T16,TENTERFIELD,TENTERFIELD,1,-0.04260753435636969,-0.04260753435636969,1890
T40,T24,TENTERFIELD,TENTERFIELD,1,-0.04701822293731415,-0.04701822293731415,1890
T40,T33,TENTERFIELD,TENTERFIELD,1,0.14980037045083053,0.14980037045083053,1890
T40,T41,TENTERFIELD,TENTERFIELD,1,0.07878198337608007,0.07878198337608007,1890
T40,T1,TENTERFIELD,TENTERFIELD,1,-0.037779758088777704,-0.037779758088777704,1890
T40,T9,TENTERFIELD,TENTERFIELD,1,-0.02406569941662146,-0.02406569941662146,1890
T40,T17,TENTERFIELD,TENTERFIELD,1,-0.027940940414840687,-0.027940940414840687,1890
T40,T25,TENTERFIELD,TENTERFIELD,1,-0.021512600237594458,-0.021512600237594458,1890
T40,T34,TENTERFIELD,TENTERFIELD,1,-0.0659068666897525,-0.0659068666897525,1890
T40,T2,TENTERFIELD,TENTERFIELD,1,-0.044768140708357954,-0.044768140708357954,1890
T40,T10,TENTERFIELD,TENTERFIELD,1,-0.0237603216723008,-0.0237603216723008,1890
T40,T18,TENTERFIELD,TENTERFIELD,1,0.0026069207057955414,0.0026069207057955414,1890
T40,T26,TENTERFIELD,TENTERFIELD,1,-0.018795307883009663,-0.018795307883009663,1890
T8,T16,TENTERFIELD,TENTERFIELD,1,-0.06672869096221744,-0.06672869096221744,1890
T8,T24,TENTERFIELD,TENTERFIELD,1,0.0003205386370845557,0.0003205386370845557,1890
T8,T33,TENTERFIELD,TENTERFIELD,1,-0.06373706686182665,-0.06373706686182665,1890
T8,T41,TENTERFIELD,TENTERFIELD,1,-0.034317684862085675,-0.034317684862085675,1890
T8,T1,TENTERFIELD,TENTERFIELD,1,-0.017480318000857368,-0.017480318000857368,1890
T8,T9,TENTERFIELD,TENTERFIELD,1,0.023814065113090376,0.023814065113090376,1890
T8,T17,TENTERFIELD,TENTERFIELD,1,-0.03551184450085849,-0.03551184450085849,1890
T8,T25,TENTERFIELD,TENTERFIELD,1,-0.028304514189870768,-0.028304514189870768,1890
T8,T34,TENTERFIELD,TENTERFIELD,1,-0.03418887912748493,-0.03418887912748493,1890
T8,T2,TENTERFIELD,TENTERFIELD,1,-0.0441692319530562,-0.0441692319530562,1890
T8,T10,TENTERFIELD,TENTERFIELD,1,-0.033831216637677824,-0.033831216637677824,1890
T8,T18,TENTERFIELD,TENTERFIELD,1,-0.009682669483068364,-0.009682669483068364,1890
T8,T26,TENTERFIELD,TENTERFIELD,1,-0.02956136744955119,-0.02956136744955119,1890
T16,T24,TENTERFIELD,TENTERFIELD,1,-0.028782453205859145,-0.028782453205859145,1890
T16,T33,TENTERFIELD,TENTERFIELD,1,-0.03683269236176321,-0.03683269236176321,1890
T16,T41,TENTERFIELD,TENTERFIELD,1,-0.06261595088253992,-0.06261595088253992,1890
T16,T1,TENTERFIELD,TENTERFIELD,1,-0.021096142590128212,-0.021096142590128212,1890
T16,T9,TENTERFIELD,TENTERFIELD,1,-0.02211721312644813,-0.02211721312644813,1890
T16,T17,TENTERFIELD,TENTERFIELD,1,-0.02194308291118042,-0.02194308291118042,1890
T16,T25,TENTERFIELD,TENTERFIELD,1,0.012239935217565041,0.012239935217565041,1890
T16,T34,TENTERFIELD,TENTERFIELD,1,-0.05213102783596947,-0.05213102783596947,1890
T16,T2,TENTERFIELD,TENTERFIELD,1,-0.002450004853190724,-0.002450004853190724,1890
T16,T10,TENTERFIELD,TENTERFIELD,1,-0.042700709834596604,-0.042700709834596604,1890
T16,T18,TENTERFIELD,TENTERFIELD,1,-0.025936510286713704,-0.025936510286713704,1890
T16,T26,TENTERFIELD,TENTERFIELD,1,-0.007750770356011113,-0.007750770356011113,1890
T24,T33,TENTERFIELD,TENTERFIELD,1,-0.024211217032277247,-0.024211217032277247,1890
T24,T41,TENTERFIELD,TENTERFIELD,1,-0.04523896587518109,-0.04523896587518109,1890
T24,T1,TENTERFIELD,TENTERFIELD,1,-0.047098163457217776,-0.047098163457217776,1890
T24,T9,TENTERFIELD,TENTERFIELD,1,-0.001110680091056804,-0.001110680091056804,1890
T24,T17,TENTERFIELD,TENTERFIELD,1,0.09238057406692178,0.09238057406692178,1890
T24,T25,TENTERFIELD,TENTERFIELD,1,-0.05708803716447779,-0.05708803716447779,1890
T24,T34,TENTERFIELD,TENTERFIELD,1,-0.044506123418244815,-0.044506123418244815,1890
T24,T2,TENTERFIELD,TENTERFIELD,1,-0.029500787335872244,-0.029500787335872244,1890
T24,T10,TENTERFIELD,TENTERFIELD,1,-0.029187091084145897,-0.029187091084145897,1890
T24,T18,TENTERFIELD,TENTERFIELD,1,-0.029928721438020802,-0.029928721438020802,1890
T24,T26,TENTERFIELD,TENTERFIELD,1,-0.01299565768133669,-0.01299565768133669,1890
T33,T41,TENTERFIELD,TENTERFIELD,1,0.11297061104918606,0.11297061104918606,1890
T33,T1,TENTERFIELD,TENTERFIELD,1,-0.05456659183001439,-0.05456659183001439,1890
T33,T9,TENTERFIELD,TENTERFIELD,1,-0.01648381551318565,-0.01648381551318565,1890
T33,T17,TENTERFIELD,TENTERFIELD,1,-0.0628879128312086,-0.0628879128312086,1890
T33,T25,TENTERFIELD,TENTERFIELD,1,-0.02122387009268067,-0.02122387009268067,1890
T33,T34,TENTERFIELD,TENTERFIELD,1,-0.042484212826452566,-0.042484212826452566,1890
T33,T2,TENTERFIELD,TENTERFIELD,1,-0.07616081353054376,-0.07616081353054376,1890
T33,T10,TENTERFIELD,TENTERFIELD,1,-0.061122952992047404,-0.061122952992047404,1890
T33,T18,TENTERFIELD,TENTERFIELD,1,-0.05433364050632012,-0.05433364050632012,1890
T33,T26,TENTERFIELD,TENTERFIELD,1,-0.001736683215730592,-0.001736683215730592,1890
T41,T1,TENTERFIELD,TENTERFIELD,1,-0.06104673373282726,-0.06104673373282726,1890
T41,T9,TENTERFIELD,TENTERFIELD,1,-0.05573573548168789,-0.05573573548168789,1890
T41,T17,TENTERFIELD,TENTERFIELD,1,-0.056008557612625735,-0.056008557612625735,1890
T41,T25,TENTERFIELD,TENTERFIELD,1,-0.08448551374815312,-0.08448551374815312,1890
T41,T34,TENTERFIELD,TENTERFIELD,1,-0.036658435080700054,-0.036658435080700054,1890
T41,T2,TENTERFIELD,TENTERFIELD,1,-0.02050907097398801,-0.02050907097398801,1890
T41,T10,TENTERFIELD,TENTERFIELD,1,-0.04468148499615379,-0.04468148499615379,1890
T41,T18,TENTERFIELD,TENTERFIELD,1,-0.02457136954713641,-0.02457136954713641,1890
T41,T26,TENTERFIELD,TENTERFIELD,1,-0.037596120436412764,-0.037596120436412764,1890
T1,T9,TENTERFIELD,TENTERFIELD,1,0.05982725126548555,0.05982725126548555,1890
T1,T17,TENTERFIELD,TENTERFIELD,1,-0.039013314438817163,-0.039013314438817163,1890
T1,T25,TENTERFIELD,TENTERFIELD,1,-0.04223921719970879,-0.04223921719970879,1890
T1,T34,TENTERFIELD,TENTERFIELD,1,-0.06910512093339756,-0.06910512093339756,1890
T1,T2,TENTERFIELD,TENTERFIELD,1,-0.04213784919288846,-0.04213784919288846,1890
T1,T10,TENTERFIELD,TENTERFIELD,1,-0.018361853221255997,-0.018361853221255997,1890
T1,T18,TENTERFIELD,TENTERFIELD,1,-0.03759114466595645,-0.03759114466595645,1890
T1,T26,TENTERFIELD,TENTERFIELD,1,-0.002846428311734992,-0.002846428311734992,1890
T9,T17,TENTERFIELD,TENTERFIELD,1,-0.039761565893760946,-0.039761565893760946,1890
T9,T25,TENTERFIELD,TENTERFIELD,1,-0.08157396588668128,-0.08157396588668128,1890
T9,T34,TENTERFIELD,TENTERFIELD,1,-0.01004359611043708,-0.01004359611043708,1890
T9,T2,TENTERFIELD,TENTERFIELD,1,-0.029956947353028583,-0.029956947353028583,1890
T9,T10,TENTERFIELD,TENTERFIELD,1,-0.011065547805614917,-0.011065547805614917,1890
T9,T18,TENTERFIELD,TENTERFIELD,1,-0.027398513870144987,-0.027398513870144987,1890
T9,T26,TENTERFIELD,TENTERFIELD,1,-0.023896765542300524,-0.023896765542300524,1890
T17,T25,TENTERFIELD,TENTERFIELD,1,-0.03564585701979806,-0.03564585701979806,1890
T17,T34,TENTERFIELD,TENTERFIELD,1,-0.03222190269780186,-0.03222190269780186,1890
T17,T2,TENTERFIELD,TENTERFIELD,1,-0.015007713080247892,-0.015007713080247892,1890
T17,T10,TENTERFIELD,TENTERFIELD,1,-0.03662224412428071,-0.03662224412428071,1890
T17,T18,TENTERFIELD,TENTERFIELD,1,-0.05248605709069354,-0.05248605709069354,1890
T17,T26,TENTERFIELD,TENTERFIELD,1,-0.04620243062088081,-0.04620243062088081,1890
T25,T34,TENTERFIELD,TENTERFIELD,1,-0.008949380256113415,-0.008949380256113415,1890
T25,T2,TENTERFIELD,TENTERFIELD,1,0.034881682051252076,0.034881682051252076,1890
T25,T10,TENTERFIELD,TENTERFIELD,1,0.008194729872737712,0.008194729872737712,1890
T25,T18,TENTERFIELD,TENTERFIELD,1,-0.008384749715555584,-0.008384749715555584,1890
T25,T26,TENTERFIELD,TENTERFIELD,1,-0.039397464899315116,-0.039397464899315116,1890
T34,T2,TENTERFIELD,TENTERFIELD,1,-0.025415749141533304,-0.025415749141533304,1890
T34,T10,TENTERFIELD,TENTERFIELD,1,-0.05014001856304654,-0.05014001856304654,1890
T34,T18,TENTERFIELD,TENTERFIELD,1,0.00539521377819998,0.00539521377819998,1890
T34,T26,TENTERFIELD,TENTERFIELD,1,-0.06960420760125104,-0.06960420760125104,1890
T2,T10,TENTERFIELD,TENTERFIELD,1,-0.0042746531181414625,-0.0042746531181414625,1890
T2,T18,TENTERFIELD,TENTERFIELD,1,-0.03772957409655499,-0.03772957409655499,1890
T2,T26,TENTERFIELD,TENTERFIELD,1,-0.0003858437006543228,-0.0003858437006543228,1890
T10,T18,TENTERFIELD,TENTERFIELD,1,-0.019375055326480806,-0.019375055326480806,1890
T10,T26,TENTERFIELD,TENTERFIELD,1,-0.0016096832322591225,-0.0016096832322591225,1890
T18,T26,TENTERFIELD,TENTERFIELD,1,-0.04703774492766325,-0.04703774492766325,1890
E17,E90,THREDBO,THREDBO,1,-0.049984009478032436,-0.049984009478032436,1839
E17,E66,THREDBO,THREDBO,1,-0.07863853228843155,-0.07863853228843155,1839
E17,E75,THREDBO,THREDBO,1,-0.040825944005244905,-0.040825944005244905,1839
E17,E91,THREDBO,THREDBO,1,-0.08934713344493601,-0.08934713344493601,1839
E17,E35,THREDBO,THREDBO,1,-0.028736070474147966,-0.028736070474147966,1839
E17,E76,THREDBO,THREDBO,1,-0.04213631086243178,-0.04213631086243178,1839
E17,E92,THREDBO,THREDBO,1,-0.07176991320737011,-0.07176991320737011,1839
E17,E60,THREDBO,THREDBO,1,0.154732214870003,0.154732214870003,1839
E17,E77,THREDBO,THREDBO,1,0.029088204296747838,0.029088204296747838,1839
E17,E61,THREDBO,THREDBO,1,-0.1119349235039017,-0.1119349235039017,1839
E17,E78,THREDBO,THREDBO,1,-0.05323487828813581,-0.05323487828813581,1839
E17,E30,THREDBO,THREDBO,1,-0.03829403729183379,-0.03829403729183379,1839
E17,E62,THREDBO,THREDBO,1,-0.07646206109164332,-0.07646206109164332,1839
E17,E15,THREDBO,THREDBO,1,-0.059799477966166296,-0.059799477966166296,1839
E17,E31,THREDBO,THREDBO,1,-0.09489301160060959,-0.09489301160060959,1839
E17,E55,THREDBO,THREDBO,1,-0.08014395057424147,-0.08014395057424147,1839
E17,E16,THREDBO,THREDBO,1,-0.1181521674856365,-0.1181521674856365,1839
E17,E56,THREDBO,THREDBO,1,-0.09318766689317647,-0.09318766689317647,1839
E90,E66,THREDBO,THREDBO,1,-0.0517792808343479,-0.0517792808343479,1839
E90,E75,THREDBO,THREDBO,1,-0.024272927961391227,-0.024272927961391227,1839
E90,E91,THREDBO,THREDBO,1,-0.046914259137386845,-0.046914259137386845,1839
E90,E35,THREDBO,THREDBO,1,-0.08919094982781041,-0.08919094982781041,1839
E90,E76,THREDBO,THREDBO,1,-0.057030360439841235,-0.057030360439841235,1839
E90,E92,THREDBO,THREDBO,1,-0.07276447252689361,-0.07276447252689361,1839
E90,E60,THREDBO,THREDBO,1,-0.06567914827850402,-0.06567914827850402,1839
E90,E77,THREDBO,THREDBO,1,-0.0794305012181648,-0.0794305012181648,1839
E90,E61,THREDBO,THREDBO,1,-0.06423728541738861,-0.06423728541738861,1839
E90,E78,THREDBO,THREDBO,1,-0.10132122967156451,-0.10132122967156451,1839
E90,E30,THREDBO,THREDBO,1,-0.05378436287549931,-0.05378436287549931,1839
E90,E62,THREDBO,THREDBO,1,-0.07563817272250103,-0.07563817272250103,1839
E90,E15,THREDBO,THREDBO,1,0.017375524946372633,0.017375524946372633,1839
E90,E31,THREDBO,THREDBO,1,-0.07014378238652101,-0.07014378238652101,1839
E90,E55,THREDBO,THREDBO,1,-0.09100754490730023,-0.09100754490730023,1839
E90,E16,THREDBO,THREDBO,1,0.023142166657880485,0.023142166657880485,1839
E90,E56,THREDBO,THREDBO,1,-0.08739475385894224,-0.08739475385894224,1839
E66,E75,THREDBO,THREDBO,1,-0.07279294332918478,-0.07279294332918478,1839
E66,E91,THREDBO,THREDBO,1,-0.022628970046692704,-0.022628970046692704,1839
E66,E35,THREDBO,THREDBO,1,-0.07471234225663786,-0.07471234225663786,1839
E66,E76,THREDBO,THREDBO,1,-0.0653149736117916,-0.0653149736117916,1839
E66,E92,THREDBO,THREDBO,1,-0.07597174257336123,-0.07597174257336123,1839
E66,E60,THREDBO,THREDBO,1,0.0004988212642774159,0.0004988212642774159,1839
E66,E77,THREDBO,THREDBO,1,-0.07843141263936804,-0.07843141263936804,1839
E66,E61,THREDBO,THREDBO,1,-0.10175255977053452,-0.10175255977053452,1839
E66,E78,THREDBO,THREDBO,1,-0.04339180394390664,-0.04339180394390664,1839
E66,E30,THREDBO,THREDBO,1,-0.04776504634678455,-0.04776504634678455,1839
E66,E62,THREDBO,THREDBO,1,-0.07853613958032968,-0.07853613958032968,1839
E66,E15,THREDBO,THREDBO,1,-0.06346358131781812,-0.06346358131781812,1839
E66,E31,THREDBO,THREDBO,1,-0.07201954744078408,-0.07201954744078408,1839
E66,E55,THREDBO,THREDBO,1,-0.07499018941884002,-0.07499018941884002,1839
E66,E16,THREDBO,THREDBO,1,-0.06199500817586542,-0.06199500817586542,1839
E66,E56,THREDBO,THREDBO,1,-0.0681652575573708,-0.0681652575573708,1839
E75,E91,THREDBO,THREDBO,1,-0.08241152370720296,-0.08241152370720296,1839
E75,E35,THREDBO,THREDBO,1,-0.020329677046664933,-0.020329677046664933,1839
E75,E76,THREDBO,THREDBO,1,-0.03454189685980421,-0.03454189685980421,1839
E75,E92,THREDBO,THREDBO,1,-0.11128236627347729,-0.11128236627347729,1839
E75,E60,THREDBO,THREDBO,1,-0.0879873433499421,-0.0879873433499421,1839
E75,E77,THREDBO,THREDBO,1,0.034932560969870664,0.034932560969870664,1839
E75,E61,THREDBO,THREDBO,1,-0.01115846309892935,-0.01115846309892935,1839
E75,E78,THREDBO,THREDBO,1,-0.04586046386789393,-0.04586046386789393,1839
E75,E30,THREDBO,THREDBO,1,-0.05769326461974602,-0.05769326461974602,1839
E75,E62,THREDBO,THREDBO,1,-0.09005332256907046,-0.09005332256907046,1839
E75,E15,THREDBO,THREDBO,1,-0.059933276460212015,-0.059933276460212015,1839
E75,E31,THREDBO,THREDBO,1,-0.04582132910068749,-0.04582132910068749,1839
E75,E55,THREDBO,THREDBO,1,-0.07932381625992885,-0.07932381625992885,1839
E75,E16,THREDBO,THREDBO,1,-0.06696486980379952,-0.06696486980379952,1839
E75,E56,THREDBO,THREDBO,1,-0.052352051206748206,-0.052352051206748206,1839
E91,E35,THREDBO,THREDBO,1,-0.08315106846022316,-0.08315106846022316,1839
E91,E76,THREDBO,THREDBO,1,-0.07673787057038571,-0.07673787057038571,1839
E91,E92,THREDBO,THREDBO,1,-0.0010028490778967575,-0.0010028490778967575,1839
E91,E60,THREDBO,THREDBO,1,-0.0952923639573667,-0.0952923639573667,1839
E91,E77,THREDBO,THREDBO,1,-0.06970578743486973,-0.06970578743486973,1839
E91,E61,THREDBO,THREDBO,1,-0.012620958265765217,-0.012620958265765217,1839
E91,E78,THREDBO,THREDBO,1,-0.0925731082042512,-0.0925731082042512,1839
E91,E30,THREDBO,THREDBO,1,-0.06610609938545707,-0.06610609938545707,1839
E91,E62,THREDBO,THREDBO,1,-0.0215246857021069,-0.0215246857021069,1839
E91,E15,THREDBO,THREDBO,1,-0.06529444132831513,-0.06529444132831513,1839
E91,E31,THREDBO,THREDBO,1,-0.05382191457126386,-0.05382191457126386,1839
E91,E55,THREDBO,THREDBO,1,-0.05560580738832518,-0.05560580738832518,1839
E91,E16,THREDBO,THREDBO,1,-0.10323982112366928,-0.10323982112366928,1839
E91,E56,THREDBO,THREDBO,1,0.012788930100952799,0.012788930100952799,1839
E35,E76,THREDBO,THREDBO,1,-0.05910699521851438,-0.05910699521851438,1839
E35,E92,THREDBO,THREDBO,1,-0.07646814952897366,-0.07646814952897366,1839
E35,E60,THREDBO,THREDBO,1,-0.0425740800579268,-0.0425740800579268,1839
E35,E77,THREDBO,THREDBO,1,-0.05619160775768046,-0.05619160775768046,1839
E35,E61,THREDBO,THREDBO,1,-0.04133436133577358,-0.04133436133577358,1839
E35,E78,THREDBO,THREDBO,1,-0.06497139954444507,-0.06497139954444507,1839
E35,E30,THREDBO,THREDBO,1,-0.047928866687954305,-0.047928866687954305,1839
E35,E62,THREDBO,THREDBO,1,-0.06682291866172972,-0.06682291866172972,1839
E35,E15,THREDBO,THREDBO,1,-0.02360061467807774,-0.02360061467807774,1839
E35,E31,THREDBO,THREDBO,1,-0.07661834213916666,-0.07661834213916666,1839
E35,E55,THREDBO,THREDBO,1,-0.043157795359967506,-0.043157795359967506,1839
E35,E16,THREDBO,THREDBO,1,-0.03800741352824988,-0.03800741352824988,1839
E35,E56,THREDBO,THREDBO,1,-0.09192090742759224,-0.09192090742759224,1839
E76,E92,THREDBO,THREDBO,1,-0.06864078297406864,-0.06864078297406864,1839
E76,E60,THREDBO,THREDBO,1,-0.060776975018497235,-0.060776975018497235,1839
E76,E77,THREDBO,THREDBO,1,-0.07885516357185277,-0.07885516357185277,1839
E76,E61,THREDBO,THREDBO,1,-0.021576275443183066,-0.021576275443183066,1839
E76,E78,THREDBO,THREDBO,1,-0.05610832130099959,-0.05610832130099959,1839
E76,E30,THREDBO,THREDBO,1,-0.08210880323170325,-0.08210880323170325,1839
E76,E62,THREDBO,THREDBO,1,-0.012866714280194445,-0.012866714280194445,1839
E76,E15,THREDBO,THREDBO,1,-0.05375836171150198,-0.05375836171150198,1839
E76,E31,THREDBO,THREDBO,1,-0.030277474166624678,-0.030277474166624678,1839
E76,E55,THREDBO,THREDBO,1,-0.06484684688123682,-0.06484684688123682,1839
E76,E16,THREDBO,THREDBO,1,-0.07003809678435523,-0.07003809678435523,1839
E76,E56,THREDBO,THREDBO,1,-0.06738434241077222,-0.06738434241077222,1839
E92,E60,THREDBO,THREDBO,1,-0.09450261202969028,-0.09450261202969028,1839
E92,E77,THREDBO,THREDBO,1,-0.048454419084983234,-0.048454419084983234,1839
E92,E61,THREDBO,THREDBO,1,-0.0656071366847542,-0.0656071366847542,1839
E92,E78,THREDBO,THREDBO,1,-0.08284705418626091,-0.08284705418626091,1839
E92,E30,THREDBO,THREDBO,1,-0.03444885398410337,-0.03444885398410337,1839
E92,E62,THREDBO,THREDBO,1,-0.051566311808938774,-0.051566311808938774,1839
E92,E15,THREDBO,THREDBO,1,-0.013174071339505461,-0.013174071339505461,1839
E92,E31,THREDBO,THREDBO,1,-0.07296439623635428,-0.07296439623635428,1839
E92,E55,THREDBO,THREDBO,1,-0.002017776859411545,-0.002017776859411545,1839
E92,E16,THREDBO,THREDBO,1,0.02459661820819747,0.02459661820819747,1839
E92,E56,THREDBO,THREDBO,1,-0.04210038426870227,-0.04210038426870227,1839
E60,E77,THREDBO,THREDBO,1,-0.10392929749087626,-0.10392929749087626,1839
E60,E61,THREDBO,THREDBO,1,-0.09875908282806585,-0.09875908282806585,1839
E60,E78,THREDBO,THREDBO,1,-0.03524162161774531,-0.03524162161774531,1839
E60,E30,THREDBO,THREDBO,1,-0.055171645003816334,-0.055171645003816334,1839
E60,E62,THREDBO,THREDBO,1,-0.02339659281094667,-0.02339659281094667,1839
E60,E15,THREDBO,THREDBO,1,-0.06830516063846678,-0.06830516063846678,1839
E60,E31,THREDBO,THREDBO,1,-0.07141746241607581,-0.07141746241607581,1839
E60,E55,THREDBO,THREDBO,1,-0.04090351395863562,-0.04090351395863562,1839
E60,E16,THREDBO,THREDBO,1,-0.07114435934475145,-0.07114435934475145,1839
E60,E56,THREDBO,THREDBO,1,-0.0791125989615624,-0.0791125989615624,1839
E77,E61,THREDBO,THREDBO,1,-0.06266308908531092,-0.06266308908531092,1839
E77,E78,THREDBO,THREDBO,1,-0.08971104609230225,-0.08971104609230225,1839
E77,E30,THREDBO,THREDBO,1,-0.06536490613833741,-0.06536490613833741,1839
E77,E62,THREDBO,THREDBO,1,-0.024074844515452654,-0.024074844515452654,1839
E77,E15,THREDBO,THREDBO,1,-0.05896026426309889,-0.05896026426309889,1839
E77,E31,THREDBO,THREDBO,1,-0.0409444768330983,-0.0409444768330983,1839
E77,E55,THREDBO,THREDBO,1,-0.0899759466578526,-0.0899759466578526,1839
E77,E16,THREDBO,THREDBO,1,-0.058868131951967335,-0.058868131951967335,1839
E77,E56,THREDBO,THREDBO,1,-0.03810087247084003,-0.03810087247084003,1839
E61,E78,THREDBO,THREDBO,1,-0.06587527320298305,-0.06587527320298305,1839
E61,E30,THREDBO,THREDBO,1,-0.050390808324544324,-0.050390808324544324,1839
E61,E62,THREDBO,THREDBO,1,-0.049500928010432814,-0.049500928010432814,1839
E61,E15,THREDBO,THREDBO,1,-0.10939213664290151,-0.10939213664290151,1839
E61,E31,THREDBO,THREDBO,1,-0.07566985433744094,-0.07566985433744094,1839
E61,E55,THREDBO,THREDBO,1,-0.02902585633179439,-0.02902585633179439,1839
E61,E16,THREDBO,THREDBO,1,-0.06703806077712553,-0.06703806077712553,1839
E61,E56,THREDBO,THREDBO,1,-0.061121617559146746,-0.061121617559146746,1839
E78,E30,THREDBO,THREDBO,1,-0.05855592693580205,-0.05855592693580205,1839
E78,E62,THREDBO,THREDBO,1,0.013856595846325577,0.013856595846325577,1839
E78,E15,THREDBO,THREDBO,1,-0.0905199966997529,-0.0905199966997529,1839
E78,E31,THREDBO,THREDBO,1,0.14213507334973258,0.14213507334973258,1839
E78,E55,THREDBO,THREDBO,1,-0.08670815858901289,-0.08670815858901289,1839
E78,E16,THREDBO,THREDBO,1,-0.09764995107746643,-0.09764995107746643,1839
E78,E56,THREDBO,THREDBO,1,-0.08062266851096118,-0.08062266851096118,1839
E30,E62,THREDBO,THREDBO,1,-0.10519521806263465,-0.10519521806263465,1839
E30,E15,THREDBO,THREDBO,1,-0.06723589171706475,-0.06723589171706475,1839
E30,E31,THREDBO,THREDBO,1,-0.0428164776067037,-0.0428164776067037,1839
E30,E55,THREDBO,THREDBO,1,-0.05518692551604557,-0.05518692551604557,1839
E30,E16,THREDBO,THREDBO,1,-0.06222450130789637,-0.06222450130789637,1839
E30,E56,THREDBO,THREDBO,1,-0.06747181287833992,-0.06747181287833992,1839
E62,E15,THREDBO,THREDBO,1,-0.07466893731128693,-0.07466893731128693,1839
E62,E31,THREDBO,THREDBO,1,0.008426245948128038,0.008426245948128038,1839
E62,E55,THREDBO,THREDBO,1,-0.10761407425921957,-0.10761407425921957,1839
E62,E16,THREDBO,THREDBO,1,-0.06850666440645416,-0.06850666440645416,1839
E62,E56,THREDBO,THREDBO,1,-0.07748515498614614,-0.07748515498614614,1839
E15,E31,THREDBO,THREDBO,1,-0.12145776182645995,-0.12145776182645995,1839
E15,E55,THREDBO,THREDBO,1,-0.09055581625761118,-0.09055581625761118,1839
E15,E16,THREDBO,THREDBO,1,0.25564576528438615,0.25564576528438615,1839
E15,E56,THREDBO,THREDBO,1,-0.06136002087521118,-0.06136002087521118,1839
E31,E55,THREDBO,THREDBO,1,-0.08304906518451945,-0.08304906518451945,1839
E31,E16,THREDBO,THREDBO,1,-0.1090960453219942,-0.1090960453219942,1839
E31,E56,THREDBO,THREDBO,1,-0.0931486947784397,-0.0931486947784397,1839
E55,E16,THREDBO,THREDBO,1,-0.08337914452950639,-0.08337914452950639,1839
E55,E56,THREDBO,THREDBO,1,0.22468414726910974,0.22468414726910974,1839
E16,E56,THREDBO,THREDBO,1,-0.07240333622308946,-0.07240333622308946,1839
